{"agents": {"player_6e117c9f": {"initial_state": {"agent_id": "player_6e117c9f", "x": 40, "y": 40, "item": null, "url_params": {"gameType": ["tomatoSaladOnly"], "PROLIFIC_PID": ["6765db00a847d25603e7ac52"], "map": ["baseline_division_of_labor"], "cutting_speed_p1": ["1"], "walking_speed_p1": ["0.5"], "cutting_speed_p2": ["0.5"], "walking_speed_p2": ["1"], "slot_x_p1": ["2"], "slot_y_p1": ["2"], "slot_x_p2": ["5"], "slot_y_p2": ["2"], "EIO": ["4"], "transport": ["polling"], "t": ["PZyyA46"]}, "cut_speed": 1.0, "walk_speed": 15.0, "player_nr": 1}, "player_score": 0.0, "total_actions": 40, "first_action_tick": 126, "last_action_tick": 2121}, "player_26070798": {"initial_state": {"agent_id": "player_26070798", "x": 88, "y": 40, "item": null, "url_params": {"gameType": ["tomatoSaladOnly"], "PROLIFIC_PID": ["6719d46fdbfd7417400b9076"], "map": ["baseline_division_of_labor"], "cutting_speed_p1": ["1"], "walking_speed_p1": ["0.5"], "cutting_speed_p2": ["0.5"], "walking_speed_p2": ["1"], "slot_x_p1": ["2"], "slot_y_p1": ["2"], "slot_x_p2": ["5"], "slot_y_p2": ["2"], "EIO": ["4"], "transport": ["polling"], "t": ["PZyyAle"]}, "cut_speed": 0.5, "walk_speed": 30.0, "player_nr": 2}, "player_score": 6.0, "total_actions": 52, "first_action_tick": 90, "last_action_tick": 2083}}, "map_name": "baseline_division_of_labor", "final_score": 6.0}