tick,item,action,target,target_type,target_position,action_long,player_id,map_name,game_id,distance_walked,distance_walked_since_last_action,overall_score,player_score_change,player_score,walking_speed,cutting_speed,start_pos,condition,source,last_touched,touched_list,tomato_history,plate_history,is_exchange_collaboration
51,tomato,pick up,Dispenser_50,Dispenser,50,pick up tomato from dispenser,player_2feec624,forced_division_of_labor,590f1567de65cd41,16.0,0.0,0.0,0.0,0.0,1.0,1.0,"(5, 2)","[p(2, 2)_cs(1.0)_ws(1.0)]_[p(5, 2)_cs(1.0)_ws(1.0)]",player_2feec624_actions,,[],,,
154,tomato,put down,Counter_32,Counter,32,put down tomato on counter,player_2feec624,forced_division_of_labor,590f1567de65cd41,38.62741699796952,22.62741699796952,0.0,0.0,0.0,1.0,1.0,"(5, 2)","[p(2, 2)_cs(1.0)_ws(1.0)]_[p(5, 2)_cs(1.0)_ws(1.0)]",player_2feec624_actions,player_2feec624,['player_2feec624'],,,
189,tomato,pick up,Counter_32,Counter,32,pick up tomato from counter,player_84b8d676,forced_division_of_labor,590f1567de65cd41,32.0,0.0,0.0,0.0,0.0,1.0,1.0,"(2, 2)","[p(2, 2)_cs(1.0)_ws(1.0)]_[p(5, 2)_cs(1.0)_ws(1.0)]",player_84b8d676_actions,player_2feec624,['player_2feec624'],,,True
213,tomato,start cutting,CuttingBoard_20,CuttingBoard,20,start cutting tomato,player_84b8d676,forced_division_of_labor,590f1567de65cd41,48.0,16.0,0.0,0.0,0.0,1.0,1.0,"(2, 2)","[p(2, 2)_cs(1.0)_ws(1.0)]_[p(5, 2)_cs(1.0)_ws(1.0)]",player_84b8d676_actions,player_84b8d676,"['player_2feec624', 'player_84b8d676']",,,
236,tomato,pick up,Dispenser_40,Dispenser,40,pick up tomato from dispenser,player_2feec624,forced_division_of_labor,590f1567de65cd41,54.62741699796952,16.0,0.0,0.0,0.0,1.0,1.0,"(5, 2)","[p(2, 2)_cs(1.0)_ws(1.0)]_[p(5, 2)_cs(1.0)_ws(1.0)]",player_2feec624_actions,,[],,,
257,tomato,put down,Counter_32,Counter,32,put down tomato on counter,player_2feec624,forced_division_of_labor,590f1567de65cd41,70.62741699796952,16.0,0.0,0.0,0.0,1.0,1.0,"(5, 2)","[p(2, 2)_cs(1.0)_ws(1.0)]_[p(5, 2)_cs(1.0)_ws(1.0)]",player_2feec624_actions,player_2feec624,['player_2feec624'],,,
261,tomato_cut,pick up,CuttingBoard_20,CuttingBoard,20,pick up tomato_cut from cuttingboard,player_84b8d676,forced_division_of_labor,590f1567de65cd41,48.0,0.0,0.0,0.0,0.0,1.0,1.0,"(2, 2)","[p(2, 2)_cs(1.0)_ws(1.0)]_[p(5, 2)_cs(1.0)_ws(1.0)]",player_84b8d676_actions,player_84b8d676,"['player_2feec624', 'player_84b8d676']",,,False
291,tomato_cut,put down,Counter_33,Counter,33,put down tomato_cut on counter,player_84b8d676,forced_division_of_labor,590f1567de65cd41,80.0,32.0,0.0,0.0,0.0,1.0,1.0,"(2, 2)","[p(2, 2)_cs(1.0)_ws(1.0)]_[p(5, 2)_cs(1.0)_ws(1.0)]",player_84b8d676_actions,player_84b8d676,"['player_2feec624', 'player_84b8d676', 'player_84b8d676']",,,
304,plate,pick up,Dispenser_71,Dispenser,71,pick up plate from dispenser,player_2feec624,forced_division_of_labor,590f1567de65cd41,109.03447966473448,38.40706266676496,0.0,0.0,0.0,1.0,1.0,"(5, 2)","[p(2, 2)_cs(1.0)_ws(1.0)]_[p(5, 2)_cs(1.0)_ws(1.0)]",player_2feec624_actions,,[],,,
308,tomato,pick up,Counter_32,Counter,32,pick up tomato from counter,player_84b8d676,forced_division_of_labor,590f1567de65cd41,96.0,16.0,0.0,0.0,0.0,1.0,1.0,"(2, 2)","[p(2, 2)_cs(1.0)_ws(1.0)]_[p(5, 2)_cs(1.0)_ws(1.0)]",player_84b8d676_actions,player_2feec624,['player_2feec624'],,,True
330,tomato,start cutting,CuttingBoard_20,CuttingBoard,20,start cutting tomato,player_84b8d676,forced_division_of_labor,590f1567de65cd41,112.0,16.0,0.0,0.0,0.0,1.0,1.0,"(2, 2)","[p(2, 2)_cs(1.0)_ws(1.0)]_[p(5, 2)_cs(1.0)_ws(1.0)]",player_84b8d676_actions,player_84b8d676,"['player_2feec624', 'player_84b8d676']",,,
332,plate,assemble salad,Counter_33,Counter,33,assemble salad,player_2feec624,forced_division_of_labor,590f1567de65cd41,154.2893136606736,45.25483399593912,0.0,0.0,0.0,1.0,1.0,"(5, 2)","[p(2, 2)_cs(1.0)_ws(1.0)]_[p(5, 2)_cs(1.0)_ws(1.0)]",player_2feec624_actions,player_84b8d676,['player_2feec624'],"['player_2feec624', 'player_84b8d676', 'player_84b8d676']",['player_2feec624'],True
346,tomato_salad,pick up,Counter_33,Counter,33,pick up tomato_salad from counter,player_2feec624,forced_division_of_labor,590f1567de65cd41,154.2893136606736,0.0,0.0,0.0,0.0,1.0,1.0,"(5, 2)","[p(2, 2)_cs(1.0)_ws(1.0)]_[p(5, 2)_cs(1.0)_ws(1.0)]",player_2feec624_actions,player_2feec624,['player_2feec624'],"['player_2feec624', 'player_84b8d676', 'player_84b8d676']",['player_2feec624'],False
354,tomato_salad,put down,Counter_33,Counter,33,put down tomato_salad on counter,player_2feec624,forced_division_of_labor,590f1567de65cd41,154.2893136606736,0.0,0.0,0.0,0.0,1.0,1.0,"(5, 2)","[p(2, 2)_cs(1.0)_ws(1.0)]_[p(5, 2)_cs(1.0)_ws(1.0)]",player_2feec624_actions,player_2feec624,"['player_2feec624', 'player_2feec624']","['player_2feec624', 'player_84b8d676', 'player_84b8d676']",['player_2feec624'],
381,tomato_cut,pick up,CuttingBoard_20,CuttingBoard,20,pick up tomato_cut from cuttingboard,player_84b8d676,forced_division_of_labor,590f1567de65cd41,112.0,0.0,0.0,0.0,0.0,1.0,1.0,"(2, 2)","[p(2, 2)_cs(1.0)_ws(1.0)]_[p(5, 2)_cs(1.0)_ws(1.0)]",player_84b8d676_actions,player_84b8d676,"['player_2feec624', 'player_84b8d676']",,,False
383,tomato_salad,pick up,Counter_33,Counter,33,pick up tomato_salad from counter,player_2feec624,forced_division_of_labor,590f1567de65cd41,186.2893136606736,32.0,0.0,0.0,0.0,1.0,1.0,"(5, 2)","[p(2, 2)_cs(1.0)_ws(1.0)]_[p(5, 2)_cs(1.0)_ws(1.0)]",player_2feec624_actions,player_2feec624,"['player_2feec624', 'player_2feec624']","['player_2feec624', 'player_84b8d676', 'player_84b8d676']",['player_2feec624'],False
405,tomato_cut,put down,Counter_32,Counter,32,put down tomato_cut on counter,player_84b8d676,forced_division_of_labor,590f1567de65cd41,128.0,16.0,1.0,0.0,0.0,1.0,1.0,"(2, 2)","[p(2, 2)_cs(1.0)_ws(1.0)]_[p(5, 2)_cs(1.0)_ws(1.0)]",player_84b8d676_actions,player_84b8d676,"['player_2feec624', 'player_84b8d676', 'player_84b8d676']",,,
405,tomato_salad,deliver,Delivery_63,Delivery,63,deliver tomato_salad,player_2feec624,forced_division_of_labor,590f1567de65cd41,202.2893136606736,16.0,1.0,1.0,1.0,1.0,1.0,"(5, 2)","[p(2, 2)_cs(1.0)_ws(1.0)]_[p(5, 2)_cs(1.0)_ws(1.0)]",player_2feec624_actions,player_2feec624,"['player_2feec624', 'player_2feec624', 'player_2feec624']","['player_2feec624', 'player_84b8d676', 'player_84b8d676']",['player_2feec624'],
441,plate,pick up,Dispenser_71,Dispenser,71,pick up plate from dispenser,player_2feec624,forced_division_of_labor,590f1567de65cd41,240.70057350069965,38.41125984002605,1.0,0.0,1.0,1.0,1.0,"(5, 2)","[p(2, 2)_cs(1.0)_ws(1.0)]_[p(5, 2)_cs(1.0)_ws(1.0)]",player_2feec624_actions,,[],,,
474,plate,assemble salad,Counter_32,Counter,32,assemble salad,player_2feec624,forced_division_of_labor,590f1567de65cd41,279.10763616746465,38.407062666765,1.0,0.0,1.0,1.0,1.0,"(5, 2)","[p(2, 2)_cs(1.0)_ws(1.0)]_[p(5, 2)_cs(1.0)_ws(1.0)]",player_2feec624_actions,player_84b8d676,['player_2feec624'],"['player_2feec624', 'player_84b8d676', 'player_84b8d676']",['player_2feec624'],True
489,tomato_salad,pick up,Counter_32,Counter,32,pick up tomato_salad from counter,player_2feec624,forced_division_of_labor,590f1567de65cd41,279.10763616746465,0.0,1.0,0.0,1.0,1.0,1.0,"(5, 2)","[p(2, 2)_cs(1.0)_ws(1.0)]_[p(5, 2)_cs(1.0)_ws(1.0)]",player_2feec624_actions,player_2feec624,['player_2feec624'],"['player_2feec624', 'player_84b8d676', 'player_84b8d676']",['player_2feec624'],False
526,tomato_salad,put down,Dispenser_40,Dispenser,40,put down tomato_salad on dispenser,player_2feec624,forced_division_of_labor,590f1567de65cd41,328.07023641800134,48.962600250536696,1.0,0.0,1.0,1.0,1.0,"(5, 2)","[p(2, 2)_cs(1.0)_ws(1.0)]_[p(5, 2)_cs(1.0)_ws(1.0)]",player_2feec624_actions,player_2feec624,"['player_2feec624', 'player_2feec624']","['player_2feec624', 'player_84b8d676', 'player_84b8d676']",['player_2feec624'],
526,tomato,pick up,Dispenser_40,Dispenser,40,pick up tomato from dispenser,player_2feec624,forced_division_of_labor,590f1567de65cd41,328.07023641800134,0.0,1.0,0.0,1.0,1.0,1.0,"(5, 2)","[p(2, 2)_cs(1.0)_ws(1.0)]_[p(5, 2)_cs(1.0)_ws(1.0)]",player_2feec624_actions,,[],,,
555,tomato,put down,Counter_32,Counter,32,put down tomato on counter,player_2feec624,forced_division_of_labor,590f1567de65cd41,344.07023641800146,16.000000000000114,1.0,0.0,1.0,1.0,1.0,"(5, 2)","[p(2, 2)_cs(1.0)_ws(1.0)]_[p(5, 2)_cs(1.0)_ws(1.0)]",player_2feec624_actions,player_2feec624,['player_2feec624'],,,
573,tomato,pick up,Counter_32,Counter,32,pick up tomato from counter,player_84b8d676,forced_division_of_labor,590f1567de65cd41,128.0,0.0,1.0,0.0,0.0,1.0,1.0,"(2, 2)","[p(2, 2)_cs(1.0)_ws(1.0)]_[p(5, 2)_cs(1.0)_ws(1.0)]",player_84b8d676_actions,player_2feec624,['player_2feec624'],,,True
594,tomato,start cutting,CuttingBoard_20,CuttingBoard,20,start cutting tomato,player_84b8d676,forced_division_of_labor,590f1567de65cd41,144.0,16.0,1.0,0.0,0.0,1.0,1.0,"(2, 2)","[p(2, 2)_cs(1.0)_ws(1.0)]_[p(5, 2)_cs(1.0)_ws(1.0)]",player_84b8d676_actions,player_84b8d676,"['player_2feec624', 'player_84b8d676']",,,
599,tomato,pick up,Dispenser_40,Dispenser,40,pick up tomato from dispenser,player_2feec624,forced_division_of_labor,590f1567de65cd41,360.07023641800157,16.000000000000114,1.0,0.0,1.0,1.0,1.0,"(5, 2)","[p(2, 2)_cs(1.0)_ws(1.0)]_[p(5, 2)_cs(1.0)_ws(1.0)]",player_2feec624_actions,,[],,,
621,tomato,put down,Counter_32,Counter,32,put down tomato on counter,player_2feec624,forced_division_of_labor,590f1567de65cd41,376.0702364180017,16.000000000000114,1.0,0.0,1.0,1.0,1.0,"(5, 2)","[p(2, 2)_cs(1.0)_ws(1.0)]_[p(5, 2)_cs(1.0)_ws(1.0)]",player_2feec624_actions,player_2feec624,['player_2feec624'],,,
654,plate,pick up,Dispenser_60,Dispenser,60,pick up plate from dispenser,player_2feec624,forced_division_of_labor,590f1567de65cd41,414.4772990847667,38.407062666765,1.0,0.0,1.0,1.0,1.0,"(5, 2)","[p(2, 2)_cs(1.0)_ws(1.0)]_[p(5, 2)_cs(1.0)_ws(1.0)]",player_2feec624_actions,,[],,,
657,tomato,pick up,Counter_32,Counter,32,pick up tomato from counter,player_84b8d676,forced_division_of_labor,590f1567de65cd41,160.0,16.0,1.0,0.0,0.0,1.0,1.0,"(2, 2)","[p(2, 2)_cs(1.0)_ws(1.0)]_[p(5, 2)_cs(1.0)_ws(1.0)]",player_84b8d676_actions,player_2feec624,['player_2feec624'],,,True
683,tomato,start cutting,CuttingBoard_10,CuttingBoard,10,start cutting tomato,player_84b8d676,forced_division_of_labor,590f1567de65cd41,182.62741699796953,22.627416997969533,1.0,0.0,0.0,1.0,1.0,"(2, 2)","[p(2, 2)_cs(1.0)_ws(1.0)]_[p(5, 2)_cs(1.0)_ws(1.0)]",player_84b8d676_actions,player_84b8d676,"['player_2feec624', 'player_84b8d676']",,,
695,plate,put down,Counter_33,Counter,33,put down plate on counter,player_2feec624,forced_division_of_labor,590f1567de65cd41,459.7321330807056,45.25483399593895,1.0,0.0,1.0,1.0,1.0,"(5, 2)","[p(2, 2)_cs(1.0)_ws(1.0)]_[p(5, 2)_cs(1.0)_ws(1.0)]",player_2feec624_actions,player_2feec624,['player_2feec624'],,,
711,tomato_cut,pick up,CuttingBoard_20,CuttingBoard,20,pick up tomato_cut from cuttingboard,player_84b8d676,forced_division_of_labor,590f1567de65cd41,198.62741699796953,16.0,1.0,0.0,0.0,1.0,1.0,"(2, 2)","[p(2, 2)_cs(1.0)_ws(1.0)]_[p(5, 2)_cs(1.0)_ws(1.0)]",player_84b8d676_actions,player_84b8d676,"['player_2feec624', 'player_84b8d676']",,,False
729,tomato_cut,put down,Counter_32,Counter,32,put down tomato_cut on counter,player_84b8d676,forced_division_of_labor,590f1567de65cd41,214.62741699796953,16.0,1.0,0.0,0.0,1.0,1.0,"(2, 2)","[p(2, 2)_cs(1.0)_ws(1.0)]_[p(5, 2)_cs(1.0)_ws(1.0)]",player_84b8d676_actions,player_84b8d676,"['player_2feec624', 'player_84b8d676', 'player_84b8d676']",,,
751,tomato_cut,pick up,Counter_32,Counter,32,pick up tomato_cut from counter,player_84b8d676,forced_division_of_labor,590f1567de65cd41,214.62741699796953,0.0,1.0,0.0,0.0,1.0,1.0,"(2, 2)","[p(2, 2)_cs(1.0)_ws(1.0)]_[p(5, 2)_cs(1.0)_ws(1.0)]",player_84b8d676_actions,player_84b8d676,"['player_2feec624', 'player_84b8d676', 'player_84b8d676']",,,False
772,tomato_cut,assemble salad,Counter_33,Counter,33,assemble salad,player_84b8d676,forced_division_of_labor,590f1567de65cd41,230.62741699796953,16.0,1.0,0.0,0.0,1.0,1.0,"(2, 2)","[p(2, 2)_cs(1.0)_ws(1.0)]_[p(5, 2)_cs(1.0)_ws(1.0)]",player_84b8d676_actions,player_2feec624,['player_84b8d676'],"['player_2feec624', 'player_84b8d676', 'player_84b8d676', 'player_84b8d676']",['player_2feec624'],True
775,plate,pick up,Dispenser_71,Dispenser,71,pick up plate from dispenser,player_2feec624,forced_division_of_labor,590f1567de65cd41,549.983588393194,90.25145531248842,1.0,0.0,1.0,1.0,1.0,"(5, 2)","[p(2, 2)_cs(1.0)_ws(1.0)]_[p(5, 2)_cs(1.0)_ws(1.0)]",player_2feec624_actions,,[],,,
810,plate,put down,Counter_32,Counter,32,put down plate on counter,player_2feec624,forced_division_of_labor,590f1567de65cd41,588.3906510599588,38.40706266676477,1.0,0.0,1.0,1.0,1.0,"(5, 2)","[p(2, 2)_cs(1.0)_ws(1.0)]_[p(5, 2)_cs(1.0)_ws(1.0)]",player_2feec624_actions,player_2feec624,['player_2feec624'],,,
831,tomato_salad,pick up,Counter_33,Counter,33,pick up tomato_salad from counter,player_2feec624,forced_division_of_labor,590f1567de65cd41,604.390651059959,16.000000000000227,1.0,0.0,1.0,1.0,1.0,"(5, 2)","[p(2, 2)_cs(1.0)_ws(1.0)]_[p(5, 2)_cs(1.0)_ws(1.0)]",player_2feec624_actions,player_84b8d676,['player_84b8d676'],"['player_2feec624', 'player_84b8d676', 'player_84b8d676', 'player_84b8d676']",['player_2feec624'],True
843,tomato_cut,pick up,CuttingBoard_10,CuttingBoard,10,pick up tomato_cut from cuttingboard,player_84b8d676,forced_division_of_labor,590f1567de65cd41,269.0386768379956,38.41125984002605,1.0,0.0,0.0,1.0,1.0,"(2, 2)","[p(2, 2)_cs(1.0)_ws(1.0)]_[p(5, 2)_cs(1.0)_ws(1.0)]",player_84b8d676_actions,player_84b8d676,"['player_2feec624', 'player_84b8d676']",,,False
858,tomato_salad,deliver,Delivery_63,Delivery,63,deliver tomato_salad,player_2feec624,forced_division_of_labor,590f1567de65cd41,620.390651059959,16.0,2.0,1.0,2.0,1.0,1.0,"(5, 2)","[p(2, 2)_cs(1.0)_ws(1.0)]_[p(5, 2)_cs(1.0)_ws(1.0)]",player_2feec624_actions,player_2feec624,"['player_84b8d676', 'player_2feec624']","['player_2feec624', 'player_84b8d676', 'player_84b8d676', 'player_84b8d676']",['player_2feec624'],
866,tomato_cut,assemble salad,Counter_32,Counter,32,assemble salad,player_84b8d676,forced_division_of_labor,590f1567de65cd41,291.66609383596506,22.627416997969476,2.0,0.0,0.0,1.0,1.0,"(2, 2)","[p(2, 2)_cs(1.0)_ws(1.0)]_[p(5, 2)_cs(1.0)_ws(1.0)]",player_84b8d676_actions,player_2feec624,['player_84b8d676'],"['player_2feec624', 'player_84b8d676', 'player_84b8d676']",['player_2feec624'],True
904,tomato_salad,pick up,Counter_32,Counter,32,pick up tomato_salad from counter,player_2feec624,forced_division_of_labor,590f1567de65cd41,643.0180680579289,22.627416997969817,2.0,0.0,2.0,1.0,1.0,"(5, 2)","[p(2, 2)_cs(1.0)_ws(1.0)]_[p(5, 2)_cs(1.0)_ws(1.0)]",player_2feec624_actions,player_84b8d676,['player_84b8d676'],"['player_2feec624', 'player_84b8d676', 'player_84b8d676']",['player_2feec624'],True
946,tomato_salad,deliver,Delivery_64,Delivery,64,deliver tomato_salad,player_2feec624,forced_division_of_labor,590f1567de65cd41,681.4293278979551,38.41125984002622,3.0,1.0,3.0,1.0,1.0,"(5, 2)","[p(2, 2)_cs(1.0)_ws(1.0)]_[p(5, 2)_cs(1.0)_ws(1.0)]",player_2feec624_actions,player_2feec624,"['player_84b8d676', 'player_2feec624']","['player_2feec624', 'player_84b8d676', 'player_84b8d676']",['player_2feec624'],
973,tomato,pick up,Dispenser_40,Dispenser,40,pick up tomato from dispenser,player_2feec624,forced_division_of_labor,590f1567de65cd41,735.848699541204,54.41937164324895,3.0,0.0,3.0,1.0,1.0,"(5, 2)","[p(2, 2)_cs(1.0)_ws(1.0)]_[p(5, 2)_cs(1.0)_ws(1.0)]",player_2feec624_actions,,[],,,
991,tomato,put down,Counter_32,Counter,32,put down tomato on counter,player_2feec624,forced_division_of_labor,590f1567de65cd41,751.8486995412043,16.000000000000227,3.0,0.0,3.0,1.0,1.0,"(5, 2)","[p(2, 2)_cs(1.0)_ws(1.0)]_[p(5, 2)_cs(1.0)_ws(1.0)]",player_2feec624_actions,player_2feec624,['player_2feec624'],,,
1006,tomato,pick up,Counter_32,Counter,32,pick up tomato from counter,player_84b8d676,forced_division_of_labor,590f1567de65cd41,291.66609383596506,0.0,3.0,0.0,0.0,1.0,1.0,"(2, 2)","[p(2, 2)_cs(1.0)_ws(1.0)]_[p(5, 2)_cs(1.0)_ws(1.0)]",player_84b8d676_actions,player_2feec624,['player_2feec624'],,,True
1006,tomato,pick up,Dispenser_40,Dispenser,40,pick up tomato from dispenser,player_2feec624,forced_division_of_labor,590f1567de65cd41,767.8486995412045,16.000000000000227,3.0,0.0,3.0,1.0,1.0,"(5, 2)","[p(2, 2)_cs(1.0)_ws(1.0)]_[p(5, 2)_cs(1.0)_ws(1.0)]",player_2feec624_actions,,[],,,
1024,tomato,start cutting,CuttingBoard_20,CuttingBoard,20,start cutting tomato,player_84b8d676,forced_division_of_labor,590f1567de65cd41,307.6660938359652,16.00000000000017,3.0,0.0,0.0,1.0,1.0,"(2, 2)","[p(2, 2)_cs(1.0)_ws(1.0)]_[p(5, 2)_cs(1.0)_ws(1.0)]",player_84b8d676_actions,player_84b8d676,"['player_2feec624', 'player_84b8d676']",,,
1027,tomato,put down,Counter_33,Counter,33,put down tomato on counter,player_2feec624,forced_division_of_labor,590f1567de65cd41,799.8486995412048,32.00000000000034,3.0,0.0,3.0,1.0,1.0,"(5, 2)","[p(2, 2)_cs(1.0)_ws(1.0)]_[p(5, 2)_cs(1.0)_ws(1.0)]",player_2feec624_actions,player_2feec624,['player_2feec624'],,,
1057,tomato,pick up,Counter_33,Counter,33,pick up tomato from counter,player_84b8d676,forced_division_of_labor,590f1567de65cd41,339.6660938359655,32.000000000000284,3.0,0.0,0.0,1.0,1.0,"(2, 2)","[p(2, 2)_cs(1.0)_ws(1.0)]_[p(5, 2)_cs(1.0)_ws(1.0)]",player_84b8d676_actions,player_2feec624,['player_2feec624'],,,True
1062,plate,pick up,Dispenser_60,Dispenser,60,pick up plate from dispenser,player_2feec624,forced_division_of_labor,590f1567de65cd41,845.1035335371445,45.254833995939634,3.0,0.0,3.0,1.0,1.0,"(5, 2)","[p(2, 2)_cs(1.0)_ws(1.0)]_[p(5, 2)_cs(1.0)_ws(1.0)]",player_2feec624_actions,,[],,,
1090,tomato,start cutting,CuttingBoard_10,CuttingBoard,10,start cutting tomato,player_84b8d676,forced_division_of_labor,590f1567de65cd41,378.0773536759918,38.41125984002622,3.0,0.0,0.0,1.0,1.0,"(2, 2)","[p(2, 2)_cs(1.0)_ws(1.0)]_[p(5, 2)_cs(1.0)_ws(1.0)]",player_84b8d676_actions,player_84b8d676,"['player_2feec624', 'player_84b8d676']",,,
1093,plate,put down,Counter_32,Counter,32,put down plate on counter,player_2feec624,forced_division_of_labor,590f1567de65cd41,883.5105962039092,38.40706266676477,3.0,0.0,3.0,1.0,1.0,"(5, 2)","[p(2, 2)_cs(1.0)_ws(1.0)]_[p(5, 2)_cs(1.0)_ws(1.0)]",player_2feec624_actions,player_2feec624,['player_2feec624'],,,
1167,plate,pick up,Dispenser_71,Dispenser,71,pick up plate from dispenser,player_2feec624,forced_division_of_labor,590f1567de65cd41,1000.2889295058948,116.77833330198553,3.0,0.0,3.0,1.0,1.0,"(5, 2)","[p(2, 2)_cs(1.0)_ws(1.0)]_[p(5, 2)_cs(1.0)_ws(1.0)]",player_2feec624_actions,,[],,,
1177,tomato_cut,pick up,CuttingBoard_20,CuttingBoard,20,pick up tomato_cut from cuttingboard,player_84b8d676,forced_division_of_labor,590f1567de65cd41,394.0773536759919,16.00000000000017,3.0,0.0,0.0,1.0,1.0,"(2, 2)","[p(2, 2)_cs(1.0)_ws(1.0)]_[p(5, 2)_cs(1.0)_ws(1.0)]",player_84b8d676_actions,player_84b8d676,"['player_2feec624', 'player_84b8d676']",,,False
1198,tomato_cut,assemble salad,Counter_32,Counter,32,assemble salad,player_84b8d676,forced_division_of_labor,590f1567de65cd41,410.077353675992,16.000000000000114,3.0,0.0,0.0,1.0,1.0,"(2, 2)","[p(2, 2)_cs(1.0)_ws(1.0)]_[p(5, 2)_cs(1.0)_ws(1.0)]",player_84b8d676_actions,player_2feec624,['player_84b8d676'],"['player_2feec624', 'player_84b8d676', 'player_84b8d676']",['player_2feec624'],True
1203,plate,put down,Counter_33,Counter,33,put down plate on counter,player_2feec624,forced_division_of_labor,590f1567de65cd41,1045.5437635018334,45.25483399593861,3.0,0.0,3.0,1.0,1.0,"(5, 2)","[p(2, 2)_cs(1.0)_ws(1.0)]_[p(5, 2)_cs(1.0)_ws(1.0)]",player_2feec624_actions,player_2feec624,['player_2feec624'],,,
1226,tomato_cut,pick up,CuttingBoard_10,CuttingBoard,10,pick up tomato_cut from cuttingboard,player_84b8d676,forced_division_of_labor,590f1567de65cd41,432.7047706739615,22.627416997969476,3.0,0.0,0.0,1.0,1.0,"(2, 2)","[p(2, 2)_cs(1.0)_ws(1.0)]_[p(5, 2)_cs(1.0)_ws(1.0)]",player_84b8d676_actions,player_84b8d676,"['player_2feec624', 'player_84b8d676']",,,False
1227,tomato_salad,pick up,Counter_32,Counter,32,pick up tomato_salad from counter,player_2feec624,forced_division_of_labor,590f1567de65cd41,1061.543763501833,15.999999999999543,3.0,0.0,3.0,1.0,1.0,"(5, 2)","[p(2, 2)_cs(1.0)_ws(1.0)]_[p(5, 2)_cs(1.0)_ws(1.0)]",player_2feec624_actions,player_84b8d676,['player_84b8d676'],"['player_2feec624', 'player_84b8d676', 'player_84b8d676']",['player_2feec624'],True
1254,tomato_salad,deliver,Delivery_63,Delivery,63,deliver tomato_salad,player_2feec624,forced_division_of_labor,590f1567de65cd41,1084.171180499802,22.62741699796902,4.0,1.0,4.0,1.0,1.0,"(5, 2)","[p(2, 2)_cs(1.0)_ws(1.0)]_[p(5, 2)_cs(1.0)_ws(1.0)]",player_2feec624_actions,player_2feec624,"['player_84b8d676', 'player_2feec624']","['player_2feec624', 'player_84b8d676', 'player_84b8d676']",['player_2feec624'],
1261,tomato_cut,assemble salad,Counter_33,Counter,33,assemble salad,player_84b8d676,forced_division_of_labor,590f1567de65cd41,471.1160305139877,38.41125984002622,4.0,0.0,0.0,1.0,1.0,"(2, 2)","[p(2, 2)_cs(1.0)_ws(1.0)]_[p(5, 2)_cs(1.0)_ws(1.0)]",player_84b8d676_actions,player_2feec624,['player_84b8d676'],"['player_2feec624', 'player_84b8d676', 'player_84b8d676']",['player_2feec624'],True
1300,plate,pick up,Dispenser_71,Dispenser,71,pick up plate from dispenser,player_2feec624,forced_division_of_labor,590f1567de65cd41,1122.5824403398276,38.41125984002565,4.0,0.0,4.0,1.0,1.0,"(5, 2)","[p(2, 2)_cs(1.0)_ws(1.0)]_[p(5, 2)_cs(1.0)_ws(1.0)]",player_2feec624_actions,,[],,,
1317,plate,put down,Dispenser_40,Dispenser,40,put down plate on dispenser,player_2feec624,forced_division_of_labor,590f1567de65cd41,1154.5824403398265,31.999999999998863,4.0,0.0,4.0,1.0,1.0,"(5, 2)","[p(2, 2)_cs(1.0)_ws(1.0)]_[p(5, 2)_cs(1.0)_ws(1.0)]",player_2feec624_actions,player_2feec624,['player_2feec624'],,,
1317,tomato,pick up,Dispenser_40,Dispenser,40,pick up tomato from dispenser,player_2feec624,forced_division_of_labor,590f1567de65cd41,1154.5824403398265,0.0,4.0,0.0,4.0,1.0,1.0,"(5, 2)","[p(2, 2)_cs(1.0)_ws(1.0)]_[p(5, 2)_cs(1.0)_ws(1.0)]",player_2feec624_actions,,[],,,
1340,tomato,put down,Counter_32,Counter,32,put down tomato on counter,player_2feec624,forced_division_of_labor,590f1567de65cd41,1170.582440339826,15.999999999999543,4.0,0.0,4.0,1.0,1.0,"(5, 2)","[p(2, 2)_cs(1.0)_ws(1.0)]_[p(5, 2)_cs(1.0)_ws(1.0)]",player_2feec624_actions,player_2feec624,['player_2feec624'],,,
1361,tomato_salad,pick up,Counter_33,Counter,33,pick up tomato_salad from counter,player_2feec624,forced_division_of_labor,590f1567de65cd41,1186.5824403398256,15.999999999999543,4.0,0.0,4.0,1.0,1.0,"(5, 2)","[p(2, 2)_cs(1.0)_ws(1.0)]_[p(5, 2)_cs(1.0)_ws(1.0)]",player_2feec624_actions,player_84b8d676,['player_84b8d676'],"['player_2feec624', 'player_84b8d676', 'player_84b8d676']",['player_2feec624'],True
1364,tomato,pick up,Counter_32,Counter,32,pick up tomato from counter,player_84b8d676,forced_division_of_labor,590f1567de65cd41,487.1160305139878,16.000000000000114,4.0,0.0,0.0,1.0,1.0,"(2, 2)","[p(2, 2)_cs(1.0)_ws(1.0)]_[p(5, 2)_cs(1.0)_ws(1.0)]",player_84b8d676_actions,player_2feec624,['player_2feec624'],,,True
1385,tomato,start cutting,CuttingBoard_20,CuttingBoard,20,start cutting tomato,player_84b8d676,forced_division_of_labor,590f1567de65cd41,503.11603051398794,16.000000000000114,5.0,0.0,0.0,1.0,1.0,"(2, 2)","[p(2, 2)_cs(1.0)_ws(1.0)]_[p(5, 2)_cs(1.0)_ws(1.0)]",player_84b8d676_actions,player_84b8d676,"['player_2feec624', 'player_84b8d676']",,,
1385,tomato_salad,deliver,Delivery_63,Delivery,63,deliver tomato_salad,player_2feec624,forced_division_of_labor,590f1567de65cd41,1202.5824403398249,15.999999999999318,5.0,1.0,5.0,1.0,1.0,"(5, 2)","[p(2, 2)_cs(1.0)_ws(1.0)]_[p(5, 2)_cs(1.0)_ws(1.0)]",player_2feec624_actions,player_2feec624,"['player_84b8d676', 'player_2feec624']","['player_2feec624', 'player_84b8d676', 'player_84b8d676']",['player_2feec624'],
1454,tomato_cut,pick up,CuttingBoard_20,CuttingBoard,20,pick up tomato_cut from cuttingboard,player_84b8d676,forced_division_of_labor,590f1567de65cd41,503.11603051398794,0.0,5.0,0.0,0.0,1.0,1.0,"(2, 2)","[p(2, 2)_cs(1.0)_ws(1.0)]_[p(5, 2)_cs(1.0)_ws(1.0)]",player_84b8d676_actions,player_84b8d676,"['player_2feec624', 'player_84b8d676']",,,False
1481,plate,pick up,Dispenser_71,Dispenser,71,pick up plate from dispenser,player_2feec624,forced_division_of_labor,590f1567de65cd41,1316.128904430854,113.54646409102908,5.0,0.0,5.0,1.0,1.0,"(5, 2)","[p(2, 2)_cs(1.0)_ws(1.0)]_[p(5, 2)_cs(1.0)_ws(1.0)]",player_2feec624_actions,,[],,,
1517,plate,put down,Counter_32,Counter,32,put down plate on counter,player_2feec624,forced_division_of_labor,590f1567de65cd41,1354.535967097618,38.407062666764205,5.0,0.0,5.0,1.0,1.0,"(5, 2)","[p(2, 2)_cs(1.0)_ws(1.0)]_[p(5, 2)_cs(1.0)_ws(1.0)]",player_2feec624_actions,player_2feec624,['player_2feec624'],,,
1538,tomato_cut,assemble salad,Counter_32,Counter,32,assemble salad,player_84b8d676,forced_division_of_labor,590f1567de65cd41,519.1160305139881,16.00000000000017,5.0,0.0,0.0,1.0,1.0,"(2, 2)","[p(2, 2)_cs(1.0)_ws(1.0)]_[p(5, 2)_cs(1.0)_ws(1.0)]",player_84b8d676_actions,player_2feec624,['player_84b8d676'],"['player_2feec624', 'player_84b8d676', 'player_84b8d676']",['player_2feec624'],True
1538,tomato,pick up,Dispenser_40,Dispenser,40,pick up tomato from dispenser,player_2feec624,forced_division_of_labor,590f1567de65cd41,1370.5359670976177,15.999999999999543,5.0,0.0,5.0,1.0,1.0,"(5, 2)","[p(2, 2)_cs(1.0)_ws(1.0)]_[p(5, 2)_cs(1.0)_ws(1.0)]",player_2feec624_actions,,[],,,
1573,tomato,put down,Counter_33,Counter,33,put down tomato on counter,player_2feec624,forced_division_of_labor,590f1567de65cd41,1402.5359670976168,31.99999999999909,5.0,0.0,5.0,1.0,1.0,"(5, 2)","[p(2, 2)_cs(1.0)_ws(1.0)]_[p(5, 2)_cs(1.0)_ws(1.0)]",player_2feec624_actions,player_2feec624,['player_2feec624'],,,
1597,tomato_salad,pick up,Counter_32,Counter,32,pick up tomato_salad from counter,player_2feec624,forced_division_of_labor,590f1567de65cd41,1418.5359670976163,15.999999999999543,5.0,0.0,5.0,1.0,1.0,"(5, 2)","[p(2, 2)_cs(1.0)_ws(1.0)]_[p(5, 2)_cs(1.0)_ws(1.0)]",player_2feec624_actions,player_84b8d676,['player_84b8d676'],"['player_2feec624', 'player_84b8d676', 'player_84b8d676']",['player_2feec624'],True
1597,tomato,pick up,Counter_33,Counter,33,pick up tomato from counter,player_84b8d676,forced_division_of_labor,590f1567de65cd41,535.1160305139883,16.000000000000227,5.0,0.0,0.0,1.0,1.0,"(2, 2)","[p(2, 2)_cs(1.0)_ws(1.0)]_[p(5, 2)_cs(1.0)_ws(1.0)]",player_84b8d676_actions,player_2feec624,['player_2feec624'],,,True
1621,tomato,start cutting,CuttingBoard_20,CuttingBoard,20,start cutting tomato,player_84b8d676,forced_division_of_labor,590f1567de65cd41,567.1160305139887,32.00000000000034,5.0,0.0,0.0,1.0,1.0,"(2, 2)","[p(2, 2)_cs(1.0)_ws(1.0)]_[p(5, 2)_cs(1.0)_ws(1.0)]",player_84b8d676_actions,player_84b8d676,"['player_2feec624', 'player_84b8d676']",,,
1625,tomato_salad,deliver,Delivery_63,Delivery,63,deliver tomato_salad,player_2feec624,forced_division_of_labor,590f1567de65cd41,1441.1633840955851,22.62741699796902,6.0,1.0,6.0,1.0,1.0,"(5, 2)","[p(2, 2)_cs(1.0)_ws(1.0)]_[p(5, 2)_cs(1.0)_ws(1.0)]",player_2feec624_actions,player_2feec624,"['player_84b8d676', 'player_2feec624']","['player_2feec624', 'player_84b8d676', 'player_84b8d676']",['player_2feec624'],
1674,plate,pick up,Dispenser_60,Dispenser,60,pick up plate from dispenser,player_2feec624,forced_division_of_labor,590f1567de65cd41,1479.574643935611,38.41125984002565,6.0,0.0,6.0,1.0,1.0,"(5, 2)","[p(2, 2)_cs(1.0)_ws(1.0)]_[p(5, 2)_cs(1.0)_ws(1.0)]",player_2feec624_actions,,[],,,
1677,tomato_cut,pick up,CuttingBoard_20,CuttingBoard,20,pick up tomato_cut from cuttingboard,player_84b8d676,forced_division_of_labor,590f1567de65cd41,567.1160305139887,0.0,6.0,0.0,0.0,1.0,1.0,"(2, 2)","[p(2, 2)_cs(1.0)_ws(1.0)]_[p(5, 2)_cs(1.0)_ws(1.0)]",player_84b8d676_actions,player_84b8d676,"['player_2feec624', 'player_84b8d676']",,,False
1695,tomato_cut,put down,Counter_32,Counter,32,put down tomato_cut on counter,player_84b8d676,forced_division_of_labor,590f1567de65cd41,583.1160305139888,16.000000000000114,6.0,0.0,0.0,1.0,1.0,"(2, 2)","[p(2, 2)_cs(1.0)_ws(1.0)]_[p(5, 2)_cs(1.0)_ws(1.0)]",player_84b8d676_actions,player_84b8d676,"['player_2feec624', 'player_84b8d676', 'player_84b8d676']",,,
1710,plate,assemble salad,Counter_32,Counter,32,assemble salad,player_2feec624,forced_division_of_labor,590f1567de65cd41,1517.9817066023752,38.407062666764205,6.0,0.0,6.0,1.0,1.0,"(5, 2)","[p(2, 2)_cs(1.0)_ws(1.0)]_[p(5, 2)_cs(1.0)_ws(1.0)]",player_2feec624_actions,player_84b8d676,['player_2feec624'],"['player_2feec624', 'player_84b8d676', 'player_84b8d676']",['player_2feec624'],True
1722,tomato_salad,pick up,Counter_32,Counter,32,pick up tomato_salad from counter,player_84b8d676,forced_division_of_labor,590f1567de65cd41,583.1160305139888,0.0,6.0,0.0,0.0,1.0,1.0,"(2, 2)","[p(2, 2)_cs(1.0)_ws(1.0)]_[p(5, 2)_cs(1.0)_ws(1.0)]",player_84b8d676_actions,player_2feec624,['player_2feec624'],"['player_2feec624', 'player_84b8d676', 'player_84b8d676']",['player_2feec624'],True
1740,tomato_salad,put down,Counter_32,Counter,32,put down tomato_salad on counter,player_84b8d676,forced_division_of_labor,590f1567de65cd41,583.1160305139888,0.0,6.0,0.0,0.0,1.0,1.0,"(2, 2)","[p(2, 2)_cs(1.0)_ws(1.0)]_[p(5, 2)_cs(1.0)_ws(1.0)]",player_84b8d676_actions,player_84b8d676,"['player_2feec624', 'player_84b8d676']","['player_2feec624', 'player_84b8d676', 'player_84b8d676']",['player_2feec624'],
1743,tomato,pick up,Dispenser_40,Dispenser,40,pick up tomato from dispenser,player_2feec624,forced_division_of_labor,590f1567de65cd41,1533.9817066023747,15.999999999999543,6.0,0.0,6.0,1.0,1.0,"(5, 2)","[p(2, 2)_cs(1.0)_ws(1.0)]_[p(5, 2)_cs(1.0)_ws(1.0)]",player_2feec624_actions,,[],,,
1773,tomato,put down,Counter_33,Counter,33,put down tomato on counter,player_2feec624,forced_division_of_labor,590f1567de65cd41,1565.9817066023738,31.99999999999909,6.0,0.0,6.0,1.0,1.0,"(5, 2)","[p(2, 2)_cs(1.0)_ws(1.0)]_[p(5, 2)_cs(1.0)_ws(1.0)]",player_2feec624_actions,player_2feec624,['player_2feec624'],,,
1791,tomato,pick up,Counter_33,Counter,33,pick up tomato from counter,player_84b8d676,forced_division_of_labor,590f1567de65cd41,599.116030513989,16.000000000000227,6.0,0.0,0.0,1.0,1.0,"(2, 2)","[p(2, 2)_cs(1.0)_ws(1.0)]_[p(5, 2)_cs(1.0)_ws(1.0)]",player_84b8d676_actions,player_2feec624,['player_2feec624'],,,True
1792,tomato_salad,pick up,Counter_32,Counter,32,pick up tomato_salad from counter,player_2feec624,forced_division_of_labor,590f1567de65cd41,1581.9817066023734,15.999999999999543,6.0,0.0,6.0,1.0,1.0,"(5, 2)","[p(2, 2)_cs(1.0)_ws(1.0)]_[p(5, 2)_cs(1.0)_ws(1.0)]",player_2feec624_actions,player_84b8d676,"['player_2feec624', 'player_84b8d676']","['player_2feec624', 'player_84b8d676', 'player_84b8d676']",['player_2feec624'],True
1811,tomato,start cutting,CuttingBoard_20,CuttingBoard,20,start cutting tomato,player_84b8d676,forced_division_of_labor,590f1567de65cd41,631.1160305139894,32.00000000000034,6.0,0.0,0.0,1.0,1.0,"(2, 2)","[p(2, 2)_cs(1.0)_ws(1.0)]_[p(5, 2)_cs(1.0)_ws(1.0)]",player_84b8d676_actions,player_84b8d676,"['player_2feec624', 'player_84b8d676']",,,
1816,tomato_salad,deliver,Delivery_63,Delivery,63,deliver tomato_salad,player_2feec624,forced_division_of_labor,590f1567de65cd41,1604.6091236003424,22.62741699796902,7.0,1.0,7.0,1.0,1.0,"(5, 2)","[p(2, 2)_cs(1.0)_ws(1.0)]_[p(5, 2)_cs(1.0)_ws(1.0)]",player_2feec624_actions,player_2feec624,"['player_2feec624', 'player_84b8d676', 'player_2feec624']","['player_2feec624', 'player_84b8d676', 'player_84b8d676']",['player_2feec624'],
1872,tomato_cut,pick up,CuttingBoard_20,CuttingBoard,20,pick up tomato_cut from cuttingboard,player_84b8d676,forced_division_of_labor,590f1567de65cd41,631.1160305139894,0.0,7.0,0.0,0.0,1.0,1.0,"(2, 2)","[p(2, 2)_cs(1.0)_ws(1.0)]_[p(5, 2)_cs(1.0)_ws(1.0)]",player_84b8d676_actions,player_84b8d676,"['player_2feec624', 'player_84b8d676']",,,False
1885,tomato,pick up,Dispenser_40,Dispenser,40,pick up tomato from dispenser,player_2feec624,forced_division_of_labor,590f1567de65cd41,1655.1385990740614,50.529475473719,7.0,0.0,7.0,1.0,1.0,"(5, 2)","[p(2, 2)_cs(1.0)_ws(1.0)]_[p(5, 2)_cs(1.0)_ws(1.0)]",player_2feec624_actions,,[],,,
1889,tomato_cut,put down,Counter_32,Counter,32,put down tomato_cut on counter,player_84b8d676,forced_division_of_labor,590f1567de65cd41,647.1160305139895,16.000000000000114,7.0,0.0,0.0,1.0,1.0,"(2, 2)","[p(2, 2)_cs(1.0)_ws(1.0)]_[p(5, 2)_cs(1.0)_ws(1.0)]",player_84b8d676_actions,player_84b8d676,"['player_2feec624', 'player_84b8d676', 'player_84b8d676']",,,
1906,tomato,put down,Counter_32,Counter,32,put down tomato on counter,player_2feec624,forced_division_of_labor,590f1567de65cd41,1671.138599074061,15.999999999999543,7.0,0.0,7.0,1.0,1.0,"(5, 2)","[p(2, 2)_cs(1.0)_ws(1.0)]_[p(5, 2)_cs(1.0)_ws(1.0)]",player_2feec624_actions,player_2feec624,['player_2feec624'],,,
1906,tomato_cut,pick up,Counter_32,Counter,32,pick up tomato_cut from counter,player_2feec624,forced_division_of_labor,590f1567de65cd41,1671.138599074061,0.0,7.0,0.0,7.0,1.0,1.0,"(5, 2)","[p(2, 2)_cs(1.0)_ws(1.0)]_[p(5, 2)_cs(1.0)_ws(1.0)]",player_2feec624_actions,player_2feec624,['player_2feec624'],,,False
1922,tomato_cut,put down,Counter_33,Counter,33,put down tomato_cut on counter,player_2feec624,forced_division_of_labor,590f1567de65cd41,1687.1385990740605,15.999999999999543,7.0,0.0,7.0,1.0,1.0,"(5, 2)","[p(2, 2)_cs(1.0)_ws(1.0)]_[p(5, 2)_cs(1.0)_ws(1.0)]",player_2feec624_actions,player_2feec624,"['player_2feec624', 'player_2feec624']",,,
1934,tomato,pick up,Counter_32,Counter,32,pick up tomato from counter,player_84b8d676,forced_division_of_labor,590f1567de65cd41,647.1160305139895,0.0,7.0,0.0,0.0,1.0,1.0,"(2, 2)","[p(2, 2)_cs(1.0)_ws(1.0)]_[p(5, 2)_cs(1.0)_ws(1.0)]",player_84b8d676_actions,player_2feec624,"['player_2feec624', 'player_2feec624']",,,True
1950,tomato,start cutting,CuttingBoard_20,CuttingBoard,20,start cutting tomato,player_84b8d676,forced_division_of_labor,590f1567de65cd41,663.1160305139897,16.000000000000227,7.0,0.0,0.0,1.0,1.0,"(2, 2)","[p(2, 2)_cs(1.0)_ws(1.0)]_[p(5, 2)_cs(1.0)_ws(1.0)]",player_84b8d676_actions,player_84b8d676,"['player_2feec624', 'player_2feec624', 'player_84b8d676']",,,
1954,plate,pick up,Dispenser_60,Dispenser,60,pick up plate from dispenser,player_2feec624,forced_division_of_labor,590f1567de65cd41,1732.3934330699983,45.254833995937815,7.0,0.0,7.0,1.0,1.0,"(5, 2)","[p(2, 2)_cs(1.0)_ws(1.0)]_[p(5, 2)_cs(1.0)_ws(1.0)]",player_2feec624_actions,,[],,,
1984,plate,assemble salad,Counter_33,Counter,33,assemble salad,player_2feec624,forced_division_of_labor,590f1567de65cd41,1777.648267065936,45.254833995937815,7.0,0.0,7.0,1.0,1.0,"(5, 2)","[p(2, 2)_cs(1.0)_ws(1.0)]_[p(5, 2)_cs(1.0)_ws(1.0)]",player_2feec624_actions,player_84b8d676,['player_2feec624'],"['player_2feec624', 'player_2feec624', 'player_84b8d676']",['player_2feec624'],True
1999,tomato_salad,pick up,Counter_33,Counter,33,pick up tomato_salad from counter,player_2feec624,forced_division_of_labor,590f1567de65cd41,1777.648267065936,0.0,7.0,0.0,7.0,1.0,1.0,"(5, 2)","[p(2, 2)_cs(1.0)_ws(1.0)]_[p(5, 2)_cs(1.0)_ws(1.0)]",player_2feec624_actions,player_2feec624,['player_2feec624'],"['player_2feec624', 'player_2feec624', 'player_84b8d676']",['player_2feec624'],False
2010,tomato_cut,pick up,CuttingBoard_20,CuttingBoard,20,pick up tomato_cut from cuttingboard,player_84b8d676,forced_division_of_labor,590f1567de65cd41,663.1160305139897,0.0,7.0,0.0,0.0,1.0,1.0,"(2, 2)","[p(2, 2)_cs(1.0)_ws(1.0)]_[p(5, 2)_cs(1.0)_ws(1.0)]",player_84b8d676_actions,player_2feec624,['player_2feec624'],"['player_2feec624', 'player_2feec624', 'player_84b8d676']",['player_2feec624'],True
2019,tomato_salad,deliver,Delivery_63,Delivery,63,deliver tomato_salad,player_2feec624,forced_division_of_labor,590f1567de65cd41,1793.6482670659354,15.999999999999318,8.0,1.0,8.0,1.0,1.0,"(5, 2)","[p(2, 2)_cs(1.0)_ws(1.0)]_[p(5, 2)_cs(1.0)_ws(1.0)]",player_2feec624_actions,player_2feec624,"['player_2feec624', 'player_2feec624']","['player_2feec624', 'player_2feec624', 'player_84b8d676']",['player_2feec624'],
2025,tomato_cut,put down,Counter_32,Counter,32,put down tomato_cut on counter,player_84b8d676,forced_division_of_labor,590f1567de65cd41,679.1160305139899,16.000000000000227,8.0,0.0,0.0,1.0,1.0,"(2, 2)","[p(2, 2)_cs(1.0)_ws(1.0)]_[p(5, 2)_cs(1.0)_ws(1.0)]",player_84b8d676_actions,player_84b8d676,"['player_2feec624', 'player_84b8d676']","['player_2feec624', 'player_2feec624', 'player_84b8d676']",['player_2feec624'],
2062,plate,pick up,Dispenser_60,Dispenser,60,pick up plate from dispenser,player_2feec624,forced_division_of_labor,590f1567de65cd41,1832.059526905961,38.41125984002565,8.0,0.0,8.0,1.0,1.0,"(5, 2)","[p(2, 2)_cs(1.0)_ws(1.0)]_[p(5, 2)_cs(1.0)_ws(1.0)]",player_2feec624_actions,,[],,,
2091,plate,assemble salad,Counter_32,Counter,32,assemble salad,player_2feec624,forced_division_of_labor,590f1567de65cd41,1870.4665895727253,38.407062666764205,8.0,0.0,8.0,1.0,1.0,"(5, 2)","[p(2, 2)_cs(1.0)_ws(1.0)]_[p(5, 2)_cs(1.0)_ws(1.0)]",player_2feec624_actions,player_84b8d676,['player_2feec624'],"['player_2feec624', 'player_84b8d676']",['player_2feec624'],True
2108,tomato_salad,pick up,Counter_32,Counter,32,pick up tomato_salad from counter,player_2feec624,forced_division_of_labor,590f1567de65cd41,1870.4665895727253,0.0,8.0,0.0,8.0,1.0,1.0,"(5, 2)","[p(2, 2)_cs(1.0)_ws(1.0)]_[p(5, 2)_cs(1.0)_ws(1.0)]",player_2feec624_actions,player_2feec624,['player_2feec624'],"['player_2feec624', 'player_84b8d676']",['player_2feec624'],False
2116,tomato_salad,put down,Counter_32,Counter,32,put down tomato_salad on counter,player_2feec624,forced_division_of_labor,590f1567de65cd41,1870.4665895727253,0.0,8.0,0.0,8.0,1.0,1.0,"(5, 2)","[p(2, 2)_cs(1.0)_ws(1.0)]_[p(5, 2)_cs(1.0)_ws(1.0)]",player_2feec624_actions,player_2feec624,"['player_2feec624', 'player_2feec624']","['player_2feec624', 'player_84b8d676']",['player_2feec624'],
2127,tomato_salad,pick up,Counter_32,Counter,32,pick up tomato_salad from counter,player_2feec624,forced_division_of_labor,590f1567de65cd41,1870.4665895727253,0.0,8.0,0.0,8.0,1.0,1.0,"(5, 2)","[p(2, 2)_cs(1.0)_ws(1.0)]_[p(5, 2)_cs(1.0)_ws(1.0)]",player_2feec624_actions,player_2feec624,"['player_2feec624', 'player_2feec624']","['player_2feec624', 'player_84b8d676']",['player_2feec624'],False
2146,tomato_salad,deliver,Delivery_63,Delivery,63,deliver tomato_salad,player_2feec624,forced_division_of_labor,590f1567de65cd41,1893.0940065706943,22.62741699796902,9.0,1.0,9.0,1.0,1.0,"(5, 2)","[p(2, 2)_cs(1.0)_ws(1.0)]_[p(5, 2)_cs(1.0)_ws(1.0)]",player_2feec624_actions,player_2feec624,"['player_2feec624', 'player_2feec624', 'player_2feec624']","['player_2feec624', 'player_84b8d676']",['player_2feec624'],
