{"agents": {"player_84b8d676": {"initial_state": {"agent_id": "player_84b8d676", "x": 40, "y": 40, "item": null, "url_params": {"gameType": ["tomatoSaladOnly"], "PROLIFIC_PID": ["674e27302fd72d49e73e902e"], "map": ["forced_division_of_labor"], "cutting_speed_p1": ["1"], "walking_speed_p1": ["1"], "cutting_speed_p2": ["1"], "walking_speed_p2": ["1"], "slot_x_p1": ["2"], "slot_y_p1": ["2"], "slot_x_p2": ["5"], "slot_y_p2": ["2"], "EIO": ["4"], "transport": ["polling"], "t": ["PZu0U8f"]}, "cut_speed": 1.0, "walk_speed": 30.0, "player_nr": 1}, "player_score": 0.0, "total_actions": 44, "first_action_tick": 189, "last_action_tick": 2025}, "player_2feec624": {"initial_state": {"agent_id": "player_2feec624", "x": 88, "y": 40, "item": null, "url_params": {"gameType": ["tomatoSaladOnly"], "PROLIFIC_PID": ["5b97f2375612b30001acc4c9"], "map": ["forced_division_of_labor"], "cutting_speed_p1": ["1"], "walking_speed_p1": ["1"], "cutting_speed_p2": ["1"], "walking_speed_p2": ["1"], "slot_x_p1": ["2"], "slot_y_p1": ["2"], "slot_x_p2": ["5"], "slot_y_p2": ["2"], "EIO": ["4"], "transport": ["polling"], "t": ["PZu0nAS"]}, "cut_speed": 1.0, "walk_speed": 30.0, "player_nr": 2}, "player_score": 9.0, "total_actions": 68, "first_action_tick": 51, "last_action_tick": 2146}}, "map_name": "forced_division_of_labor", "final_score": 9.0}