tick,item,action,target,target_type,target_position,action_long,player_id,map_name,game_id,distance_walked,distance_walked_since_last_action,overall_score,player_score_change,player_score,walking_speed,cutting_speed,start_pos,condition,source,last_touched,touched_list,tomato_history,plate_history,is_exchange_collaboration
57,plate,pick up,Dispenser_60,Dispenser,60,pick up plate from dispenser,player_3cfc496a,forced_division_of_labor,408805ed4af107c1,22.62741699796952,0.0,0.0,0.0,0.0,1.0,1.0,"(5, 2)","[p(2, 2)_cs(1.0)_ws(1.0)]_[p(5, 2)_cs(1.0)_ws(1.0)]",player_3cfc496a_actions,,[],,,
89,plate,put down,Counter_32,Counter,32,put down plate on counter,player_3cfc496a,forced_division_of_labor,408805ed4af107c1,61.03447966473449,38.40706266676497,0.0,0.0,0.0,1.0,1.0,"(5, 2)","[p(2, 2)_cs(1.0)_ws(1.0)]_[p(5, 2)_cs(1.0)_ws(1.0)]",player_3cfc496a_actions,player_3cfc496a,['player_3cfc496a'],,,
106,tomato,pick up,Dispenser_40,Dispenser,40,pick up tomato from dispenser,player_3cfc496a,forced_division_of_labor,408805ed4af107c1,77.03447966473449,16.0,0.0,0.0,0.0,1.0,1.0,"(5, 2)","[p(2, 2)_cs(1.0)_ws(1.0)]_[p(5, 2)_cs(1.0)_ws(1.0)]",player_3cfc496a_actions,,[],,,
130,tomato,put down,Counter_33,Counter,33,put down tomato on counter,player_3cfc496a,forced_division_of_labor,408805ed4af107c1,109.03447966473448,32.0,0.0,0.0,0.0,1.0,1.0,"(5, 2)","[p(2, 2)_cs(1.0)_ws(1.0)]_[p(5, 2)_cs(1.0)_ws(1.0)]",player_3cfc496a_actions,player_3cfc496a,['player_3cfc496a'],,,
161,tomato,pick up,Dispenser_40,Dispenser,40,pick up tomato from dispenser,player_3cfc496a,forced_division_of_labor,408805ed4af107c1,141.03447966473448,31.999999999999982,0.0,0.0,0.0,1.0,1.0,"(5, 2)","[p(2, 2)_cs(1.0)_ws(1.0)]_[p(5, 2)_cs(1.0)_ws(1.0)]",player_3cfc496a_actions,,[],,,
196,tomato,put down,Counter_34,Counter,34,put down tomato on counter,player_3cfc496a,forced_division_of_labor,408805ed4af107c1,189.03447966473448,48.0,0.0,0.0,0.0,1.0,1.0,"(5, 2)","[p(2, 2)_cs(1.0)_ws(1.0)]_[p(5, 2)_cs(1.0)_ws(1.0)]",player_3cfc496a_actions,player_3cfc496a,['player_3cfc496a'],,,
245,plate,pick up,Dispenser_60,Dispenser,60,pick up plate from dispenser,player_3cfc496a,forced_division_of_labor,408805ed4af107c1,249.95066656727224,60.91618690253779,0.0,0.0,0.0,1.0,1.0,"(5, 2)","[p(2, 2)_cs(1.0)_ws(1.0)]_[p(5, 2)_cs(1.0)_ws(1.0)]",player_3cfc496a_actions,,[],,,
278,tomato,pick up,Counter_33,Counter,33,pick up tomato from counter,player_234730e2,forced_division_of_labor,408805ed4af107c1,70.41125984002603,0.0,0.0,0.0,0.0,1.0,1.0,"(2, 2)","[p(2, 2)_cs(1.0)_ws(1.0)]_[p(5, 2)_cs(1.0)_ws(1.0)]",player_234730e2_actions,player_3cfc496a,['player_3cfc496a'],,,True
303,plate,put down,Counter_35,Counter,35,put down plate on counter,player_3cfc496a,forced_division_of_labor,408805ed4af107c1,326.884770997842,76.93410443056973,0.0,0.0,0.0,1.0,1.0,"(5, 2)","[p(2, 2)_cs(1.0)_ws(1.0)]_[p(5, 2)_cs(1.0)_ws(1.0)]",player_3cfc496a_actions,player_3cfc496a,['player_3cfc496a'],,,
306,tomato,start cutting,CuttingBoard_20,CuttingBoard,20,start cutting tomato,player_234730e2,forced_division_of_labor,408805ed4af107c1,102.41125984002603,32.0,0.0,0.0,0.0,1.0,1.0,"(2, 2)","[p(2, 2)_cs(1.0)_ws(1.0)]_[p(5, 2)_cs(1.0)_ws(1.0)]",player_234730e2_actions,player_234730e2,"['player_3cfc496a', 'player_234730e2']",,,
333,tomato,pick up,Counter_34,Counter,34,pick up tomato from counter,player_234730e2,forced_division_of_labor,408805ed4af107c1,150.41125984002602,47.999999999999986,0.0,0.0,0.0,1.0,1.0,"(2, 2)","[p(2, 2)_cs(1.0)_ws(1.0)]_[p(5, 2)_cs(1.0)_ws(1.0)]",player_234730e2_actions,player_3cfc496a,['player_3cfc496a'],,,True
341,tomato,pick up,Dispenser_40,Dispenser,40,pick up tomato from dispenser,player_3cfc496a,forced_division_of_labor,408805ed4af107c1,390.8847709978424,64.0000000000004,0.0,0.0,0.0,1.0,1.0,"(5, 2)","[p(2, 2)_cs(1.0)_ws(1.0)]_[p(5, 2)_cs(1.0)_ws(1.0)]",player_3cfc496a_actions,,[],,,
369,tomato,put down,Counter_33,Counter,33,put down tomato on counter,player_3cfc496a,forced_division_of_labor,408805ed4af107c1,422.8847709978427,32.000000000000284,0.0,0.0,0.0,1.0,1.0,"(5, 2)","[p(2, 2)_cs(1.0)_ws(1.0)]_[p(5, 2)_cs(1.0)_ws(1.0)]",player_3cfc496a_actions,player_3cfc496a,['player_3cfc496a'],,,
382,tomato,start cutting,CuttingBoard_10,CuttingBoard,10,start cutting tomato,player_234730e2,forced_division_of_labor,408805ed4af107c1,218.12106129428793,67.7098014542619,0.0,0.0,0.0,1.0,1.0,"(2, 2)","[p(2, 2)_cs(1.0)_ws(1.0)]_[p(5, 2)_cs(1.0)_ws(1.0)]",player_234730e2_actions,player_234730e2,"['player_3cfc496a', 'player_234730e2']",,,
391,tomato,pick up,Dispenser_40,Dispenser,40,pick up tomato from dispenser,player_3cfc496a,forced_division_of_labor,408805ed4af107c1,454.884770997843,32.00000000000034,0.0,0.0,0.0,1.0,1.0,"(5, 2)","[p(2, 2)_cs(1.0)_ws(1.0)]_[p(5, 2)_cs(1.0)_ws(1.0)]",player_3cfc496a_actions,,[],,,
420,tomato,put down,Counter_34,Counter,34,put down tomato on counter,player_3cfc496a,forced_division_of_labor,408805ed4af107c1,502.8847709978435,48.000000000000455,0.0,0.0,0.0,1.0,1.0,"(5, 2)","[p(2, 2)_cs(1.0)_ws(1.0)]_[p(5, 2)_cs(1.0)_ws(1.0)]",player_3cfc496a_actions,player_3cfc496a,['player_3cfc496a'],,,
457,tomato_cut,pick up,CuttingBoard_20,CuttingBoard,20,pick up tomato_cut from cuttingboard,player_234730e2,forced_division_of_labor,408805ed4af107c1,234.12106129428793,16.0,0.0,0.0,0.0,1.0,1.0,"(2, 2)","[p(2, 2)_cs(1.0)_ws(1.0)]_[p(5, 2)_cs(1.0)_ws(1.0)]",player_234730e2_actions,player_234730e2,"['player_3cfc496a', 'player_234730e2']",,,False
485,tomato_cut,assemble salad,Counter_32,Counter,32,assemble salad,player_234730e2,forced_division_of_labor,408805ed4af107c1,250.12106129428793,16.0,0.0,0.0,0.0,1.0,1.0,"(2, 2)","[p(2, 2)_cs(1.0)_ws(1.0)]_[p(5, 2)_cs(1.0)_ws(1.0)]",player_234730e2_actions,player_3cfc496a,['player_234730e2'],"['player_3cfc496a', 'player_234730e2', 'player_234730e2']",['player_3cfc496a'],True
502,tomato,pick up,Counter_33,Counter,33,pick up tomato from counter,player_234730e2,forced_division_of_labor,408805ed4af107c1,266.12106129428804,16.000000000000114,0.0,0.0,0.0,1.0,1.0,"(2, 2)","[p(2, 2)_cs(1.0)_ws(1.0)]_[p(5, 2)_cs(1.0)_ws(1.0)]",player_234730e2_actions,player_3cfc496a,['player_3cfc496a'],,,True
509,tomato_salad,pick up,Counter_32,Counter,32,pick up tomato_salad from counter,player_3cfc496a,forced_division_of_labor,408805ed4af107c1,534.8847709978437,32.00000000000023,0.0,0.0,0.0,1.0,1.0,"(5, 2)","[p(2, 2)_cs(1.0)_ws(1.0)]_[p(5, 2)_cs(1.0)_ws(1.0)]",player_3cfc496a_actions,player_234730e2,['player_234730e2'],"['player_3cfc496a', 'player_234730e2', 'player_234730e2']",['player_3cfc496a'],True
527,tomato,start cutting,CuttingBoard_20,CuttingBoard,20,start cutting tomato,player_234730e2,forced_division_of_labor,408805ed4af107c1,298.1210612942883,32.000000000000284,0.0,0.0,0.0,1.0,1.0,"(2, 2)","[p(2, 2)_cs(1.0)_ws(1.0)]_[p(5, 2)_cs(1.0)_ws(1.0)]",player_234730e2_actions,player_234730e2,"['player_3cfc496a', 'player_234730e2']",,,
529,tomato_salad,deliver,Delivery_63,Delivery,63,deliver tomato_salad,player_3cfc496a,forced_division_of_labor,408805ed4af107c1,557.5121879958135,22.627416997969817,1.0,1.0,1.0,1.0,1.0,"(5, 2)","[p(2, 2)_cs(1.0)_ws(1.0)]_[p(5, 2)_cs(1.0)_ws(1.0)]",player_3cfc496a_actions,player_3cfc496a,"['player_234730e2', 'player_3cfc496a']","['player_3cfc496a', 'player_234730e2', 'player_234730e2']",['player_3cfc496a'],
550,plate,pick up,Dispenser_60,Dispenser,60,pick up plate from dispenser,player_3cfc496a,forced_division_of_labor,408805ed4af107c1,595.9234478358397,38.41125984002622,1.0,0.0,1.0,1.0,1.0,"(5, 2)","[p(2, 2)_cs(1.0)_ws(1.0)]_[p(5, 2)_cs(1.0)_ws(1.0)]",player_3cfc496a_actions,,[],,,
577,plate,put down,Counter_32,Counter,32,put down plate on counter,player_3cfc496a,forced_division_of_labor,408805ed4af107c1,634.3305105026045,38.40706266676477,1.0,0.0,1.0,1.0,1.0,"(5, 2)","[p(2, 2)_cs(1.0)_ws(1.0)]_[p(5, 2)_cs(1.0)_ws(1.0)]",player_3cfc496a_actions,player_3cfc496a,['player_3cfc496a'],,,
597,tomato,pick up,Dispenser_40,Dispenser,40,pick up tomato from dispenser,player_3cfc496a,forced_division_of_labor,408805ed4af107c1,650.3305105026047,16.000000000000227,1.0,0.0,1.0,1.0,1.0,"(5, 2)","[p(2, 2)_cs(1.0)_ws(1.0)]_[p(5, 2)_cs(1.0)_ws(1.0)]",player_3cfc496a_actions,,[],,,
609,tomato_cut,pick up,CuttingBoard_20,CuttingBoard,20,pick up tomato_cut from cuttingboard,player_234730e2,forced_division_of_labor,408805ed4af107c1,330.1210612942886,32.000000000000284,1.0,0.0,0.0,1.0,1.0,"(2, 2)","[p(2, 2)_cs(1.0)_ws(1.0)]_[p(5, 2)_cs(1.0)_ws(1.0)]",player_234730e2_actions,player_234730e2,"['player_3cfc496a', 'player_234730e2']",,,False
629,tomato,put down,Counter_33,Counter,33,put down tomato on counter,player_3cfc496a,forced_division_of_labor,408805ed4af107c1,682.3305105026051,32.00000000000034,1.0,0.0,1.0,1.0,1.0,"(5, 2)","[p(2, 2)_cs(1.0)_ws(1.0)]_[p(5, 2)_cs(1.0)_ws(1.0)]",player_3cfc496a_actions,player_3cfc496a,['player_3cfc496a'],,,
637,tomato_cut,assemble salad,Counter_32,Counter,32,assemble salad,player_234730e2,forced_division_of_labor,408805ed4af107c1,346.1210612942887,16.000000000000114,1.0,0.0,0.0,1.0,1.0,"(2, 2)","[p(2, 2)_cs(1.0)_ws(1.0)]_[p(5, 2)_cs(1.0)_ws(1.0)]",player_234730e2_actions,player_3cfc496a,['player_234730e2'],"['player_3cfc496a', 'player_234730e2', 'player_234730e2']",['player_3cfc496a'],True
660,tomato_salad,pick up,Counter_32,Counter,32,pick up tomato_salad from counter,player_3cfc496a,forced_division_of_labor,408805ed4af107c1,698.3305105026052,16.000000000000114,1.0,0.0,1.0,1.0,1.0,"(5, 2)","[p(2, 2)_cs(1.0)_ws(1.0)]_[p(5, 2)_cs(1.0)_ws(1.0)]",player_3cfc496a_actions,player_234730e2,['player_234730e2'],"['player_3cfc496a', 'player_234730e2', 'player_234730e2']",['player_3cfc496a'],True
681,tomato_salad,deliver,Delivery_63,Delivery,63,deliver tomato_salad,player_3cfc496a,forced_division_of_labor,408805ed4af107c1,720.957927500575,22.627416997969817,2.0,1.0,2.0,1.0,1.0,"(5, 2)","[p(2, 2)_cs(1.0)_ws(1.0)]_[p(5, 2)_cs(1.0)_ws(1.0)]",player_3cfc496a_actions,player_3cfc496a,"['player_234730e2', 'player_3cfc496a']","['player_3cfc496a', 'player_234730e2', 'player_234730e2']",['player_3cfc496a'],
688,tomato_cut,pick up,CuttingBoard_10,CuttingBoard,10,pick up tomato_cut from cuttingboard,player_234730e2,forced_division_of_labor,408805ed4af107c1,368.7484782922582,22.627416997969476,2.0,0.0,0.0,1.0,1.0,"(2, 2)","[p(2, 2)_cs(1.0)_ws(1.0)]_[p(5, 2)_cs(1.0)_ws(1.0)]",player_234730e2_actions,player_234730e2,"['player_3cfc496a', 'player_234730e2']",,,False
718,plate,pick up,Dispenser_60,Dispenser,60,pick up plate from dispenser,player_3cfc496a,forced_division_of_labor,408805ed4af107c1,759.3691873406012,38.41125984002622,2.0,0.0,2.0,1.0,1.0,"(5, 2)","[p(2, 2)_cs(1.0)_ws(1.0)]_[p(5, 2)_cs(1.0)_ws(1.0)]",player_3cfc496a_actions,,[],,,
735,tomato_cut,assemble salad,Counter_35,Counter,35,assemble salad,player_234730e2,forced_division_of_labor,408805ed4af107c1,439.2418628675183,70.49338457526011,2.0,0.0,0.0,1.0,1.0,"(2, 2)","[p(2, 2)_cs(1.0)_ws(1.0)]_[p(5, 2)_cs(1.0)_ws(1.0)]",player_234730e2_actions,player_3cfc496a,['player_234730e2'],"['player_3cfc496a', 'player_234730e2', 'player_234730e2']",['player_3cfc496a'],True
746,plate,put down,Counter_32,Counter,32,put down plate on counter,player_3cfc496a,forced_division_of_labor,408805ed4af107c1,797.776250007366,38.40706266676477,2.0,0.0,2.0,1.0,1.0,"(5, 2)","[p(2, 2)_cs(1.0)_ws(1.0)]_[p(5, 2)_cs(1.0)_ws(1.0)]",player_3cfc496a_actions,player_3cfc496a,['player_3cfc496a'],,,
752,tomato,pick up,Counter_34,Counter,34,pick up tomato from counter,player_234730e2,forced_division_of_labor,408805ed4af107c1,455.2418628675183,16.0,2.0,0.0,0.0,1.0,1.0,"(2, 2)","[p(2, 2)_cs(1.0)_ws(1.0)]_[p(5, 2)_cs(1.0)_ws(1.0)]",player_234730e2_actions,player_3cfc496a,['player_3cfc496a'],,,True
780,tomato_salad,pick up,Counter_35,Counter,35,pick up tomato_salad from counter,player_3cfc496a,forced_division_of_labor,408805ed4af107c1,845.7762500073662,48.00000000000023,2.0,0.0,2.0,1.0,1.0,"(5, 2)","[p(2, 2)_cs(1.0)_ws(1.0)]_[p(5, 2)_cs(1.0)_ws(1.0)]",player_3cfc496a_actions,player_234730e2,['player_234730e2'],"['player_3cfc496a', 'player_234730e2', 'player_234730e2']",['player_3cfc496a'],True
784,tomato,start cutting,CuttingBoard_20,CuttingBoard,20,start cutting tomato,player_234730e2,forced_division_of_labor,408805ed4af107c1,503.2418628675187,48.000000000000455,2.0,0.0,0.0,1.0,1.0,"(2, 2)","[p(2, 2)_cs(1.0)_ws(1.0)]_[p(5, 2)_cs(1.0)_ws(1.0)]",player_234730e2_actions,player_234730e2,"['player_3cfc496a', 'player_234730e2']",,,
801,tomato,pick up,Counter_33,Counter,33,pick up tomato from counter,player_234730e2,forced_division_of_labor,408805ed4af107c1,535.2418628675191,32.00000000000034,2.0,0.0,0.0,1.0,1.0,"(2, 2)","[p(2, 2)_cs(1.0)_ws(1.0)]_[p(5, 2)_cs(1.0)_ws(1.0)]",player_234730e2_actions,player_3cfc496a,['player_3cfc496a'],,,True
803,tomato_salad,deliver,Delivery_64,Delivery,64,deliver tomato_salad,player_3cfc496a,forced_division_of_labor,408805ed4af107c1,868.403667005336,22.627416997969817,3.0,1.0,3.0,1.0,1.0,"(5, 2)","[p(2, 2)_cs(1.0)_ws(1.0)]_[p(5, 2)_cs(1.0)_ws(1.0)]",player_3cfc496a_actions,player_3cfc496a,"['player_234730e2', 'player_3cfc496a']","['player_3cfc496a', 'player_234730e2', 'player_234730e2']",['player_3cfc496a'],
820,tomato,start cutting,CuttingBoard_10,CuttingBoard,10,start cutting tomato,player_234730e2,forced_division_of_labor,408805ed4af107c1,573.6531227075451,38.41125984002599,3.0,0.0,0.0,1.0,1.0,"(2, 2)","[p(2, 2)_cs(1.0)_ws(1.0)]_[p(5, 2)_cs(1.0)_ws(1.0)]",player_234730e2_actions,player_234730e2,"['player_3cfc496a', 'player_234730e2']",,,
834,tomato,pick up,Dispenser_40,Dispenser,40,pick up tomato from dispenser,player_3cfc496a,forced_division_of_labor,408805ed4af107c1,922.823038648585,54.41937164324895,3.0,0.0,3.0,1.0,1.0,"(5, 2)","[p(2, 2)_cs(1.0)_ws(1.0)]_[p(5, 2)_cs(1.0)_ws(1.0)]",player_3cfc496a_actions,,[],,,
861,tomato,put down,Counter_33,Counter,33,put down tomato on counter,player_3cfc496a,forced_division_of_labor,408805ed4af107c1,954.8230386485852,32.00000000000034,3.0,0.0,3.0,1.0,1.0,"(5, 2)","[p(2, 2)_cs(1.0)_ws(1.0)]_[p(5, 2)_cs(1.0)_ws(1.0)]",player_3cfc496a_actions,player_3cfc496a,['player_3cfc496a'],,,
884,tomato,pick up,Dispenser_40,Dispenser,40,pick up tomato from dispenser,player_3cfc496a,forced_division_of_labor,408805ed4af107c1,986.8230386485856,32.00000000000034,3.0,0.0,3.0,1.0,1.0,"(5, 2)","[p(2, 2)_cs(1.0)_ws(1.0)]_[p(5, 2)_cs(1.0)_ws(1.0)]",player_3cfc496a_actions,,[],,,
887,tomato_cut,pick up,CuttingBoard_20,CuttingBoard,20,pick up tomato_cut from cuttingboard,player_234730e2,forced_division_of_labor,408805ed4af107c1,589.6531227075452,16.000000000000114,3.0,0.0,0.0,1.0,1.0,"(2, 2)","[p(2, 2)_cs(1.0)_ws(1.0)]_[p(5, 2)_cs(1.0)_ws(1.0)]",player_234730e2_actions,player_234730e2,"['player_3cfc496a', 'player_234730e2']",,,False
909,tomato_cut,assemble salad,Counter_32,Counter,32,assemble salad,player_234730e2,forced_division_of_labor,408805ed4af107c1,605.6531227075454,16.000000000000227,3.0,0.0,0.0,1.0,1.0,"(2, 2)","[p(2, 2)_cs(1.0)_ws(1.0)]_[p(5, 2)_cs(1.0)_ws(1.0)]",player_234730e2_actions,player_3cfc496a,['player_234730e2'],"['player_3cfc496a', 'player_234730e2', 'player_234730e2']",['player_3cfc496a'],True
916,tomato,put down,Counter_34,Counter,34,put down tomato on counter,player_3cfc496a,forced_division_of_labor,408805ed4af107c1,1034.8230386485857,48.0,3.0,0.0,3.0,1.0,1.0,"(5, 2)","[p(2, 2)_cs(1.0)_ws(1.0)]_[p(5, 2)_cs(1.0)_ws(1.0)]",player_3cfc496a_actions,player_3cfc496a,['player_3cfc496a'],,,
929,tomato,pick up,Counter_33,Counter,33,pick up tomato from counter,player_234730e2,forced_division_of_labor,408805ed4af107c1,621.6531227075457,16.000000000000227,3.0,0.0,0.0,1.0,1.0,"(2, 2)","[p(2, 2)_cs(1.0)_ws(1.0)]_[p(5, 2)_cs(1.0)_ws(1.0)]",player_234730e2_actions,player_3cfc496a,['player_3cfc496a'],,,True
945,tomato,start cutting,CuttingBoard_20,CuttingBoard,20,start cutting tomato,player_234730e2,forced_division_of_labor,408805ed4af107c1,653.653122707546,32.00000000000034,3.0,0.0,0.0,1.0,1.0,"(2, 2)","[p(2, 2)_cs(1.0)_ws(1.0)]_[p(5, 2)_cs(1.0)_ws(1.0)]",player_234730e2_actions,player_234730e2,"['player_3cfc496a', 'player_234730e2']",,,
955,plate,pick up,Dispenser_60,Dispenser,60,pick up plate from dispenser,player_3cfc496a,forced_division_of_labor,408805ed4af107c1,1095.7392255511224,60.916186902536765,3.0,0.0,3.0,1.0,1.0,"(5, 2)","[p(2, 2)_cs(1.0)_ws(1.0)]_[p(5, 2)_cs(1.0)_ws(1.0)]",player_3cfc496a_actions,,[],,,
987,plate,put down,Counter_33,Counter,33,put down plate on counter,player_3cfc496a,forced_division_of_labor,408805ed4af107c1,1140.9940595470605,45.254833995937815,3.0,0.0,3.0,1.0,1.0,"(5, 2)","[p(2, 2)_cs(1.0)_ws(1.0)]_[p(5, 2)_cs(1.0)_ws(1.0)]",player_3cfc496a_actions,player_3cfc496a,['player_3cfc496a'],,,
1007,tomato_salad,pick up,Counter_32,Counter,32,pick up tomato_salad from counter,player_3cfc496a,forced_division_of_labor,408805ed4af107c1,1156.9940595470598,15.999999999999543,3.0,0.0,3.0,1.0,1.0,"(5, 2)","[p(2, 2)_cs(1.0)_ws(1.0)]_[p(5, 2)_cs(1.0)_ws(1.0)]",player_3cfc496a_actions,player_234730e2,['player_234730e2'],"['player_3cfc496a', 'player_234730e2', 'player_234730e2']",['player_3cfc496a'],True
1008,tomato_cut,pick up,CuttingBoard_10,CuttingBoard,10,pick up tomato_cut from cuttingboard,player_234730e2,forced_division_of_labor,408805ed4af107c1,669.6531227075461,16.000000000000114,3.0,0.0,0.0,1.0,1.0,"(2, 2)","[p(2, 2)_cs(1.0)_ws(1.0)]_[p(5, 2)_cs(1.0)_ws(1.0)]",player_234730e2_actions,player_234730e2,"['player_3cfc496a', 'player_234730e2']",,,False
1026,tomato_salad,deliver,Delivery_63,Delivery,63,deliver tomato_salad,player_3cfc496a,forced_division_of_labor,408805ed4af107c1,1179.6214765450288,22.62741699796902,4.0,1.0,4.0,1.0,1.0,"(5, 2)","[p(2, 2)_cs(1.0)_ws(1.0)]_[p(5, 2)_cs(1.0)_ws(1.0)]",player_3cfc496a_actions,player_3cfc496a,"['player_234730e2', 'player_3cfc496a']","['player_3cfc496a', 'player_234730e2', 'player_234730e2']",['player_3cfc496a'],
1041,tomato_cut,assemble salad,Counter_33,Counter,33,assemble salad,player_234730e2,forced_division_of_labor,408805ed4af107c1,708.0643825475721,38.41125984002599,4.0,0.0,0.0,1.0,1.0,"(2, 2)","[p(2, 2)_cs(1.0)_ws(1.0)]_[p(5, 2)_cs(1.0)_ws(1.0)]",player_234730e2_actions,player_3cfc496a,['player_234730e2'],"['player_3cfc496a', 'player_234730e2', 'player_234730e2']",['player_3cfc496a'],True
1059,tomato,pick up,Counter_34,Counter,34,pick up tomato from counter,player_234730e2,forced_division_of_labor,408805ed4af107c1,724.0643825475722,16.000000000000114,4.0,0.0,0.0,1.0,1.0,"(2, 2)","[p(2, 2)_cs(1.0)_ws(1.0)]_[p(5, 2)_cs(1.0)_ws(1.0)]",player_234730e2_actions,player_3cfc496a,['player_3cfc496a'],,,True
1060,plate,pick up,Dispenser_60,Dispenser,60,pick up plate from dispenser,player_3cfc496a,forced_division_of_labor,408805ed4af107c1,1218.0327363850545,38.41125984002565,4.0,0.0,4.0,1.0,1.0,"(5, 2)","[p(2, 2)_cs(1.0)_ws(1.0)]_[p(5, 2)_cs(1.0)_ws(1.0)]",player_3cfc496a_actions,,[],,,
1089,tomato,start cutting,CuttingBoard_10,CuttingBoard,10,start cutting tomato,player_234730e2,forced_division_of_labor,408805ed4af107c1,778.4837541908213,54.419371643249065,4.0,0.0,0.0,1.0,1.0,"(2, 2)","[p(2, 2)_cs(1.0)_ws(1.0)]_[p(5, 2)_cs(1.0)_ws(1.0)]",player_234730e2_actions,player_234730e2,"['player_3cfc496a', 'player_234730e2']",,,
1092,plate,put down,Counter_32,Counter,32,put down plate on counter,player_3cfc496a,forced_division_of_labor,408805ed4af107c1,1256.439799051819,38.407062666764205,4.0,0.0,4.0,1.0,1.0,"(5, 2)","[p(2, 2)_cs(1.0)_ws(1.0)]_[p(5, 2)_cs(1.0)_ws(1.0)]",player_3cfc496a_actions,player_3cfc496a,['player_3cfc496a'],,,
1115,tomato,pick up,Dispenser_40,Dispenser,40,pick up tomato from dispenser,player_3cfc496a,forced_division_of_labor,408805ed4af107c1,1272.4397990518182,15.999999999999543,4.0,0.0,4.0,1.0,1.0,"(5, 2)","[p(2, 2)_cs(1.0)_ws(1.0)]_[p(5, 2)_cs(1.0)_ws(1.0)]",player_3cfc496a_actions,,[],,,
1133,tomato_cut,pick up,CuttingBoard_20,CuttingBoard,20,pick up tomato_cut from cuttingboard,player_234730e2,forced_division_of_labor,408805ed4af107c1,794.4837541908214,16.000000000000114,4.0,0.0,0.0,1.0,1.0,"(2, 2)","[p(2, 2)_cs(1.0)_ws(1.0)]_[p(5, 2)_cs(1.0)_ws(1.0)]",player_234730e2_actions,player_234730e2,"['player_3cfc496a', 'player_234730e2']",,,False
1146,tomato,put down,Counter_34,Counter,34,put down tomato on counter,player_3cfc496a,forced_division_of_labor,408805ed4af107c1,1320.4397990518164,47.99999999999818,4.0,0.0,4.0,1.0,1.0,"(5, 2)","[p(2, 2)_cs(1.0)_ws(1.0)]_[p(5, 2)_cs(1.0)_ws(1.0)]",player_3cfc496a_actions,player_3cfc496a,['player_3cfc496a'],,,
1158,tomato_cut,assemble salad,Counter_32,Counter,32,assemble salad,player_234730e2,forced_division_of_labor,408805ed4af107c1,810.4837541908216,16.000000000000227,4.0,0.0,0.0,1.0,1.0,"(2, 2)","[p(2, 2)_cs(1.0)_ws(1.0)]_[p(5, 2)_cs(1.0)_ws(1.0)]",player_234730e2_actions,player_3cfc496a,['player_234730e2'],"['player_3cfc496a', 'player_234730e2', 'player_234730e2']",['player_3cfc496a'],True
1180,plate,pick up,Dispenser_60,Dispenser,60,pick up plate from dispenser,player_3cfc496a,forced_division_of_labor,408805ed4af107c1,1381.3559859543532,60.916186902536765,4.0,0.0,4.0,1.0,1.0,"(5, 2)","[p(2, 2)_cs(1.0)_ws(1.0)]_[p(5, 2)_cs(1.0)_ws(1.0)]",player_3cfc496a_actions,,[],,,
1216,tomato_cut,pick up,CuttingBoard_10,CuttingBoard,10,pick up tomato_cut from cuttingboard,player_234730e2,forced_division_of_labor,408805ed4af107c1,833.1111711887913,22.627416997969704,4.0,0.0,0.0,1.0,1.0,"(2, 2)","[p(2, 2)_cs(1.0)_ws(1.0)]_[p(5, 2)_cs(1.0)_ws(1.0)]",player_234730e2_actions,player_234730e2,"['player_3cfc496a', 'player_234730e2']",,,False
1222,plate,put down,Counter_35,Counter,35,put down plate on counter,player_3cfc496a,forced_division_of_labor,408805ed4af107c1,1458.2900903849218,76.9341044305686,4.0,0.0,4.0,1.0,1.0,"(5, 2)","[p(2, 2)_cs(1.0)_ws(1.0)]_[p(5, 2)_cs(1.0)_ws(1.0)]",player_3cfc496a_actions,player_3cfc496a,['player_3cfc496a'],,,
1246,tomato_salad,pick up,Counter_33,Counter,33,pick up tomato_salad from counter,player_3cfc496a,forced_division_of_labor,408805ed4af107c1,1490.2900903849206,31.999999999998863,4.0,0.0,4.0,1.0,1.0,"(5, 2)","[p(2, 2)_cs(1.0)_ws(1.0)]_[p(5, 2)_cs(1.0)_ws(1.0)]",player_3cfc496a_actions,player_234730e2,['player_234730e2'],"['player_3cfc496a', 'player_234730e2', 'player_234730e2']",['player_3cfc496a'],True
1262,tomato_cut,put down,Counter_34,Counter,34,put down tomato_cut on counter,player_234730e2,forced_division_of_labor,408805ed4af107c1,904.308368095469,71.19719690667762,5.0,0.0,0.0,1.0,1.0,"(2, 2)","[p(2, 2)_cs(1.0)_ws(1.0)]_[p(5, 2)_cs(1.0)_ws(1.0)]",player_234730e2_actions,player_234730e2,"['player_3cfc496a', 'player_234730e2', 'player_234730e2']",,,
1262,tomato,pick up,Counter_34,Counter,34,pick up tomato from counter,player_234730e2,forced_division_of_labor,408805ed4af107c1,904.308368095469,0.0,5.0,0.0,0.0,1.0,1.0,"(2, 2)","[p(2, 2)_cs(1.0)_ws(1.0)]_[p(5, 2)_cs(1.0)_ws(1.0)]",player_234730e2_actions,player_234730e2,"['player_3cfc496a', 'player_234730e2', 'player_234730e2']",,,False
1262,tomato_salad,deliver,Delivery_63,Delivery,63,deliver tomato_salad,player_3cfc496a,forced_division_of_labor,408805ed4af107c1,1506.2900903849202,15.999999999999543,5.0,1.0,5.0,1.0,1.0,"(5, 2)","[p(2, 2)_cs(1.0)_ws(1.0)]_[p(5, 2)_cs(1.0)_ws(1.0)]",player_3cfc496a_actions,player_3cfc496a,"['player_234730e2', 'player_3cfc496a']","['player_3cfc496a', 'player_234730e2', 'player_234730e2']",['player_3cfc496a'],
1287,tomato_salad,pick up,Counter_32,Counter,32,pick up tomato_salad from counter,player_3cfc496a,forced_division_of_labor,408805ed4af107c1,1528.9175073828892,22.62741699796902,5.0,0.0,5.0,1.0,1.0,"(5, 2)","[p(2, 2)_cs(1.0)_ws(1.0)]_[p(5, 2)_cs(1.0)_ws(1.0)]",player_3cfc496a_actions,player_234730e2,['player_234730e2'],"['player_3cfc496a', 'player_234730e2', 'player_234730e2']",['player_3cfc496a'],True
1311,tomato_salad,deliver,Delivery_63,Delivery,63,deliver tomato_salad,player_3cfc496a,forced_division_of_labor,408805ed4af107c1,1551.5449243808582,22.62741699796902,6.0,1.0,6.0,1.0,1.0,"(5, 2)","[p(2, 2)_cs(1.0)_ws(1.0)]_[p(5, 2)_cs(1.0)_ws(1.0)]",player_3cfc496a_actions,player_3cfc496a,"['player_234730e2', 'player_3cfc496a']","['player_3cfc496a', 'player_234730e2', 'player_234730e2']",['player_3cfc496a'],
1312,tomato,start cutting,CuttingBoard_20,CuttingBoard,20,start cutting tomato,player_234730e2,forced_division_of_labor,408805ed4af107c1,952.3083680954694,48.000000000000455,6.0,0.0,0.0,1.0,1.0,"(2, 2)","[p(2, 2)_cs(1.0)_ws(1.0)]_[p(5, 2)_cs(1.0)_ws(1.0)]",player_234730e2_actions,player_234730e2,"['player_3cfc496a', 'player_234730e2', 'player_234730e2', 'player_234730e2']",,,
1338,plate,pick up,Dispenser_60,Dispenser,60,pick up plate from dispenser,player_3cfc496a,forced_division_of_labor,408805ed4af107c1,1589.956184220884,38.41125984002565,6.0,0.0,6.0,1.0,1.0,"(5, 2)","[p(2, 2)_cs(1.0)_ws(1.0)]_[p(5, 2)_cs(1.0)_ws(1.0)]",player_3cfc496a_actions,,[],,,
1350,tomato_cut,pick up,Counter_34,Counter,34,pick up tomato_cut from counter,player_234730e2,forced_division_of_labor,408805ed4af107c1,1000.30836809547,48.000000000000455,6.0,0.0,0.0,1.0,1.0,"(2, 2)","[p(2, 2)_cs(1.0)_ws(1.0)]_[p(5, 2)_cs(1.0)_ws(1.0)]",player_234730e2_actions,player_234730e2,"['player_3cfc496a', 'player_234730e2', 'player_234730e2', 'player_234730e2']",,,False
1364,plate,put down,Counter_32,Counter,32,put down plate on counter,player_3cfc496a,forced_division_of_labor,408805ed4af107c1,1628.363246887648,38.407062666764205,6.0,0.0,6.0,1.0,1.0,"(5, 2)","[p(2, 2)_cs(1.0)_ws(1.0)]_[p(5, 2)_cs(1.0)_ws(1.0)]",player_3cfc496a_actions,player_3cfc496a,['player_3cfc496a'],,,
1365,tomato_cut,assemble salad,Counter_35,Counter,35,assemble salad,player_234730e2,forced_division_of_labor,408805ed4af107c1,1016.30836809547,16.0,6.0,0.0,0.0,1.0,1.0,"(2, 2)","[p(2, 2)_cs(1.0)_ws(1.0)]_[p(5, 2)_cs(1.0)_ws(1.0)]",player_234730e2_actions,player_3cfc496a,['player_234730e2'],"['player_3cfc496a', 'player_234730e2', 'player_234730e2', 'player_234730e2', 'player_234730e2']",['player_3cfc496a'],True
1387,tomato,pick up,Dispenser_40,Dispenser,40,pick up tomato from dispenser,player_3cfc496a,forced_division_of_labor,408805ed4af107c1,1644.3632468876476,15.999999999999543,6.0,0.0,6.0,1.0,1.0,"(5, 2)","[p(2, 2)_cs(1.0)_ws(1.0)]_[p(5, 2)_cs(1.0)_ws(1.0)]",player_3cfc496a_actions,,[],,,
1415,tomato,put down,Counter_33,Counter,33,put down tomato on counter,player_3cfc496a,forced_division_of_labor,408805ed4af107c1,1676.3632468876467,31.99999999999909,6.0,0.0,6.0,1.0,1.0,"(5, 2)","[p(2, 2)_cs(1.0)_ws(1.0)]_[p(5, 2)_cs(1.0)_ws(1.0)]",player_3cfc496a_actions,player_3cfc496a,['player_3cfc496a'],,,
1433,plate,pick up,Counter_32,Counter,32,pick up plate from counter,player_234730e2,forced_division_of_labor,408805ed4af107c1,1096.3083680954678,79.99999999999795,6.0,0.0,0.0,1.0,1.0,"(2, 2)","[p(2, 2)_cs(1.0)_ws(1.0)]_[p(5, 2)_cs(1.0)_ws(1.0)]",player_234730e2_actions,player_3cfc496a,['player_3cfc496a'],,,True
1438,tomato,pick up,Dispenser_40,Dispenser,40,pick up tomato from dispenser,player_3cfc496a,forced_division_of_labor,408805ed4af107c1,1708.3632468876458,31.99999999999909,6.0,0.0,6.0,1.0,1.0,"(5, 2)","[p(2, 2)_cs(1.0)_ws(1.0)]_[p(5, 2)_cs(1.0)_ws(1.0)]",player_3cfc496a_actions,,[],,,
1450,plate,put down,Counter_32,Counter,32,put down plate on counter,player_234730e2,forced_division_of_labor,408805ed4af107c1,1096.3083680954678,0.0,6.0,0.0,0.0,1.0,1.0,"(2, 2)","[p(2, 2)_cs(1.0)_ws(1.0)]_[p(5, 2)_cs(1.0)_ws(1.0)]",player_234730e2_actions,player_234730e2,"['player_3cfc496a', 'player_234730e2']",,,
1459,tomato,put down,Counter_32,Counter,32,put down tomato on counter,player_3cfc496a,forced_division_of_labor,408805ed4af107c1,1724.3632468876451,15.999999999999543,6.0,0.0,6.0,1.0,1.0,"(5, 2)","[p(2, 2)_cs(1.0)_ws(1.0)]_[p(5, 2)_cs(1.0)_ws(1.0)]",player_3cfc496a_actions,player_3cfc496a,['player_3cfc496a'],,,
1459,plate,pick up,Counter_32,Counter,32,pick up plate from counter,player_3cfc496a,forced_division_of_labor,408805ed4af107c1,1724.3632468876451,0.0,6.0,0.0,6.0,1.0,1.0,"(5, 2)","[p(2, 2)_cs(1.0)_ws(1.0)]_[p(5, 2)_cs(1.0)_ws(1.0)]",player_3cfc496a_actions,player_3cfc496a,['player_3cfc496a'],,,False
1500,plate,put down,Counter_34,Counter,34,put down plate on counter,player_3cfc496a,forced_division_of_labor,408805ed4af107c1,1756.3632468876444,31.99999999999909,6.0,0.0,6.0,1.0,1.0,"(5, 2)","[p(2, 2)_cs(1.0)_ws(1.0)]_[p(5, 2)_cs(1.0)_ws(1.0)]",player_3cfc496a_actions,player_3cfc496a,"['player_3cfc496a', 'player_3cfc496a']",,,
1518,tomato_salad,pick up,Counter_35,Counter,35,pick up tomato_salad from counter,player_3cfc496a,forced_division_of_labor,408805ed4af107c1,1772.3632468876438,15.999999999999318,6.0,0.0,6.0,1.0,1.0,"(5, 2)","[p(2, 2)_cs(1.0)_ws(1.0)]_[p(5, 2)_cs(1.0)_ws(1.0)]",player_3cfc496a_actions,player_234730e2,['player_234730e2'],"['player_3cfc496a', 'player_234730e2', 'player_234730e2', 'player_234730e2', 'player_234730e2']",['player_3cfc496a'],True
1530,tomato_cut,pick up,CuttingBoard_20,CuttingBoard,20,pick up tomato_cut from cuttingboard,player_234730e2,forced_division_of_labor,408805ed4af107c1,1112.3083680954674,15.999999999999543,6.0,0.0,0.0,1.0,1.0,"(2, 2)","[p(2, 2)_cs(1.0)_ws(1.0)]_[p(5, 2)_cs(1.0)_ws(1.0)]",player_234730e2_actions,player_234730e2,"['player_3cfc496a', 'player_234730e2', 'player_234730e2', 'player_234730e2']",,,False
1545,tomato_salad,deliver,Delivery_63,Delivery,63,deliver tomato_salad,player_3cfc496a,forced_division_of_labor,408805ed4af107c1,1810.770309554408,38.40706266676443,7.0,1.0,7.0,1.0,1.0,"(5, 2)","[p(2, 2)_cs(1.0)_ws(1.0)]_[p(5, 2)_cs(1.0)_ws(1.0)]",player_3cfc496a_actions,player_3cfc496a,"['player_234730e2', 'player_3cfc496a']","['player_3cfc496a', 'player_234730e2', 'player_234730e2', 'player_234730e2', 'player_234730e2']",['player_3cfc496a'],
1572,tomato_cut,assemble salad,Counter_34,Counter,34,assemble salad,player_234730e2,forced_division_of_labor,408805ed4af107c1,1160.3083680954655,47.99999999999818,7.0,0.0,0.0,1.0,1.0,"(2, 2)","[p(2, 2)_cs(1.0)_ws(1.0)]_[p(5, 2)_cs(1.0)_ws(1.0)]",player_234730e2_actions,player_3cfc496a,['player_234730e2'],"['player_3cfc496a', 'player_234730e2', 'player_234730e2', 'player_234730e2', 'player_234730e2']","['player_3cfc496a', 'player_3cfc496a']",True
1583,plate,pick up,Dispenser_71,Dispenser,71,pick up plate from dispenser,player_3cfc496a,forced_division_of_labor,408805ed4af107c1,1849.1815693944336,38.41125984002565,7.0,0.0,7.0,1.0,1.0,"(5, 2)","[p(2, 2)_cs(1.0)_ws(1.0)]_[p(5, 2)_cs(1.0)_ws(1.0)]",player_3cfc496a_actions,,[],,,
1590,tomato,pick up,Counter_33,Counter,33,pick up tomato from counter,player_234730e2,forced_division_of_labor,408805ed4af107c1,1176.308368095465,15.999999999999543,7.0,0.0,0.0,1.0,1.0,"(2, 2)","[p(2, 2)_cs(1.0)_ws(1.0)]_[p(5, 2)_cs(1.0)_ws(1.0)]",player_234730e2_actions,player_3cfc496a,['player_3cfc496a'],,,True
1610,tomato,start cutting,CuttingBoard_20,CuttingBoard,20,start cutting tomato,player_234730e2,forced_division_of_labor,408805ed4af107c1,1208.3083680954642,31.99999999999909,7.0,0.0,0.0,1.0,1.0,"(2, 2)","[p(2, 2)_cs(1.0)_ws(1.0)]_[p(5, 2)_cs(1.0)_ws(1.0)]",player_234730e2_actions,player_234730e2,"['player_3cfc496a', 'player_234730e2']",,,
1617,plate,put down,Counter_33,Counter,33,put down plate on counter,player_3cfc496a,forced_division_of_labor,408805ed4af107c1,1908.1238360698453,58.942266675411474,7.0,0.0,7.0,1.0,1.0,"(5, 2)","[p(2, 2)_cs(1.0)_ws(1.0)]_[p(5, 2)_cs(1.0)_ws(1.0)]",player_3cfc496a_actions,player_3cfc496a,['player_3cfc496a'],,,
1627,tomato,pick up,Counter_32,Counter,32,pick up tomato from counter,player_234730e2,forced_division_of_labor,408805ed4af107c1,1224.3083680954635,15.999999999999543,7.0,0.0,0.0,1.0,1.0,"(2, 2)","[p(2, 2)_cs(1.0)_ws(1.0)]_[p(5, 2)_cs(1.0)_ws(1.0)]",player_234730e2_actions,player_234730e2,['player_234730e2'],"['player_3cfc496a', 'player_234730e2', 'player_234730e2', 'player_234730e2', 'player_234730e2']","['player_3cfc496a', 'player_3cfc496a']",False
1634,tomato_salad,pick up,Counter_34,Counter,34,pick up tomato_salad from counter,player_3cfc496a,forced_division_of_labor,408805ed4af107c1,1924.123836069845,15.999999999999773,7.0,0.0,7.0,1.0,1.0,"(5, 2)","[p(2, 2)_cs(1.0)_ws(1.0)]_[p(5, 2)_cs(1.0)_ws(1.0)]",player_3cfc496a_actions,player_234730e2,['player_234730e2'],"['player_3cfc496a', 'player_234730e2', 'player_234730e2', 'player_234730e2', 'player_234730e2']","['player_3cfc496a', 'player_3cfc496a']",True
1643,tomato,start cutting,CuttingBoard_10,CuttingBoard,10,start cutting tomato,player_234730e2,forced_division_of_labor,408805ed4af107c1,1246.9357850934332,22.627416997969476,7.0,0.0,0.0,1.0,1.0,"(2, 2)","[p(2, 2)_cs(1.0)_ws(1.0)]_[p(5, 2)_cs(1.0)_ws(1.0)]",player_234730e2_actions,player_234730e2,"['player_234730e2', 'player_234730e2']","['player_3cfc496a', 'player_234730e2', 'player_234730e2', 'player_234730e2', 'player_234730e2']","['player_3cfc496a', 'player_3cfc496a']",
1673,tomato_salad,deliver,Delivery_64,Delivery,64,deliver tomato_salad,player_3cfc496a,forced_division_of_labor,408805ed4af107c1,1940.1238360698449,15.999999999999543,8.0,1.0,8.0,1.0,1.0,"(5, 2)","[p(2, 2)_cs(1.0)_ws(1.0)]_[p(5, 2)_cs(1.0)_ws(1.0)]",player_3cfc496a_actions,player_3cfc496a,"['player_234730e2', 'player_234730e2', 'player_3cfc496a']","['player_3cfc496a', 'player_234730e2', 'player_234730e2', 'player_234730e2', 'player_234730e2']","['player_3cfc496a', 'player_3cfc496a']",
1705,tomato,pick up,Dispenser_40,Dispenser,40,pick up tomato from dispenser,player_3cfc496a,forced_division_of_labor,408805ed4af107c1,1994.543207713092,54.41937164324759,8.0,0.0,8.0,1.0,1.0,"(5, 2)","[p(2, 2)_cs(1.0)_ws(1.0)]_[p(5, 2)_cs(1.0)_ws(1.0)]",player_3cfc496a_actions,,[],,,
1716,tomato_cut,pick up,CuttingBoard_20,CuttingBoard,20,pick up tomato_cut from cuttingboard,player_234730e2,forced_division_of_labor,408805ed4af107c1,1262.9357850934327,15.999999999999543,8.0,0.0,0.0,1.0,1.0,"(2, 2)","[p(2, 2)_cs(1.0)_ws(1.0)]_[p(5, 2)_cs(1.0)_ws(1.0)]",player_234730e2_actions,player_234730e2,"['player_3cfc496a', 'player_234730e2']",,,False
1723,tomato,put down,Counter_32,Counter,32,put down tomato on counter,player_3cfc496a,forced_division_of_labor,408805ed4af107c1,2010.543207713092,15.999999999999543,8.0,0.0,8.0,1.0,1.0,"(5, 2)","[p(2, 2)_cs(1.0)_ws(1.0)]_[p(5, 2)_cs(1.0)_ws(1.0)]",player_3cfc496a_actions,player_3cfc496a,['player_3cfc496a'],,,
1744,tomato_cut,assemble salad,Counter_33,Counter,33,assemble salad,player_234730e2,forced_division_of_labor,408805ed4af107c1,1294.9357850934316,31.999999999998863,8.0,0.0,0.0,1.0,1.0,"(2, 2)","[p(2, 2)_cs(1.0)_ws(1.0)]_[p(5, 2)_cs(1.0)_ws(1.0)]",player_234730e2_actions,player_3cfc496a,['player_234730e2'],"['player_3cfc496a', 'player_234730e2', 'player_234730e2']",['player_3cfc496a'],True
1756,plate,pick up,Dispenser_60,Dispenser,60,pick up plate from dispenser,player_3cfc496a,forced_division_of_labor,408805ed4af107c1,2048.9502703798553,38.40706266676352,8.0,0.0,8.0,1.0,1.0,"(5, 2)","[p(2, 2)_cs(1.0)_ws(1.0)]_[p(5, 2)_cs(1.0)_ws(1.0)]",player_3cfc496a_actions,,[],,,
1768,tomato,pick up,Counter_32,Counter,32,pick up tomato from counter,player_234730e2,forced_division_of_labor,408805ed4af107c1,1310.9357850934312,15.999999999999543,8.0,0.0,0.0,1.0,1.0,"(2, 2)","[p(2, 2)_cs(1.0)_ws(1.0)]_[p(5, 2)_cs(1.0)_ws(1.0)]",player_234730e2_actions,player_3cfc496a,['player_3cfc496a'],,,True
1789,tomato,start cutting,CuttingBoard_20,CuttingBoard,20,start cutting tomato,player_234730e2,forced_division_of_labor,408805ed4af107c1,1326.9357850934307,15.999999999999543,8.0,0.0,0.0,1.0,1.0,"(2, 2)","[p(2, 2)_cs(1.0)_ws(1.0)]_[p(5, 2)_cs(1.0)_ws(1.0)]",player_234730e2_actions,player_234730e2,"['player_3cfc496a', 'player_234730e2']",,,
1798,plate,put down,Counter_32,Counter,32,put down plate on counter,player_3cfc496a,forced_division_of_labor,408805ed4af107c1,2117.19852955194,68.24825917208454,8.0,0.0,8.0,1.0,1.0,"(5, 2)","[p(2, 2)_cs(1.0)_ws(1.0)]_[p(5, 2)_cs(1.0)_ws(1.0)]",player_3cfc496a_actions,player_3cfc496a,['player_3cfc496a'],,,
1819,tomato_salad,pick up,Counter_33,Counter,33,pick up tomato_salad from counter,player_3cfc496a,forced_division_of_labor,408805ed4af107c1,2133.1985295519407,16.00000000000091,8.0,0.0,8.0,1.0,1.0,"(5, 2)","[p(2, 2)_cs(1.0)_ws(1.0)]_[p(5, 2)_cs(1.0)_ws(1.0)]",player_3cfc496a_actions,player_234730e2,['player_234730e2'],"['player_3cfc496a', 'player_234730e2', 'player_234730e2']",['player_3cfc496a'],True
1840,tomato_cut,pick up,CuttingBoard_20,CuttingBoard,20,pick up tomato_cut from cuttingboard,player_234730e2,forced_division_of_labor,408805ed4af107c1,1326.9357850934307,0.0,9.0,0.0,0.0,1.0,1.0,"(2, 2)","[p(2, 2)_cs(1.0)_ws(1.0)]_[p(5, 2)_cs(1.0)_ws(1.0)]",player_234730e2_actions,player_234730e2,"['player_3cfc496a', 'player_234730e2']",,,False
1840,tomato_salad,deliver,Delivery_63,Delivery,63,deliver tomato_salad,player_3cfc496a,forced_division_of_labor,408805ed4af107c1,2149.19852955194,15.99999999999909,9.0,1.0,9.0,1.0,1.0,"(5, 2)","[p(2, 2)_cs(1.0)_ws(1.0)]_[p(5, 2)_cs(1.0)_ws(1.0)]",player_3cfc496a_actions,player_3cfc496a,"['player_234730e2', 'player_3cfc496a']","['player_3cfc496a', 'player_234730e2', 'player_234730e2']",['player_3cfc496a'],
1861,tomato_cut,assemble salad,Counter_32,Counter,32,assemble salad,player_234730e2,forced_division_of_labor,408805ed4af107c1,1342.9357850934302,15.999999999999543,9.0,0.0,0.0,1.0,1.0,"(2, 2)","[p(2, 2)_cs(1.0)_ws(1.0)]_[p(5, 2)_cs(1.0)_ws(1.0)]",player_234730e2_actions,player_3cfc496a,['player_234730e2'],"['player_3cfc496a', 'player_234730e2', 'player_234730e2']",['player_3cfc496a'],True
1876,tomato,pick up,Dispenser_50,Dispenser,50,pick up tomato from dispenser,player_3cfc496a,forced_division_of_labor,408805ed4af107c1,2181.1985295519416,32.00000000000182,9.0,0.0,9.0,1.0,1.0,"(5, 2)","[p(2, 2)_cs(1.0)_ws(1.0)]_[p(5, 2)_cs(1.0)_ws(1.0)]",player_3cfc496a_actions,,[],,,
1906,tomato,put down,Counter_33,Counter,33,put down tomato on counter,player_3cfc496a,forced_division_of_labor,408805ed4af107c1,2219.6097893919687,38.411259840027014,9.0,0.0,9.0,1.0,1.0,"(5, 2)","[p(2, 2)_cs(1.0)_ws(1.0)]_[p(5, 2)_cs(1.0)_ws(1.0)]",player_3cfc496a_actions,player_3cfc496a,['player_3cfc496a'],,,
1923,tomato_salad,pick up,Counter_32,Counter,32,pick up tomato_salad from counter,player_3cfc496a,forced_division_of_labor,408805ed4af107c1,2235.6097893919696,16.00000000000091,9.0,0.0,9.0,1.0,1.0,"(5, 2)","[p(2, 2)_cs(1.0)_ws(1.0)]_[p(5, 2)_cs(1.0)_ws(1.0)]",player_3cfc496a_actions,player_234730e2,['player_234730e2'],"['player_3cfc496a', 'player_234730e2', 'player_234730e2']",['player_3cfc496a'],True
1938,tomato_salad,deliver,Delivery_63,Delivery,63,deliver tomato_salad,player_3cfc496a,forced_division_of_labor,408805ed4af107c1,2258.2372063899384,22.62741699796879,10.0,1.0,10.0,1.0,1.0,"(5, 2)","[p(2, 2)_cs(1.0)_ws(1.0)]_[p(5, 2)_cs(1.0)_ws(1.0)]",player_3cfc496a_actions,player_3cfc496a,"['player_234730e2', 'player_3cfc496a']","['player_3cfc496a', 'player_234730e2', 'player_234730e2']",['player_3cfc496a'],
1963,plate,pick up,Dispenser_60,Dispenser,60,pick up plate from dispenser,player_3cfc496a,forced_division_of_labor,408805ed4af107c1,2296.6484662299654,38.411259840027014,10.0,0.0,10.0,1.0,1.0,"(5, 2)","[p(2, 2)_cs(1.0)_ws(1.0)]_[p(5, 2)_cs(1.0)_ws(1.0)]",player_3cfc496a_actions,,[],,,
1989,plate,put down,Counter_32,Counter,32,put down plate on counter,player_3cfc496a,forced_division_of_labor,408805ed4af107c1,2335.05552889673,38.40706266676398,10.0,0.0,10.0,1.0,1.0,"(5, 2)","[p(2, 2)_cs(1.0)_ws(1.0)]_[p(5, 2)_cs(1.0)_ws(1.0)]",player_3cfc496a_actions,player_3cfc496a,['player_3cfc496a'],,,
1991,tomato_cut,pick up,CuttingBoard_10,CuttingBoard,10,pick up tomato_cut from cuttingboard,player_234730e2,forced_division_of_labor,408805ed4af107c1,1365.5632020913995,22.627416997969476,10.0,0.0,0.0,1.0,1.0,"(2, 2)","[p(2, 2)_cs(1.0)_ws(1.0)]_[p(5, 2)_cs(1.0)_ws(1.0)]",player_234730e2_actions,player_234730e2,"['player_234730e2', 'player_234730e2']","['player_3cfc496a', 'player_234730e2', 'player_234730e2', 'player_234730e2', 'player_234730e2']","['player_3cfc496a', 'player_3cfc496a']",False
2014,plate,pick up,Dispenser_60,Dispenser,60,pick up plate from dispenser,player_3cfc496a,forced_division_of_labor,408805ed4af107c1,2373.4625915634933,38.40706266676398,10.0,0.0,10.0,1.0,1.0,"(5, 2)","[p(2, 2)_cs(1.0)_ws(1.0)]_[p(5, 2)_cs(1.0)_ws(1.0)]",player_3cfc496a_actions,,[],,,
2018,tomato_cut,assemble salad,Counter_32,Counter,32,assemble salad,player_234730e2,forced_division_of_labor,408805ed4af107c1,1388.1906190893694,22.627416997969704,10.0,0.0,0.0,1.0,1.0,"(2, 2)","[p(2, 2)_cs(1.0)_ws(1.0)]_[p(5, 2)_cs(1.0)_ws(1.0)]",player_234730e2_actions,player_3cfc496a,['player_234730e2'],"['player_234730e2', 'player_234730e2', 'player_234730e2']",['player_3cfc496a'],True
2036,tomato,pick up,Counter_33,Counter,33,pick up tomato from counter,player_234730e2,forced_division_of_labor,408805ed4af107c1,1404.190619089369,15.999999999999543,10.0,0.0,0.0,1.0,1.0,"(2, 2)","[p(2, 2)_cs(1.0)_ws(1.0)]_[p(5, 2)_cs(1.0)_ws(1.0)]",player_234730e2_actions,player_3cfc496a,['player_3cfc496a'],,,True
2058,tomato,start cutting,CuttingBoard_20,CuttingBoard,20,start cutting tomato,player_234730e2,forced_division_of_labor,408805ed4af107c1,1436.1906190893678,31.999999999998863,10.0,0.0,0.0,1.0,1.0,"(2, 2)","[p(2, 2)_cs(1.0)_ws(1.0)]_[p(5, 2)_cs(1.0)_ws(1.0)]",player_234730e2_actions,player_234730e2,"['player_3cfc496a', 'player_234730e2']",,,
2059,plate,put down,Counter_33,Counter,33,put down plate on counter,player_3cfc496a,forced_division_of_labor,408805ed4af107c1,2428.1345474085174,54.67195584502406,10.0,0.0,10.0,1.0,1.0,"(5, 2)","[p(2, 2)_cs(1.0)_ws(1.0)]_[p(5, 2)_cs(1.0)_ws(1.0)]",player_3cfc496a_actions,player_3cfc496a,['player_3cfc496a'],,,
2080,tomato_salad,pick up,Counter_32,Counter,32,pick up tomato_salad from counter,player_3cfc496a,forced_division_of_labor,408805ed4af107c1,2444.1345474085183,16.00000000000091,10.0,0.0,10.0,1.0,1.0,"(5, 2)","[p(2, 2)_cs(1.0)_ws(1.0)]_[p(5, 2)_cs(1.0)_ws(1.0)]",player_3cfc496a_actions,player_234730e2,['player_234730e2'],"['player_234730e2', 'player_234730e2', 'player_234730e2']",['player_3cfc496a'],True
2098,tomato_salad,deliver,Delivery_63,Delivery,63,deliver tomato_salad,player_3cfc496a,forced_division_of_labor,408805ed4af107c1,2466.761964406487,22.62741699796879,11.0,1.0,11.0,1.0,1.0,"(5, 2)","[p(2, 2)_cs(1.0)_ws(1.0)]_[p(5, 2)_cs(1.0)_ws(1.0)]",player_3cfc496a_actions,player_3cfc496a,"['player_234730e2', 'player_3cfc496a']","['player_234730e2', 'player_234730e2', 'player_234730e2']",['player_3cfc496a'],
2116,tomato_cut,pick up,CuttingBoard_20,CuttingBoard,20,pick up tomato_cut from cuttingboard,player_234730e2,forced_division_of_labor,408805ed4af107c1,1436.1906190893678,0.0,11.0,0.0,0.0,1.0,1.0,"(2, 2)","[p(2, 2)_cs(1.0)_ws(1.0)]_[p(5, 2)_cs(1.0)_ws(1.0)]",player_234730e2_actions,player_234730e2,"['player_3cfc496a', 'player_234730e2']",,,False
2123,tomato,pick up,Dispenser_40,Dispenser,40,pick up tomato from dispenser,player_3cfc496a,forced_division_of_labor,408805ed4af107c1,2505.173224246514,38.411259840027014,11.0,0.0,11.0,1.0,1.0,"(5, 2)","[p(2, 2)_cs(1.0)_ws(1.0)]_[p(5, 2)_cs(1.0)_ws(1.0)]",player_3cfc496a_actions,,[],,,
2138,tomato,put down,Counter_32,Counter,32,put down tomato on counter,player_3cfc496a,forced_division_of_labor,408805ed4af107c1,2521.173224246515,16.00000000000091,11.0,0.0,11.0,1.0,1.0,"(5, 2)","[p(2, 2)_cs(1.0)_ws(1.0)]_[p(5, 2)_cs(1.0)_ws(1.0)]",player_3cfc496a_actions,player_3cfc496a,['player_3cfc496a'],,,
2148,tomato_cut,assemble salad,Counter_33,Counter,33,assemble salad,player_234730e2,forced_division_of_labor,408805ed4af107c1,1468.190619089367,31.99999999999909,11.0,0.0,0.0,1.0,1.0,"(2, 2)","[p(2, 2)_cs(1.0)_ws(1.0)]_[p(5, 2)_cs(1.0)_ws(1.0)]",player_234730e2_actions,player_3cfc496a,['player_234730e2'],"['player_3cfc496a', 'player_234730e2', 'player_234730e2']",['player_3cfc496a'],True
