{"agents": {"player_234730e2": {"initial_state": {"agent_id": "player_234730e2", "x": 40, "y": 40, "item": null, "url_params": {"gameType": ["tomatoSaladOnly"], "PROLIFIC_PID": ["65c7998283fde07a38b830af"], "map": ["forced_division_of_labor"], "cutting_speed_p1": ["1"], "walking_speed_p1": ["1"], "cutting_speed_p2": ["1"], "walking_speed_p2": ["1"], "slot_x_p1": ["2"], "slot_y_p1": ["2"], "slot_x_p2": ["5"], "slot_y_p2": ["2"], "EIO": ["4"], "transport": ["polling"], "t": ["PZK9LhZ"]}, "cut_speed": 1.0, "walk_speed": 30.0, "player_nr": 1}, "player_score": 0.0, "total_actions": 52, "first_action_tick": 278, "last_action_tick": 2148}, "player_3cfc496a": {"initial_state": {"agent_id": "player_3cfc496a", "x": 88, "y": 40, "item": null, "url_params": {"gameType": ["tomatoSaladOnly"], "PROLIFIC_PID": ["5f08d79de54da413c09fc906"], "map": ["forced_division_of_labor"], "cutting_speed_p1": ["1"], "walking_speed_p1": ["1"], "cutting_speed_p2": ["1"], "walking_speed_p2": ["1"], "slot_x_p1": ["2"], "slot_y_p1": ["2"], "slot_x_p2": ["5"], "slot_y_p2": ["2"], "EIO": ["4"], "transport": ["polling"], "t": ["PZK9ey3"]}, "cut_speed": 1.0, "walk_speed": 30.0, "player_nr": 2}, "player_score": 11.0, "total_actions": 74, "first_action_tick": 57, "last_action_tick": 2138}}, "map_name": "forced_division_of_labor", "final_score": 11.0}