tick,item,action,target,target_type,target_position,action_long,player_id,map_name,game_id,distance_walked,distance_walked_since_last_action,overall_score,player_score_change,player_score,walking_speed,cutting_speed,start_pos,condition
278,tomato,pick up,Counter_33,Counter,33,pick up tomato from counter,player_234730e2,forced_division_of_labor,408805ed4af107c1,70.41125984002603,0.0,0.0,0.0,0.0,1.0,1.0,"(2, 2)","[p(2, 2)_cs(1.0)_ws(1.0)]_[p(5, 2)_cs(1.0)_ws(1.0)]"
306,tomato,start cutting,CuttingBoard_20,CuttingBoard,20,start cutting tomato,player_234730e2,forced_division_of_labor,408805ed4af107c1,102.41125984002603,32.0,0.0,0.0,0.0,1.0,1.0,"(2, 2)","[p(2, 2)_cs(1.0)_ws(1.0)]_[p(5, 2)_cs(1.0)_ws(1.0)]"
333,tomato,pick up,Counter_34,Counter,34,pick up tomato from counter,player_234730e2,forced_division_of_labor,408805ed4af107c1,150.41125984002602,47.999999999999986,0.0,0.0,0.0,1.0,1.0,"(2, 2)","[p(2, 2)_cs(1.0)_ws(1.0)]_[p(5, 2)_cs(1.0)_ws(1.0)]"
382,tomato,start cutting,CuttingBoard_10,CuttingBoard,10,start cutting tomato,player_234730e2,forced_division_of_labor,408805ed4af107c1,218.12106129428793,67.7098014542619,0.0,0.0,0.0,1.0,1.0,"(2, 2)","[p(2, 2)_cs(1.0)_ws(1.0)]_[p(5, 2)_cs(1.0)_ws(1.0)]"
457,tomato_cut,pick up,CuttingBoard_20,CuttingBoard,20,pick up tomato_cut from cuttingboard,player_234730e2,forced_division_of_labor,408805ed4af107c1,234.12106129428793,16.0,0.0,0.0,0.0,1.0,1.0,"(2, 2)","[p(2, 2)_cs(1.0)_ws(1.0)]_[p(5, 2)_cs(1.0)_ws(1.0)]"
485,tomato_cut,assemble salad,Counter_32,Counter,32,assemble salad,player_234730e2,forced_division_of_labor,408805ed4af107c1,250.12106129428793,16.0,0.0,0.0,0.0,1.0,1.0,"(2, 2)","[p(2, 2)_cs(1.0)_ws(1.0)]_[p(5, 2)_cs(1.0)_ws(1.0)]"
502,tomato,pick up,Counter_33,Counter,33,pick up tomato from counter,player_234730e2,forced_division_of_labor,408805ed4af107c1,266.12106129428804,16.000000000000114,0.0,0.0,0.0,1.0,1.0,"(2, 2)","[p(2, 2)_cs(1.0)_ws(1.0)]_[p(5, 2)_cs(1.0)_ws(1.0)]"
527,tomato,start cutting,CuttingBoard_20,CuttingBoard,20,start cutting tomato,player_234730e2,forced_division_of_labor,408805ed4af107c1,298.1210612942883,32.000000000000284,0.0,0.0,0.0,1.0,1.0,"(2, 2)","[p(2, 2)_cs(1.0)_ws(1.0)]_[p(5, 2)_cs(1.0)_ws(1.0)]"
609,tomato_cut,pick up,CuttingBoard_20,CuttingBoard,20,pick up tomato_cut from cuttingboard,player_234730e2,forced_division_of_labor,408805ed4af107c1,330.1210612942886,32.000000000000284,1.0,0.0,0.0,1.0,1.0,"(2, 2)","[p(2, 2)_cs(1.0)_ws(1.0)]_[p(5, 2)_cs(1.0)_ws(1.0)]"
637,tomato_cut,assemble salad,Counter_32,Counter,32,assemble salad,player_234730e2,forced_division_of_labor,408805ed4af107c1,346.1210612942887,16.000000000000114,1.0,0.0,0.0,1.0,1.0,"(2, 2)","[p(2, 2)_cs(1.0)_ws(1.0)]_[p(5, 2)_cs(1.0)_ws(1.0)]"
688,tomato_cut,pick up,CuttingBoard_10,CuttingBoard,10,pick up tomato_cut from cuttingboard,player_234730e2,forced_division_of_labor,408805ed4af107c1,368.7484782922582,22.627416997969476,2.0,0.0,0.0,1.0,1.0,"(2, 2)","[p(2, 2)_cs(1.0)_ws(1.0)]_[p(5, 2)_cs(1.0)_ws(1.0)]"
735,tomato_cut,assemble salad,Counter_35,Counter,35,assemble salad,player_234730e2,forced_division_of_labor,408805ed4af107c1,439.2418628675183,70.49338457526011,2.0,0.0,0.0,1.0,1.0,"(2, 2)","[p(2, 2)_cs(1.0)_ws(1.0)]_[p(5, 2)_cs(1.0)_ws(1.0)]"
752,tomato,pick up,Counter_34,Counter,34,pick up tomato from counter,player_234730e2,forced_division_of_labor,408805ed4af107c1,455.2418628675183,16.0,2.0,0.0,0.0,1.0,1.0,"(2, 2)","[p(2, 2)_cs(1.0)_ws(1.0)]_[p(5, 2)_cs(1.0)_ws(1.0)]"
784,tomato,start cutting,CuttingBoard_20,CuttingBoard,20,start cutting tomato,player_234730e2,forced_division_of_labor,408805ed4af107c1,503.24186286751876,48.000000000000455,2.0,0.0,0.0,1.0,1.0,"(2, 2)","[p(2, 2)_cs(1.0)_ws(1.0)]_[p(5, 2)_cs(1.0)_ws(1.0)]"
801,tomato,pick up,Counter_33,Counter,33,pick up tomato from counter,player_234730e2,forced_division_of_labor,408805ed4af107c1,535.2418628675191,32.00000000000034,2.0,0.0,0.0,1.0,1.0,"(2, 2)","[p(2, 2)_cs(1.0)_ws(1.0)]_[p(5, 2)_cs(1.0)_ws(1.0)]"
820,tomato,start cutting,CuttingBoard_10,CuttingBoard,10,start cutting tomato,player_234730e2,forced_division_of_labor,408805ed4af107c1,573.6531227075451,38.41125984002599,3.0,0.0,0.0,1.0,1.0,"(2, 2)","[p(2, 2)_cs(1.0)_ws(1.0)]_[p(5, 2)_cs(1.0)_ws(1.0)]"
887,tomato_cut,pick up,CuttingBoard_20,CuttingBoard,20,pick up tomato_cut from cuttingboard,player_234730e2,forced_division_of_labor,408805ed4af107c1,589.6531227075452,16.000000000000114,3.0,0.0,0.0,1.0,1.0,"(2, 2)","[p(2, 2)_cs(1.0)_ws(1.0)]_[p(5, 2)_cs(1.0)_ws(1.0)]"
909,tomato_cut,assemble salad,Counter_32,Counter,32,assemble salad,player_234730e2,forced_division_of_labor,408805ed4af107c1,605.6531227075454,16.000000000000227,3.0,0.0,0.0,1.0,1.0,"(2, 2)","[p(2, 2)_cs(1.0)_ws(1.0)]_[p(5, 2)_cs(1.0)_ws(1.0)]"
929,tomato,pick up,Counter_33,Counter,33,pick up tomato from counter,player_234730e2,forced_division_of_labor,408805ed4af107c1,621.6531227075457,16.000000000000227,3.0,0.0,0.0,1.0,1.0,"(2, 2)","[p(2, 2)_cs(1.0)_ws(1.0)]_[p(5, 2)_cs(1.0)_ws(1.0)]"
945,tomato,start cutting,CuttingBoard_20,CuttingBoard,20,start cutting tomato,player_234730e2,forced_division_of_labor,408805ed4af107c1,653.653122707546,32.00000000000034,3.0,0.0,0.0,1.0,1.0,"(2, 2)","[p(2, 2)_cs(1.0)_ws(1.0)]_[p(5, 2)_cs(1.0)_ws(1.0)]"
1008,tomato_cut,pick up,CuttingBoard_10,CuttingBoard,10,pick up tomato_cut from cuttingboard,player_234730e2,forced_division_of_labor,408805ed4af107c1,669.6531227075461,16.000000000000114,3.0,0.0,0.0,1.0,1.0,"(2, 2)","[p(2, 2)_cs(1.0)_ws(1.0)]_[p(5, 2)_cs(1.0)_ws(1.0)]"
1041,tomato_cut,assemble salad,Counter_33,Counter,33,assemble salad,player_234730e2,forced_division_of_labor,408805ed4af107c1,708.0643825475721,38.41125984002599,4.0,0.0,0.0,1.0,1.0,"(2, 2)","[p(2, 2)_cs(1.0)_ws(1.0)]_[p(5, 2)_cs(1.0)_ws(1.0)]"
1059,tomato,pick up,Counter_34,Counter,34,pick up tomato from counter,player_234730e2,forced_division_of_labor,408805ed4af107c1,724.0643825475722,16.000000000000114,4.0,0.0,0.0,1.0,1.0,"(2, 2)","[p(2, 2)_cs(1.0)_ws(1.0)]_[p(5, 2)_cs(1.0)_ws(1.0)]"
1089,tomato,start cutting,CuttingBoard_10,CuttingBoard,10,start cutting tomato,player_234730e2,forced_division_of_labor,408805ed4af107c1,778.4837541908213,54.419371643249065,4.0,0.0,0.0,1.0,1.0,"(2, 2)","[p(2, 2)_cs(1.0)_ws(1.0)]_[p(5, 2)_cs(1.0)_ws(1.0)]"
1133,tomato_cut,pick up,CuttingBoard_20,CuttingBoard,20,pick up tomato_cut from cuttingboard,player_234730e2,forced_division_of_labor,408805ed4af107c1,794.4837541908214,16.000000000000114,4.0,0.0,0.0,1.0,1.0,"(2, 2)","[p(2, 2)_cs(1.0)_ws(1.0)]_[p(5, 2)_cs(1.0)_ws(1.0)]"
1158,tomato_cut,assemble salad,Counter_32,Counter,32,assemble salad,player_234730e2,forced_division_of_labor,408805ed4af107c1,810.4837541908216,16.000000000000227,4.0,0.0,0.0,1.0,1.0,"(2, 2)","[p(2, 2)_cs(1.0)_ws(1.0)]_[p(5, 2)_cs(1.0)_ws(1.0)]"
1216,tomato_cut,pick up,CuttingBoard_10,CuttingBoard,10,pick up tomato_cut from cuttingboard,player_234730e2,forced_division_of_labor,408805ed4af107c1,833.1111711887913,22.627416997969704,4.0,0.0,0.0,1.0,1.0,"(2, 2)","[p(2, 2)_cs(1.0)_ws(1.0)]_[p(5, 2)_cs(1.0)_ws(1.0)]"
1262,tomato_cut,put down,Counter_34,Counter,34,put down tomato_cut on counter,player_234730e2,forced_division_of_labor,408805ed4af107c1,904.308368095469,71.19719690667762,5.0,0.0,0.0,1.0,1.0,"(2, 2)","[p(2, 2)_cs(1.0)_ws(1.0)]_[p(5, 2)_cs(1.0)_ws(1.0)]"
1262,tomato,pick up,Counter_34,Counter,34,pick up tomato from counter,player_234730e2,forced_division_of_labor,408805ed4af107c1,904.308368095469,0.0,5.0,0.0,0.0,1.0,1.0,"(2, 2)","[p(2, 2)_cs(1.0)_ws(1.0)]_[p(5, 2)_cs(1.0)_ws(1.0)]"
1312,tomato,start cutting,CuttingBoard_20,CuttingBoard,20,start cutting tomato,player_234730e2,forced_division_of_labor,408805ed4af107c1,952.3083680954694,48.000000000000455,6.0,0.0,0.0,1.0,1.0,"(2, 2)","[p(2, 2)_cs(1.0)_ws(1.0)]_[p(5, 2)_cs(1.0)_ws(1.0)]"
1350,tomato_cut,pick up,Counter_34,Counter,34,pick up tomato_cut from counter,player_234730e2,forced_division_of_labor,408805ed4af107c1,1000.3083680954699,48.000000000000455,6.0,0.0,0.0,1.0,1.0,"(2, 2)","[p(2, 2)_cs(1.0)_ws(1.0)]_[p(5, 2)_cs(1.0)_ws(1.0)]"
1365,tomato_cut,assemble salad,Counter_35,Counter,35,assemble salad,player_234730e2,forced_division_of_labor,408805ed4af107c1,1016.3083680954699,16.0,6.0,0.0,0.0,1.0,1.0,"(2, 2)","[p(2, 2)_cs(1.0)_ws(1.0)]_[p(5, 2)_cs(1.0)_ws(1.0)]"
1433,plate,pick up,Counter_32,Counter,32,pick up plate from counter,player_234730e2,forced_division_of_labor,408805ed4af107c1,1096.3083680954678,79.99999999999795,6.0,0.0,0.0,1.0,1.0,"(2, 2)","[p(2, 2)_cs(1.0)_ws(1.0)]_[p(5, 2)_cs(1.0)_ws(1.0)]"
1450,plate,put down,Counter_32,Counter,32,put down plate on counter,player_234730e2,forced_division_of_labor,408805ed4af107c1,1096.3083680954678,0.0,6.0,0.0,0.0,1.0,1.0,"(2, 2)","[p(2, 2)_cs(1.0)_ws(1.0)]_[p(5, 2)_cs(1.0)_ws(1.0)]"
1530,tomato_cut,pick up,CuttingBoard_20,CuttingBoard,20,pick up tomato_cut from cuttingboard,player_234730e2,forced_division_of_labor,408805ed4af107c1,1112.3083680954674,15.999999999999545,6.0,0.0,0.0,1.0,1.0,"(2, 2)","[p(2, 2)_cs(1.0)_ws(1.0)]_[p(5, 2)_cs(1.0)_ws(1.0)]"
1572,tomato_cut,assemble salad,Counter_34,Counter,34,assemble salad,player_234730e2,forced_division_of_labor,408805ed4af107c1,1160.3083680954655,47.99999999999818,7.0,0.0,0.0,1.0,1.0,"(2, 2)","[p(2, 2)_cs(1.0)_ws(1.0)]_[p(5, 2)_cs(1.0)_ws(1.0)]"
1590,tomato,pick up,Counter_33,Counter,33,pick up tomato from counter,player_234730e2,forced_division_of_labor,408805ed4af107c1,1176.308368095465,15.999999999999545,7.0,0.0,0.0,1.0,1.0,"(2, 2)","[p(2, 2)_cs(1.0)_ws(1.0)]_[p(5, 2)_cs(1.0)_ws(1.0)]"
1610,tomato,start cutting,CuttingBoard_20,CuttingBoard,20,start cutting tomato,player_234730e2,forced_division_of_labor,408805ed4af107c1,1208.3083680954642,31.99999999999909,7.0,0.0,0.0,1.0,1.0,"(2, 2)","[p(2, 2)_cs(1.0)_ws(1.0)]_[p(5, 2)_cs(1.0)_ws(1.0)]"
1627,tomato,pick up,Counter_32,Counter,32,pick up tomato from counter,player_234730e2,forced_division_of_labor,408805ed4af107c1,1224.3083680954637,15.999999999999545,7.0,0.0,0.0,1.0,1.0,"(2, 2)","[p(2, 2)_cs(1.0)_ws(1.0)]_[p(5, 2)_cs(1.0)_ws(1.0)]"
1643,tomato,start cutting,CuttingBoard_10,CuttingBoard,10,start cutting tomato,player_234730e2,forced_division_of_labor,408805ed4af107c1,1246.9357850934332,22.627416997969476,7.0,0.0,0.0,1.0,1.0,"(2, 2)","[p(2, 2)_cs(1.0)_ws(1.0)]_[p(5, 2)_cs(1.0)_ws(1.0)]"
1716,tomato_cut,pick up,CuttingBoard_20,CuttingBoard,20,pick up tomato_cut from cuttingboard,player_234730e2,forced_division_of_labor,408805ed4af107c1,1262.9357850934327,15.999999999999545,8.0,0.0,0.0,1.0,1.0,"(2, 2)","[p(2, 2)_cs(1.0)_ws(1.0)]_[p(5, 2)_cs(1.0)_ws(1.0)]"
1744,tomato_cut,assemble salad,Counter_33,Counter,33,assemble salad,player_234730e2,forced_division_of_labor,408805ed4af107c1,1294.9357850934316,31.999999999998863,8.0,0.0,0.0,1.0,1.0,"(2, 2)","[p(2, 2)_cs(1.0)_ws(1.0)]_[p(5, 2)_cs(1.0)_ws(1.0)]"
1768,tomato,pick up,Counter_32,Counter,32,pick up tomato from counter,player_234730e2,forced_division_of_labor,408805ed4af107c1,1310.9357850934312,15.999999999999545,8.0,0.0,0.0,1.0,1.0,"(2, 2)","[p(2, 2)_cs(1.0)_ws(1.0)]_[p(5, 2)_cs(1.0)_ws(1.0)]"
1789,tomato,start cutting,CuttingBoard_20,CuttingBoard,20,start cutting tomato,player_234730e2,forced_division_of_labor,408805ed4af107c1,1326.9357850934307,15.999999999999545,8.0,0.0,0.0,1.0,1.0,"(2, 2)","[p(2, 2)_cs(1.0)_ws(1.0)]_[p(5, 2)_cs(1.0)_ws(1.0)]"
1840,tomato_cut,pick up,CuttingBoard_20,CuttingBoard,20,pick up tomato_cut from cuttingboard,player_234730e2,forced_division_of_labor,408805ed4af107c1,1326.9357850934307,0.0,9.0,0.0,0.0,1.0,1.0,"(2, 2)","[p(2, 2)_cs(1.0)_ws(1.0)]_[p(5, 2)_cs(1.0)_ws(1.0)]"
1861,tomato_cut,assemble salad,Counter_32,Counter,32,assemble salad,player_234730e2,forced_division_of_labor,408805ed4af107c1,1342.9357850934302,15.999999999999545,9.0,0.0,0.0,1.0,1.0,"(2, 2)","[p(2, 2)_cs(1.0)_ws(1.0)]_[p(5, 2)_cs(1.0)_ws(1.0)]"
1991,tomato_cut,pick up,CuttingBoard_10,CuttingBoard,10,pick up tomato_cut from cuttingboard,player_234730e2,forced_division_of_labor,408805ed4af107c1,1365.5632020913997,22.627416997969476,10.0,0.0,0.0,1.0,1.0,"(2, 2)","[p(2, 2)_cs(1.0)_ws(1.0)]_[p(5, 2)_cs(1.0)_ws(1.0)]"
2018,tomato_cut,assemble salad,Counter_32,Counter,32,assemble salad,player_234730e2,forced_division_of_labor,408805ed4af107c1,1388.1906190893694,22.627416997969704,10.0,0.0,0.0,1.0,1.0,"(2, 2)","[p(2, 2)_cs(1.0)_ws(1.0)]_[p(5, 2)_cs(1.0)_ws(1.0)]"
2036,tomato,pick up,Counter_33,Counter,33,pick up tomato from counter,player_234730e2,forced_division_of_labor,408805ed4af107c1,1404.190619089369,15.999999999999545,10.0,0.0,0.0,1.0,1.0,"(2, 2)","[p(2, 2)_cs(1.0)_ws(1.0)]_[p(5, 2)_cs(1.0)_ws(1.0)]"
2058,tomato,start cutting,CuttingBoard_20,CuttingBoard,20,start cutting tomato,player_234730e2,forced_division_of_labor,408805ed4af107c1,1436.1906190893678,31.999999999998863,10.0,0.0,0.0,1.0,1.0,"(2, 2)","[p(2, 2)_cs(1.0)_ws(1.0)]_[p(5, 2)_cs(1.0)_ws(1.0)]"
2116,tomato_cut,pick up,CuttingBoard_20,CuttingBoard,20,pick up tomato_cut from cuttingboard,player_234730e2,forced_division_of_labor,408805ed4af107c1,1436.1906190893678,0.0,11.0,0.0,0.0,1.0,1.0,"(2, 2)","[p(2, 2)_cs(1.0)_ws(1.0)]_[p(5, 2)_cs(1.0)_ws(1.0)]"
2148,tomato_cut,assemble salad,Counter_33,Counter,33,assemble salad,player_234730e2,forced_division_of_labor,408805ed4af107c1,1468.190619089367,31.99999999999909,11.0,0.0,0.0,1.0,1.0,"(2, 2)","[p(2, 2)_cs(1.0)_ws(1.0)]_[p(5, 2)_cs(1.0)_ws(1.0)]"
