{"agents": {"player_4f0826b6": {"initial_state": {"agent_id": "player_4f0826b6", "x": 40, "y": 40, "item": null, "url_params": {"gameType": ["tomatoSaladOnly"], "PROLIFIC_PID": ["undefined"], "map": ["encouraged_division_of_labor"], "cutting_speed_p1": ["1"], "walking_speed_p1": ["0.2"], "cutting_speed_p2": ["0.2"], "walking_speed_p2": ["1"], "slot_x_p1": ["2"], "slot_y_p1": ["2"], "slot_x_p2": ["5"], "slot_y_p2": ["2"], "EIO": ["4"], "transport": ["polling"], "t": ["Pa11LtA"]}, "cut_speed": 1.0, "walk_speed": 6.0, "player_nr": 1}, "player_score": 0.0, "total_actions": 29, "first_action_tick": 207, "last_action_tick": 2144}, "player_9405ebf6": {"initial_state": {"agent_id": "player_9405ebf6", "x": 88, "y": 40, "item": null, "url_params": {"gameType": ["tomatoSaladOnly"], "PROLIFIC_PID": ["669a4f388b2de8df723faf1e"], "map": ["encouraged_division_of_labor"], "cutting_speed_p1": ["1"], "walking_speed_p1": ["0.2"], "cutting_speed_p2": ["0.2"], "walking_speed_p2": ["1"], "slot_x_p1": ["2"], "slot_y_p1": ["2"], "slot_x_p2": ["5"], "slot_y_p2": ["2"], "EIO": ["4"], "transport": ["polling"], "t": ["Pa11NgP"]}, "cut_speed": 0.2, "walk_speed": 30.0, "player_nr": 2}, "player_score": 7.0, "total_actions": 48, "first_action_tick": 77, "last_action_tick": 2149}}, "map_name": "encouraged_division_of_labor", "final_score": 7.0}