tick,item,action,target,target_type,target_position,action_long,player_id,map_name,game_id,distance_walked,distance_walked_since_last_action,overall_score,player_score_change,player_score,walking_speed,cutting_speed,start_pos,condition
207,tomato,pick up,Counter_32,Counter,32,pick up tomato from counter,player_4f0826b6,encouraged_division_of_labor,70158e783a390acb,64.00000000001,0.0,0.0,0.0,0.0,0.2,1.0,"(2, 2)","[p(2, 2)_cs(1.0)_ws(0.2)]_[p(5, 2)_cs(0.2)_ws(1.0)]"
256,tomato,start cutting,CuttingBoard_20,CuttingBoard,20,start cutting tomato,player_4f0826b6,encouraged_division_of_labor,70158e783a390acb,80.00000000001,16.0,0.0,0.0,0.0,0.2,1.0,"(2, 2)","[p(2, 2)_cs(1.0)_ws(0.2)]_[p(5, 2)_cs(0.2)_ws(1.0)]"
312,tomato_cut,pick up,CuttingBoard_20,CuttingBoard,20,pick up tomato_cut from cuttingboard,player_4f0826b6,encouraged_division_of_labor,70158e783a390acb,80.00000000001,0.0,0.0,0.0,0.0,0.2,1.0,"(2, 2)","[p(2, 2)_cs(1.0)_ws(0.2)]_[p(5, 2)_cs(0.2)_ws(1.0)]"
422,tomato_cut,assemble salad,Counter_34,Counter,34,assemble salad,player_4f0826b6,encouraged_division_of_labor,70158e783a390acb,128.00000000001,48.0,0.0,0.0,0.0,0.2,1.0,"(2, 2)","[p(2, 2)_cs(1.0)_ws(0.2)]_[p(5, 2)_cs(0.2)_ws(1.0)]"
471,tomato,pick up,Counter_33,Counter,33,pick up tomato from counter,player_4f0826b6,encouraged_division_of_labor,70158e783a390acb,144.00000000001,16.0,0.0,0.0,0.0,0.2,1.0,"(2, 2)","[p(2, 2)_cs(1.0)_ws(0.2)]_[p(5, 2)_cs(0.2)_ws(1.0)]"
547,tomato,start cutting,CuttingBoard_20,CuttingBoard,20,start cutting tomato,player_4f0826b6,encouraged_division_of_labor,70158e783a390acb,176.0000000000098,31.9999999999998,1.0,0.0,0.0,0.2,1.0,"(2, 2)","[p(2, 2)_cs(1.0)_ws(0.2)]_[p(5, 2)_cs(0.2)_ws(1.0)]"
594,tomato_cut,pick up,CuttingBoard_20,CuttingBoard,20,pick up tomato_cut from cuttingboard,player_4f0826b6,encouraged_division_of_labor,70158e783a390acb,176.0000000000098,0.0,1.0,0.0,0.0,0.2,1.0,"(2, 2)","[p(2, 2)_cs(1.0)_ws(0.2)]_[p(5, 2)_cs(0.2)_ws(1.0)]"
636,tomato_cut,assemble salad,Counter_32,Counter,32,assemble salad,player_4f0826b6,encouraged_division_of_labor,70158e783a390acb,192.0000000000096,15.999999999999801,1.0,0.0,0.0,0.2,1.0,"(2, 2)","[p(2, 2)_cs(1.0)_ws(0.2)]_[p(5, 2)_cs(0.2)_ws(1.0)]"
743,tomato,pick up,Counter_35,Counter,35,pick up tomato from counter,player_4f0826b6,encouraged_division_of_labor,70158e783a390acb,240.0000000000096,48.0,2.0,0.0,0.0,0.2,1.0,"(2, 2)","[p(2, 2)_cs(1.0)_ws(0.2)]_[p(5, 2)_cs(0.2)_ws(1.0)]"
878,tomato,start cutting,CuttingBoard_20,CuttingBoard,20,start cutting tomato,player_4f0826b6,encouraged_division_of_labor,70158e783a390acb,304.0000000000076,63.99999999999801,2.0,0.0,0.0,0.2,1.0,"(2, 2)","[p(2, 2)_cs(1.0)_ws(0.2)]_[p(5, 2)_cs(0.2)_ws(1.0)]"
946,tomato,pick up,Counter_32,Counter,32,pick up tomato from counter,player_4f0826b6,encouraged_division_of_labor,70158e783a390acb,320.00000000000693,15.999999999999318,2.0,0.0,0.0,0.2,1.0,"(2, 2)","[p(2, 2)_cs(1.0)_ws(0.2)]_[p(5, 2)_cs(0.2)_ws(1.0)]"
999,tomato,start cutting,CuttingBoard_10,CuttingBoard,10,start cutting tomato,player_4f0826b6,encouraged_division_of_labor,70158e783a390acb,342.6274169979773,22.627416997970386,2.0,0.0,0.0,0.2,1.0,"(2, 2)","[p(2, 2)_cs(1.0)_ws(0.2)]_[p(5, 2)_cs(0.2)_ws(1.0)]"
1045,tomato_cut,pick up,CuttingBoard_10,CuttingBoard,10,pick up tomato_cut from cuttingboard,player_4f0826b6,encouraged_division_of_labor,70158e783a390acb,342.6274169979773,0.0,2.0,0.0,0.0,0.2,1.0,"(2, 2)","[p(2, 2)_cs(1.0)_ws(0.2)]_[p(5, 2)_cs(0.2)_ws(1.0)]"
1134,tomato_cut,assemble salad,Counter_33,Counter,33,assemble salad,player_4f0826b6,encouraged_division_of_labor,70158e783a390acb,381.1607831170454,38.53336611906809,2.0,0.0,0.0,0.2,1.0,"(2, 2)","[p(2, 2)_cs(1.0)_ws(0.2)]_[p(5, 2)_cs(0.2)_ws(1.0)]"
1199,tomato,pick up,Counter_32,Counter,32,pick up tomato from counter,player_4f0826b6,encouraged_division_of_labor,70158e783a390acb,418.1835100530147,37.022726935969274,3.0,0.0,0.0,0.2,1.0,"(2, 2)","[p(2, 2)_cs(1.0)_ws(0.2)]_[p(5, 2)_cs(0.2)_ws(1.0)]"
1267,tomato,start cutting,CuttingBoard_10,CuttingBoard,10,start cutting tomato,player_4f0826b6,encouraged_division_of_labor,70158e783a390acb,440.8109270509851,22.627416997970386,3.0,0.0,0.0,0.2,1.0,"(2, 2)","[p(2, 2)_cs(1.0)_ws(0.2)]_[p(5, 2)_cs(0.2)_ws(1.0)]"
1340,tomato_cut,pick up,CuttingBoard_20,CuttingBoard,20,pick up tomato_cut from cuttingboard,player_4f0826b6,encouraged_division_of_labor,70158e783a390acb,456.81092705098445,15.999999999999375,3.0,0.0,0.0,0.2,1.0,"(2, 2)","[p(2, 2)_cs(1.0)_ws(0.2)]_[p(5, 2)_cs(0.2)_ws(1.0)]"
1424,tomato_cut,assemble salad,Counter_33,Counter,33,assemble salad,player_4f0826b6,encouraged_division_of_labor,70158e783a390acb,488.81092705098285,31.99999999999841,3.0,0.0,0.0,0.2,1.0,"(2, 2)","[p(2, 2)_cs(1.0)_ws(0.2)]_[p(5, 2)_cs(0.2)_ws(1.0)]"
1474,tomato,pick up,Counter_32,Counter,32,pick up tomato from counter,player_4f0826b6,encouraged_division_of_labor,70158e783a390acb,504.81092705098195,15.99999999999909,4.0,0.0,0.0,0.2,1.0,"(2, 2)","[p(2, 2)_cs(1.0)_ws(0.2)]_[p(5, 2)_cs(0.2)_ws(1.0)]"
1517,tomato,start cutting,CuttingBoard_20,CuttingBoard,20,start cutting tomato,player_4f0826b6,encouraged_division_of_labor,70158e783a390acb,520.8109270509813,15.999999999999318,4.0,0.0,0.0,0.2,1.0,"(2, 2)","[p(2, 2)_cs(1.0)_ws(0.2)]_[p(5, 2)_cs(0.2)_ws(1.0)]"
1574,tomato_cut,pick up,CuttingBoard_20,CuttingBoard,20,pick up tomato_cut from cuttingboard,player_4f0826b6,encouraged_division_of_labor,70158e783a390acb,520.8109270509813,0.0,4.0,0.0,0.0,0.2,1.0,"(2, 2)","[p(2, 2)_cs(1.0)_ws(0.2)]_[p(5, 2)_cs(0.2)_ws(1.0)]"
1624,tomato_cut,assemble salad,Counter_32,Counter,32,assemble salad,player_4f0826b6,encouraged_division_of_labor,70158e783a390acb,536.8109270509806,15.999999999999318,4.0,0.0,0.0,0.2,1.0,"(2, 2)","[p(2, 2)_cs(1.0)_ws(0.2)]_[p(5, 2)_cs(0.2)_ws(1.0)]"
1719,tomato_cut,pick up,CuttingBoard_10,CuttingBoard,10,pick up tomato_cut from cuttingboard,player_4f0826b6,encouraged_division_of_labor,70158e783a390acb,559.4383440489485,22.627416997967885,5.0,0.0,0.0,0.2,1.0,"(2, 2)","[p(2, 2)_cs(1.0)_ws(0.2)]_[p(5, 2)_cs(0.2)_ws(1.0)]"
1809,tomato_cut,assemble salad,Counter_32,Counter,32,assemble salad,player_4f0826b6,encouraged_division_of_labor,70158e783a390acb,590.0085027289381,30.570158679989618,5.0,0.0,0.0,0.2,1.0,"(2, 2)","[p(2, 2)_cs(1.0)_ws(0.2)]_[p(5, 2)_cs(0.2)_ws(1.0)]"
1855,tomato,pick up,Counter_33,Counter,33,pick up tomato from counter,player_4f0826b6,encouraged_division_of_labor,70158e783a390acb,606.0085027289372,15.99999999999909,5.0,0.0,0.0,0.2,1.0,"(2, 2)","[p(2, 2)_cs(1.0)_ws(0.2)]_[p(5, 2)_cs(0.2)_ws(1.0)]"
1932,tomato,start cutting,CuttingBoard_20,CuttingBoard,20,start cutting tomato,player_4f0826b6,encouraged_division_of_labor,70158e783a390acb,638.0085027289356,31.99999999999841,6.0,0.0,0.0,0.2,1.0,"(2, 2)","[p(2, 2)_cs(1.0)_ws(0.2)]_[p(5, 2)_cs(0.2)_ws(1.0)]"
1984,tomato_cut,pick up,CuttingBoard_20,CuttingBoard,20,pick up tomato_cut from cuttingboard,player_4f0826b6,encouraged_division_of_labor,70158e783a390acb,638.0085027289356,0.0,6.0,0.0,0.0,0.2,1.0,"(2, 2)","[p(2, 2)_cs(1.0)_ws(0.2)]_[p(5, 2)_cs(0.2)_ws(1.0)]"
2101,tomato_cut,assemble salad,Counter_34,Counter,34,assemble salad,player_4f0826b6,encouraged_division_of_labor,70158e783a390acb,686.0085027289335,47.999999999997954,6.0,0.0,0.0,0.2,1.0,"(2, 2)","[p(2, 2)_cs(1.0)_ws(0.2)]_[p(5, 2)_cs(0.2)_ws(1.0)]"
2144,tomato,pick up,Counter_33,Counter,33,pick up tomato from counter,player_4f0826b6,encouraged_division_of_labor,70158e783a390acb,702.0085027289331,15.999999999999545,6.0,0.0,0.0,0.2,1.0,"(2, 2)","[p(2, 2)_cs(1.0)_ws(0.2)]_[p(5, 2)_cs(0.2)_ws(1.0)]"
