{"agents": {"player_87ead3ca": {"initial_state": {"agent_id": "player_87ead3ca", "x": 40, "y": 40, "item": null, "url_params": {"gameType": ["tomatoSaladOnly"], "PROLIFIC_PID": ["681b781064a5701a5ceee3bc"], "map": ["baseline_division_of_labor"], "cutting_speed_p1": ["1"], "walking_speed_p1": ["0.5"], "cutting_speed_p2": ["0.5"], "walking_speed_p2": ["1"], "slot_x_p1": ["2"], "slot_y_p1": ["2"], "slot_x_p2": ["5"], "slot_y_p2": ["2"], "EIO": ["4"], "transport": ["polling"], "t": ["PZywbSg"]}, "cut_speed": 1.0, "walk_speed": 15.0, "player_nr": 1}, "player_score": 2.0, "total_actions": 30, "first_action_tick": 129, "last_action_tick": 2105}, "player_ebdfb1d5": {"initial_state": {"agent_id": "player_ebdfb1d5", "x": 88, "y": 40, "item": null, "url_params": {"gameType": ["tomatoSaladOnly"], "PROLIFIC_PID": ["5f2aec7bad745643d7271f4c"], "map": ["baseline_division_of_labor"], "cutting_speed_p1": ["1"], "walking_speed_p1": ["0.5"], "cutting_speed_p2": ["0.5"], "walking_speed_p2": ["1"], "slot_x_p1": ["2"], "slot_y_p1": ["2"], "slot_x_p2": ["5"], "slot_y_p2": ["2"], "EIO": ["4"], "transport": ["polling"], "t": ["PZywgsW"]}, "cut_speed": 0.5, "walk_speed": 30.0, "player_nr": 2}, "player_score": 5.0, "total_actions": 42, "first_action_tick": 111, "last_action_tick": 2142}}, "map_name": "baseline_division_of_labor", "final_score": 7.0}