{"agents": {"player_8e776579": {"initial_state": {"agent_id": "player_8e776579", "x": 40, "y": 40, "item": null, "url_params": {"gameType": ["tomatoSaladOnly"], "PROLIFIC_PID": ["5f53d5fe6a8b5b71c8bdb5e8"], "map": ["baseline_division_of_labor"], "cutting_speed_p1": ["1"], "walking_speed_p1": ["0.2"], "cutting_speed_p2": ["0.2"], "walking_speed_p2": ["1"], "slot_x_p1": ["2"], "slot_y_p1": ["2"], "slot_x_p2": ["5"], "slot_y_p2": ["2"], "EIO": ["4"], "transport": ["polling"], "t": ["PZzjn76"]}, "cut_speed": 1.0, "walk_speed": 6.0, "player_nr": 1}, "player_score": 1.0, "total_actions": 19, "first_action_tick": 334, "last_action_tick": 2031}, "player_e1f25bf3": {"initial_state": {"agent_id": "player_e1f25bf3", "x": 88, "y": 40, "item": null, "url_params": {"gameType": ["tomatoSaladOnly"], "PROLIFIC_PID": ["5af1c4dfaec2b600010a96c9"], "map": ["baseline_division_of_labor"], "cutting_speed_p1": ["1"], "walking_speed_p1": ["0.2"], "cutting_speed_p2": ["0.2"], "walking_speed_p2": ["1"], "slot_x_p1": ["2"], "slot_y_p1": ["2"], "slot_x_p2": ["5"], "slot_y_p2": ["2"], "EIO": ["4"], "transport": ["polling"], "t": ["PZzjrlw"]}, "cut_speed": 0.2, "walk_speed": 30.0, "player_nr": 2}, "player_score": 2.0, "total_actions": 32, "first_action_tick": 131, "last_action_tick": 2144}}, "map_name": "baseline_division_of_labor", "final_score": 3.0}