tick,item,action,target,target_type,target_position,action_long,player_id,map_name,game_id,distance_walked,distance_walked_since_last_action,overall_score,player_score_change,player_score,walking_speed,cutting_speed,start_pos,condition
131,tomato,pick up,Dispenser_40,Dispenser,40,pick up tomato from dispenser,player_e1f25bf3,baseline_division_of_labor,16a40caca170016e,22.62741699796952,0.0,0.0,0.0,0.0,1.0,0.2,"(5, 2)","[p(2, 2)_cs(1.0)_ws(0.2)]_[p(5, 2)_cs(0.2)_ws(1.0)]"
173,tomato,start cutting,CuttingBoard_20,CuttingBoard,20,start cutting tomato,player_e1f25bf3,baseline_division_of_labor,16a40caca170016e,54.62741699796952,32.0,0.0,0.0,0.0,1.0,0.2,"(5, 2)","[p(2, 2)_cs(1.0)_ws(0.2)]_[p(5, 2)_cs(0.2)_ws(1.0)]"
425,plate,pick up,Dispenser_60,Dispenser,60,pick up plate from dispenser,player_e1f25bf3,baseline_division_of_labor,16a40caca170016e,118.62741699796952,64.0,0.0,0.0,0.0,1.0,0.2,"(5, 2)","[p(2, 2)_cs(1.0)_ws(0.2)]_[p(5, 2)_cs(0.2)_ws(1.0)]"
466,plate,put down,Counter_32,Counter,32,put down plate on counter,player_e1f25bf3,baseline_division_of_labor,16a40caca170016e,157.0344796647345,38.407062666764986,0.0,0.0,0.0,1.0,0.2,"(5, 2)","[p(2, 2)_cs(1.0)_ws(0.2)]_[p(5, 2)_cs(0.2)_ws(1.0)]"
508,tomato_cut,pick up,CuttingBoard_20,CuttingBoard,20,pick up tomato_cut from cuttingboard,player_e1f25bf3,baseline_division_of_labor,16a40caca170016e,195.54140638963105,38.506926724896545,0.0,0.0,0.0,1.0,0.2,"(5, 2)","[p(2, 2)_cs(1.0)_ws(0.2)]_[p(5, 2)_cs(0.2)_ws(1.0)]"
539,tomato_cut,assemble salad,Counter_32,Counter,32,assemble salad,player_e1f25bf3,baseline_division_of_labor,16a40caca170016e,211.54140638963105,16.0,0.0,0.0,0.0,1.0,0.2,"(5, 2)","[p(2, 2)_cs(1.0)_ws(0.2)]_[p(5, 2)_cs(0.2)_ws(1.0)]"
561,tomato_salad,pick up,Counter_32,Counter,32,pick up tomato_salad from counter,player_e1f25bf3,baseline_division_of_labor,16a40caca170016e,211.54140638963105,0.0,0.0,0.0,0.0,1.0,0.2,"(5, 2)","[p(2, 2)_cs(1.0)_ws(0.2)]_[p(5, 2)_cs(0.2)_ws(1.0)]"
606,tomato_salad,deliver,Delivery_63,Delivery,63,deliver tomato_salad,player_e1f25bf3,baseline_division_of_labor,16a40caca170016e,256.7962403855702,45.25483399593912,1.0,1.0,1.0,1.0,0.2,"(5, 2)","[p(2, 2)_cs(1.0)_ws(0.2)]_[p(5, 2)_cs(0.2)_ws(1.0)]"
674,tomato,pick up,Dispenser_40,Dispenser,40,pick up tomato from dispenser,player_e1f25bf3,baseline_division_of_labor,16a40caca170016e,295.20750022559633,38.41125984002616,1.0,0.0,1.0,1.0,0.2,"(5, 2)","[p(2, 2)_cs(1.0)_ws(0.2)]_[p(5, 2)_cs(0.2)_ws(1.0)]"
697,tomato,put down,Counter_32,Counter,32,put down tomato on counter,player_e1f25bf3,baseline_division_of_labor,16a40caca170016e,311.20750022559633,16.0,1.0,0.0,1.0,1.0,0.2,"(5, 2)","[p(2, 2)_cs(1.0)_ws(0.2)]_[p(5, 2)_cs(0.2)_ws(1.0)]"
721,tomato,pick up,Dispenser_40,Dispenser,40,pick up tomato from dispenser,player_e1f25bf3,baseline_division_of_labor,16a40caca170016e,327.2075002255964,16.000000000000057,1.0,0.0,1.0,1.0,0.2,"(5, 2)","[p(2, 2)_cs(1.0)_ws(0.2)]_[p(5, 2)_cs(0.2)_ws(1.0)]"
763,tomato,start cutting,CuttingBoard_20,CuttingBoard,20,start cutting tomato,player_e1f25bf3,baseline_division_of_labor,16a40caca170016e,359.2075002255966,32.00000000000023,1.0,0.0,1.0,1.0,0.2,"(5, 2)","[p(2, 2)_cs(1.0)_ws(0.2)]_[p(5, 2)_cs(0.2)_ws(1.0)]"
995,tomato_cut,pick up,CuttingBoard_20,CuttingBoard,20,pick up tomato_cut from cuttingboard,player_e1f25bf3,baseline_division_of_labor,16a40caca170016e,359.2075002255966,0.0,1.0,0.0,1.0,1.0,0.2,"(5, 2)","[p(2, 2)_cs(1.0)_ws(0.2)]_[p(5, 2)_cs(0.2)_ws(1.0)]"
1171,tomato_cut,put down,Dispenser_60,Dispenser,60,put down tomato_cut on dispenser,player_e1f25bf3,baseline_division_of_labor,16a40caca170016e,423.20750022559685,64.00000000000023,1.0,0.0,1.0,1.0,0.2,"(5, 2)","[p(2, 2)_cs(1.0)_ws(0.2)]_[p(5, 2)_cs(0.2)_ws(1.0)]"
1171,plate,pick up,Dispenser_60,Dispenser,60,pick up plate from dispenser,player_e1f25bf3,baseline_division_of_labor,16a40caca170016e,423.20750022559685,0.0,1.0,0.0,1.0,1.0,0.2,"(5, 2)","[p(2, 2)_cs(1.0)_ws(0.2)]_[p(5, 2)_cs(0.2)_ws(1.0)]"
1220,plate,put down,Counter_33,Counter,33,put down plate on counter,player_e1f25bf3,baseline_division_of_labor,16a40caca170016e,468.4623342215358,45.25483399593895,1.0,0.0,1.0,1.0,0.2,"(5, 2)","[p(2, 2)_cs(1.0)_ws(0.2)]_[p(5, 2)_cs(0.2)_ws(1.0)]"
1279,tomato,pick up,Counter_32,Counter,32,pick up tomato from counter,player_e1f25bf3,baseline_division_of_labor,16a40caca170016e,484.46233422153597,16.00000000000017,1.0,0.0,1.0,1.0,0.2,"(5, 2)","[p(2, 2)_cs(1.0)_ws(0.2)]_[p(5, 2)_cs(0.2)_ws(1.0)]"
1311,tomato,start cutting,CuttingBoard_20,CuttingBoard,20,start cutting tomato,player_e1f25bf3,baseline_division_of_labor,16a40caca170016e,522.9692609464325,38.50692672489657,1.0,0.0,1.0,1.0,0.2,"(5, 2)","[p(2, 2)_cs(1.0)_ws(0.2)]_[p(5, 2)_cs(0.2)_ws(1.0)]"
1520,tomato_cut,pick up,CuttingBoard_20,CuttingBoard,20,pick up tomato_cut from cuttingboard,player_e1f25bf3,baseline_division_of_labor,16a40caca170016e,522.9692609464325,0.0,2.0,0.0,1.0,1.0,0.2,"(5, 2)","[p(2, 2)_cs(1.0)_ws(0.2)]_[p(5, 2)_cs(0.2)_ws(1.0)]"
1561,tomato_cut,assemble salad,Counter_33,Counter,33,assemble salad,player_e1f25bf3,baseline_division_of_labor,16a40caca170016e,554.9692609464329,32.00000000000034,2.0,0.0,1.0,1.0,0.2,"(5, 2)","[p(2, 2)_cs(1.0)_ws(0.2)]_[p(5, 2)_cs(0.2)_ws(1.0)]"
1578,tomato_salad,pick up,Counter_33,Counter,33,pick up tomato_salad from counter,player_e1f25bf3,baseline_division_of_labor,16a40caca170016e,554.9692609464329,0.0,2.0,0.0,1.0,1.0,0.2,"(5, 2)","[p(2, 2)_cs(1.0)_ws(0.2)]_[p(5, 2)_cs(0.2)_ws(1.0)]"
1642,tomato_salad,deliver,Delivery_63,Delivery,63,deliver tomato_salad,player_e1f25bf3,baseline_division_of_labor,16a40caca170016e,637.7427187372009,82.77345779076802,3.0,1.0,2.0,1.0,0.2,"(5, 2)","[p(2, 2)_cs(1.0)_ws(0.2)]_[p(5, 2)_cs(0.2)_ws(1.0)]"
1678,plate,pick up,Dispenser_60,Dispenser,60,pick up plate from dispenser,player_e1f25bf3,baseline_division_of_labor,16a40caca170016e,676.1539785772271,38.41125984002622,3.0,0.0,2.0,1.0,0.2,"(5, 2)","[p(2, 2)_cs(1.0)_ws(0.2)]_[p(5, 2)_cs(0.2)_ws(1.0)]"
1724,plate,put down,Counter_32,Counter,32,put down plate on counter,player_e1f25bf3,baseline_division_of_labor,16a40caca170016e,714.5610412439919,38.40706266676477,3.0,0.0,2.0,1.0,0.2,"(5, 2)","[p(2, 2)_cs(1.0)_ws(0.2)]_[p(5, 2)_cs(0.2)_ws(1.0)]"
1752,plate,pick up,Dispenser_60,Dispenser,60,pick up plate from dispenser,player_e1f25bf3,baseline_division_of_labor,16a40caca170016e,752.968103910757,38.407062666765114,3.0,0.0,2.0,1.0,0.2,"(5, 2)","[p(2, 2)_cs(1.0)_ws(0.2)]_[p(5, 2)_cs(0.2)_ws(1.0)]"
1790,plate,put down,Counter_33,Counter,33,put down plate on counter,player_e1f25bf3,baseline_division_of_labor,16a40caca170016e,798.2229379066966,45.254833995939634,3.0,0.0,2.0,1.0,0.2,"(5, 2)","[p(2, 2)_cs(1.0)_ws(0.2)]_[p(5, 2)_cs(0.2)_ws(1.0)]"
1823,tomato,pick up,Dispenser_40,Dispenser,40,pick up tomato from dispenser,player_e1f25bf3,baseline_division_of_labor,16a40caca170016e,830.222937906697,32.00000000000034,3.0,0.0,2.0,1.0,0.2,"(5, 2)","[p(2, 2)_cs(1.0)_ws(0.2)]_[p(5, 2)_cs(0.2)_ws(1.0)]"
1846,tomato,start cutting,CuttingBoard_20,CuttingBoard,20,start cutting tomato,player_e1f25bf3,baseline_division_of_labor,16a40caca170016e,862.2229379066972,32.00000000000023,3.0,0.0,2.0,1.0,0.2,"(5, 2)","[p(2, 2)_cs(1.0)_ws(0.2)]_[p(5, 2)_cs(0.2)_ws(1.0)]"
2054,tomato_cut,pick up,CuttingBoard_20,CuttingBoard,20,pick up tomato_cut from cuttingboard,player_e1f25bf3,baseline_division_of_labor,16a40caca170016e,862.2229379066972,0.0,3.0,0.0,2.0,1.0,0.2,"(5, 2)","[p(2, 2)_cs(1.0)_ws(0.2)]_[p(5, 2)_cs(0.2)_ws(1.0)]"
2082,tomato_cut,assemble salad,Counter_32,Counter,32,assemble salad,player_e1f25bf3,baseline_division_of_labor,16a40caca170016e,878.2229379066973,16.000000000000114,3.0,0.0,2.0,1.0,0.2,"(5, 2)","[p(2, 2)_cs(1.0)_ws(0.2)]_[p(5, 2)_cs(0.2)_ws(1.0)]"
2103,tomato,pick up,Dispenser_40,Dispenser,40,pick up tomato from dispenser,player_e1f25bf3,baseline_division_of_labor,16a40caca170016e,894.2229379066974,16.000000000000114,3.0,0.0,2.0,1.0,0.2,"(5, 2)","[p(2, 2)_cs(1.0)_ws(0.2)]_[p(5, 2)_cs(0.2)_ws(1.0)]"
2144,tomato,start cutting,CuttingBoard_10,CuttingBoard,10,start cutting tomato,player_e1f25bf3,baseline_division_of_labor,16a40caca170016e,942.2229379066979,48.000000000000455,3.0,0.0,2.0,1.0,0.2,"(5, 2)","[p(2, 2)_cs(1.0)_ws(0.2)]_[p(5, 2)_cs(0.2)_ws(1.0)]"
