tick,item,action,target,target_type,target_position,action_long,player_id,map_name,game_id,distance_walked,distance_walked_since_last_action,overall_score,player_score_change,player_score,walking_speed,cutting_speed,start_pos,condition,source,last_touched,touched_list,tomato_history,plate_history,is_exchange_collaboration
112,tomato,pick up,Dispenser_40,Dispenser,40,pick up tomato from dispenser,player_48f1ed0e,forced_division_of_labor,9859d653df03dfa9,22.62741699796952,0.0,0.0,0.0,0.0,1.0,1.0,"(5, 2)","[p(2, 2)_cs(1.0)_ws(1.0)]_[p(5, 2)_cs(1.0)_ws(1.0)]",player_48f1ed0e_actions,,[],,,
326,tomato,put down,Counter_33,Counter,33,put down tomato on counter,player_48f1ed0e,forced_division_of_labor,9859d653df03dfa9,54.62741699796952,32.0,0.0,0.0,0.0,1.0,1.0,"(5, 2)","[p(2, 2)_cs(1.0)_ws(1.0)]_[p(5, 2)_cs(1.0)_ws(1.0)]",player_48f1ed0e_actions,player_48f1ed0e,['player_48f1ed0e'],,,
349,tomato,pick up,Counter_33,Counter,33,pick up tomato from counter,player_50359a8d,forced_division_of_labor,9859d653df03dfa9,61.25483399593904,0.0,0.0,0.0,0.0,1.0,1.0,"(2, 2)","[p(2, 2)_cs(1.0)_ws(1.0)]_[p(5, 2)_cs(1.0)_ws(1.0)]",player_50359a8d_actions,player_48f1ed0e,['player_48f1ed0e'],,,True
374,tomato,start cutting,CuttingBoard_20,CuttingBoard,20,start cutting tomato,player_50359a8d,forced_division_of_labor,9859d653df03dfa9,93.25483399593904,32.0,0.0,0.0,0.0,1.0,1.0,"(2, 2)","[p(2, 2)_cs(1.0)_ws(1.0)]_[p(5, 2)_cs(1.0)_ws(1.0)]",player_50359a8d_actions,player_50359a8d,"['player_48f1ed0e', 'player_50359a8d']",,,
424,tomato_cut,pick up,CuttingBoard_20,CuttingBoard,20,pick up tomato_cut from cuttingboard,player_50359a8d,forced_division_of_labor,9859d653df03dfa9,93.25483399593904,0.0,0.0,0.0,0.0,1.0,1.0,"(2, 2)","[p(2, 2)_cs(1.0)_ws(1.0)]_[p(5, 2)_cs(1.0)_ws(1.0)]",player_50359a8d_actions,player_50359a8d,"['player_48f1ed0e', 'player_50359a8d']",,,False
441,tomato_cut,put down,Counter_32,Counter,32,put down tomato_cut on counter,player_50359a8d,forced_division_of_labor,9859d653df03dfa9,109.25483399593904,16.0,0.0,0.0,0.0,1.0,1.0,"(2, 2)","[p(2, 2)_cs(1.0)_ws(1.0)]_[p(5, 2)_cs(1.0)_ws(1.0)]",player_50359a8d_actions,player_50359a8d,"['player_48f1ed0e', 'player_50359a8d', 'player_50359a8d']",,,
455,tomato,pick up,Dispenser_40,Dispenser,40,pick up tomato from dispenser,player_48f1ed0e,forced_division_of_labor,9859d653df03dfa9,86.62741699796952,32.0,0.0,0.0,0.0,1.0,1.0,"(5, 2)","[p(2, 2)_cs(1.0)_ws(1.0)]_[p(5, 2)_cs(1.0)_ws(1.0)]",player_48f1ed0e_actions,,[],,,
504,tomato,put down,Counter_33,Counter,33,put down tomato on counter,player_48f1ed0e,forced_division_of_labor,9859d653df03dfa9,118.62741699796952,32.0,0.0,0.0,0.0,1.0,1.0,"(5, 2)","[p(2, 2)_cs(1.0)_ws(1.0)]_[p(5, 2)_cs(1.0)_ws(1.0)]",player_48f1ed0e_actions,player_48f1ed0e,['player_48f1ed0e'],,,
523,tomato,pick up,Counter_33,Counter,33,pick up tomato from counter,player_50359a8d,forced_division_of_labor,9859d653df03dfa9,125.25483399593904,16.0,0.0,0.0,0.0,1.0,1.0,"(2, 2)","[p(2, 2)_cs(1.0)_ws(1.0)]_[p(5, 2)_cs(1.0)_ws(1.0)]",player_50359a8d_actions,player_48f1ed0e,['player_48f1ed0e'],,,True
547,tomato,start cutting,CuttingBoard_20,CuttingBoard,20,start cutting tomato,player_50359a8d,forced_division_of_labor,9859d653df03dfa9,157.25483399593904,32.0,0.0,0.0,0.0,1.0,1.0,"(2, 2)","[p(2, 2)_cs(1.0)_ws(1.0)]_[p(5, 2)_cs(1.0)_ws(1.0)]",player_50359a8d_actions,player_50359a8d,"['player_48f1ed0e', 'player_50359a8d']",,,
596,tomato_cut,pick up,CuttingBoard_20,CuttingBoard,20,pick up tomato_cut from cuttingboard,player_50359a8d,forced_division_of_labor,9859d653df03dfa9,157.25483399593904,0.0,0.0,0.0,0.0,1.0,1.0,"(2, 2)","[p(2, 2)_cs(1.0)_ws(1.0)]_[p(5, 2)_cs(1.0)_ws(1.0)]",player_50359a8d_actions,player_50359a8d,"['player_48f1ed0e', 'player_50359a8d']",,,False
620,tomato_cut,put down,Counter_33,Counter,33,put down tomato_cut on counter,player_50359a8d,forced_division_of_labor,9859d653df03dfa9,189.25483399593904,32.0,0.0,0.0,0.0,1.0,1.0,"(2, 2)","[p(2, 2)_cs(1.0)_ws(1.0)]_[p(5, 2)_cs(1.0)_ws(1.0)]",player_50359a8d_actions,player_50359a8d,"['player_48f1ed0e', 'player_50359a8d', 'player_50359a8d']",,,
664,tomato,pick up,Dispenser_40,Dispenser,40,pick up tomato from dispenser,player_48f1ed0e,forced_division_of_labor,9859d653df03dfa9,150.62741699796953,32.000000000000014,0.0,0.0,0.0,1.0,1.0,"(5, 2)","[p(2, 2)_cs(1.0)_ws(1.0)]_[p(5, 2)_cs(1.0)_ws(1.0)]",player_48f1ed0e_actions,,[],,,
758,tomato,put down,Counter_34,Counter,34,put down tomato on counter,player_48f1ed0e,forced_division_of_labor,9859d653df03dfa9,198.62741699796953,48.0,0.0,0.0,0.0,1.0,1.0,"(5, 2)","[p(2, 2)_cs(1.0)_ws(1.0)]_[p(5, 2)_cs(1.0)_ws(1.0)]",player_48f1ed0e_actions,player_48f1ed0e,['player_48f1ed0e'],,,
771,tomato,pick up,Counter_34,Counter,34,pick up tomato from counter,player_50359a8d,forced_division_of_labor,9859d653df03dfa9,205.25483399593904,16.0,0.0,0.0,0.0,1.0,1.0,"(2, 2)","[p(2, 2)_cs(1.0)_ws(1.0)]_[p(5, 2)_cs(1.0)_ws(1.0)]",player_50359a8d_actions,player_48f1ed0e,['player_48f1ed0e'],,,True
803,tomato,start cutting,CuttingBoard_20,CuttingBoard,20,start cutting tomato,player_50359a8d,forced_division_of_labor,9859d653df03dfa9,253.25483399593904,48.0,0.0,0.0,0.0,1.0,1.0,"(2, 2)","[p(2, 2)_cs(1.0)_ws(1.0)]_[p(5, 2)_cs(1.0)_ws(1.0)]",player_50359a8d_actions,player_50359a8d,"['player_48f1ed0e', 'player_50359a8d']",,,
850,tomato_cut,pick up,CuttingBoard_20,CuttingBoard,20,pick up tomato_cut from cuttingboard,player_50359a8d,forced_division_of_labor,9859d653df03dfa9,253.25483399593904,0.0,0.0,0.0,0.0,1.0,1.0,"(2, 2)","[p(2, 2)_cs(1.0)_ws(1.0)]_[p(5, 2)_cs(1.0)_ws(1.0)]",player_50359a8d_actions,player_50359a8d,"['player_48f1ed0e', 'player_50359a8d']",,,False
883,tomato_cut,put down,Counter_34,Counter,34,put down tomato_cut on counter,player_50359a8d,forced_division_of_labor,9859d653df03dfa9,301.2548339959394,48.00000000000037,0.0,0.0,0.0,1.0,1.0,"(2, 2)","[p(2, 2)_cs(1.0)_ws(1.0)]_[p(5, 2)_cs(1.0)_ws(1.0)]",player_50359a8d_actions,player_50359a8d,"['player_48f1ed0e', 'player_50359a8d', 'player_50359a8d']",,,
1008,tomato_cut,pick up,Counter_33,Counter,33,pick up tomato_cut from counter,player_50359a8d,forced_division_of_labor,9859d653df03dfa9,317.25483399593946,16.000000000000057,0.0,0.0,0.0,1.0,1.0,"(2, 2)","[p(2, 2)_cs(1.0)_ws(1.0)]_[p(5, 2)_cs(1.0)_ws(1.0)]",player_50359a8d_actions,player_50359a8d,"['player_48f1ed0e', 'player_50359a8d', 'player_50359a8d']",,,False
1023,tomato_cut,put down,Counter_33,Counter,33,put down tomato_cut on counter,player_50359a8d,forced_division_of_labor,9859d653df03dfa9,317.25483399593946,0.0,0.0,0.0,0.0,1.0,1.0,"(2, 2)","[p(2, 2)_cs(1.0)_ws(1.0)]_[p(5, 2)_cs(1.0)_ws(1.0)]",player_50359a8d_actions,player_50359a8d,"['player_48f1ed0e', 'player_50359a8d', 'player_50359a8d', 'player_50359a8d']",,,
1115,tomato,pick up,Dispenser_40,Dispenser,40,pick up tomato from dispenser,player_48f1ed0e,forced_division_of_labor,9859d653df03dfa9,246.62741699796953,48.0,0.0,0.0,0.0,1.0,1.0,"(5, 2)","[p(2, 2)_cs(1.0)_ws(1.0)]_[p(5, 2)_cs(1.0)_ws(1.0)]",player_48f1ed0e_actions,,[],,,
1169,tomato,put down,Counter_35,Counter,35,put down tomato on counter,player_48f1ed0e,forced_division_of_labor,9859d653df03dfa9,310.6274169979698,64.00000000000028,0.0,0.0,0.0,1.0,1.0,"(5, 2)","[p(2, 2)_cs(1.0)_ws(1.0)]_[p(5, 2)_cs(1.0)_ws(1.0)]",player_48f1ed0e_actions,player_48f1ed0e,['player_48f1ed0e'],,,
1184,tomato,pick up,Counter_35,Counter,35,pick up tomato from counter,player_50359a8d,forced_division_of_labor,9859d653df03dfa9,458.0935772824386,140.83874328649915,0.0,0.0,0.0,1.0,1.0,"(2, 2)","[p(2, 2)_cs(1.0)_ws(1.0)]_[p(5, 2)_cs(1.0)_ws(1.0)]",player_50359a8d_actions,player_48f1ed0e,['player_48f1ed0e'],,,True
1223,tomato,start cutting,CuttingBoard_20,CuttingBoard,20,start cutting tomato,player_50359a8d,forced_division_of_labor,9859d653df03dfa9,522.093577282439,64.0000000000004,0.0,0.0,0.0,1.0,1.0,"(2, 2)","[p(2, 2)_cs(1.0)_ws(1.0)]_[p(5, 2)_cs(1.0)_ws(1.0)]",player_50359a8d_actions,player_50359a8d,"['player_48f1ed0e', 'player_50359a8d']",,,
1271,tomato_cut,pick up,CuttingBoard_20,CuttingBoard,20,pick up tomato_cut from cuttingboard,player_50359a8d,forced_division_of_labor,9859d653df03dfa9,522.093577282439,0.0,0.0,0.0,0.0,1.0,1.0,"(2, 2)","[p(2, 2)_cs(1.0)_ws(1.0)]_[p(5, 2)_cs(1.0)_ws(1.0)]",player_50359a8d_actions,player_50359a8d,"['player_48f1ed0e', 'player_50359a8d']",,,False
1319,tomato_cut,put down,Counter_35,Counter,35,put down tomato_cut on counter,player_50359a8d,forced_division_of_labor,9859d653df03dfa9,586.0935772824395,64.00000000000045,0.0,0.0,0.0,1.0,1.0,"(2, 2)","[p(2, 2)_cs(1.0)_ws(1.0)]_[p(5, 2)_cs(1.0)_ws(1.0)]",player_50359a8d_actions,player_50359a8d,"['player_48f1ed0e', 'player_50359a8d', 'player_50359a8d']",,,
1398,tomato_cut,pick up,Counter_35,Counter,35,pick up tomato_cut from counter,player_48f1ed0e,forced_division_of_labor,9859d653df03dfa9,310.6274169979698,0.0,0.0,0.0,0.0,1.0,1.0,"(5, 2)","[p(2, 2)_cs(1.0)_ws(1.0)]_[p(5, 2)_cs(1.0)_ws(1.0)]",player_48f1ed0e_actions,player_50359a8d,"['player_48f1ed0e', 'player_50359a8d', 'player_50359a8d']",,,True
1486,tomato_cut,pick up,Counter_34,Counter,34,pick up tomato_cut from counter,player_50359a8d,forced_division_of_labor,9859d653df03dfa9,602.0935772824395,16.0,0.0,0.0,0.0,1.0,1.0,"(2, 2)","[p(2, 2)_cs(1.0)_ws(1.0)]_[p(5, 2)_cs(1.0)_ws(1.0)]",player_50359a8d_actions,player_50359a8d,"['player_48f1ed0e', 'player_50359a8d', 'player_50359a8d']",,,False
1502,tomato_cut,put down,Dispenser_71,Dispenser,71,put down tomato_cut on dispenser,player_48f1ed0e,forced_division_of_labor,9859d653df03dfa9,387.56152142853824,76.93410443056842,0.0,0.0,0.0,1.0,1.0,"(5, 2)","[p(2, 2)_cs(1.0)_ws(1.0)]_[p(5, 2)_cs(1.0)_ws(1.0)]",player_48f1ed0e_actions,player_48f1ed0e,"['player_48f1ed0e', 'player_50359a8d', 'player_50359a8d', 'player_48f1ed0e']",,,
1502,plate,pick up,Dispenser_71,Dispenser,71,pick up plate from dispenser,player_48f1ed0e,forced_division_of_labor,9859d653df03dfa9,387.56152142853824,0.0,0.0,0.0,0.0,1.0,1.0,"(5, 2)","[p(2, 2)_cs(1.0)_ws(1.0)]_[p(5, 2)_cs(1.0)_ws(1.0)]",player_48f1ed0e_actions,,[],,,
1514,tomato_cut,put down,Counter_02,Counter,2,put down tomato_cut on counter,player_50359a8d,forced_division_of_labor,9859d653df03dfa9,640.5006399492038,38.40706266676432,0.0,0.0,0.0,1.0,1.0,"(2, 2)","[p(2, 2)_cs(1.0)_ws(1.0)]_[p(5, 2)_cs(1.0)_ws(1.0)]",player_50359a8d_actions,player_50359a8d,"['player_48f1ed0e', 'player_50359a8d', 'player_50359a8d', 'player_50359a8d']",,,
1556,plate,put down,Dispenser_50,Dispenser,50,put down plate on dispenser,player_48f1ed0e,forced_division_of_labor,9859d653df03dfa9,403.56152142853824,16.0,0.0,0.0,0.0,1.0,1.0,"(5, 2)","[p(2, 2)_cs(1.0)_ws(1.0)]_[p(5, 2)_cs(1.0)_ws(1.0)]",player_48f1ed0e_actions,player_48f1ed0e,['player_48f1ed0e'],,,
1556,tomato,pick up,Dispenser_50,Dispenser,50,pick up tomato from dispenser,player_48f1ed0e,forced_division_of_labor,9859d653df03dfa9,403.56152142853824,0.0,0.0,0.0,0.0,1.0,1.0,"(5, 2)","[p(2, 2)_cs(1.0)_ws(1.0)]_[p(5, 2)_cs(1.0)_ws(1.0)]",player_48f1ed0e_actions,,[],,,
1677,tomato,put down,Counter_33,Counter,33,put down tomato on counter,player_48f1ed0e,forced_division_of_labor,9859d653df03dfa9,464.5960010932727,61.03447966473448,0.0,0.0,0.0,1.0,1.0,"(5, 2)","[p(2, 2)_cs(1.0)_ws(1.0)]_[p(5, 2)_cs(1.0)_ws(1.0)]",player_48f1ed0e_actions,player_48f1ed0e,['player_48f1ed0e'],,,
1677,tomato_cut,pick up,Counter_33,Counter,33,pick up tomato_cut from counter,player_48f1ed0e,forced_division_of_labor,9859d653df03dfa9,464.5960010932727,0.0,0.0,0.0,0.0,1.0,1.0,"(5, 2)","[p(2, 2)_cs(1.0)_ws(1.0)]_[p(5, 2)_cs(1.0)_ws(1.0)]",player_48f1ed0e_actions,player_48f1ed0e,['player_48f1ed0e'],,,False
1710,tomato,pick up,Counter_33,Counter,33,pick up tomato from counter,player_50359a8d,forced_division_of_labor,9859d653df03dfa9,663.1280569471734,22.62741699796959,0.0,0.0,0.0,1.0,1.0,"(2, 2)","[p(2, 2)_cs(1.0)_ws(1.0)]_[p(5, 2)_cs(1.0)_ws(1.0)]",player_50359a8d_actions,player_48f1ed0e,['player_48f1ed0e'],,,True
1737,tomato,start cutting,CuttingBoard_20,CuttingBoard,20,start cutting tomato,player_50359a8d,forced_division_of_labor,9859d653df03dfa9,695.1280569471737,32.00000000000034,0.0,0.0,0.0,1.0,1.0,"(2, 2)","[p(2, 2)_cs(1.0)_ws(1.0)]_[p(5, 2)_cs(1.0)_ws(1.0)]",player_50359a8d_actions,player_50359a8d,"['player_48f1ed0e', 'player_50359a8d']",,,
1790,tomato_cut,pick up,CuttingBoard_20,CuttingBoard,20,pick up tomato_cut from cuttingboard,player_50359a8d,forced_division_of_labor,9859d653df03dfa9,695.1280569471737,0.0,0.0,0.0,0.0,1.0,1.0,"(2, 2)","[p(2, 2)_cs(1.0)_ws(1.0)]_[p(5, 2)_cs(1.0)_ws(1.0)]",player_50359a8d_actions,player_50359a8d,"['player_48f1ed0e', 'player_50359a8d']",,,False
1815,tomato_cut,put down,Counter_33,Counter,33,put down tomato_cut on counter,player_50359a8d,forced_division_of_labor,9859d653df03dfa9,727.1280569471741,32.00000000000034,0.0,0.0,0.0,1.0,1.0,"(2, 2)","[p(2, 2)_cs(1.0)_ws(1.0)]_[p(5, 2)_cs(1.0)_ws(1.0)]",player_50359a8d_actions,player_50359a8d,"['player_48f1ed0e', 'player_50359a8d', 'player_50359a8d']",,,
1828,tomato_cut,pick up,Counter_33,Counter,33,pick up tomato_cut from counter,player_50359a8d,forced_division_of_labor,9859d653df03dfa9,727.1280569471741,0.0,0.0,0.0,0.0,1.0,1.0,"(2, 2)","[p(2, 2)_cs(1.0)_ws(1.0)]_[p(5, 2)_cs(1.0)_ws(1.0)]",player_50359a8d_actions,player_50359a8d,"['player_48f1ed0e', 'player_50359a8d', 'player_50359a8d']",,,False
1841,tomato_cut,put down,Counter_33,Counter,33,put down tomato_cut on counter,player_48f1ed0e,forced_division_of_labor,9859d653df03dfa9,519.2234180912424,54.62741699796965,0.0,0.0,0.0,1.0,1.0,"(5, 2)","[p(2, 2)_cs(1.0)_ws(1.0)]_[p(5, 2)_cs(1.0)_ws(1.0)]",player_48f1ed0e_actions,player_48f1ed0e,"['player_48f1ed0e', 'player_50359a8d', 'player_50359a8d', 'player_48f1ed0e']",,,
1854,tomato_cut,put down,Counter_35,Counter,35,put down tomato_cut on counter,player_50359a8d,forced_division_of_labor,9859d653df03dfa9,759.1280569471742,32.000000000000114,0.0,0.0,0.0,1.0,1.0,"(2, 2)","[p(2, 2)_cs(1.0)_ws(1.0)]_[p(5, 2)_cs(1.0)_ws(1.0)]",player_50359a8d_actions,player_50359a8d,"['player_48f1ed0e', 'player_50359a8d', 'player_50359a8d', 'player_48f1ed0e', 'player_50359a8d']",,,
1929,plate,pick up,Dispenser_71,Dispenser,71,pick up plate from dispenser,player_48f1ed0e,forced_division_of_labor,9859d653df03dfa9,564.478252087182,45.254833995939634,0.0,0.0,0.0,1.0,1.0,"(5, 2)","[p(2, 2)_cs(1.0)_ws(1.0)]_[p(5, 2)_cs(1.0)_ws(1.0)]",player_48f1ed0e_actions,,[],,,
1999,plate,put down,Counter_34,Counter,34,put down plate on counter,player_48f1ed0e,forced_division_of_labor,9859d653df03dfa9,625.3944389897204,60.91618690253836,0.0,0.0,0.0,1.0,1.0,"(5, 2)","[p(2, 2)_cs(1.0)_ws(1.0)]_[p(5, 2)_cs(1.0)_ws(1.0)]",player_48f1ed0e_actions,player_48f1ed0e,['player_48f1ed0e'],,,
2038,tomato_cut,pick up,Counter_33,Counter,33,pick up tomato_cut from counter,player_48f1ed0e,forced_division_of_labor,9859d653df03dfa9,641.3944389897205,16.000000000000114,0.0,0.0,0.0,1.0,1.0,"(5, 2)","[p(2, 2)_cs(1.0)_ws(1.0)]_[p(5, 2)_cs(1.0)_ws(1.0)]",player_48f1ed0e_actions,player_50359a8d,"['player_48f1ed0e', 'player_50359a8d', 'player_50359a8d', 'player_48f1ed0e', 'player_50359a8d']",,,True
2070,tomato_cut,assemble salad,Counter_34,Counter,34,assemble salad,player_48f1ed0e,forced_division_of_labor,9859d653df03dfa9,657.3944389897206,16.000000000000114,0.0,0.0,0.0,1.0,1.0,"(5, 2)","[p(2, 2)_cs(1.0)_ws(1.0)]_[p(5, 2)_cs(1.0)_ws(1.0)]",player_48f1ed0e_actions,player_48f1ed0e,['player_48f1ed0e'],"['player_48f1ed0e', 'player_50359a8d', 'player_50359a8d', 'player_48f1ed0e', 'player_50359a8d', 'player_48f1ed0e']",['player_48f1ed0e'],False
2109,tomato_salad,pick up,Counter_34,Counter,34,pick up tomato_salad from counter,player_48f1ed0e,forced_division_of_labor,9859d653df03dfa9,657.3944389897206,0.0,0.0,0.0,0.0,1.0,1.0,"(5, 2)","[p(2, 2)_cs(1.0)_ws(1.0)]_[p(5, 2)_cs(1.0)_ws(1.0)]",player_48f1ed0e_actions,player_48f1ed0e,['player_48f1ed0e'],"['player_48f1ed0e', 'player_50359a8d', 'player_50359a8d', 'player_48f1ed0e', 'player_50359a8d', 'player_48f1ed0e']",['player_48f1ed0e'],False
2132,tomato_salad,deliver,Delivery_64,Delivery,64,deliver tomato_salad,player_48f1ed0e,forced_division_of_labor,9859d653df03dfa9,673.3944389897206,16.0,1.0,1.0,1.0,1.0,1.0,"(5, 2)","[p(2, 2)_cs(1.0)_ws(1.0)]_[p(5, 2)_cs(1.0)_ws(1.0)]",player_48f1ed0e_actions,player_48f1ed0e,"['player_48f1ed0e', 'player_48f1ed0e']","['player_48f1ed0e', 'player_50359a8d', 'player_50359a8d', 'player_48f1ed0e', 'player_50359a8d', 'player_48f1ed0e']",['player_48f1ed0e'],
2157,tomato_cut,pick up,Counter_32,Counter,32,pick up tomato_cut from counter,player_50359a8d,forced_division_of_labor,9859d653df03dfa9,807.1280569471744,48.00000000000023,1.0,0.0,0.0,1.0,1.0,"(2, 2)","[p(2, 2)_cs(1.0)_ws(1.0)]_[p(5, 2)_cs(1.0)_ws(1.0)]",player_50359a8d_actions,player_50359a8d,"['player_48f1ed0e', 'player_50359a8d', 'player_50359a8d']",,,False
