{"agents": {"player_50359a8d": {"initial_state": {"agent_id": "player_50359a8d", "x": 40, "y": 40, "item": null, "url_params": {"gameType": ["tomatoSaladOnly"], "PROLIFIC_PID": ["6722ea20fb84b196f0a649b6"], "map": ["forced_division_of_labor"], "cutting_speed_p1": ["1"], "walking_speed_p1": ["1"], "cutting_speed_p2": ["1"], "walking_speed_p2": ["1"], "slot_x_p1": ["2"], "slot_y_p1": ["2"], "slot_x_p2": ["5"], "slot_y_p2": ["2"], "EIO": ["4"], "transport": ["polling"], "t": ["PZtt-Hj"]}, "cut_speed": 1.0, "walk_speed": 30.0, "player_nr": 1}, "player_score": 0.0, "total_actions": 27, "first_action_tick": 349, "last_action_tick": 2157}, "player_48f1ed0e": {"initial_state": {"agent_id": "player_48f1ed0e", "x": 88, "y": 40, "item": null, "url_params": {"gameType": ["tomatoSaladOnly"], "PROLIFIC_PID": ["undefined"], "map": ["forced_division_of_labor"], "cutting_speed_p1": ["1"], "walking_speed_p1": ["1"], "cutting_speed_p2": ["1"], "walking_speed_p2": ["1"], "slot_x_p1": ["2"], "slot_y_p1": ["2"], "slot_x_p2": ["5"], "slot_y_p2": ["2"], "EIO": ["4"], "transport": ["polling"], "t": ["PZtt-Ke"]}, "cut_speed": 1.0, "walk_speed": 30.0, "player_nr": 2}, "player_score": 1.0, "total_actions": 22, "first_action_tick": 112, "last_action_tick": 2132}}, "map_name": "forced_division_of_labor", "final_score": 1.0}