{"agents": {"player_393cd779": {"initial_state": {"agent_id": "player_393cd779", "x": 40, "y": 40, "item": null, "url_params": {"gameType": ["tomatoSaladOnly"], "PROLIFIC_PID": ["62029b00ef1cb18a1337c761"], "map": ["baseline_division_of_labor"], "cutting_speed_p1": ["1"], "walking_speed_p1": ["0.2"], "cutting_speed_p2": ["0.2"], "walking_speed_p2": ["1"], "slot_x_p1": ["2"], "slot_y_p1": ["2"], "slot_x_p2": ["5"], "slot_y_p2": ["2"], "EIO": ["4"], "transport": ["polling"], "t": ["PZzbKkW"]}, "cut_speed": 1.0, "walk_speed": 6.0, "player_nr": 1}, "player_score": 1.0, "total_actions": 19, "first_action_tick": 176, "last_action_tick": 2159}, "player_54dc815e": {"initial_state": {"agent_id": "player_54dc815e", "x": 88, "y": 40, "item": null, "url_params": {"gameType": ["tomatoSaladOnly"], "PROLIFIC_PID": ["61bb392e40db417c1a138dcb"], "map": ["baseline_division_of_labor"], "cutting_speed_p1": ["1"], "walking_speed_p1": ["0.2"], "cutting_speed_p2": ["0.2"], "walking_speed_p2": ["1"], "slot_x_p1": ["2"], "slot_y_p1": ["2"], "slot_x_p2": ["5"], "slot_y_p2": ["2"], "EIO": ["4"], "transport": ["polling"], "t": ["PZzbKe1"]}, "cut_speed": 0.2, "walk_speed": 30.0, "player_nr": 2}, "player_score": 3.0, "total_actions": 26, "first_action_tick": 98, "last_action_tick": 2051}}, "map_name": "baseline_division_of_labor", "final_score": 4.0}