tick,item,action,target,target_type,target_position,action_long,player_id,map_name,game_id,distance_walked,distance_walked_since_last_action,overall_score,player_score_change,player_score,walking_speed,cutting_speed,start_pos,condition
176,plate,pick up,Dispenser_71,Dispenser,71,pick up plate from dispenser,player_393cd779,baseline_division_of_labor,4441f69ac1b62e19,69.36564238863083,0.0,0.0,0.0,0.0,0.2,1.0,"(2, 2)","[p(2, 2)_cs(1.0)_ws(0.2)]_[p(5, 2)_cs(0.2)_ws(1.0)]"
269,plate,put down,Counter_32,Counter,32,put down plate on counter,player_393cd779,baseline_division_of_labor,4441f69ac1b62e19,107.90076373156046,38.53512134292963,0.0,0.0,0.0,0.2,1.0,"(2, 2)","[p(2, 2)_cs(1.0)_ws(0.2)]_[p(5, 2)_cs(0.2)_ws(1.0)]"
369,plate,pick up,Dispenser_71,Dispenser,71,pick up plate from dispenser,player_393cd779,baseline_division_of_labor,4441f69ac1b62e19,146.43588507449005,38.535121342929585,0.0,0.0,0.0,0.2,1.0,"(2, 2)","[p(2, 2)_cs(1.0)_ws(0.2)]_[p(5, 2)_cs(0.2)_ws(1.0)]"
539,plate,put down,Dispenser_40,Dispenser,40,put down plate on dispenser,player_393cd779,baseline_division_of_labor,4441f69ac1b62e19,223.15070200674955,76.71481693225951,0.0,0.0,0.0,0.2,1.0,"(2, 2)","[p(2, 2)_cs(1.0)_ws(0.2)]_[p(5, 2)_cs(0.2)_ws(1.0)]"
539,tomato,pick up,Dispenser_40,Dispenser,40,pick up tomato from dispenser,player_393cd779,baseline_division_of_labor,4441f69ac1b62e19,223.15070200674955,0.0,0.0,0.0,0.0,0.2,1.0,"(2, 2)","[p(2, 2)_cs(1.0)_ws(0.2)]_[p(5, 2)_cs(0.2)_ws(1.0)]"
658,tomato,start cutting,CuttingBoard_10,CuttingBoard,10,start cutting tomato,player_393cd779,baseline_division_of_labor,4441f69ac1b62e19,271.15070200674893,47.999999999999375,0.0,0.0,0.0,0.2,1.0,"(2, 2)","[p(2, 2)_cs(1.0)_ws(0.2)]_[p(5, 2)_cs(0.2)_ws(1.0)]"
710,tomato_cut,pick up,CuttingBoard_10,CuttingBoard,10,pick up tomato_cut from cuttingboard,player_393cd779,baseline_division_of_labor,4441f69ac1b62e19,271.15070200674893,0.0,0.0,0.0,0.0,0.2,1.0,"(2, 2)","[p(2, 2)_cs(1.0)_ws(0.2)]_[p(5, 2)_cs(0.2)_ws(1.0)]"
802,tomato_cut,assemble salad,Counter_33,Counter,33,assemble salad,player_393cd779,baseline_division_of_labor,4441f69ac1b62e19,309.684068125817,38.53336611906809,0.0,0.0,0.0,0.2,1.0,"(2, 2)","[p(2, 2)_cs(1.0)_ws(0.2)]_[p(5, 2)_cs(0.2)_ws(1.0)]"
836,tomato_salad,pick up,Counter_33,Counter,33,pick up tomato_salad from counter,player_393cd779,baseline_division_of_labor,4441f69ac1b62e19,309.684068125817,0.0,1.0,0.0,0.0,0.2,1.0,"(2, 2)","[p(2, 2)_cs(1.0)_ws(0.2)]_[p(5, 2)_cs(0.2)_ws(1.0)]"
1062,tomato_salad,deliver,Delivery_64,Delivery,64,deliver tomato_salad,player_393cd779,baseline_division_of_labor,4441f69ac1b62e19,408.854334501426,99.170266375609,2.0,1.0,1.0,0.2,1.0,"(2, 2)","[p(2, 2)_cs(1.0)_ws(0.2)]_[p(5, 2)_cs(0.2)_ws(1.0)]"
1193,plate,pick up,Dispenser_71,Dispenser,71,pick up plate from dispenser,player_393cd779,baseline_division_of_labor,4441f69ac1b62e19,463.3877006204946,54.5333661190686,2.0,0.0,1.0,0.2,1.0,"(2, 2)","[p(2, 2)_cs(1.0)_ws(0.2)]_[p(5, 2)_cs(0.2)_ws(1.0)]"
1289,plate,put down,Counter_32,Counter,32,put down plate on counter,player_393cd779,baseline_division_of_labor,4441f69ac1b62e19,501.92282196342387,38.535121342929244,2.0,0.0,1.0,0.2,1.0,"(2, 2)","[p(2, 2)_cs(1.0)_ws(0.2)]_[p(5, 2)_cs(0.2)_ws(1.0)]"
1394,plate,pick up,Dispenser_71,Dispenser,71,pick up plate from dispenser,player_393cd779,baseline_division_of_labor,4441f69ac1b62e19,540.4579433063536,38.535121342929756,3.0,0.0,1.0,0.2,1.0,"(2, 2)","[p(2, 2)_cs(1.0)_ws(0.2)]_[p(5, 2)_cs(0.2)_ws(1.0)]"
1512,plate,put down,Counter_33,Counter,33,put down plate on counter,player_393cd779,baseline_division_of_labor,4441f69ac1b62e19,585.7127773022894,45.25483399593577,3.0,0.0,1.0,0.2,1.0,"(2, 2)","[p(2, 2)_cs(1.0)_ws(0.2)]_[p(5, 2)_cs(0.2)_ws(1.0)]"
1642,plate,pick up,Dispenser_71,Dispenser,71,pick up plate from dispenser,player_393cd779,baseline_division_of_labor,4441f69ac1b62e19,630.9676112982252,45.25483399593577,3.0,0.0,1.0,0.2,1.0,"(2, 2)","[p(2, 2)_cs(1.0)_ws(0.2)]_[p(5, 2)_cs(0.2)_ws(1.0)]"
1817,plate,put down,Counter_35,Counter,35,put down plate on counter,player_393cd779,baseline_division_of_labor,4441f69ac1b62e19,708.0213417457254,77.05373044750024,3.0,0.0,1.0,0.2,1.0,"(2, 2)","[p(2, 2)_cs(1.0)_ws(0.2)]_[p(5, 2)_cs(0.2)_ws(1.0)]"
1976,tomato,pick up,Dispenser_40,Dispenser,40,pick up tomato from dispenser,player_393cd779,baseline_division_of_labor,4441f69ac1b62e19,772.0213417457234,63.999999999997954,4.0,0.0,1.0,0.2,1.0,"(2, 2)","[p(2, 2)_cs(1.0)_ws(0.2)]_[p(5, 2)_cs(0.2)_ws(1.0)]"
2088,tomato,start cutting,CuttingBoard_10,CuttingBoard,10,start cutting tomato,player_393cd779,baseline_division_of_labor,4441f69ac1b62e19,820.0213417457213,47.999999999997954,4.0,0.0,1.0,0.2,1.0,"(2, 2)","[p(2, 2)_cs(1.0)_ws(0.2)]_[p(5, 2)_cs(0.2)_ws(1.0)]"
2159,tomato_cut,pick up,CuttingBoard_10,CuttingBoard,10,pick up tomato_cut from cuttingboard,player_393cd779,baseline_division_of_labor,4441f69ac1b62e19,820.0213417457213,0.0,4.0,0.0,1.0,0.2,1.0,"(2, 2)","[p(2, 2)_cs(1.0)_ws(0.2)]_[p(5, 2)_cs(0.2)_ws(1.0)]"
