tick,item,action,target,target_type,target_position,action_long,player_id,map_name,game_id,distance_walked,distance_walked_since_last_action,overall_score,player_score_change,player_score,walking_speed,cutting_speed,start_pos,condition
98,tomato,pick up,Dispenser_40,Dispenser,40,pick up tomato from dispenser,player_54dc815e,baseline_division_of_labor,4441f69ac1b62e19,22.62741699796952,0.0,0.0,0.0,0.0,1.0,0.2,"(5, 2)","[p(2, 2)_cs(1.0)_ws(0.2)]_[p(5, 2)_cs(0.2)_ws(1.0)]"
138,tomato,start cutting,CuttingBoard_20,CuttingBoard,20,start cutting tomato,player_54dc815e,baseline_division_of_labor,4441f69ac1b62e19,54.62741699796952,32.0,0.0,0.0,0.0,1.0,0.2,"(5, 2)","[p(2, 2)_cs(1.0)_ws(0.2)]_[p(5, 2)_cs(0.2)_ws(1.0)]"
284,plate,pick up,Dispenser_60,Dispenser,60,pick up plate from dispenser,player_54dc815e,baseline_division_of_labor,4441f69ac1b62e19,118.62741699796952,64.0,0.0,0.0,0.0,1.0,0.2,"(5, 2)","[p(2, 2)_cs(1.0)_ws(0.2)]_[p(5, 2)_cs(0.2)_ws(1.0)]"
334,plate,put down,Counter_33,Counter,33,put down plate on counter,player_54dc815e,baseline_division_of_labor,4441f69ac1b62e19,163.88225099390868,45.254833995939165,0.0,0.0,0.0,1.0,0.2,"(5, 2)","[p(2, 2)_cs(1.0)_ws(0.2)]_[p(5, 2)_cs(0.2)_ws(1.0)]"
399,plate,pick up,Dispenser_60,Dispenser,60,pick up plate from dispenser,player_54dc815e,baseline_division_of_labor,4441f69ac1b62e19,209.1370849898479,45.25483399593921,0.0,0.0,0.0,1.0,0.2,"(5, 2)","[p(2, 2)_cs(1.0)_ws(0.2)]_[p(5, 2)_cs(0.2)_ws(1.0)]"
451,plate,put down,Counter_34,Counter,34,put down plate on counter,player_54dc815e,baseline_division_of_labor,4441f69ac1b62e19,270.0532718923861,60.916186902538186,0.0,0.0,0.0,1.0,0.2,"(5, 2)","[p(2, 2)_cs(1.0)_ws(0.2)]_[p(5, 2)_cs(0.2)_ws(1.0)]"
655,tomato_cut,pick up,CuttingBoard_20,CuttingBoard,20,pick up tomato_cut from cuttingboard,player_54dc815e,baseline_division_of_labor,4441f69ac1b62e19,340.2435935539947,70.1903216616086,0.0,0.0,0.0,1.0,0.2,"(5, 2)","[p(2, 2)_cs(1.0)_ws(0.2)]_[p(5, 2)_cs(0.2)_ws(1.0)]"
699,tomato_cut,assemble salad,Counter_32,Counter,32,assemble salad,player_54dc815e,baseline_division_of_labor,4441f69ac1b62e19,356.2435935539948,16.000000000000114,0.0,0.0,0.0,1.0,0.2,"(5, 2)","[p(2, 2)_cs(1.0)_ws(0.2)]_[p(5, 2)_cs(0.2)_ws(1.0)]"
764,tomato_salad,pick up,Counter_32,Counter,32,pick up tomato_salad from counter,player_54dc815e,baseline_division_of_labor,4441f69ac1b62e19,356.2435935539948,0.0,0.0,0.0,0.0,1.0,0.2,"(5, 2)","[p(2, 2)_cs(1.0)_ws(0.2)]_[p(5, 2)_cs(0.2)_ws(1.0)]"
806,tomato_salad,deliver,Delivery_63,Delivery,63,deliver tomato_salad,player_54dc815e,baseline_division_of_labor,4441f69ac1b62e19,401.4984275499337,45.254833995938895,1.0,1.0,1.0,1.0,0.2,"(5, 2)","[p(2, 2)_cs(1.0)_ws(0.2)]_[p(5, 2)_cs(0.2)_ws(1.0)]"
957,tomato,pick up,Dispenser_40,Dispenser,40,pick up tomato from dispenser,player_54dc815e,baseline_division_of_labor,4441f69ac1b62e19,439.90968738995986,38.41125984002616,1.0,0.0,1.0,1.0,0.2,"(5, 2)","[p(2, 2)_cs(1.0)_ws(0.2)]_[p(5, 2)_cs(0.2)_ws(1.0)]"
989,tomato,start cutting,CuttingBoard_20,CuttingBoard,20,start cutting tomato,player_54dc815e,baseline_division_of_labor,4441f69ac1b62e19,471.90968738996,32.00000000000017,1.0,0.0,1.0,1.0,0.2,"(5, 2)","[p(2, 2)_cs(1.0)_ws(0.2)]_[p(5, 2)_cs(0.2)_ws(1.0)]"
1213,tomato_cut,pick up,CuttingBoard_20,CuttingBoard,20,pick up tomato_cut from cuttingboard,player_54dc815e,baseline_division_of_labor,4441f69ac1b62e19,471.90968738996,0.0,2.0,0.0,1.0,1.0,0.2,"(5, 2)","[p(2, 2)_cs(1.0)_ws(0.2)]_[p(5, 2)_cs(0.2)_ws(1.0)]"
1274,tomato_cut,assemble salad,Counter_34,Counter,34,assemble salad,player_54dc815e,baseline_division_of_labor,4441f69ac1b62e19,519.9096873899605,48.000000000000455,2.0,0.0,1.0,1.0,0.2,"(5, 2)","[p(2, 2)_cs(1.0)_ws(0.2)]_[p(5, 2)_cs(0.2)_ws(1.0)]"
1290,tomato_salad,pick up,Counter_34,Counter,34,pick up tomato_salad from counter,player_54dc815e,baseline_division_of_labor,4441f69ac1b62e19,519.9096873899605,0.0,2.0,0.0,1.0,1.0,0.2,"(5, 2)","[p(2, 2)_cs(1.0)_ws(0.2)]_[p(5, 2)_cs(0.2)_ws(1.0)]"
1359,tomato_salad,deliver,Delivery_63,Delivery,63,deliver tomato_salad,player_54dc815e,baseline_division_of_labor,4441f69ac1b62e19,618.2404048435315,98.33071745357097,3.0,1.0,2.0,1.0,0.2,"(5, 2)","[p(2, 2)_cs(1.0)_ws(0.2)]_[p(5, 2)_cs(0.2)_ws(1.0)]"
1408,tomato,pick up,Dispenser_40,Dispenser,40,pick up tomato from dispenser,player_54dc815e,baseline_division_of_labor,4441f69ac1b62e19,656.6516646835577,38.41125984002622,3.0,0.0,2.0,1.0,0.2,"(5, 2)","[p(2, 2)_cs(1.0)_ws(0.2)]_[p(5, 2)_cs(0.2)_ws(1.0)]"
1433,tomato,start cutting,CuttingBoard_20,CuttingBoard,20,start cutting tomato,player_54dc815e,baseline_division_of_labor,4441f69ac1b62e19,688.6516646835579,32.00000000000023,3.0,0.0,2.0,1.0,0.2,"(5, 2)","[p(2, 2)_cs(1.0)_ws(0.2)]_[p(5, 2)_cs(0.2)_ws(1.0)]"
1486,plate,pick up,Dispenser_60,Dispenser,60,pick up plate from dispenser,player_54dc815e,baseline_division_of_labor,4441f69ac1b62e19,752.6516646835581,64.00000000000023,3.0,0.0,2.0,1.0,0.2,"(5, 2)","[p(2, 2)_cs(1.0)_ws(0.2)]_[p(5, 2)_cs(0.2)_ws(1.0)]"
1554,plate,put down,Counter_34,Counter,34,put down plate on counter,player_54dc815e,baseline_division_of_labor,4441f69ac1b62e19,813.9064986794979,61.25483399593975,3.0,0.0,2.0,1.0,0.2,"(5, 2)","[p(2, 2)_cs(1.0)_ws(0.2)]_[p(5, 2)_cs(0.2)_ws(1.0)]"
1798,tomato_cut,pick up,CuttingBoard_20,CuttingBoard,20,pick up tomato_cut from cuttingboard,player_54dc815e,baseline_division_of_labor,4441f69ac1b62e19,884.096820341106,70.1903216616081,3.0,0.0,2.0,1.0,0.2,"(5, 2)","[p(2, 2)_cs(1.0)_ws(0.2)]_[p(5, 2)_cs(0.2)_ws(1.0)]"
1835,tomato_cut,assemble salad,Counter_32,Counter,32,assemble salad,player_54dc815e,baseline_division_of_labor,4441f69ac1b62e19,900.0968203411062,16.000000000000227,3.0,0.0,2.0,1.0,0.2,"(5, 2)","[p(2, 2)_cs(1.0)_ws(0.2)]_[p(5, 2)_cs(0.2)_ws(1.0)]"
1878,tomato_salad,pick up,Counter_32,Counter,32,pick up tomato_salad from counter,player_54dc815e,baseline_division_of_labor,4441f69ac1b62e19,900.0968203411062,0.0,3.0,0.0,2.0,1.0,0.2,"(5, 2)","[p(2, 2)_cs(1.0)_ws(0.2)]_[p(5, 2)_cs(0.2)_ws(1.0)]"
1916,tomato_salad,deliver,Delivery_63,Delivery,63,deliver tomato_salad,player_54dc815e,baseline_division_of_labor,4441f69ac1b62e19,945.3516543370458,45.254833995939634,4.0,1.0,3.0,1.0,0.2,"(5, 2)","[p(2, 2)_cs(1.0)_ws(0.2)]_[p(5, 2)_cs(0.2)_ws(1.0)]"
2010,tomato,pick up,Dispenser_50,Dispenser,50,pick up tomato from dispenser,player_54dc815e,baseline_division_of_labor,4441f69ac1b62e19,977.3516543370462,32.00000000000034,4.0,0.0,3.0,1.0,0.2,"(5, 2)","[p(2, 2)_cs(1.0)_ws(0.2)]_[p(5, 2)_cs(0.2)_ws(1.0)]"
2051,tomato,start cutting,CuttingBoard_20,CuttingBoard,20,start cutting tomato,player_54dc815e,baseline_division_of_labor,4441f69ac1b62e19,1025.3516543370463,48.000000000000114,4.0,0.0,3.0,1.0,0.2,"(5, 2)","[p(2, 2)_cs(1.0)_ws(0.2)]_[p(5, 2)_cs(0.2)_ws(1.0)]"
