tick,item,action,target,target_type,target_position,action_long,player_id,map_name,game_id,distance_walked,distance_walked_since_last_action,overall_score,player_score_change,player_score,walking_speed,cutting_speed,start_pos,condition,source,last_touched,touched_list,tomato_history,plate_history,is_exchange_collaboration
72,tomato,pick up,Dispenser_40,Dispenser,40,pick up tomato from dispenser,player_9c775509,forced_division_of_labor,57d5b99d02882e09,22.62741699796952,0.0,0.0,0.0,0.0,1.0,1.0,"(5, 2)","[p(2, 2)_cs(1.0)_ws(1.0)]_[p(5, 2)_cs(1.0)_ws(1.0)]",player_9c775509_actions,,[],,,
108,tomato,put down,Counter_32,Counter,32,put down tomato on counter,player_9c775509,forced_division_of_labor,57d5b99d02882e09,38.62741699796952,16.0,0.0,0.0,0.0,1.0,1.0,"(5, 2)","[p(2, 2)_cs(1.0)_ws(1.0)]_[p(5, 2)_cs(1.0)_ws(1.0)]",player_9c775509_actions,player_9c775509,['player_9c775509'],,,
165,tomato,pick up,Dispenser_40,Dispenser,40,pick up tomato from dispenser,player_9c775509,forced_division_of_labor,57d5b99d02882e09,54.62741699796952,16.0,0.0,0.0,0.0,1.0,1.0,"(5, 2)","[p(2, 2)_cs(1.0)_ws(1.0)]_[p(5, 2)_cs(1.0)_ws(1.0)]",player_9c775509_actions,,[],,,
170,tomato,pick up,Counter_32,Counter,32,pick up tomato from counter,player_8297ccbe,forced_division_of_labor,57d5b99d02882e09,58.06661179976457,0.0,0.0,0.0,0.0,1.0,1.0,"(2, 2)","[p(2, 2)_cs(1.0)_ws(1.0)]_[p(5, 2)_cs(1.0)_ws(1.0)]",player_8297ccbe_actions,player_9c775509,['player_9c775509'],,,True
195,tomato,start cutting,CuttingBoard_20,CuttingBoard,20,start cutting tomato,player_8297ccbe,forced_division_of_labor,57d5b99d02882e09,74.06661179976457,16.0,0.0,0.0,0.0,1.0,1.0,"(2, 2)","[p(2, 2)_cs(1.0)_ws(1.0)]_[p(5, 2)_cs(1.0)_ws(1.0)]",player_8297ccbe_actions,player_8297ccbe,"['player_9c775509', 'player_8297ccbe']",,,
201,tomato,put down,Counter_33,Counter,33,put down tomato on counter,player_9c775509,forced_division_of_labor,57d5b99d02882e09,86.62741699796952,32.0,0.0,0.0,0.0,1.0,1.0,"(5, 2)","[p(2, 2)_cs(1.0)_ws(1.0)]_[p(5, 2)_cs(1.0)_ws(1.0)]",player_9c775509_actions,player_9c775509,['player_9c775509'],,,
245,plate,pick up,Dispenser_71,Dispenser,71,pick up plate from dispenser,player_9c775509,forced_division_of_labor,57d5b99d02882e09,131.88225099390854,45.25483399593902,0.0,0.0,0.0,1.0,1.0,"(5, 2)","[p(2, 2)_cs(1.0)_ws(1.0)]_[p(5, 2)_cs(1.0)_ws(1.0)]",player_9c775509_actions,,[],,,
246,tomato_cut,pick up,CuttingBoard_20,CuttingBoard,20,pick up tomato_cut from cuttingboard,player_8297ccbe,forced_division_of_labor,57d5b99d02882e09,74.06661179976457,0.0,0.0,0.0,0.0,1.0,1.0,"(2, 2)","[p(2, 2)_cs(1.0)_ws(1.0)]_[p(5, 2)_cs(1.0)_ws(1.0)]",player_8297ccbe_actions,player_8297ccbe,"['player_9c775509', 'player_8297ccbe']",,,False
270,tomato_cut,put down,Counter_32,Counter,32,put down tomato_cut on counter,player_8297ccbe,forced_division_of_labor,57d5b99d02882e09,90.06661179976457,16.0,0.0,0.0,0.0,1.0,1.0,"(2, 2)","[p(2, 2)_cs(1.0)_ws(1.0)]_[p(5, 2)_cs(1.0)_ws(1.0)]",player_8297ccbe_actions,player_8297ccbe,"['player_9c775509', 'player_8297ccbe', 'player_8297ccbe']",,,
288,plate,assemble salad,Counter_32,Counter,32,assemble salad,player_9c775509,forced_division_of_labor,57d5b99d02882e09,170.2893136606735,38.40706266676497,0.0,0.0,0.0,1.0,1.0,"(5, 2)","[p(2, 2)_cs(1.0)_ws(1.0)]_[p(5, 2)_cs(1.0)_ws(1.0)]",player_9c775509_actions,player_8297ccbe,['player_9c775509'],"['player_9c775509', 'player_8297ccbe', 'player_8297ccbe']",['player_9c775509'],True
297,tomato,pick up,Counter_33,Counter,33,pick up tomato from counter,player_8297ccbe,forced_division_of_labor,57d5b99d02882e09,106.06661179976456,16.0,0.0,0.0,0.0,1.0,1.0,"(2, 2)","[p(2, 2)_cs(1.0)_ws(1.0)]_[p(5, 2)_cs(1.0)_ws(1.0)]",player_8297ccbe_actions,player_9c775509,['player_9c775509'],,,True
303,tomato,put down,Counter_33,Counter,33,put down tomato on counter,player_8297ccbe,forced_division_of_labor,57d5b99d02882e09,106.06661179976456,0.0,0.0,0.0,0.0,1.0,1.0,"(2, 2)","[p(2, 2)_cs(1.0)_ws(1.0)]_[p(5, 2)_cs(1.0)_ws(1.0)]",player_8297ccbe_actions,player_8297ccbe,"['player_9c775509', 'player_8297ccbe']",,,
315,tomato_salad,pick up,Counter_32,Counter,32,pick up tomato_salad from counter,player_9c775509,forced_division_of_labor,57d5b99d02882e09,170.2893136606735,0.0,0.0,0.0,0.0,1.0,1.0,"(5, 2)","[p(2, 2)_cs(1.0)_ws(1.0)]_[p(5, 2)_cs(1.0)_ws(1.0)]",player_9c775509_actions,player_9c775509,['player_9c775509'],"['player_9c775509', 'player_8297ccbe', 'player_8297ccbe']",['player_9c775509'],False
357,tomato_salad,deliver,Delivery_64,Delivery,64,deliver tomato_salad,player_9c775509,forced_division_of_labor,57d5b99d02882e09,208.70057350069956,38.41125984002605,1.0,1.0,1.0,1.0,1.0,"(5, 2)","[p(2, 2)_cs(1.0)_ws(1.0)]_[p(5, 2)_cs(1.0)_ws(1.0)]",player_9c775509_actions,player_9c775509,"['player_9c775509', 'player_9c775509']","['player_9c775509', 'player_8297ccbe', 'player_8297ccbe']",['player_9c775509'],
390,tomato,pick up,Dispenser_40,Dispenser,40,pick up tomato from dispenser,player_9c775509,forced_division_of_labor,57d5b99d02882e09,263.1199451439484,54.419371643248866,1.0,0.0,1.0,1.0,1.0,"(5, 2)","[p(2, 2)_cs(1.0)_ws(1.0)]_[p(5, 2)_cs(1.0)_ws(1.0)]",player_9c775509_actions,,[],,,
402,tomato,pick up,Counter_33,Counter,33,pick up tomato from counter,player_8297ccbe,forced_division_of_labor,57d5b99d02882e09,170.06661179976456,63.999999999999986,1.0,0.0,0.0,1.0,1.0,"(2, 2)","[p(2, 2)_cs(1.0)_ws(1.0)]_[p(5, 2)_cs(1.0)_ws(1.0)]",player_8297ccbe_actions,player_8297ccbe,"['player_9c775509', 'player_8297ccbe']",,,False
408,tomato,put down,Counter_33,Counter,33,put down tomato on counter,player_8297ccbe,forced_division_of_labor,57d5b99d02882e09,170.06661179976456,0.0,1.0,0.0,0.0,1.0,1.0,"(2, 2)","[p(2, 2)_cs(1.0)_ws(1.0)]_[p(5, 2)_cs(1.0)_ws(1.0)]",player_8297ccbe_actions,player_8297ccbe,"['player_9c775509', 'player_8297ccbe', 'player_8297ccbe']",,,
423,tomato,put down,Counter_32,Counter,32,put down tomato on counter,player_9c775509,forced_division_of_labor,57d5b99d02882e09,279.11994514394854,16.000000000000114,1.0,0.0,1.0,1.0,1.0,"(5, 2)","[p(2, 2)_cs(1.0)_ws(1.0)]_[p(5, 2)_cs(1.0)_ws(1.0)]",player_9c775509_actions,player_9c775509,['player_9c775509'],,,
440,tomato,pick up,Counter_33,Counter,33,pick up tomato from counter,player_8297ccbe,forced_division_of_labor,57d5b99d02882e09,215.066611799762,44.99999999999744,1.0,0.0,0.0,1.0,1.0,"(2, 2)","[p(2, 2)_cs(1.0)_ws(1.0)]_[p(5, 2)_cs(1.0)_ws(1.0)]",player_8297ccbe_actions,player_8297ccbe,"['player_9c775509', 'player_8297ccbe', 'player_8297ccbe']",,,False
474,tomato,start cutting,CuttingBoard_20,CuttingBoard,20,start cutting tomato,player_8297ccbe,forced_division_of_labor,57d5b99d02882e09,247.066611799762,32.0,1.0,0.0,0.0,1.0,1.0,"(2, 2)","[p(2, 2)_cs(1.0)_ws(1.0)]_[p(5, 2)_cs(1.0)_ws(1.0)]",player_8297ccbe_actions,player_8297ccbe,"['player_9c775509', 'player_8297ccbe', 'player_8297ccbe', 'player_8297ccbe']",,,
489,plate,pick up,Dispenser_60,Dispenser,60,pick up plate from dispenser,player_9c775509,forced_division_of_labor,57d5b99d02882e09,317.52700781071354,38.407062666765,1.0,0.0,1.0,1.0,1.0,"(5, 2)","[p(2, 2)_cs(1.0)_ws(1.0)]_[p(5, 2)_cs(1.0)_ws(1.0)]",player_9c775509_actions,,[],,,
531,tomato_cut,pick up,CuttingBoard_20,CuttingBoard,20,pick up tomato_cut from cuttingboard,player_8297ccbe,forced_division_of_labor,57d5b99d02882e09,247.066611799762,0.0,1.0,0.0,0.0,1.0,1.0,"(2, 2)","[p(2, 2)_cs(1.0)_ws(1.0)]_[p(5, 2)_cs(1.0)_ws(1.0)]",player_8297ccbe_actions,player_8297ccbe,"['player_9c775509', 'player_8297ccbe', 'player_8297ccbe', 'player_8297ccbe']",,,False
536,plate,put down,Counter_33,Counter,33,put down plate on counter,player_9c775509,forced_division_of_labor,57d5b99d02882e09,362.7818418066525,45.25483399593895,1.0,0.0,1.0,1.0,1.0,"(5, 2)","[p(2, 2)_cs(1.0)_ws(1.0)]_[p(5, 2)_cs(1.0)_ws(1.0)]",player_9c775509_actions,player_9c775509,['player_9c775509'],,,
567,tomato_cut,assemble salad,Counter_33,Counter,33,assemble salad,player_8297ccbe,forced_division_of_labor,57d5b99d02882e09,279.0666117997622,32.0000000000002,1.0,0.0,0.0,1.0,1.0,"(2, 2)","[p(2, 2)_cs(1.0)_ws(1.0)]_[p(5, 2)_cs(1.0)_ws(1.0)]",player_8297ccbe_actions,player_9c775509,['player_8297ccbe'],"['player_9c775509', 'player_8297ccbe', 'player_8297ccbe', 'player_8297ccbe', 'player_8297ccbe']",['player_9c775509'],True
594,tomato,pick up,Counter_32,Counter,32,pick up tomato from counter,player_8297ccbe,forced_division_of_labor,57d5b99d02882e09,295.06661179976237,16.00000000000017,1.0,0.0,0.0,1.0,1.0,"(2, 2)","[p(2, 2)_cs(1.0)_ws(1.0)]_[p(5, 2)_cs(1.0)_ws(1.0)]",player_8297ccbe_actions,player_9c775509,['player_9c775509'],,,True
618,tomato,start cutting,CuttingBoard_20,CuttingBoard,20,start cutting tomato,player_8297ccbe,forced_division_of_labor,57d5b99d02882e09,311.0666117997625,16.000000000000114,1.0,0.0,0.0,1.0,1.0,"(2, 2)","[p(2, 2)_cs(1.0)_ws(1.0)]_[p(5, 2)_cs(1.0)_ws(1.0)]",player_8297ccbe_actions,player_8297ccbe,"['player_9c775509', 'player_8297ccbe']",,,
621,tomato,pick up,Dispenser_40,Dispenser,40,pick up tomato from dispenser,player_9c775509,forced_division_of_labor,57d5b99d02882e09,394.7818418066528,32.000000000000284,1.0,0.0,1.0,1.0,1.0,"(5, 2)","[p(2, 2)_cs(1.0)_ws(1.0)]_[p(5, 2)_cs(1.0)_ws(1.0)]",player_9c775509_actions,,[],,,
639,tomato,put down,Counter_32,Counter,32,put down tomato on counter,player_9c775509,forced_division_of_labor,57d5b99d02882e09,410.78184180665295,16.00000000000017,1.0,0.0,1.0,1.0,1.0,"(5, 2)","[p(2, 2)_cs(1.0)_ws(1.0)]_[p(5, 2)_cs(1.0)_ws(1.0)]",player_9c775509_actions,player_9c775509,['player_9c775509'],,,
666,tomato_salad,pick up,Counter_33,Counter,33,pick up tomato_salad from counter,player_9c775509,forced_division_of_labor,57d5b99d02882e09,426.78184180665306,16.000000000000114,1.0,0.0,1.0,1.0,1.0,"(5, 2)","[p(2, 2)_cs(1.0)_ws(1.0)]_[p(5, 2)_cs(1.0)_ws(1.0)]",player_9c775509_actions,player_8297ccbe,['player_8297ccbe'],"['player_9c775509', 'player_8297ccbe', 'player_8297ccbe', 'player_8297ccbe', 'player_8297ccbe']",['player_9c775509'],True
696,tomato,pick up,Counter_32,Counter,32,pick up tomato from counter,player_8297ccbe,forced_division_of_labor,57d5b99d02882e09,327.0666117997626,16.000000000000114,2.0,0.0,0.0,1.0,1.0,"(2, 2)","[p(2, 2)_cs(1.0)_ws(1.0)]_[p(5, 2)_cs(1.0)_ws(1.0)]",player_8297ccbe_actions,player_9c775509,['player_9c775509'],,,True
696,tomato_salad,deliver,Delivery_63,Delivery,63,deliver tomato_salad,player_9c775509,forced_division_of_labor,57d5b99d02882e09,442.78184180665306,16.0,2.0,1.0,2.0,1.0,1.0,"(5, 2)","[p(2, 2)_cs(1.0)_ws(1.0)]_[p(5, 2)_cs(1.0)_ws(1.0)]",player_9c775509_actions,player_9c775509,"['player_8297ccbe', 'player_9c775509']","['player_9c775509', 'player_8297ccbe', 'player_8297ccbe', 'player_8297ccbe', 'player_8297ccbe']",['player_9c775509'],
725,tomato,start cutting,CuttingBoard_10,CuttingBoard,10,start cutting tomato,player_8297ccbe,forced_division_of_labor,57d5b99d02882e09,349.6940287977321,22.627416997969476,2.0,0.0,0.0,1.0,1.0,"(2, 2)","[p(2, 2)_cs(1.0)_ws(1.0)]_[p(5, 2)_cs(1.0)_ws(1.0)]",player_8297ccbe_actions,player_8297ccbe,"['player_9c775509', 'player_8297ccbe']",,,
729,plate,pick up,Dispenser_71,Dispenser,71,pick up plate from dispenser,player_9c775509,forced_division_of_labor,57d5b99d02882e09,481.1931016466792,38.411259840026105,2.0,0.0,2.0,1.0,1.0,"(5, 2)","[p(2, 2)_cs(1.0)_ws(1.0)]_[p(5, 2)_cs(1.0)_ws(1.0)]",player_9c775509_actions,,[],,,
762,plate,put down,Counter_32,Counter,32,put down plate on counter,player_9c775509,forced_division_of_labor,57d5b99d02882e09,519.600164313444,38.40706266676483,2.0,0.0,2.0,1.0,1.0,"(5, 2)","[p(2, 2)_cs(1.0)_ws(1.0)]_[p(5, 2)_cs(1.0)_ws(1.0)]",player_9c775509_actions,player_9c775509,['player_9c775509'],,,
780,tomato_cut,pick up,CuttingBoard_10,CuttingBoard,10,pick up tomato_cut from cuttingboard,player_8297ccbe,forced_division_of_labor,57d5b99d02882e09,349.6940287977321,0.0,2.0,0.0,0.0,1.0,1.0,"(2, 2)","[p(2, 2)_cs(1.0)_ws(1.0)]_[p(5, 2)_cs(1.0)_ws(1.0)]",player_8297ccbe_actions,player_8297ccbe,"['player_9c775509', 'player_8297ccbe']",,,False
795,plate,pick up,Dispenser_60,Dispenser,60,pick up plate from dispenser,player_9c775509,forced_division_of_labor,57d5b99d02882e09,558.0072269802091,38.407062666765114,2.0,0.0,2.0,1.0,1.0,"(5, 2)","[p(2, 2)_cs(1.0)_ws(1.0)]_[p(5, 2)_cs(1.0)_ws(1.0)]",player_9c775509_actions,,[],,,
809,tomato_cut,assemble salad,Counter_32,Counter,32,assemble salad,player_8297ccbe,forced_division_of_labor,57d5b99d02882e09,372.3214457957015,22.627416997969476,2.0,0.0,0.0,1.0,1.0,"(2, 2)","[p(2, 2)_cs(1.0)_ws(1.0)]_[p(5, 2)_cs(1.0)_ws(1.0)]",player_8297ccbe_actions,player_9c775509,['player_8297ccbe'],"['player_9c775509', 'player_8297ccbe', 'player_8297ccbe']",['player_9c775509'],True
836,plate,put down,Counter_33,Counter,33,put down plate on counter,player_9c775509,forced_division_of_labor,57d5b99d02882e09,603.2620609761487,45.254833995939634,2.0,0.0,2.0,1.0,1.0,"(5, 2)","[p(2, 2)_cs(1.0)_ws(1.0)]_[p(5, 2)_cs(1.0)_ws(1.0)]",player_9c775509_actions,player_9c775509,['player_9c775509'],,,
846,tomato_cut,pick up,CuttingBoard_20,CuttingBoard,20,pick up tomato_cut from cuttingboard,player_8297ccbe,forced_division_of_labor,57d5b99d02882e09,388.32144579570166,16.000000000000114,2.0,0.0,0.0,1.0,1.0,"(2, 2)","[p(2, 2)_cs(1.0)_ws(1.0)]_[p(5, 2)_cs(1.0)_ws(1.0)]",player_8297ccbe_actions,player_8297ccbe,"['player_9c775509', 'player_8297ccbe']",,,False
861,tomato_salad,pick up,Counter_32,Counter,32,pick up tomato_salad from counter,player_9c775509,forced_division_of_labor,57d5b99d02882e09,619.2620609761489,16.000000000000114,2.0,0.0,2.0,1.0,1.0,"(5, 2)","[p(2, 2)_cs(1.0)_ws(1.0)]_[p(5, 2)_cs(1.0)_ws(1.0)]",player_9c775509_actions,player_8297ccbe,['player_8297ccbe'],"['player_9c775509', 'player_8297ccbe', 'player_8297ccbe']",['player_9c775509'],True
879,tomato_cut,assemble salad,Counter_33,Counter,33,assemble salad,player_8297ccbe,forced_division_of_labor,57d5b99d02882e09,420.32144579570195,32.000000000000284,2.0,0.0,0.0,1.0,1.0,"(2, 2)","[p(2, 2)_cs(1.0)_ws(1.0)]_[p(5, 2)_cs(1.0)_ws(1.0)]",player_8297ccbe_actions,player_9c775509,['player_8297ccbe'],"['player_9c775509', 'player_8297ccbe', 'player_8297ccbe']",['player_9c775509'],True
905,tomato_salad,deliver,Delivery_63,Delivery,63,deliver tomato_salad,player_9c775509,forced_division_of_labor,57d5b99d02882e09,641.8894779741187,22.627416997969817,3.0,1.0,3.0,1.0,1.0,"(5, 2)","[p(2, 2)_cs(1.0)_ws(1.0)]_[p(5, 2)_cs(1.0)_ws(1.0)]",player_9c775509_actions,player_9c775509,"['player_8297ccbe', 'player_9c775509']","['player_9c775509', 'player_8297ccbe', 'player_8297ccbe']",['player_9c775509'],
928,tomato,pick up,Dispenser_40,Dispenser,40,pick up tomato from dispenser,player_9c775509,forced_division_of_labor,57d5b99d02882e09,680.3007378141449,38.41125984002622,3.0,0.0,3.0,1.0,1.0,"(5, 2)","[p(2, 2)_cs(1.0)_ws(1.0)]_[p(5, 2)_cs(1.0)_ws(1.0)]",player_9c775509_actions,,[],,,
952,tomato,put down,Counter_32,Counter,32,put down tomato on counter,player_9c775509,forced_division_of_labor,57d5b99d02882e09,696.3007378141451,16.000000000000227,3.0,0.0,3.0,1.0,1.0,"(5, 2)","[p(2, 2)_cs(1.0)_ws(1.0)]_[p(5, 2)_cs(1.0)_ws(1.0)]",player_9c775509_actions,player_9c775509,['player_9c775509'],,,
972,tomato_salad,pick up,Counter_33,Counter,33,pick up tomato_salad from counter,player_9c775509,forced_division_of_labor,57d5b99d02882e09,712.3007378141454,16.000000000000227,3.0,0.0,3.0,1.0,1.0,"(5, 2)","[p(2, 2)_cs(1.0)_ws(1.0)]_[p(5, 2)_cs(1.0)_ws(1.0)]",player_9c775509_actions,player_8297ccbe,['player_8297ccbe'],"['player_9c775509', 'player_8297ccbe', 'player_8297ccbe']",['player_9c775509'],True
977,tomato,pick up,Counter_32,Counter,32,pick up tomato from counter,player_8297ccbe,forced_division_of_labor,57d5b99d02882e09,436.3214457957021,16.00000000000017,3.0,0.0,0.0,1.0,1.0,"(2, 2)","[p(2, 2)_cs(1.0)_ws(1.0)]_[p(5, 2)_cs(1.0)_ws(1.0)]",player_8297ccbe_actions,player_9c775509,['player_9c775509'],,,True
993,tomato_salad,deliver,Delivery_63,Delivery,63,deliver tomato_salad,player_9c775509,forced_division_of_labor,57d5b99d02882e09,728.3007378141454,16.0,4.0,1.0,4.0,1.0,1.0,"(5, 2)","[p(2, 2)_cs(1.0)_ws(1.0)]_[p(5, 2)_cs(1.0)_ws(1.0)]",player_9c775509_actions,player_9c775509,"['player_8297ccbe', 'player_9c775509']","['player_9c775509', 'player_8297ccbe', 'player_8297ccbe']",['player_9c775509'],
1013,tomato,start cutting,CuttingBoard_20,CuttingBoard,20,start cutting tomato,player_8297ccbe,forced_division_of_labor,57d5b99d02882e09,452.32144579570223,16.000000000000114,4.0,0.0,0.0,1.0,1.0,"(2, 2)","[p(2, 2)_cs(1.0)_ws(1.0)]_[p(5, 2)_cs(1.0)_ws(1.0)]",player_8297ccbe_actions,player_8297ccbe,"['player_9c775509', 'player_8297ccbe']",,,
1019,tomato,pick up,Dispenser_50,Dispenser,50,pick up tomato from dispenser,player_9c775509,forced_division_of_labor,57d5b99d02882e09,760.3007378141457,32.00000000000034,4.0,0.0,4.0,1.0,1.0,"(5, 2)","[p(2, 2)_cs(1.0)_ws(1.0)]_[p(5, 2)_cs(1.0)_ws(1.0)]",player_9c775509_actions,,[],,,
1036,tomato,put down,Counter_32,Counter,32,put down tomato on counter,player_9c775509,forced_division_of_labor,57d5b99d02882e09,782.9281548121154,22.627416997969704,4.0,0.0,4.0,1.0,1.0,"(5, 2)","[p(2, 2)_cs(1.0)_ws(1.0)]_[p(5, 2)_cs(1.0)_ws(1.0)]",player_9c775509_actions,player_9c775509,['player_9c775509'],,,
1068,plate,pick up,Dispenser_71,Dispenser,71,pick up plate from dispenser,player_9c775509,forced_division_of_labor,57d5b99d02882e09,821.3352174788805,38.407062666765114,4.0,0.0,4.0,1.0,1.0,"(5, 2)","[p(2, 2)_cs(1.0)_ws(1.0)]_[p(5, 2)_cs(1.0)_ws(1.0)]",player_9c775509_actions,,[],,,
1069,tomato,pick up,Counter_32,Counter,32,pick up tomato from counter,player_8297ccbe,forced_division_of_labor,57d5b99d02882e09,468.32144579570235,16.000000000000114,4.0,0.0,0.0,1.0,1.0,"(2, 2)","[p(2, 2)_cs(1.0)_ws(1.0)]_[p(5, 2)_cs(1.0)_ws(1.0)]",player_8297ccbe_actions,player_9c775509,['player_9c775509'],,,True
1096,tomato,start cutting,CuttingBoard_10,CuttingBoard,10,start cutting tomato,player_8297ccbe,forced_division_of_labor,57d5b99d02882e09,490.9488627936718,22.627416997969476,4.0,0.0,0.0,1.0,1.0,"(2, 2)","[p(2, 2)_cs(1.0)_ws(1.0)]_[p(5, 2)_cs(1.0)_ws(1.0)]",player_8297ccbe_actions,player_8297ccbe,"['player_9c775509', 'player_8297ccbe']",,,
1111,plate,put down,Counter_32,Counter,32,put down plate on counter,player_9c775509,forced_division_of_labor,57d5b99d02882e09,859.7422801456453,38.40706266676477,4.0,0.0,4.0,1.0,1.0,"(5, 2)","[p(2, 2)_cs(1.0)_ws(1.0)]_[p(5, 2)_cs(1.0)_ws(1.0)]",player_9c775509_actions,player_9c775509,['player_9c775509'],,,
1140,tomato_cut,pick up,CuttingBoard_10,CuttingBoard,10,pick up tomato_cut from cuttingboard,player_8297ccbe,forced_division_of_labor,57d5b99d02882e09,490.9488627936718,0.0,4.0,0.0,0.0,1.0,1.0,"(2, 2)","[p(2, 2)_cs(1.0)_ws(1.0)]_[p(5, 2)_cs(1.0)_ws(1.0)]",player_8297ccbe_actions,player_8297ccbe,"['player_9c775509', 'player_8297ccbe']",,,False
1145,plate,pick up,Dispenser_71,Dispenser,71,pick up plate from dispenser,player_9c775509,forced_division_of_labor,57d5b99d02882e09,898.1493428124104,38.407062666765114,4.0,0.0,4.0,1.0,1.0,"(5, 2)","[p(2, 2)_cs(1.0)_ws(1.0)]_[p(5, 2)_cs(1.0)_ws(1.0)]",player_9c775509_actions,,[],,,
1168,tomato_cut,assemble salad,Counter_32,Counter,32,assemble salad,player_8297ccbe,forced_division_of_labor,57d5b99d02882e09,513.5762797916412,22.62741699796942,4.0,0.0,0.0,1.0,1.0,"(2, 2)","[p(2, 2)_cs(1.0)_ws(1.0)]_[p(5, 2)_cs(1.0)_ws(1.0)]",player_8297ccbe_actions,player_9c775509,['player_8297ccbe'],"['player_9c775509', 'player_8297ccbe', 'player_8297ccbe']",['player_9c775509'],True
1187,plate,put down,Counter_33,Counter,33,put down plate on counter,player_9c775509,forced_division_of_labor,57d5b99d02882e09,943.40417680835,45.254833995939634,4.0,0.0,4.0,1.0,1.0,"(5, 2)","[p(2, 2)_cs(1.0)_ws(1.0)]_[p(5, 2)_cs(1.0)_ws(1.0)]",player_9c775509_actions,player_9c775509,['player_9c775509'],,,
1192,tomato_cut,pick up,CuttingBoard_20,CuttingBoard,20,pick up tomato_cut from cuttingboard,player_8297ccbe,forced_division_of_labor,57d5b99d02882e09,529.5762797916414,16.000000000000114,4.0,0.0,0.0,1.0,1.0,"(2, 2)","[p(2, 2)_cs(1.0)_ws(1.0)]_[p(5, 2)_cs(1.0)_ws(1.0)]",player_8297ccbe_actions,player_8297ccbe,"['player_9c775509', 'player_8297ccbe']",,,False
1222,tomato,pick up,Dispenser_50,Dispenser,50,pick up tomato from dispenser,player_9c775509,forced_division_of_labor,57d5b99d02882e09,981.8154366483762,38.41125984002622,4.0,0.0,4.0,1.0,1.0,"(5, 2)","[p(2, 2)_cs(1.0)_ws(1.0)]_[p(5, 2)_cs(1.0)_ws(1.0)]",player_9c775509_actions,,[],,,
1227,tomato_cut,assemble salad,Counter_33,Counter,33,assemble salad,player_8297ccbe,forced_division_of_labor,57d5b99d02882e09,561.5762797916417,32.00000000000034,4.0,0.0,0.0,1.0,1.0,"(2, 2)","[p(2, 2)_cs(1.0)_ws(1.0)]_[p(5, 2)_cs(1.0)_ws(1.0)]",player_8297ccbe_actions,player_9c775509,['player_8297ccbe'],"['player_9c775509', 'player_8297ccbe', 'player_8297ccbe']",['player_9c775509'],True
1272,tomato,put down,Counter_34,Counter,34,put down tomato on counter,player_9c775509,forced_division_of_labor,57d5b99d02882e09,1036.2451941226489,54.429757474272606,4.0,0.0,4.0,1.0,1.0,"(5, 2)","[p(2, 2)_cs(1.0)_ws(1.0)]_[p(5, 2)_cs(1.0)_ws(1.0)]",player_9c775509_actions,player_9c775509,['player_9c775509'],,,
1291,tomato,pick up,Counter_34,Counter,34,pick up tomato from counter,player_8297ccbe,forced_division_of_labor,57d5b99d02882e09,577.5762797916418,16.000000000000114,4.0,0.0,0.0,1.0,1.0,"(2, 2)","[p(2, 2)_cs(1.0)_ws(1.0)]_[p(5, 2)_cs(1.0)_ws(1.0)]",player_8297ccbe_actions,player_9c775509,['player_9c775509'],,,True
1302,tomato_salad,pick up,Counter_32,Counter,32,pick up tomato_salad from counter,player_9c775509,forced_division_of_labor,57d5b99d02882e09,1068.2451941226482,31.99999999999932,4.0,0.0,4.0,1.0,1.0,"(5, 2)","[p(2, 2)_cs(1.0)_ws(1.0)]_[p(5, 2)_cs(1.0)_ws(1.0)]",player_9c775509_actions,player_8297ccbe,['player_8297ccbe'],"['player_9c775509', 'player_8297ccbe', 'player_8297ccbe']",['player_9c775509'],True
1328,tomato_salad,deliver,Delivery_64,Delivery,64,deliver tomato_salad,player_9c775509,forced_division_of_labor,57d5b99d02882e09,1106.6564539626738,38.41125984002565,5.0,1.0,5.0,1.0,1.0,"(5, 2)","[p(2, 2)_cs(1.0)_ws(1.0)]_[p(5, 2)_cs(1.0)_ws(1.0)]",player_9c775509_actions,player_9c775509,"['player_8297ccbe', 'player_9c775509']","['player_9c775509', 'player_8297ccbe', 'player_8297ccbe']",['player_9c775509'],
1334,tomato,start cutting,CuttingBoard_10,CuttingBoard,10,start cutting tomato,player_8297ccbe,forced_division_of_labor,57d5b99d02882e09,631.9956514348909,54.419371643249065,5.0,0.0,0.0,1.0,1.0,"(2, 2)","[p(2, 2)_cs(1.0)_ws(1.0)]_[p(5, 2)_cs(1.0)_ws(1.0)]",player_8297ccbe_actions,player_8297ccbe,"['player_9c775509', 'player_8297ccbe']",,,
1347,tomato_salad,pick up,Counter_33,Counter,33,pick up tomato_salad from counter,player_9c775509,forced_division_of_labor,57d5b99d02882e09,1129.2838709606428,22.62741699796902,5.0,0.0,5.0,1.0,1.0,"(5, 2)","[p(2, 2)_cs(1.0)_ws(1.0)]_[p(5, 2)_cs(1.0)_ws(1.0)]",player_9c775509_actions,player_8297ccbe,['player_8297ccbe'],"['player_9c775509', 'player_8297ccbe', 'player_8297ccbe']",['player_9c775509'],True
1371,tomato_salad,deliver,Delivery_63,Delivery,63,deliver tomato_salad,player_9c775509,forced_division_of_labor,57d5b99d02882e09,1145.2838709606424,15.999999999999543,6.0,1.0,6.0,1.0,1.0,"(5, 2)","[p(2, 2)_cs(1.0)_ws(1.0)]_[p(5, 2)_cs(1.0)_ws(1.0)]",player_9c775509_actions,player_9c775509,"['player_8297ccbe', 'player_9c775509']","['player_9c775509', 'player_8297ccbe', 'player_8297ccbe']",['player_9c775509'],
1401,plate,pick up,Dispenser_71,Dispenser,71,pick up plate from dispenser,player_9c775509,forced_division_of_labor,57d5b99d02882e09,1183.695130800668,38.41125984002565,6.0,0.0,6.0,1.0,1.0,"(5, 2)","[p(2, 2)_cs(1.0)_ws(1.0)]_[p(5, 2)_cs(1.0)_ws(1.0)]",player_9c775509_actions,,[],,,
1425,plate,put down,Counter_32,Counter,32,put down plate on counter,player_9c775509,forced_division_of_labor,57d5b99d02882e09,1222.1021934674322,38.407062666764205,6.0,0.0,6.0,1.0,1.0,"(5, 2)","[p(2, 2)_cs(1.0)_ws(1.0)]_[p(5, 2)_cs(1.0)_ws(1.0)]",player_9c775509_actions,player_9c775509,['player_9c775509'],,,
1430,tomato_cut,pick up,CuttingBoard_10,CuttingBoard,10,pick up tomato_cut from cuttingboard,player_8297ccbe,forced_division_of_labor,57d5b99d02882e09,631.9956514348909,0.0,6.0,0.0,0.0,1.0,1.0,"(2, 2)","[p(2, 2)_cs(1.0)_ws(1.0)]_[p(5, 2)_cs(1.0)_ws(1.0)]",player_8297ccbe_actions,player_8297ccbe,"['player_9c775509', 'player_8297ccbe']",,,False
1451,tomato,pick up,Dispenser_40,Dispenser,40,pick up tomato from dispenser,player_9c775509,forced_division_of_labor,57d5b99d02882e09,1238.1021934674318,15.999999999999543,6.0,0.0,6.0,1.0,1.0,"(5, 2)","[p(2, 2)_cs(1.0)_ws(1.0)]_[p(5, 2)_cs(1.0)_ws(1.0)]",player_9c775509_actions,,[],,,
1453,tomato_cut,assemble salad,Counter_32,Counter,32,assemble salad,player_8297ccbe,forced_division_of_labor,57d5b99d02882e09,654.6230684328605,22.62741699796959,6.0,0.0,0.0,1.0,1.0,"(2, 2)","[p(2, 2)_cs(1.0)_ws(1.0)]_[p(5, 2)_cs(1.0)_ws(1.0)]",player_8297ccbe_actions,player_9c775509,['player_8297ccbe'],"['player_9c775509', 'player_8297ccbe', 'player_8297ccbe']",['player_9c775509'],True
1485,tomato,put down,Counter_33,Counter,33,put down tomato on counter,player_9c775509,forced_division_of_labor,57d5b99d02882e09,1270.1021934674309,31.99999999999909,6.0,0.0,6.0,1.0,1.0,"(5, 2)","[p(2, 2)_cs(1.0)_ws(1.0)]_[p(5, 2)_cs(1.0)_ws(1.0)]",player_9c775509_actions,player_9c775509,['player_9c775509'],,,
1501,tomato,pick up,Counter_33,Counter,33,pick up tomato from counter,player_8297ccbe,forced_division_of_labor,57d5b99d02882e09,670.6230684328607,16.000000000000227,6.0,0.0,0.0,1.0,1.0,"(2, 2)","[p(2, 2)_cs(1.0)_ws(1.0)]_[p(5, 2)_cs(1.0)_ws(1.0)]",player_8297ccbe_actions,player_9c775509,['player_9c775509'],,,True
1504,tomato_salad,pick up,Counter_32,Counter,32,pick up tomato_salad from counter,player_9c775509,forced_division_of_labor,57d5b99d02882e09,1286.1021934674304,15.999999999999543,6.0,0.0,6.0,1.0,1.0,"(5, 2)","[p(2, 2)_cs(1.0)_ws(1.0)]_[p(5, 2)_cs(1.0)_ws(1.0)]",player_9c775509_actions,player_8297ccbe,['player_8297ccbe'],"['player_9c775509', 'player_8297ccbe', 'player_8297ccbe']",['player_9c775509'],True
1543,tomato,start cutting,CuttingBoard_10,CuttingBoard,10,start cutting tomato,player_8297ccbe,forced_division_of_labor,57d5b99d02882e09,709.0343282728867,38.41125984002599,6.0,0.0,0.0,1.0,1.0,"(2, 2)","[p(2, 2)_cs(1.0)_ws(1.0)]_[p(5, 2)_cs(1.0)_ws(1.0)]",player_8297ccbe_actions,player_8297ccbe,"['player_9c775509', 'player_8297ccbe']",,,
1564,tomato_salad,deliver,Delivery_63,Delivery,63,deliver tomato_salad,player_9c775509,forced_division_of_labor,57d5b99d02882e09,1308.7296104653994,22.62741699796902,7.0,1.0,7.0,1.0,1.0,"(5, 2)","[p(2, 2)_cs(1.0)_ws(1.0)]_[p(5, 2)_cs(1.0)_ws(1.0)]",player_9c775509_actions,player_9c775509,"['player_8297ccbe', 'player_9c775509']","['player_9c775509', 'player_8297ccbe', 'player_8297ccbe']",['player_9c775509'],
1618,tomato_cut,pick up,CuttingBoard_10,CuttingBoard,10,pick up tomato_cut from cuttingboard,player_8297ccbe,forced_division_of_labor,57d5b99d02882e09,709.0343282728867,0.0,7.0,0.0,0.0,1.0,1.0,"(2, 2)","[p(2, 2)_cs(1.0)_ws(1.0)]_[p(5, 2)_cs(1.0)_ws(1.0)]",player_8297ccbe_actions,player_8297ccbe,"['player_9c775509', 'player_8297ccbe']",,,False
1643,tomato,pick up,Dispenser_50,Dispenser,50,pick up tomato from dispenser,player_9c775509,forced_division_of_labor,57d5b99d02882e09,1408.1753499701583,99.44573950475888,7.0,0.0,7.0,1.0,1.0,"(5, 2)","[p(2, 2)_cs(1.0)_ws(1.0)]_[p(5, 2)_cs(1.0)_ws(1.0)]",player_9c775509_actions,,[],,,
1677,tomato,put down,Counter_32,Counter,32,put down tomato on counter,player_9c775509,forced_division_of_labor,57d5b99d02882e09,1430.8027669681271,22.62741699796902,7.0,0.0,7.0,1.0,1.0,"(5, 2)","[p(2, 2)_cs(1.0)_ws(1.0)]_[p(5, 2)_cs(1.0)_ws(1.0)]",player_9c775509_actions,player_9c775509,['player_9c775509'],,,
1710,plate,pick up,Dispenser_71,Dispenser,71,pick up plate from dispenser,player_9c775509,forced_division_of_labor,57d5b99d02882e09,1469.209829634891,38.40706266676375,7.0,0.0,7.0,1.0,1.0,"(5, 2)","[p(2, 2)_cs(1.0)_ws(1.0)]_[p(5, 2)_cs(1.0)_ws(1.0)]",player_9c775509_actions,,[],,,
1744,plate,put down,Counter_33,Counter,33,put down plate on counter,player_9c775509,forced_division_of_labor,57d5b99d02882e09,1514.464663630829,45.254833995937815,7.0,0.0,7.0,1.0,1.0,"(5, 2)","[p(2, 2)_cs(1.0)_ws(1.0)]_[p(5, 2)_cs(1.0)_ws(1.0)]",player_9c775509_actions,player_9c775509,['player_9c775509'],,,
1768,tomato_cut,assemble salad,Counter_33,Counter,33,assemble salad,player_8297ccbe,forced_division_of_labor,57d5b99d02882e09,747.4455881129127,38.41125984002599,7.0,0.0,0.0,1.0,1.0,"(2, 2)","[p(2, 2)_cs(1.0)_ws(1.0)]_[p(5, 2)_cs(1.0)_ws(1.0)]",player_8297ccbe_actions,player_9c775509,['player_8297ccbe'],"['player_9c775509', 'player_8297ccbe', 'player_8297ccbe']",['player_9c775509'],True
1773,tomato,pick up,Dispenser_40,Dispenser,40,pick up tomato from dispenser,player_9c775509,forced_division_of_labor,57d5b99d02882e09,1546.464663630828,31.99999999999909,7.0,0.0,7.0,1.0,1.0,"(5, 2)","[p(2, 2)_cs(1.0)_ws(1.0)]_[p(5, 2)_cs(1.0)_ws(1.0)]",player_9c775509_actions,,[],,,
1791,tomato,pick up,Counter_32,Counter,32,pick up tomato from counter,player_8297ccbe,forced_division_of_labor,57d5b99d02882e09,763.4455881129129,16.000000000000227,7.0,0.0,0.0,1.0,1.0,"(2, 2)","[p(2, 2)_cs(1.0)_ws(1.0)]_[p(5, 2)_cs(1.0)_ws(1.0)]",player_8297ccbe_actions,player_9c775509,['player_9c775509'],,,True
1813,tomato,start cutting,CuttingBoard_20,CuttingBoard,20,start cutting tomato,player_8297ccbe,forced_division_of_labor,57d5b99d02882e09,779.4455881129131,16.000000000000227,7.0,0.0,0.0,1.0,1.0,"(2, 2)","[p(2, 2)_cs(1.0)_ws(1.0)]_[p(5, 2)_cs(1.0)_ws(1.0)]",player_8297ccbe_actions,player_8297ccbe,"['player_9c775509', 'player_8297ccbe']",,,
1814,tomato,put down,Counter_34,Counter,34,put down tomato on counter,player_9c775509,forced_division_of_labor,57d5b99d02882e09,1594.4646636308262,47.99999999999818,7.0,0.0,7.0,1.0,1.0,"(5, 2)","[p(2, 2)_cs(1.0)_ws(1.0)]_[p(5, 2)_cs(1.0)_ws(1.0)]",player_9c775509_actions,player_9c775509,['player_9c775509'],,,
1839,tomato_salad,pick up,Counter_33,Counter,33,pick up tomato_salad from counter,player_9c775509,forced_division_of_labor,57d5b99d02882e09,1610.4646636308255,15.999999999999543,7.0,0.0,7.0,1.0,1.0,"(5, 2)","[p(2, 2)_cs(1.0)_ws(1.0)]_[p(5, 2)_cs(1.0)_ws(1.0)]",player_9c775509_actions,player_8297ccbe,['player_8297ccbe'],"['player_9c775509', 'player_8297ccbe', 'player_8297ccbe']",['player_9c775509'],True
1846,tomato,pick up,Counter_34,Counter,34,pick up tomato from counter,player_8297ccbe,forced_division_of_labor,57d5b99d02882e09,827.4455881129136,48.000000000000455,7.0,0.0,0.0,1.0,1.0,"(2, 2)","[p(2, 2)_cs(1.0)_ws(1.0)]_[p(5, 2)_cs(1.0)_ws(1.0)]",player_8297ccbe_actions,player_9c775509,['player_9c775509'],,,True
1873,tomato_salad,deliver,Delivery_64,Delivery,64,deliver tomato_salad,player_9c775509,forced_division_of_labor,57d5b99d02882e09,1633.0920806287947,22.62741699796902,8.0,1.0,8.0,1.0,1.0,"(5, 2)","[p(2, 2)_cs(1.0)_ws(1.0)]_[p(5, 2)_cs(1.0)_ws(1.0)]",player_9c775509_actions,player_9c775509,"['player_8297ccbe', 'player_9c775509']","['player_9c775509', 'player_8297ccbe', 'player_8297ccbe']",['player_9c775509'],
1886,tomato,start cutting,CuttingBoard_10,CuttingBoard,10,start cutting tomato,player_8297ccbe,forced_division_of_labor,57d5b99d02882e09,881.8649597561626,54.419371643249065,8.0,0.0,0.0,1.0,1.0,"(2, 2)","[p(2, 2)_cs(1.0)_ws(1.0)]_[p(5, 2)_cs(1.0)_ws(1.0)]",player_8297ccbe_actions,player_8297ccbe,"['player_9c775509', 'player_8297ccbe']",,,
1948,plate,pick up,Dispenser_71,Dispenser,71,pick up plate from dispenser,player_9c775509,forced_division_of_labor,57d5b99d02882e09,1687.5114522720423,54.41937164324759,8.0,0.0,8.0,1.0,1.0,"(5, 2)","[p(2, 2)_cs(1.0)_ws(1.0)]_[p(5, 2)_cs(1.0)_ws(1.0)]",player_9c775509_actions,,[],,,
1972,plate,put down,Counter_32,Counter,32,put down plate on counter,player_9c775509,forced_division_of_labor,57d5b99d02882e09,1725.9185149388063,38.40706266676398,8.0,0.0,8.0,1.0,1.0,"(5, 2)","[p(2, 2)_cs(1.0)_ws(1.0)]_[p(5, 2)_cs(1.0)_ws(1.0)]",player_9c775509_actions,player_9c775509,['player_9c775509'],,,
2012,tomato_cut,pick up,CuttingBoard_20,CuttingBoard,20,pick up tomato_cut from cuttingboard,player_8297ccbe,forced_division_of_labor,57d5b99d02882e09,897.8649597561628,16.000000000000114,8.0,0.0,0.0,1.0,1.0,"(2, 2)","[p(2, 2)_cs(1.0)_ws(1.0)]_[p(5, 2)_cs(1.0)_ws(1.0)]",player_8297ccbe_actions,player_8297ccbe,"['player_9c775509', 'player_8297ccbe']",,,False
2019,plate,pick up,Dispenser_60,Dispenser,60,pick up plate from dispenser,player_9c775509,forced_division_of_labor,57d5b99d02882e09,1764.32557760557,38.40706266676375,8.0,0.0,8.0,1.0,1.0,"(5, 2)","[p(2, 2)_cs(1.0)_ws(1.0)]_[p(5, 2)_cs(1.0)_ws(1.0)]",player_9c775509_actions,,[],,,
2037,tomato_cut,assemble salad,Counter_32,Counter,32,assemble salad,player_8297ccbe,forced_division_of_labor,57d5b99d02882e09,913.864959756163,16.000000000000227,8.0,0.0,0.0,1.0,1.0,"(2, 2)","[p(2, 2)_cs(1.0)_ws(1.0)]_[p(5, 2)_cs(1.0)_ws(1.0)]",player_8297ccbe_actions,player_9c775509,['player_8297ccbe'],"['player_9c775509', 'player_8297ccbe', 'player_8297ccbe']",['player_9c775509'],True
2048,plate,put down,Counter_33,Counter,33,put down plate on counter,player_9c775509,forced_division_of_labor,57d5b99d02882e09,1809.580411601508,45.254833995937815,8.0,0.0,8.0,1.0,1.0,"(5, 2)","[p(2, 2)_cs(1.0)_ws(1.0)]_[p(5, 2)_cs(1.0)_ws(1.0)]",player_9c775509_actions,player_9c775509,['player_9c775509'],,,
2061,tomato_cut,pick up,CuttingBoard_10,CuttingBoard,10,pick up tomato_cut from cuttingboard,player_8297ccbe,forced_division_of_labor,57d5b99d02882e09,936.4923767541328,22.627416997969704,8.0,0.0,0.0,1.0,1.0,"(2, 2)","[p(2, 2)_cs(1.0)_ws(1.0)]_[p(5, 2)_cs(1.0)_ws(1.0)]",player_8297ccbe_actions,player_8297ccbe,"['player_9c775509', 'player_8297ccbe']",,,False
2079,tomato_salad,pick up,Counter_32,Counter,32,pick up tomato_salad from counter,player_9c775509,forced_division_of_labor,57d5b99d02882e09,1825.5804116015072,15.999999999999543,8.0,0.0,8.0,1.0,1.0,"(5, 2)","[p(2, 2)_cs(1.0)_ws(1.0)]_[p(5, 2)_cs(1.0)_ws(1.0)]",player_9c775509_actions,player_8297ccbe,['player_8297ccbe'],"['player_9c775509', 'player_8297ccbe', 'player_8297ccbe']",['player_9c775509'],True
2097,tomato_cut,assemble salad,Counter_33,Counter,33,assemble salad,player_8297ccbe,forced_division_of_labor,57d5b99d02882e09,974.9036365941588,38.41125984002599,8.0,0.0,0.0,1.0,1.0,"(2, 2)","[p(2, 2)_cs(1.0)_ws(1.0)]_[p(5, 2)_cs(1.0)_ws(1.0)]",player_8297ccbe_actions,player_9c775509,['player_8297ccbe'],"['player_9c775509', 'player_8297ccbe', 'player_8297ccbe']",['player_9c775509'],True
2102,tomato_salad,deliver,Delivery_63,Delivery,63,deliver tomato_salad,player_9c775509,forced_division_of_labor,57d5b99d02882e09,1848.2078285994764,22.62741699796902,9.0,1.0,9.0,1.0,1.0,"(5, 2)","[p(2, 2)_cs(1.0)_ws(1.0)]_[p(5, 2)_cs(1.0)_ws(1.0)]",player_9c775509_actions,player_9c775509,"['player_8297ccbe', 'player_9c775509']","['player_9c775509', 'player_8297ccbe', 'player_8297ccbe']",['player_9c775509'],
2128,tomato,pick up,Dispenser_40,Dispenser,40,pick up tomato from dispenser,player_9c775509,forced_division_of_labor,57d5b99d02882e09,1886.619088439502,38.41125984002565,9.0,0.0,9.0,1.0,1.0,"(5, 2)","[p(2, 2)_cs(1.0)_ws(1.0)]_[p(5, 2)_cs(1.0)_ws(1.0)]",player_9c775509_actions,,[],,,
2146,tomato,put down,Counter_32,Counter,32,put down tomato on counter,player_9c775509,forced_division_of_labor,57d5b99d02882e09,1902.6190884395016,15.999999999999543,9.0,0.0,9.0,1.0,1.0,"(5, 2)","[p(2, 2)_cs(1.0)_ws(1.0)]_[p(5, 2)_cs(1.0)_ws(1.0)]",player_9c775509_actions,player_9c775509,['player_9c775509'],,,
2157,tomato,pick up,Counter_32,Counter,32,pick up tomato from counter,player_8297ccbe,forced_division_of_labor,57d5b99d02882e09,990.9036365941588,16.000000000000114,9.0,0.0,0.0,1.0,1.0,"(2, 2)","[p(2, 2)_cs(1.0)_ws(1.0)]_[p(5, 2)_cs(1.0)_ws(1.0)]",player_8297ccbe_actions,player_9c775509,['player_9c775509'],,,True
