{"agents": {"player_8297ccbe": {"initial_state": {"agent_id": "player_8297ccbe", "x": 40, "y": 40, "item": null, "url_params": {"gameType": ["tomatoSaladOnly"], "PROLIFIC_PID": ["67665f7b0329bd3e30515ad2"], "map": ["forced_division_of_labor"], "cutting_speed_p1": ["1"], "walking_speed_p1": ["1"], "cutting_speed_p2": ["1"], "walking_speed_p2": ["1"], "slot_x_p1": ["2"], "slot_y_p1": ["2"], "slot_x_p2": ["5"], "slot_y_p2": ["2"], "EIO": ["4"], "transport": ["polling"], "t": ["PZKApAP"]}, "cut_speed": 1.0, "walk_speed": 30.0, "player_nr": 1}, "player_score": 0.0, "total_actions": 45, "first_action_tick": 170, "last_action_tick": 2157}, "player_9c775509": {"initial_state": {"agent_id": "player_9c775509", "x": 88, "y": 40, "item": null, "url_params": {"gameType": ["tomatoSaladOnly"], "PROLIFIC_PID": ["67f080382c31132cfbb584e6"], "map": ["forced_division_of_labor"], "cutting_speed_p1": ["1"], "walking_speed_p1": ["1"], "cutting_speed_p2": ["1"], "walking_speed_p2": ["1"], "slot_x_p1": ["2"], "slot_y_p1": ["2"], "slot_x_p2": ["5"], "slot_y_p2": ["2"], "EIO": ["4"], "transport": ["polling"], "t": ["PZKAdhz"]}, "cut_speed": 1.0, "walk_speed": 30.0, "player_nr": 2}, "player_score": 9.0, "total_actions": 60, "first_action_tick": 72, "last_action_tick": 2146}}, "map_name": "forced_division_of_labor", "final_score": 9.0}