tick,item,action,target,target_type,target_position,action_long,player_id,map_name,game_id,distance_walked,distance_walked_since_last_action,overall_score,player_score_change,player_score,walking_speed,cutting_speed,start_pos,condition
72,tomato,pick up,Dispenser_40,Dispenser,40,pick up tomato from dispenser,player_9c775509,forced_division_of_labor,57d5b99d02882e09,22.62741699796952,0.0,0.0,0.0,0.0,1.0,1.0,"(5, 2)","[p(2, 2)_cs(1.0)_ws(1.0)]_[p(5, 2)_cs(1.0)_ws(1.0)]"
108,tomato,put down,Counter_32,Counter,32,put down tomato on counter,player_9c775509,forced_division_of_labor,57d5b99d02882e09,38.62741699796952,16.0,0.0,0.0,0.0,1.0,1.0,"(5, 2)","[p(2, 2)_cs(1.0)_ws(1.0)]_[p(5, 2)_cs(1.0)_ws(1.0)]"
165,tomato,pick up,Dispenser_40,Dispenser,40,pick up tomato from dispenser,player_9c775509,forced_division_of_labor,57d5b99d02882e09,54.62741699796952,16.0,0.0,0.0,0.0,1.0,1.0,"(5, 2)","[p(2, 2)_cs(1.0)_ws(1.0)]_[p(5, 2)_cs(1.0)_ws(1.0)]"
201,tomato,put down,Counter_33,Counter,33,put down tomato on counter,player_9c775509,forced_division_of_labor,57d5b99d02882e09,86.62741699796952,32.0,0.0,0.0,0.0,1.0,1.0,"(5, 2)","[p(2, 2)_cs(1.0)_ws(1.0)]_[p(5, 2)_cs(1.0)_ws(1.0)]"
245,plate,pick up,Dispenser_71,Dispenser,71,pick up plate from dispenser,player_9c775509,forced_division_of_labor,57d5b99d02882e09,131.88225099390854,45.25483399593902,0.0,0.0,0.0,1.0,1.0,"(5, 2)","[p(2, 2)_cs(1.0)_ws(1.0)]_[p(5, 2)_cs(1.0)_ws(1.0)]"
288,plate,assemble salad,Counter_32,Counter,32,assemble salad,player_9c775509,forced_division_of_labor,57d5b99d02882e09,170.2893136606735,38.40706266676497,0.0,0.0,0.0,1.0,1.0,"(5, 2)","[p(2, 2)_cs(1.0)_ws(1.0)]_[p(5, 2)_cs(1.0)_ws(1.0)]"
315,tomato_salad,pick up,Counter_32,Counter,32,pick up tomato_salad from counter,player_9c775509,forced_division_of_labor,57d5b99d02882e09,170.2893136606735,0.0,0.0,0.0,0.0,1.0,1.0,"(5, 2)","[p(2, 2)_cs(1.0)_ws(1.0)]_[p(5, 2)_cs(1.0)_ws(1.0)]"
357,tomato_salad,deliver,Delivery_64,Delivery,64,deliver tomato_salad,player_9c775509,forced_division_of_labor,57d5b99d02882e09,208.70057350069956,38.41125984002605,1.0,1.0,1.0,1.0,1.0,"(5, 2)","[p(2, 2)_cs(1.0)_ws(1.0)]_[p(5, 2)_cs(1.0)_ws(1.0)]"
390,tomato,pick up,Dispenser_40,Dispenser,40,pick up tomato from dispenser,player_9c775509,forced_division_of_labor,57d5b99d02882e09,263.1199451439484,54.419371643248866,1.0,0.0,1.0,1.0,1.0,"(5, 2)","[p(2, 2)_cs(1.0)_ws(1.0)]_[p(5, 2)_cs(1.0)_ws(1.0)]"
423,tomato,put down,Counter_32,Counter,32,put down tomato on counter,player_9c775509,forced_division_of_labor,57d5b99d02882e09,279.11994514394854,16.000000000000114,1.0,0.0,1.0,1.0,1.0,"(5, 2)","[p(2, 2)_cs(1.0)_ws(1.0)]_[p(5, 2)_cs(1.0)_ws(1.0)]"
489,plate,pick up,Dispenser_60,Dispenser,60,pick up plate from dispenser,player_9c775509,forced_division_of_labor,57d5b99d02882e09,317.52700781071354,38.407062666765,1.0,0.0,1.0,1.0,1.0,"(5, 2)","[p(2, 2)_cs(1.0)_ws(1.0)]_[p(5, 2)_cs(1.0)_ws(1.0)]"
536,plate,put down,Counter_33,Counter,33,put down plate on counter,player_9c775509,forced_division_of_labor,57d5b99d02882e09,362.7818418066525,45.25483399593895,1.0,0.0,1.0,1.0,1.0,"(5, 2)","[p(2, 2)_cs(1.0)_ws(1.0)]_[p(5, 2)_cs(1.0)_ws(1.0)]"
621,tomato,pick up,Dispenser_40,Dispenser,40,pick up tomato from dispenser,player_9c775509,forced_division_of_labor,57d5b99d02882e09,394.7818418066528,32.000000000000284,1.0,0.0,1.0,1.0,1.0,"(5, 2)","[p(2, 2)_cs(1.0)_ws(1.0)]_[p(5, 2)_cs(1.0)_ws(1.0)]"
639,tomato,put down,Counter_32,Counter,32,put down tomato on counter,player_9c775509,forced_division_of_labor,57d5b99d02882e09,410.78184180665295,16.00000000000017,1.0,0.0,1.0,1.0,1.0,"(5, 2)","[p(2, 2)_cs(1.0)_ws(1.0)]_[p(5, 2)_cs(1.0)_ws(1.0)]"
666,tomato_salad,pick up,Counter_33,Counter,33,pick up tomato_salad from counter,player_9c775509,forced_division_of_labor,57d5b99d02882e09,426.78184180665306,16.000000000000114,1.0,0.0,1.0,1.0,1.0,"(5, 2)","[p(2, 2)_cs(1.0)_ws(1.0)]_[p(5, 2)_cs(1.0)_ws(1.0)]"
696,tomato_salad,deliver,Delivery_63,Delivery,63,deliver tomato_salad,player_9c775509,forced_division_of_labor,57d5b99d02882e09,442.78184180665306,16.0,2.0,1.0,2.0,1.0,1.0,"(5, 2)","[p(2, 2)_cs(1.0)_ws(1.0)]_[p(5, 2)_cs(1.0)_ws(1.0)]"
729,plate,pick up,Dispenser_71,Dispenser,71,pick up plate from dispenser,player_9c775509,forced_division_of_labor,57d5b99d02882e09,481.19310164667917,38.411259840026105,2.0,0.0,2.0,1.0,1.0,"(5, 2)","[p(2, 2)_cs(1.0)_ws(1.0)]_[p(5, 2)_cs(1.0)_ws(1.0)]"
762,plate,put down,Counter_32,Counter,32,put down plate on counter,player_9c775509,forced_division_of_labor,57d5b99d02882e09,519.600164313444,38.40706266676483,2.0,0.0,2.0,1.0,1.0,"(5, 2)","[p(2, 2)_cs(1.0)_ws(1.0)]_[p(5, 2)_cs(1.0)_ws(1.0)]"
795,plate,pick up,Dispenser_60,Dispenser,60,pick up plate from dispenser,player_9c775509,forced_division_of_labor,57d5b99d02882e09,558.0072269802091,38.407062666765114,2.0,0.0,2.0,1.0,1.0,"(5, 2)","[p(2, 2)_cs(1.0)_ws(1.0)]_[p(5, 2)_cs(1.0)_ws(1.0)]"
836,plate,put down,Counter_33,Counter,33,put down plate on counter,player_9c775509,forced_division_of_labor,57d5b99d02882e09,603.2620609761487,45.254833995939634,2.0,0.0,2.0,1.0,1.0,"(5, 2)","[p(2, 2)_cs(1.0)_ws(1.0)]_[p(5, 2)_cs(1.0)_ws(1.0)]"
861,tomato_salad,pick up,Counter_32,Counter,32,pick up tomato_salad from counter,player_9c775509,forced_division_of_labor,57d5b99d02882e09,619.2620609761489,16.000000000000114,2.0,0.0,2.0,1.0,1.0,"(5, 2)","[p(2, 2)_cs(1.0)_ws(1.0)]_[p(5, 2)_cs(1.0)_ws(1.0)]"
905,tomato_salad,deliver,Delivery_63,Delivery,63,deliver tomato_salad,player_9c775509,forced_division_of_labor,57d5b99d02882e09,641.8894779741187,22.627416997969817,3.0,1.0,3.0,1.0,1.0,"(5, 2)","[p(2, 2)_cs(1.0)_ws(1.0)]_[p(5, 2)_cs(1.0)_ws(1.0)]"
928,tomato,pick up,Dispenser_40,Dispenser,40,pick up tomato from dispenser,player_9c775509,forced_division_of_labor,57d5b99d02882e09,680.3007378141449,38.41125984002622,3.0,0.0,3.0,1.0,1.0,"(5, 2)","[p(2, 2)_cs(1.0)_ws(1.0)]_[p(5, 2)_cs(1.0)_ws(1.0)]"
952,tomato,put down,Counter_32,Counter,32,put down tomato on counter,player_9c775509,forced_division_of_labor,57d5b99d02882e09,696.3007378141451,16.000000000000227,3.0,0.0,3.0,1.0,1.0,"(5, 2)","[p(2, 2)_cs(1.0)_ws(1.0)]_[p(5, 2)_cs(1.0)_ws(1.0)]"
972,tomato_salad,pick up,Counter_33,Counter,33,pick up tomato_salad from counter,player_9c775509,forced_division_of_labor,57d5b99d02882e09,712.3007378141454,16.000000000000227,3.0,0.0,3.0,1.0,1.0,"(5, 2)","[p(2, 2)_cs(1.0)_ws(1.0)]_[p(5, 2)_cs(1.0)_ws(1.0)]"
993,tomato_salad,deliver,Delivery_63,Delivery,63,deliver tomato_salad,player_9c775509,forced_division_of_labor,57d5b99d02882e09,728.3007378141454,16.0,4.0,1.0,4.0,1.0,1.0,"(5, 2)","[p(2, 2)_cs(1.0)_ws(1.0)]_[p(5, 2)_cs(1.0)_ws(1.0)]"
1019,tomato,pick up,Dispenser_50,Dispenser,50,pick up tomato from dispenser,player_9c775509,forced_division_of_labor,57d5b99d02882e09,760.3007378141457,32.00000000000034,4.0,0.0,4.0,1.0,1.0,"(5, 2)","[p(2, 2)_cs(1.0)_ws(1.0)]_[p(5, 2)_cs(1.0)_ws(1.0)]"
1036,tomato,put down,Counter_32,Counter,32,put down tomato on counter,player_9c775509,forced_division_of_labor,57d5b99d02882e09,782.9281548121154,22.627416997969704,4.0,0.0,4.0,1.0,1.0,"(5, 2)","[p(2, 2)_cs(1.0)_ws(1.0)]_[p(5, 2)_cs(1.0)_ws(1.0)]"
1068,plate,pick up,Dispenser_71,Dispenser,71,pick up plate from dispenser,player_9c775509,forced_division_of_labor,57d5b99d02882e09,821.3352174788805,38.407062666765114,4.0,0.0,4.0,1.0,1.0,"(5, 2)","[p(2, 2)_cs(1.0)_ws(1.0)]_[p(5, 2)_cs(1.0)_ws(1.0)]"
1111,plate,put down,Counter_32,Counter,32,put down plate on counter,player_9c775509,forced_division_of_labor,57d5b99d02882e09,859.7422801456453,38.40706266676477,4.0,0.0,4.0,1.0,1.0,"(5, 2)","[p(2, 2)_cs(1.0)_ws(1.0)]_[p(5, 2)_cs(1.0)_ws(1.0)]"
1145,plate,pick up,Dispenser_71,Dispenser,71,pick up plate from dispenser,player_9c775509,forced_division_of_labor,57d5b99d02882e09,898.1493428124104,38.407062666765114,4.0,0.0,4.0,1.0,1.0,"(5, 2)","[p(2, 2)_cs(1.0)_ws(1.0)]_[p(5, 2)_cs(1.0)_ws(1.0)]"
1187,plate,put down,Counter_33,Counter,33,put down plate on counter,player_9c775509,forced_division_of_labor,57d5b99d02882e09,943.40417680835,45.254833995939634,4.0,0.0,4.0,1.0,1.0,"(5, 2)","[p(2, 2)_cs(1.0)_ws(1.0)]_[p(5, 2)_cs(1.0)_ws(1.0)]"
1222,tomato,pick up,Dispenser_50,Dispenser,50,pick up tomato from dispenser,player_9c775509,forced_division_of_labor,57d5b99d02882e09,981.8154366483762,38.41125984002622,4.0,0.0,4.0,1.0,1.0,"(5, 2)","[p(2, 2)_cs(1.0)_ws(1.0)]_[p(5, 2)_cs(1.0)_ws(1.0)]"
1272,tomato,put down,Counter_34,Counter,34,put down tomato on counter,player_9c775509,forced_division_of_labor,57d5b99d02882e09,1036.2451941226489,54.429757474272606,4.0,0.0,4.0,1.0,1.0,"(5, 2)","[p(2, 2)_cs(1.0)_ws(1.0)]_[p(5, 2)_cs(1.0)_ws(1.0)]"
1302,tomato_salad,pick up,Counter_32,Counter,32,pick up tomato_salad from counter,player_9c775509,forced_division_of_labor,57d5b99d02882e09,1068.2451941226482,31.999999999999318,4.0,0.0,4.0,1.0,1.0,"(5, 2)","[p(2, 2)_cs(1.0)_ws(1.0)]_[p(5, 2)_cs(1.0)_ws(1.0)]"
1328,tomato_salad,deliver,Delivery_64,Delivery,64,deliver tomato_salad,player_9c775509,forced_division_of_labor,57d5b99d02882e09,1106.6564539626738,38.41125984002565,5.0,1.0,5.0,1.0,1.0,"(5, 2)","[p(2, 2)_cs(1.0)_ws(1.0)]_[p(5, 2)_cs(1.0)_ws(1.0)]"
1347,tomato_salad,pick up,Counter_33,Counter,33,pick up tomato_salad from counter,player_9c775509,forced_division_of_labor,57d5b99d02882e09,1129.2838709606428,22.62741699796902,5.0,0.0,5.0,1.0,1.0,"(5, 2)","[p(2, 2)_cs(1.0)_ws(1.0)]_[p(5, 2)_cs(1.0)_ws(1.0)]"
1371,tomato_salad,deliver,Delivery_63,Delivery,63,deliver tomato_salad,player_9c775509,forced_division_of_labor,57d5b99d02882e09,1145.2838709606424,15.999999999999545,6.0,1.0,6.0,1.0,1.0,"(5, 2)","[p(2, 2)_cs(1.0)_ws(1.0)]_[p(5, 2)_cs(1.0)_ws(1.0)]"
1401,plate,pick up,Dispenser_71,Dispenser,71,pick up plate from dispenser,player_9c775509,forced_division_of_labor,57d5b99d02882e09,1183.695130800668,38.41125984002565,6.0,0.0,6.0,1.0,1.0,"(5, 2)","[p(2, 2)_cs(1.0)_ws(1.0)]_[p(5, 2)_cs(1.0)_ws(1.0)]"
1425,plate,put down,Counter_32,Counter,32,put down plate on counter,player_9c775509,forced_division_of_labor,57d5b99d02882e09,1222.1021934674322,38.407062666764205,6.0,0.0,6.0,1.0,1.0,"(5, 2)","[p(2, 2)_cs(1.0)_ws(1.0)]_[p(5, 2)_cs(1.0)_ws(1.0)]"
1451,tomato,pick up,Dispenser_40,Dispenser,40,pick up tomato from dispenser,player_9c775509,forced_division_of_labor,57d5b99d02882e09,1238.1021934674318,15.999999999999545,6.0,0.0,6.0,1.0,1.0,"(5, 2)","[p(2, 2)_cs(1.0)_ws(1.0)]_[p(5, 2)_cs(1.0)_ws(1.0)]"
1485,tomato,put down,Counter_33,Counter,33,put down tomato on counter,player_9c775509,forced_division_of_labor,57d5b99d02882e09,1270.1021934674309,31.99999999999909,6.0,0.0,6.0,1.0,1.0,"(5, 2)","[p(2, 2)_cs(1.0)_ws(1.0)]_[p(5, 2)_cs(1.0)_ws(1.0)]"
1504,tomato_salad,pick up,Counter_32,Counter,32,pick up tomato_salad from counter,player_9c775509,forced_division_of_labor,57d5b99d02882e09,1286.1021934674304,15.999999999999545,6.0,0.0,6.0,1.0,1.0,"(5, 2)","[p(2, 2)_cs(1.0)_ws(1.0)]_[p(5, 2)_cs(1.0)_ws(1.0)]"
1564,tomato_salad,deliver,Delivery_63,Delivery,63,deliver tomato_salad,player_9c775509,forced_division_of_labor,57d5b99d02882e09,1308.7296104653994,22.62741699796902,7.0,1.0,7.0,1.0,1.0,"(5, 2)","[p(2, 2)_cs(1.0)_ws(1.0)]_[p(5, 2)_cs(1.0)_ws(1.0)]"
1643,tomato,pick up,Dispenser_50,Dispenser,50,pick up tomato from dispenser,player_9c775509,forced_division_of_labor,57d5b99d02882e09,1408.1753499701583,99.44573950475888,7.0,0.0,7.0,1.0,1.0,"(5, 2)","[p(2, 2)_cs(1.0)_ws(1.0)]_[p(5, 2)_cs(1.0)_ws(1.0)]"
1677,tomato,put down,Counter_32,Counter,32,put down tomato on counter,player_9c775509,forced_division_of_labor,57d5b99d02882e09,1430.8027669681273,22.62741699796902,7.0,0.0,7.0,1.0,1.0,"(5, 2)","[p(2, 2)_cs(1.0)_ws(1.0)]_[p(5, 2)_cs(1.0)_ws(1.0)]"
1710,plate,pick up,Dispenser_71,Dispenser,71,pick up plate from dispenser,player_9c775509,forced_division_of_labor,57d5b99d02882e09,1469.209829634891,38.40706266676375,7.0,0.0,7.0,1.0,1.0,"(5, 2)","[p(2, 2)_cs(1.0)_ws(1.0)]_[p(5, 2)_cs(1.0)_ws(1.0)]"
1744,plate,put down,Counter_33,Counter,33,put down plate on counter,player_9c775509,forced_division_of_labor,57d5b99d02882e09,1514.464663630829,45.254833995937815,7.0,0.0,7.0,1.0,1.0,"(5, 2)","[p(2, 2)_cs(1.0)_ws(1.0)]_[p(5, 2)_cs(1.0)_ws(1.0)]"
1773,tomato,pick up,Dispenser_40,Dispenser,40,pick up tomato from dispenser,player_9c775509,forced_division_of_labor,57d5b99d02882e09,1546.464663630828,31.99999999999909,7.0,0.0,7.0,1.0,1.0,"(5, 2)","[p(2, 2)_cs(1.0)_ws(1.0)]_[p(5, 2)_cs(1.0)_ws(1.0)]"
1814,tomato,put down,Counter_34,Counter,34,put down tomato on counter,player_9c775509,forced_division_of_labor,57d5b99d02882e09,1594.4646636308262,47.99999999999818,7.0,0.0,7.0,1.0,1.0,"(5, 2)","[p(2, 2)_cs(1.0)_ws(1.0)]_[p(5, 2)_cs(1.0)_ws(1.0)]"
1839,tomato_salad,pick up,Counter_33,Counter,33,pick up tomato_salad from counter,player_9c775509,forced_division_of_labor,57d5b99d02882e09,1610.4646636308257,15.999999999999545,7.0,0.0,7.0,1.0,1.0,"(5, 2)","[p(2, 2)_cs(1.0)_ws(1.0)]_[p(5, 2)_cs(1.0)_ws(1.0)]"
1873,tomato_salad,deliver,Delivery_64,Delivery,64,deliver tomato_salad,player_9c775509,forced_division_of_labor,57d5b99d02882e09,1633.0920806287947,22.62741699796902,8.0,1.0,8.0,1.0,1.0,"(5, 2)","[p(2, 2)_cs(1.0)_ws(1.0)]_[p(5, 2)_cs(1.0)_ws(1.0)]"
1948,plate,pick up,Dispenser_71,Dispenser,71,pick up plate from dispenser,player_9c775509,forced_division_of_labor,57d5b99d02882e09,1687.5114522720423,54.41937164324759,8.0,0.0,8.0,1.0,1.0,"(5, 2)","[p(2, 2)_cs(1.0)_ws(1.0)]_[p(5, 2)_cs(1.0)_ws(1.0)]"
1972,plate,put down,Counter_32,Counter,32,put down plate on counter,player_9c775509,forced_division_of_labor,57d5b99d02882e09,1725.9185149388063,38.40706266676398,8.0,0.0,8.0,1.0,1.0,"(5, 2)","[p(2, 2)_cs(1.0)_ws(1.0)]_[p(5, 2)_cs(1.0)_ws(1.0)]"
2019,plate,pick up,Dispenser_60,Dispenser,60,pick up plate from dispenser,player_9c775509,forced_division_of_labor,57d5b99d02882e09,1764.32557760557,38.40706266676375,8.0,0.0,8.0,1.0,1.0,"(5, 2)","[p(2, 2)_cs(1.0)_ws(1.0)]_[p(5, 2)_cs(1.0)_ws(1.0)]"
2048,plate,put down,Counter_33,Counter,33,put down plate on counter,player_9c775509,forced_division_of_labor,57d5b99d02882e09,1809.5804116015079,45.254833995937815,8.0,0.0,8.0,1.0,1.0,"(5, 2)","[p(2, 2)_cs(1.0)_ws(1.0)]_[p(5, 2)_cs(1.0)_ws(1.0)]"
2079,tomato_salad,pick up,Counter_32,Counter,32,pick up tomato_salad from counter,player_9c775509,forced_division_of_labor,57d5b99d02882e09,1825.5804116015074,15.999999999999545,8.0,0.0,8.0,1.0,1.0,"(5, 2)","[p(2, 2)_cs(1.0)_ws(1.0)]_[p(5, 2)_cs(1.0)_ws(1.0)]"
2102,tomato_salad,deliver,Delivery_63,Delivery,63,deliver tomato_salad,player_9c775509,forced_division_of_labor,57d5b99d02882e09,1848.2078285994764,22.62741699796902,9.0,1.0,9.0,1.0,1.0,"(5, 2)","[p(2, 2)_cs(1.0)_ws(1.0)]_[p(5, 2)_cs(1.0)_ws(1.0)]"
2128,tomato,pick up,Dispenser_40,Dispenser,40,pick up tomato from dispenser,player_9c775509,forced_division_of_labor,57d5b99d02882e09,1886.619088439502,38.41125984002565,9.0,0.0,9.0,1.0,1.0,"(5, 2)","[p(2, 2)_cs(1.0)_ws(1.0)]_[p(5, 2)_cs(1.0)_ws(1.0)]"
2146,tomato,put down,Counter_32,Counter,32,put down tomato on counter,player_9c775509,forced_division_of_labor,57d5b99d02882e09,1902.6190884395016,15.999999999999545,9.0,0.0,9.0,1.0,1.0,"(5, 2)","[p(2, 2)_cs(1.0)_ws(1.0)]_[p(5, 2)_cs(1.0)_ws(1.0)]"
