{"agents": {"player_6a84d134": {"initial_state": {"agent_id": "player_6a84d134", "x": 40, "y": 40, "item": null, "url_params": {"gameType": ["tomatoSaladOnly"], "PROLIFIC_PID": ["66d5264f412982c20c40f961"], "map": ["forced_division_of_labor"], "cutting_speed_p1": ["1"], "walking_speed_p1": ["1"], "cutting_speed_p2": ["1"], "walking_speed_p2": ["1"], "slot_x_p1": ["2"], "slot_y_p1": ["2"], "slot_x_p2": ["5"], "slot_y_p2": ["2"], "EIO": ["4"], "transport": ["polling"], "t": ["PZL94PX"]}, "cut_speed": 1.0, "walk_speed": 30.0, "player_nr": 1}, "player_score": 0.0, "total_actions": 18, "first_action_tick": 311, "last_action_tick": 2032}, "player_8518ee8a": {"initial_state": {"agent_id": "player_8518ee8a", "x": 88, "y": 40, "item": null, "url_params": {"gameType": ["tomatoSaladOnly"], "PROLIFIC_PID": ["666f76b68b89442817be678a"], "map": ["forced_division_of_labor"], "cutting_speed_p1": ["1"], "walking_speed_p1": ["1"], "cutting_speed_p2": ["1"], "walking_speed_p2": ["1"], "slot_x_p1": ["2"], "slot_y_p1": ["2"], "slot_x_p2": ["5"], "slot_y_p2": ["2"], "EIO": ["4"], "transport": ["polling"], "t": ["PZL9DLe"]}, "cut_speed": 1.0, "walk_speed": 30.0, "player_nr": 2}, "player_score": 1.0, "total_actions": 33, "first_action_tick": 67, "last_action_tick": 2151}}, "map_name": "forced_division_of_labor", "final_score": 1.0}