tick,item,action,target,target_type,target_position,action_long,player_id,map_name,game_id,distance_walked,distance_walked_since_last_action,overall_score,player_score_change,player_score,walking_speed,cutting_speed,start_pos,condition
67,tomato,pick up,Dispenser_50,Dispenser,50,pick up tomato from dispenser,player_8518ee8a,forced_division_of_labor,a4a009b4bd48574d,16.0,0.0,0.0,0.0,0.0,1.0,1.0,"(5, 2)","[p(2, 2)_cs(1.0)_ws(1.0)]_[p(5, 2)_cs(1.0)_ws(1.0)]"
189,tomato,put down,Dispenser_71,Dispenser,71,put down tomato on dispenser,player_8518ee8a,forced_division_of_labor,a4a009b4bd48574d,64.0,48.0,0.0,0.0,0.0,1.0,1.0,"(5, 2)","[p(2, 2)_cs(1.0)_ws(1.0)]_[p(5, 2)_cs(1.0)_ws(1.0)]"
189,plate,pick up,Dispenser_71,Dispenser,71,pick up plate from dispenser,player_8518ee8a,forced_division_of_labor,a4a009b4bd48574d,64.0,0.0,0.0,0.0,0.0,1.0,1.0,"(5, 2)","[p(2, 2)_cs(1.0)_ws(1.0)]_[p(5, 2)_cs(1.0)_ws(1.0)]"
235,plate,put down,Dispenser_50,Dispenser,50,put down plate on dispenser,player_8518ee8a,forced_division_of_labor,a4a009b4bd48574d,80.0,16.0,0.0,0.0,0.0,1.0,1.0,"(5, 2)","[p(2, 2)_cs(1.0)_ws(1.0)]_[p(5, 2)_cs(1.0)_ws(1.0)]"
235,tomato,pick up,Dispenser_50,Dispenser,50,pick up tomato from dispenser,player_8518ee8a,forced_division_of_labor,a4a009b4bd48574d,80.0,0.0,0.0,0.0,0.0,1.0,1.0,"(5, 2)","[p(2, 2)_cs(1.0)_ws(1.0)]_[p(5, 2)_cs(1.0)_ws(1.0)]"
298,tomato,put down,Counter_32,Counter,32,put down tomato on counter,player_8518ee8a,forced_division_of_labor,a4a009b4bd48574d,112.0,32.0,0.0,0.0,0.0,1.0,1.0,"(5, 2)","[p(2, 2)_cs(1.0)_ws(1.0)]_[p(5, 2)_cs(1.0)_ws(1.0)]"
427,tomato_cut,pick up,Counter_32,Counter,32,pick up tomato_cut from counter,player_8518ee8a,forced_division_of_labor,a4a009b4bd48574d,112.0,0.0,0.0,0.0,0.0,1.0,1.0,"(5, 2)","[p(2, 2)_cs(1.0)_ws(1.0)]_[p(5, 2)_cs(1.0)_ws(1.0)]"
492,tomato_cut,put down,Dispenser_71,Dispenser,71,put down tomato_cut on dispenser,player_8518ee8a,forced_division_of_labor,a4a009b4bd48574d,150.40706266676494,38.40706266676494,0.0,0.0,0.0,1.0,1.0,"(5, 2)","[p(2, 2)_cs(1.0)_ws(1.0)]_[p(5, 2)_cs(1.0)_ws(1.0)]"
492,plate,pick up,Dispenser_71,Dispenser,71,pick up plate from dispenser,player_8518ee8a,forced_division_of_labor,a4a009b4bd48574d,150.40706266676494,0.0,0.0,0.0,0.0,1.0,1.0,"(5, 2)","[p(2, 2)_cs(1.0)_ws(1.0)]_[p(5, 2)_cs(1.0)_ws(1.0)]"
720,plate,put down,Dispenser_40,Dispenser,40,put down plate on dispenser,player_8518ee8a,forced_division_of_labor,a4a009b4bd48574d,204.8141253335299,54.40706266676494,0.0,0.0,0.0,1.0,1.0,"(5, 2)","[p(2, 2)_cs(1.0)_ws(1.0)]_[p(5, 2)_cs(1.0)_ws(1.0)]"
720,tomato,pick up,Dispenser_40,Dispenser,40,pick up tomato from dispenser,player_8518ee8a,forced_division_of_labor,a4a009b4bd48574d,204.8141253335299,0.0,0.0,0.0,0.0,1.0,1.0,"(5, 2)","[p(2, 2)_cs(1.0)_ws(1.0)]_[p(5, 2)_cs(1.0)_ws(1.0)]"
763,tomato,put down,Dispenser_71,Dispenser,71,put down tomato on dispenser,player_8518ee8a,forced_division_of_labor,a4a009b4bd48574d,236.8141253335299,32.0,0.0,0.0,0.0,1.0,1.0,"(5, 2)","[p(2, 2)_cs(1.0)_ws(1.0)]_[p(5, 2)_cs(1.0)_ws(1.0)]"
763,plate,pick up,Dispenser_71,Dispenser,71,pick up plate from dispenser,player_8518ee8a,forced_division_of_labor,a4a009b4bd48574d,236.8141253335299,0.0,0.0,0.0,0.0,1.0,1.0,"(5, 2)","[p(2, 2)_cs(1.0)_ws(1.0)]_[p(5, 2)_cs(1.0)_ws(1.0)]"
835,plate,put down,Dispenser_40,Dispenser,40,put down plate on dispenser,player_8518ee8a,forced_division_of_labor,a4a009b4bd48574d,268.8141253335299,32.0,0.0,0.0,0.0,1.0,1.0,"(5, 2)","[p(2, 2)_cs(1.0)_ws(1.0)]_[p(5, 2)_cs(1.0)_ws(1.0)]"
835,tomato,pick up,Dispenser_40,Dispenser,40,pick up tomato from dispenser,player_8518ee8a,forced_division_of_labor,a4a009b4bd48574d,268.8141253335299,0.0,0.0,0.0,0.0,1.0,1.0,"(5, 2)","[p(2, 2)_cs(1.0)_ws(1.0)]_[p(5, 2)_cs(1.0)_ws(1.0)]"
879,tomato,put down,Counter_32,Counter,32,put down tomato on counter,player_8518ee8a,forced_division_of_labor,a4a009b4bd48574d,284.81412533353006,16.00000000000017,0.0,0.0,0.0,1.0,1.0,"(5, 2)","[p(2, 2)_cs(1.0)_ws(1.0)]_[p(5, 2)_cs(1.0)_ws(1.0)]"
1138,tomato_cut,pick up,Counter_32,Counter,32,pick up tomato_cut from counter,player_8518ee8a,forced_division_of_labor,a4a009b4bd48574d,284.81412533353006,0.0,0.0,0.0,0.0,1.0,1.0,"(5, 2)","[p(2, 2)_cs(1.0)_ws(1.0)]_[p(5, 2)_cs(1.0)_ws(1.0)]"
1191,tomato_cut,put down,Dispenser_60,Dispenser,60,put down tomato_cut on dispenser,player_8518ee8a,forced_division_of_labor,a4a009b4bd48574d,323.22118800029506,38.407062666765,0.0,0.0,0.0,1.0,1.0,"(5, 2)","[p(2, 2)_cs(1.0)_ws(1.0)]_[p(5, 2)_cs(1.0)_ws(1.0)]"
1191,plate,pick up,Dispenser_60,Dispenser,60,pick up plate from dispenser,player_8518ee8a,forced_division_of_labor,a4a009b4bd48574d,323.22118800029506,0.0,0.0,0.0,0.0,1.0,1.0,"(5, 2)","[p(2, 2)_cs(1.0)_ws(1.0)]_[p(5, 2)_cs(1.0)_ws(1.0)]"
1326,plate,put down,Dispenser_40,Dispenser,40,put down plate on dispenser,player_8518ee8a,forced_division_of_labor,a4a009b4bd48574d,377.6282506670602,54.407062666765114,0.0,0.0,0.0,1.0,1.0,"(5, 2)","[p(2, 2)_cs(1.0)_ws(1.0)]_[p(5, 2)_cs(1.0)_ws(1.0)]"
1326,tomato,pick up,Dispenser_40,Dispenser,40,pick up tomato from dispenser,player_8518ee8a,forced_division_of_labor,a4a009b4bd48574d,377.6282506670602,0.0,0.0,0.0,0.0,1.0,1.0,"(5, 2)","[p(2, 2)_cs(1.0)_ws(1.0)]_[p(5, 2)_cs(1.0)_ws(1.0)]"
1383,tomato,put down,Counter_32,Counter,32,put down tomato on counter,player_8518ee8a,forced_division_of_labor,a4a009b4bd48574d,393.6282506670603,16.000000000000114,0.0,0.0,0.0,1.0,1.0,"(5, 2)","[p(2, 2)_cs(1.0)_ws(1.0)]_[p(5, 2)_cs(1.0)_ws(1.0)]"
1464,tomato,pick up,Dispenser_40,Dispenser,40,pick up tomato from dispenser,player_8518ee8a,forced_division_of_labor,a4a009b4bd48574d,409.6282506670604,16.000000000000114,0.0,0.0,0.0,1.0,1.0,"(5, 2)","[p(2, 2)_cs(1.0)_ws(1.0)]_[p(5, 2)_cs(1.0)_ws(1.0)]"
1634,tomato,put down,Dispenser_71,Dispenser,71,put down tomato on dispenser,player_8518ee8a,forced_division_of_labor,a4a009b4bd48574d,441.6282506670604,32.0,0.0,0.0,0.0,1.0,1.0,"(5, 2)","[p(2, 2)_cs(1.0)_ws(1.0)]_[p(5, 2)_cs(1.0)_ws(1.0)]"
1634,plate,pick up,Dispenser_71,Dispenser,71,pick up plate from dispenser,player_8518ee8a,forced_division_of_labor,a4a009b4bd48574d,441.6282506670604,0.0,0.0,0.0,0.0,1.0,1.0,"(5, 2)","[p(2, 2)_cs(1.0)_ws(1.0)]_[p(5, 2)_cs(1.0)_ws(1.0)]"
1710,plate,assemble salad,Counter_32,Counter,32,assemble salad,player_8518ee8a,forced_division_of_labor,a4a009b4bd48574d,480.0353133338254,38.407062666765,0.0,0.0,0.0,1.0,1.0,"(5, 2)","[p(2, 2)_cs(1.0)_ws(1.0)]_[p(5, 2)_cs(1.0)_ws(1.0)]"
1735,tomato_salad,pick up,Counter_32,Counter,32,pick up tomato_salad from counter,player_8518ee8a,forced_division_of_labor,a4a009b4bd48574d,480.0353133338254,0.0,0.0,0.0,0.0,1.0,1.0,"(5, 2)","[p(2, 2)_cs(1.0)_ws(1.0)]_[p(5, 2)_cs(1.0)_ws(1.0)]"
1814,tomato_salad,deliver,Delivery_63,Delivery,63,deliver tomato_salad,player_8518ee8a,forced_division_of_labor,a4a009b4bd48574d,502.6627303317948,22.62741699796942,1.0,1.0,1.0,1.0,1.0,"(5, 2)","[p(2, 2)_cs(1.0)_ws(1.0)]_[p(5, 2)_cs(1.0)_ws(1.0)]"
1896,tomato,pick up,Dispenser_40,Dispenser,40,pick up tomato from dispenser,player_8518ee8a,forced_division_of_labor,a4a009b4bd48574d,541.073990171821,38.41125984002622,1.0,0.0,1.0,1.0,1.0,"(5, 2)","[p(2, 2)_cs(1.0)_ws(1.0)]_[p(5, 2)_cs(1.0)_ws(1.0)]"
1932,tomato,put down,Counter_32,Counter,32,put down tomato on counter,player_8518ee8a,forced_division_of_labor,a4a009b4bd48574d,580.0739901718183,38.99999999999727,1.0,0.0,1.0,1.0,1.0,"(5, 2)","[p(2, 2)_cs(1.0)_ws(1.0)]_[p(5, 2)_cs(1.0)_ws(1.0)]"
2080,tomato_cut,pick up,Counter_32,Counter,32,pick up tomato_cut from counter,player_8518ee8a,forced_division_of_labor,a4a009b4bd48574d,612.0739901718187,32.00000000000034,1.0,0.0,1.0,1.0,1.0,"(5, 2)","[p(2, 2)_cs(1.0)_ws(1.0)]_[p(5, 2)_cs(1.0)_ws(1.0)]"
2151,tomato_cut,put down,Dispenser_71,Dispenser,71,put down tomato_cut on dispenser,player_8518ee8a,forced_division_of_labor,a4a009b4bd48574d,650.4810528385838,38.407062666765114,1.0,0.0,1.0,1.0,1.0,"(5, 2)","[p(2, 2)_cs(1.0)_ws(1.0)]_[p(5, 2)_cs(1.0)_ws(1.0)]"
2151,plate,pick up,Dispenser_71,Dispenser,71,pick up plate from dispenser,player_8518ee8a,forced_division_of_labor,a4a009b4bd48574d,650.4810528385838,0.0,1.0,0.0,1.0,1.0,1.0,"(5, 2)","[p(2, 2)_cs(1.0)_ws(1.0)]_[p(5, 2)_cs(1.0)_ws(1.0)]"
