tick,item,action,target,target_type,target_position,action_long,player_id,map_name,game_id,distance_walked,distance_walked_since_last_action,overall_score,player_score_change,player_score,walking_speed,cutting_speed,start_pos,condition,source,last_touched,touched_list,tomato_history,plate_history,is_exchange_collaboration
63,tomato,pick up,Dispenser_40,Dispenser,40,pick up tomato from dispenser,player_cdfb7f22,baseline_division_of_labor,025347f874035226,22.62741699796952,0.0,0.0,0.0,0.0,1.0,0.2,"(5, 2)","[p(2, 2)_cs(1.0)_ws(0.2)]_[p(5, 2)_cs(0.2)_ws(1.0)]",player_cdfb7f22_actions,,[],,,
178,tomato,put down,Counter_32,Counter,32,put down tomato on counter,player_cdfb7f22,baseline_division_of_labor,025347f874035226,70.6274169979695,47.999999999999986,0.0,0.0,0.0,1.0,0.2,"(5, 2)","[p(2, 2)_cs(1.0)_ws(0.2)]_[p(5, 2)_cs(0.2)_ws(1.0)]",player_cdfb7f22_actions,player_cdfb7f22,['player_cdfb7f22'],,,
206,tomato,pick up,Dispenser_40,Dispenser,40,pick up tomato from dispenser,player_d4e48872,baseline_division_of_labor,025347f874035226,71.5135643369576,0.0,0.0,0.0,0.0,0.2,1.0,"(2, 2)","[p(2, 2)_cs(1.0)_ws(0.2)]_[p(5, 2)_cs(0.2)_ws(1.0)]",player_d4e48872_actions,,[],,,
248,plate,pick up,Dispenser_60,Dispenser,60,pick up plate from dispenser,player_cdfb7f22,baseline_division_of_labor,025347f874035226,118.6274169979695,48.0,0.0,0.0,0.0,1.0,0.2,"(5, 2)","[p(2, 2)_cs(1.0)_ws(0.2)]_[p(5, 2)_cs(0.2)_ws(1.0)]",player_cdfb7f22_actions,,[],,,
295,tomato,start cutting,CuttingBoard_20,CuttingBoard,20,start cutting tomato,player_d4e48872,baseline_division_of_labor,025347f874035226,103.5135643369576,32.0,0.0,0.0,0.0,0.2,1.0,"(2, 2)","[p(2, 2)_cs(1.0)_ws(0.2)]_[p(5, 2)_cs(0.2)_ws(1.0)]",player_d4e48872_actions,player_d4e48872,['player_d4e48872'],,,
297,plate,put down,Counter_34,Counter,34,put down plate on counter,player_cdfb7f22,baseline_division_of_labor,025347f874035226,179.54360390050783,60.91618690253833,0.0,0.0,0.0,1.0,0.2,"(5, 2)","[p(2, 2)_cs(1.0)_ws(0.2)]_[p(5, 2)_cs(0.2)_ws(1.0)]",player_cdfb7f22_actions,player_cdfb7f22,['player_cdfb7f22'],,,
373,plate,pick up,Dispenser_71,Dispenser,71,pick up plate from dispenser,player_cdfb7f22,baseline_division_of_labor,025347f874035226,330.084079198442,150.54047529793417,0.0,0.0,0.0,1.0,0.2,"(5, 2)","[p(2, 2)_cs(1.0)_ws(0.2)]_[p(5, 2)_cs(0.2)_ws(1.0)]",player_cdfb7f22_actions,,[],,,
390,tomato,pick up,Dispenser_40,Dispenser,40,pick up tomato from dispenser,player_d4e48872,baseline_division_of_labor,025347f874035226,135.5135643369576,31.999999999999982,0.0,0.0,0.0,0.2,1.0,"(2, 2)","[p(2, 2)_cs(1.0)_ws(0.2)]_[p(5, 2)_cs(0.2)_ws(1.0)]",player_d4e48872_actions,,[],,,
412,plate,put down,Counter_35,Counter,35,put down plate on counter,player_cdfb7f22,baseline_division_of_labor,025347f874035226,407.0181836290118,76.93410443056979,0.0,0.0,0.0,1.0,0.2,"(5, 2)","[p(2, 2)_cs(1.0)_ws(0.2)]_[p(5, 2)_cs(0.2)_ws(1.0)]",player_cdfb7f22_actions,player_cdfb7f22,['player_cdfb7f22'],,,
458,tomato,pick up,Dispenser_50,Dispenser,50,pick up tomato from dispenser,player_cdfb7f22,baseline_division_of_labor,025347f874035226,477.5100961529388,70.491912523927,0.0,0.0,0.0,1.0,0.2,"(5, 2)","[p(2, 2)_cs(1.0)_ws(0.2)]_[p(5, 2)_cs(0.2)_ws(1.0)]",player_cdfb7f22_actions,,[],,,
492,tomato,put down,Counter_33,Counter,33,put down tomato on counter,player_cdfb7f22,baseline_division_of_labor,025347f874035226,515.9213559929649,38.411259840026105,0.0,0.0,0.0,1.0,0.2,"(5, 2)","[p(2, 2)_cs(1.0)_ws(0.2)]_[p(5, 2)_cs(0.2)_ws(1.0)]",player_cdfb7f22_actions,player_cdfb7f22,['player_cdfb7f22'],,,
503,tomato,start cutting,CuttingBoard_10,CuttingBoard,10,start cutting tomato,player_d4e48872,baseline_division_of_labor,025347f874035226,183.5135643369574,47.9999999999998,0.0,0.0,0.0,0.2,1.0,"(2, 2)","[p(2, 2)_cs(1.0)_ws(0.2)]_[p(5, 2)_cs(0.2)_ws(1.0)]",player_d4e48872_actions,player_d4e48872,['player_d4e48872'],,,
553,plate,pick up,Counter_34,Counter,34,pick up plate from counter,player_cdfb7f22,baseline_division_of_labor,025347f874035226,618.0897428215985,102.16838682863364,0.0,0.0,0.0,1.0,0.2,"(5, 2)","[p(2, 2)_cs(1.0)_ws(0.2)]_[p(5, 2)_cs(0.2)_ws(1.0)]",player_cdfb7f22_actions,player_cdfb7f22,['player_cdfb7f22'],,,False
612,plate,put down,Counter_34,Counter,34,put down plate on counter,player_cdfb7f22,baseline_division_of_labor,025347f874035226,714.0897428215994,96.00000000000092,0.0,0.0,0.0,1.0,0.2,"(5, 2)","[p(2, 2)_cs(1.0)_ws(0.2)]_[p(5, 2)_cs(0.2)_ws(1.0)]",player_cdfb7f22_actions,player_cdfb7f22,"['player_cdfb7f22', 'player_cdfb7f22']",,,
672,plate,pick up,Dispenser_60,Dispenser,60,pick up plate from dispenser,player_d4e48872,baseline_division_of_labor,025347f874035226,263.5135643369572,79.9999999999998,0.0,0.0,0.0,0.2,1.0,"(2, 2)","[p(2, 2)_cs(1.0)_ws(0.2)]_[p(5, 2)_cs(0.2)_ws(1.0)]",player_d4e48872_actions,,[],,,
699,tomato_cut,pick up,CuttingBoard_20,CuttingBoard,20,pick up tomato_cut from cuttingboard,player_cdfb7f22,baseline_division_of_labor,025347f874035226,762.0897428215999,48.000000000000455,0.0,0.0,0.0,1.0,0.2,"(5, 2)","[p(2, 2)_cs(1.0)_ws(0.2)]_[p(5, 2)_cs(0.2)_ws(1.0)]",player_cdfb7f22_actions,player_d4e48872,['player_d4e48872'],,,True
745,tomato_cut,assemble salad,Counter_34,Counter,34,assemble salad,player_cdfb7f22,baseline_division_of_labor,025347f874035226,810.0897428216003,48.000000000000455,0.0,0.0,0.0,1.0,0.2,"(5, 2)","[p(2, 2)_cs(1.0)_ws(0.2)]_[p(5, 2)_cs(0.2)_ws(1.0)]",player_cdfb7f22_actions,player_cdfb7f22,['player_cdfb7f22'],"['player_d4e48872', 'player_cdfb7f22']","['player_cdfb7f22', 'player_cdfb7f22']",False
762,tomato_salad,pick up,Counter_34,Counter,34,pick up tomato_salad from counter,player_cdfb7f22,baseline_division_of_labor,025347f874035226,810.0897428216003,0.0,0.0,0.0,0.0,1.0,0.2,"(5, 2)","[p(2, 2)_cs(1.0)_ws(0.2)]_[p(5, 2)_cs(0.2)_ws(1.0)]",player_cdfb7f22_actions,player_cdfb7f22,['player_cdfb7f22'],"['player_d4e48872', 'player_cdfb7f22']","['player_cdfb7f22', 'player_cdfb7f22']",False
847,tomato_salad,deliver,Delivery_64,Delivery,64,deliver tomato_salad,player_cdfb7f22,baseline_division_of_labor,025347f874035226,892.8651823249454,82.77543950334507,1.0,1.0,1.0,1.0,0.2,"(5, 2)","[p(2, 2)_cs(1.0)_ws(0.2)]_[p(5, 2)_cs(0.2)_ws(1.0)]",player_cdfb7f22_actions,player_cdfb7f22,"['player_cdfb7f22', 'player_cdfb7f22']","['player_d4e48872', 'player_cdfb7f22']","['player_cdfb7f22', 'player_cdfb7f22']",
855,plate,put down,Counter_01,Counter,1,put down plate on counter,player_d4e48872,baseline_division_of_labor,025347f874035226,343.51356433695514,79.99999999999795,1.0,0.0,0.0,0.2,1.0,"(2, 2)","[p(2, 2)_cs(1.0)_ws(0.2)]_[p(5, 2)_cs(0.2)_ws(1.0)]",player_d4e48872_actions,player_d4e48872,['player_d4e48872'],,,
914,tomato,pick up,Dispenser_40,Dispenser,40,pick up tomato from dispenser,player_cdfb7f22,baseline_division_of_labor,025347f874035226,947.2845539681944,54.41937164324895,1.0,0.0,1.0,1.0,0.2,"(5, 2)","[p(2, 2)_cs(1.0)_ws(0.2)]_[p(5, 2)_cs(0.2)_ws(1.0)]",player_cdfb7f22_actions,,[],,,
932,tomato_cut,pick up,CuttingBoard_10,CuttingBoard,10,pick up tomato_cut from cuttingboard,player_d4e48872,baseline_division_of_labor,025347f874035226,343.51356433695514,0.0,1.0,0.0,0.0,0.2,1.0,"(2, 2)","[p(2, 2)_cs(1.0)_ws(0.2)]_[p(5, 2)_cs(0.2)_ws(1.0)]",player_d4e48872_actions,player_d4e48872,['player_d4e48872'],,,False
941,tomato,start cutting,CuttingBoard_20,CuttingBoard,20,start cutting tomato,player_cdfb7f22,baseline_division_of_labor,025347f874035226,979.2845539681946,32.00000000000023,1.0,0.0,1.0,1.0,0.2,"(5, 2)","[p(2, 2)_cs(1.0)_ws(0.2)]_[p(5, 2)_cs(0.2)_ws(1.0)]",player_cdfb7f22_actions,player_cdfb7f22,['player_cdfb7f22'],,,
947,tomato_cut,assemble salad,Counter_01,Counter,1,assemble salad,player_d4e48872,baseline_division_of_labor,025347f874035226,343.51356433695514,0.0,1.0,0.0,0.0,0.2,1.0,"(2, 2)","[p(2, 2)_cs(1.0)_ws(0.2)]_[p(5, 2)_cs(0.2)_ws(1.0)]",player_d4e48872_actions,player_d4e48872,['player_d4e48872'],"['player_d4e48872', 'player_d4e48872']",['player_d4e48872'],False
980,tomato_salad,pick up,Counter_01,Counter,1,pick up tomato_salad from counter,player_d4e48872,baseline_division_of_labor,025347f874035226,343.51356433695514,0.0,1.0,0.0,0.0,0.2,1.0,"(2, 2)","[p(2, 2)_cs(1.0)_ws(0.2)]_[p(5, 2)_cs(0.2)_ws(1.0)]",player_d4e48872_actions,player_d4e48872,['player_d4e48872'],"['player_d4e48872', 'player_d4e48872']",['player_d4e48872'],False
1127,tomato_cut,pick up,CuttingBoard_20,CuttingBoard,20,pick up tomato_cut from cuttingboard,player_cdfb7f22,baseline_division_of_labor,025347f874035226,979.2845539681946,0.0,1.0,0.0,1.0,1.0,0.2,"(5, 2)","[p(2, 2)_cs(1.0)_ws(0.2)]_[p(5, 2)_cs(0.2)_ws(1.0)]",player_cdfb7f22_actions,player_cdfb7f22,['player_cdfb7f22'],,,False
1153,tomato_salad,deliver,Delivery_63,Delivery,63,deliver tomato_salad,player_d4e48872,baseline_division_of_labor,025347f874035226,420.67433984029054,77.1607755033354,2.0,1.0,1.0,0.2,1.0,"(2, 2)","[p(2, 2)_cs(1.0)_ws(0.2)]_[p(5, 2)_cs(0.2)_ws(1.0)]",player_d4e48872_actions,player_d4e48872,"['player_d4e48872', 'player_d4e48872']","['player_d4e48872', 'player_d4e48872']",['player_d4e48872'],
1180,tomato_cut,assemble salad,Counter_35,Counter,35,assemble salad,player_cdfb7f22,baseline_division_of_labor,025347f874035226,1043.2845539681944,63.99999999999977,2.0,0.0,1.0,1.0,0.2,"(5, 2)","[p(2, 2)_cs(1.0)_ws(0.2)]_[p(5, 2)_cs(0.2)_ws(1.0)]",player_cdfb7f22_actions,player_cdfb7f22,['player_cdfb7f22'],"['player_cdfb7f22', 'player_cdfb7f22']",['player_cdfb7f22'],False
1193,tomato_salad,pick up,Counter_35,Counter,35,pick up tomato_salad from counter,player_cdfb7f22,baseline_division_of_labor,025347f874035226,1043.2845539681944,0.0,2.0,0.0,1.0,1.0,0.2,"(5, 2)","[p(2, 2)_cs(1.0)_ws(0.2)]_[p(5, 2)_cs(0.2)_ws(1.0)]",player_cdfb7f22_actions,player_cdfb7f22,['player_cdfb7f22'],"['player_cdfb7f22', 'player_cdfb7f22']",['player_cdfb7f22'],False
1236,tomato_salad,deliver,Delivery_64,Delivery,64,deliver tomato_salad,player_cdfb7f22,baseline_division_of_labor,025347f874035226,1110.7476652308255,67.46311126263117,3.0,1.0,2.0,1.0,0.2,"(5, 2)","[p(2, 2)_cs(1.0)_ws(0.2)]_[p(5, 2)_cs(0.2)_ws(1.0)]",player_cdfb7f22_actions,player_cdfb7f22,"['player_cdfb7f22', 'player_cdfb7f22']","['player_cdfb7f22', 'player_cdfb7f22']",['player_cdfb7f22'],
1246,plate,pick up,Dispenser_60,Dispenser,60,pick up plate from dispenser,player_d4e48872,baseline_division_of_labor,025347f874035226,459.2077059593609,38.533366119070365,3.0,0.0,1.0,0.2,1.0,"(2, 2)","[p(2, 2)_cs(1.0)_ws(0.2)]_[p(5, 2)_cs(0.2)_ws(1.0)]",player_d4e48872_actions,,[],,,
1268,tomato,pick up,Counter_33,Counter,33,pick up tomato from counter,player_cdfb7f22,baseline_division_of_labor,025347f874035226,1133.3750822287946,22.62741699796902,3.0,0.0,2.0,1.0,0.2,"(5, 2)","[p(2, 2)_cs(1.0)_ws(0.2)]_[p(5, 2)_cs(0.2)_ws(1.0)]",player_cdfb7f22_actions,player_cdfb7f22,['player_cdfb7f22'],,,False
1313,tomato,start cutting,CuttingBoard_10,CuttingBoard,10,start cutting tomato,player_cdfb7f22,baseline_division_of_labor,025347f874035226,1203.5434185862885,70.1683363574939,3.0,0.0,2.0,1.0,0.2,"(5, 2)","[p(2, 2)_cs(1.0)_ws(0.2)]_[p(5, 2)_cs(0.2)_ws(1.0)]",player_cdfb7f22_actions,player_cdfb7f22,"['player_cdfb7f22', 'player_cdfb7f22']",,,
1416,plate,put down,Counter_01,Counter,1,put down plate on counter,player_d4e48872,baseline_division_of_labor,025347f874035226,539.2077059593589,79.99999999999801,3.0,0.0,1.0,0.2,1.0,"(2, 2)","[p(2, 2)_cs(1.0)_ws(0.2)]_[p(5, 2)_cs(0.2)_ws(1.0)]",player_d4e48872_actions,player_d4e48872,['player_d4e48872'],,,
1440,tomato,pick up,Counter_32,Counter,32,pick up tomato from counter,player_cdfb7f22,baseline_division_of_labor,025347f874035226,1226.1708355842582,22.627416997969704,3.0,0.0,2.0,1.0,0.2,"(5, 2)","[p(2, 2)_cs(1.0)_ws(0.2)]_[p(5, 2)_cs(0.2)_ws(1.0)]",player_cdfb7f22_actions,player_cdfb7f22,['player_cdfb7f22'],,,False
1467,tomato,start cutting,CuttingBoard_20,CuttingBoard,20,start cutting tomato,player_cdfb7f22,baseline_division_of_labor,025347f874035226,1242.1708355842577,15.999999999999543,3.0,0.0,2.0,1.0,0.2,"(5, 2)","[p(2, 2)_cs(1.0)_ws(0.2)]_[p(5, 2)_cs(0.2)_ws(1.0)]",player_cdfb7f22_actions,player_cdfb7f22,"['player_cdfb7f22', 'player_cdfb7f22']",,,
1529,tomato,pick up,Dispenser_40,Dispenser,40,pick up tomato from dispenser,player_d4e48872,baseline_division_of_labor,025347f874035226,587.2077059593569,47.999999999997954,3.0,0.0,1.0,0.2,1.0,"(2, 2)","[p(2, 2)_cs(1.0)_ws(0.2)]_[p(5, 2)_cs(0.2)_ws(1.0)]",player_d4e48872_actions,,[],,,
1569,plate,pick up,Dispenser_60,Dispenser,60,pick up plate from dispenser,player_cdfb7f22,baseline_division_of_labor,025347f874035226,1306.1708355842557,63.999999999997954,3.0,0.0,2.0,1.0,0.2,"(5, 2)","[p(2, 2)_cs(1.0)_ws(0.2)]_[p(5, 2)_cs(0.2)_ws(1.0)]",player_cdfb7f22_actions,,[],,,
1629,plate,put down,Counter_02,Counter,2,put down plate on counter,player_cdfb7f22,baseline_division_of_labor,025347f874035226,1392.553083791709,86.38224820745336,3.0,0.0,2.0,1.0,0.2,"(5, 2)","[p(2, 2)_cs(1.0)_ws(0.2)]_[p(5, 2)_cs(0.2)_ws(1.0)]",player_cdfb7f22_actions,player_cdfb7f22,['player_cdfb7f22'],,,
1646,tomato,put down,Counter_02,Counter,2,put down tomato on counter,player_d4e48872,baseline_division_of_labor,025347f874035226,641.7410720784254,54.533366119068546,3.0,0.0,1.0,0.2,1.0,"(2, 2)","[p(2, 2)_cs(1.0)_ws(0.2)]_[p(5, 2)_cs(0.2)_ws(1.0)]",player_d4e48872_actions,player_d4e48872,['player_d4e48872'],,,
1646,plate,pick up,Counter_02,Counter,2,pick up plate from counter,player_d4e48872,baseline_division_of_labor,025347f874035226,641.7410720784254,0.0,3.0,0.0,1.0,0.2,1.0,"(2, 2)","[p(2, 2)_cs(1.0)_ws(0.2)]_[p(5, 2)_cs(0.2)_ws(1.0)]",player_d4e48872_actions,player_d4e48872,['player_d4e48872'],,,False
1776,tomato_cut,pick up,CuttingBoard_20,CuttingBoard,20,pick up tomato_cut from cuttingboard,player_cdfb7f22,baseline_division_of_labor,025347f874035226,1415.180500789678,22.62741699796902,3.0,0.0,2.0,1.0,0.2,"(5, 2)","[p(2, 2)_cs(1.0)_ws(0.2)]_[p(5, 2)_cs(0.2)_ws(1.0)]",player_cdfb7f22_actions,player_cdfb7f22,"['player_cdfb7f22', 'player_cdfb7f22']",,,False
1796,tomato_cut,assemble salad,Counter_01,Counter,1,assemble salad,player_cdfb7f22,baseline_division_of_labor,025347f874035226,1431.1805007896776,15.999999999999543,3.0,0.0,2.0,1.0,0.2,"(5, 2)","[p(2, 2)_cs(1.0)_ws(0.2)]_[p(5, 2)_cs(0.2)_ws(1.0)]",player_cdfb7f22_actions,player_d4e48872,['player_cdfb7f22'],"['player_cdfb7f22', 'player_cdfb7f22', 'player_cdfb7f22']",['player_d4e48872'],True
1803,plate,put down,Counter_03,Counter,3,put down plate on counter,player_d4e48872,baseline_division_of_labor,025347f874035226,689.7410720784231,47.999999999997726,3.0,0.0,1.0,0.2,1.0,"(2, 2)","[p(2, 2)_cs(1.0)_ws(0.2)]_[p(5, 2)_cs(0.2)_ws(1.0)]",player_d4e48872_actions,player_d4e48872,"['player_d4e48872', 'player_d4e48872']",,,
1876,tomato,pick up,Dispenser_40,Dispenser,40,pick up tomato from dispenser,player_cdfb7f22,baseline_division_of_labor,025347f874035226,1589.0572725163388,157.87677172666122,3.0,0.0,2.0,1.0,0.2,"(5, 2)","[p(2, 2)_cs(1.0)_ws(0.2)]_[p(5, 2)_cs(0.2)_ws(1.0)]",player_cdfb7f22_actions,,[],,,
1909,tomato,start cutting,CuttingBoard_20,CuttingBoard,20,start cutting tomato,player_cdfb7f22,baseline_division_of_labor,025347f874035226,1621.057272516338,31.99999999999909,3.0,0.0,2.0,1.0,0.2,"(5, 2)","[p(2, 2)_cs(1.0)_ws(0.2)]_[p(5, 2)_cs(0.2)_ws(1.0)]",player_cdfb7f22_actions,player_cdfb7f22,['player_cdfb7f22'],,,
1935,tomato_salad,pick up,Counter_01,Counter,1,pick up tomato_salad from counter,player_cdfb7f22,baseline_division_of_labor,025347f874035226,1637.0572725163374,15.999999999999543,3.0,0.0,2.0,1.0,0.2,"(5, 2)","[p(2, 2)_cs(1.0)_ws(0.2)]_[p(5, 2)_cs(0.2)_ws(1.0)]",player_cdfb7f22_actions,player_cdfb7f22,['player_cdfb7f22'],"['player_cdfb7f22', 'player_cdfb7f22', 'player_cdfb7f22']",['player_d4e48872'],False
1982,tomato_salad,deliver,Delivery_63,Delivery,63,deliver tomato_salad,player_cdfb7f22,baseline_division_of_labor,025347f874035226,1714.1144356724558,77.05716315611835,4.0,1.0,3.0,1.0,0.2,"(5, 2)","[p(2, 2)_cs(1.0)_ws(0.2)]_[p(5, 2)_cs(0.2)_ws(1.0)]",player_cdfb7f22_actions,player_cdfb7f22,"['player_cdfb7f22', 'player_cdfb7f22']","['player_cdfb7f22', 'player_cdfb7f22', 'player_cdfb7f22']",['player_d4e48872'],
1998,plate,pick up,Counter_03,Counter,3,pick up plate from counter,player_d4e48872,baseline_division_of_labor,025347f874035226,753.74107207842,63.99999999999682,4.0,0.0,1.0,0.2,1.0,"(2, 2)","[p(2, 2)_cs(1.0)_ws(0.2)]_[p(5, 2)_cs(0.2)_ws(1.0)]",player_d4e48872_actions,player_d4e48872,"['player_d4e48872', 'player_d4e48872']",,,False
2020,plate,put down,Counter_03,Counter,3,put down plate on counter,player_d4e48872,baseline_division_of_labor,025347f874035226,753.74107207842,0.0,4.0,0.0,1.0,0.2,1.0,"(2, 2)","[p(2, 2)_cs(1.0)_ws(0.2)]_[p(5, 2)_cs(0.2)_ws(1.0)]",player_d4e48872_actions,player_d4e48872,"['player_d4e48872', 'player_d4e48872', 'player_d4e48872']",,,
2103,tomato_cut,pick up,CuttingBoard_10,CuttingBoard,10,pick up tomato_cut from cuttingboard,player_d4e48872,baseline_division_of_labor,025347f874035226,785.7410720784184,31.99999999999841,4.0,0.0,1.0,0.2,1.0,"(2, 2)","[p(2, 2)_cs(1.0)_ws(0.2)]_[p(5, 2)_cs(0.2)_ws(1.0)]",player_d4e48872_actions,player_cdfb7f22,"['player_cdfb7f22', 'player_cdfb7f22']",,,True
