{"agents": {"player_d4e48872": {"initial_state": {"agent_id": "player_d4e48872", "x": 40, "y": 40, "item": null, "url_params": {"gameType": ["tomatoSaladOnly"], "PROLIFIC_PID": ["65c11d5cbbe622ba06de212b"], "map": ["baseline_division_of_labor"], "cutting_speed_p1": ["1"], "walking_speed_p1": ["0.2"], "cutting_speed_p2": ["0.2"], "walking_speed_p2": ["1"], "slot_x_p1": ["2"], "slot_y_p1": ["2"], "slot_x_p2": ["5"], "slot_y_p2": ["2"], "EIO": ["4"], "transport": ["polling"], "t": ["PZzfFoV"]}, "cut_speed": 1.0, "walk_speed": 6.0, "player_nr": 1}, "player_score": 1.0, "total_actions": 19, "first_action_tick": 206, "last_action_tick": 2103}, "player_cdfb7f22": {"initial_state": {"agent_id": "player_cdfb7f22", "x": 88, "y": 40, "item": null, "url_params": {"gameType": ["tomatoSaladOnly"], "PROLIFIC_PID": ["5ec34daa8236521a70e0a4d7"], "map": ["baseline_division_of_labor"], "cutting_speed_p1": ["1"], "walking_speed_p1": ["0.2"], "cutting_speed_p2": ["0.2"], "walking_speed_p2": ["1"], "slot_x_p1": ["2"], "slot_y_p1": ["2"], "slot_x_p2": ["5"], "slot_y_p2": ["2"], "EIO": ["4"], "transport": ["polling"], "t": ["PZzfHIX"]}, "cut_speed": 0.2, "walk_speed": 30.0, "player_nr": 2}, "player_score": 3.0, "total_actions": 32, "first_action_tick": 63, "last_action_tick": 1982}}, "map_name": "baseline_division_of_labor", "final_score": 4.0}