tick,item,action,target,target_type,target_position,action_long,player_id,map_name,game_id,distance_walked,distance_walked_since_last_action,overall_score,player_score_change,player_score,walking_speed,cutting_speed,start_pos,condition
206,tomato,pick up,Dispenser_40,Dispenser,40,pick up tomato from dispenser,player_d4e48872,baseline_division_of_labor,025347f874035226,71.5135643369576,0.0,0.0,0.0,0.0,0.2,1.0,"(2, 2)","[p(2, 2)_cs(1.0)_ws(0.2)]_[p(5, 2)_cs(0.2)_ws(1.0)]"
295,tomato,start cutting,CuttingBoard_20,CuttingBoard,20,start cutting tomato,player_d4e48872,baseline_division_of_labor,025347f874035226,103.5135643369576,32.0,0.0,0.0,0.0,0.2,1.0,"(2, 2)","[p(2, 2)_cs(1.0)_ws(0.2)]_[p(5, 2)_cs(0.2)_ws(1.0)]"
390,tomato,pick up,Dispenser_40,Dispenser,40,pick up tomato from dispenser,player_d4e48872,baseline_division_of_labor,025347f874035226,135.5135643369576,31.999999999999986,0.0,0.0,0.0,0.2,1.0,"(2, 2)","[p(2, 2)_cs(1.0)_ws(0.2)]_[p(5, 2)_cs(0.2)_ws(1.0)]"
503,tomato,start cutting,CuttingBoard_10,CuttingBoard,10,start cutting tomato,player_d4e48872,baseline_division_of_labor,025347f874035226,183.5135643369574,47.9999999999998,0.0,0.0,0.0,0.2,1.0,"(2, 2)","[p(2, 2)_cs(1.0)_ws(0.2)]_[p(5, 2)_cs(0.2)_ws(1.0)]"
672,plate,pick up,Dispenser_60,Dispenser,60,pick up plate from dispenser,player_d4e48872,baseline_division_of_labor,025347f874035226,263.5135643369572,79.9999999999998,0.0,0.0,0.0,0.2,1.0,"(2, 2)","[p(2, 2)_cs(1.0)_ws(0.2)]_[p(5, 2)_cs(0.2)_ws(1.0)]"
855,plate,put down,Counter_01,Counter,01,put down plate on counter,player_d4e48872,baseline_division_of_labor,025347f874035226,343.51356433695514,79.99999999999795,1.0,0.0,0.0,0.2,1.0,"(2, 2)","[p(2, 2)_cs(1.0)_ws(0.2)]_[p(5, 2)_cs(0.2)_ws(1.0)]"
932,tomato_cut,pick up,CuttingBoard_10,CuttingBoard,10,pick up tomato_cut from cuttingboard,player_d4e48872,baseline_division_of_labor,025347f874035226,343.51356433695514,0.0,1.0,0.0,0.0,0.2,1.0,"(2, 2)","[p(2, 2)_cs(1.0)_ws(0.2)]_[p(5, 2)_cs(0.2)_ws(1.0)]"
947,tomato_cut,assemble salad,Counter_01,Counter,01,assemble salad,player_d4e48872,baseline_division_of_labor,025347f874035226,343.51356433695514,0.0,1.0,0.0,0.0,0.2,1.0,"(2, 2)","[p(2, 2)_cs(1.0)_ws(0.2)]_[p(5, 2)_cs(0.2)_ws(1.0)]"
980,tomato_salad,pick up,Counter_01,Counter,01,pick up tomato_salad from counter,player_d4e48872,baseline_division_of_labor,025347f874035226,343.51356433695514,0.0,1.0,0.0,0.0,0.2,1.0,"(2, 2)","[p(2, 2)_cs(1.0)_ws(0.2)]_[p(5, 2)_cs(0.2)_ws(1.0)]"
1153,tomato_salad,deliver,Delivery_63,Delivery,63,deliver tomato_salad,player_d4e48872,baseline_division_of_labor,025347f874035226,420.67433984029054,77.1607755033354,2.0,1.0,1.0,0.2,1.0,"(2, 2)","[p(2, 2)_cs(1.0)_ws(0.2)]_[p(5, 2)_cs(0.2)_ws(1.0)]"
1246,plate,pick up,Dispenser_60,Dispenser,60,pick up plate from dispenser,player_d4e48872,baseline_division_of_labor,025347f874035226,459.2077059593609,38.533366119070365,3.0,0.0,1.0,0.2,1.0,"(2, 2)","[p(2, 2)_cs(1.0)_ws(0.2)]_[p(5, 2)_cs(0.2)_ws(1.0)]"
1416,plate,put down,Counter_01,Counter,01,put down plate on counter,player_d4e48872,baseline_division_of_labor,025347f874035226,539.2077059593589,79.99999999999801,3.0,0.0,1.0,0.2,1.0,"(2, 2)","[p(2, 2)_cs(1.0)_ws(0.2)]_[p(5, 2)_cs(0.2)_ws(1.0)]"
1529,tomato,pick up,Dispenser_40,Dispenser,40,pick up tomato from dispenser,player_d4e48872,baseline_division_of_labor,025347f874035226,587.2077059593569,47.999999999997954,3.0,0.0,1.0,0.2,1.0,"(2, 2)","[p(2, 2)_cs(1.0)_ws(0.2)]_[p(5, 2)_cs(0.2)_ws(1.0)]"
1646,tomato,put down,Counter_02,Counter,02,put down tomato on counter,player_d4e48872,baseline_division_of_labor,025347f874035226,641.7410720784254,54.533366119068546,3.0,0.0,1.0,0.2,1.0,"(2, 2)","[p(2, 2)_cs(1.0)_ws(0.2)]_[p(5, 2)_cs(0.2)_ws(1.0)]"
1646,plate,pick up,Counter_02,Counter,02,pick up plate from counter,player_d4e48872,baseline_division_of_labor,025347f874035226,641.7410720784254,0.0,3.0,0.0,1.0,0.2,1.0,"(2, 2)","[p(2, 2)_cs(1.0)_ws(0.2)]_[p(5, 2)_cs(0.2)_ws(1.0)]"
1803,plate,put down,Counter_03,Counter,03,put down plate on counter,player_d4e48872,baseline_division_of_labor,025347f874035226,689.7410720784231,47.999999999997726,3.0,0.0,1.0,0.2,1.0,"(2, 2)","[p(2, 2)_cs(1.0)_ws(0.2)]_[p(5, 2)_cs(0.2)_ws(1.0)]"
1998,plate,pick up,Counter_03,Counter,03,pick up plate from counter,player_d4e48872,baseline_division_of_labor,025347f874035226,753.74107207842,63.99999999999682,4.0,0.0,1.0,0.2,1.0,"(2, 2)","[p(2, 2)_cs(1.0)_ws(0.2)]_[p(5, 2)_cs(0.2)_ws(1.0)]"
2020,plate,put down,Counter_03,Counter,03,put down plate on counter,player_d4e48872,baseline_division_of_labor,025347f874035226,753.74107207842,0.0,4.0,0.0,1.0,0.2,1.0,"(2, 2)","[p(2, 2)_cs(1.0)_ws(0.2)]_[p(5, 2)_cs(0.2)_ws(1.0)]"
2103,tomato_cut,pick up,CuttingBoard_10,CuttingBoard,10,pick up tomato_cut from cuttingboard,player_d4e48872,baseline_division_of_labor,025347f874035226,785.7410720784184,31.99999999999841,4.0,0.0,1.0,0.2,1.0,"(2, 2)","[p(2, 2)_cs(1.0)_ws(0.2)]_[p(5, 2)_cs(0.2)_ws(1.0)]"
