{"agents": {"player_424c5767": {"initial_state": {"agent_id": "player_424c5767", "x": 40, "y": 40, "item": null, "url_params": {"gameType": ["tomatoSaladOnly"], "PROLIFIC_PID": ["62e029ff528ea30b4508eaf5"], "map": ["baseline_division_of_labor"], "cutting_speed_p1": ["1"], "walking_speed_p1": ["0.2"], "cutting_speed_p2": ["0.2"], "walking_speed_p2": ["1"], "slot_x_p1": ["2"], "slot_y_p1": ["2"], "slot_x_p2": ["5"], "slot_y_p2": ["2"], "EIO": ["4"], "transport": ["polling"], "t": ["PZzZgZb"]}, "cut_speed": 1.0, "walk_speed": 6.0, "player_nr": 1}, "player_score": 2.0, "total_actions": 24, "first_action_tick": 114, "last_action_tick": 2058}, "player_9f08c056": {"initial_state": {"agent_id": "player_9f08c056", "x": 88, "y": 40, "item": null, "url_params": {"gameType": ["tomatoSaladOnly"], "PROLIFIC_PID": ["655b67f729177b2ec81552b3"], "map": ["baseline_division_of_labor"], "cutting_speed_p1": ["1"], "walking_speed_p1": ["0.2"], "cutting_speed_p2": ["0.2"], "walking_speed_p2": ["1"], "slot_x_p1": ["2"], "slot_y_p1": ["2"], "slot_x_p2": ["5"], "slot_y_p2": ["2"], "EIO": ["4"], "transport": ["polling"], "t": ["PZzZjlL"]}, "cut_speed": 0.2, "walk_speed": 30.0, "player_nr": 2}, "player_score": 1.0, "total_actions": 29, "first_action_tick": 68, "last_action_tick": 2068}}, "map_name": "baseline_division_of_labor", "final_score": 3.0}