{"agents": {"player_80e08d06": {"initial_state": {"agent_id": "player_80e08d06", "x": 40, "y": 40, "item": null, "url_params": {"gameType": ["tomatoSaladOnly"], "PROLIFIC_PID": ["67b8f459f36ac348b98d6cad"], "map": ["baseline_division_of_labor"], "cutting_speed_p1": ["1"], "walking_speed_p1": ["0.2"], "cutting_speed_p2": ["0.2"], "walking_speed_p2": ["1"], "slot_x_p1": ["2"], "slot_y_p1": ["2"], "slot_x_p2": ["5"], "slot_y_p2": ["2"], "EIO": ["4"], "transport": ["polling"], "t": ["PZzcnS6"]}, "cut_speed": 1.0, "walk_speed": 6.0, "player_nr": 1}, "player_score": 0.0, "total_actions": 22, "first_action_tick": 243, "last_action_tick": 2017}, "player_a1d3162a": {"initial_state": {"agent_id": "player_a1d3162a", "x": 88, "y": 40, "item": null, "url_params": {"gameType": ["tomatoSaladOnly"], "PROLIFIC_PID": ["634688391e61c68f25ca1f82"], "map": ["baseline_division_of_labor"], "cutting_speed_p1": ["1"], "walking_speed_p1": ["0.2"], "cutting_speed_p2": ["0.2"], "walking_speed_p2": ["1"], "slot_x_p1": ["2"], "slot_y_p1": ["2"], "slot_x_p2": ["5"], "slot_y_p2": ["2"], "EIO": ["4"], "transport": ["polling"], "t": ["PZzdAtx"]}, "cut_speed": 0.2, "walk_speed": 30.0, "player_nr": 2}, "player_score": 5.0, "total_actions": 38, "first_action_tick": 112, "last_action_tick": 2142}}, "map_name": "baseline_division_of_labor", "final_score": 5.0}