tick,item,action,target,target_type,target_position,action_long,player_id,map_name,game_id,distance_walked,distance_walked_since_last_action,overall_score,player_score_change,player_score,walking_speed,cutting_speed,start_pos,condition
243,tomato,pick up,Dispenser_40,Dispenser,40,pick up tomato from dispenser,player_80e08d06,baseline_division_of_labor,5d566623f7b058ce,38.51454639532428,0.0,0.0,0.0,0.0,0.2,1.0,"(2, 2)","[p(2, 2)_cs(1.0)_ws(0.2)]_[p(5, 2)_cs(0.2)_ws(1.0)]"
330,tomato,start cutting,CuttingBoard_20,CuttingBoard,20,start cutting tomato,player_80e08d06,baseline_division_of_labor,5d566623f7b058ce,70.51454639532429,32.00000000000001,0.0,0.0,0.0,0.2,1.0,"(2, 2)","[p(2, 2)_cs(1.0)_ws(0.2)]_[p(5, 2)_cs(0.2)_ws(1.0)]"
454,plate,pick up,Counter_32,Counter,32,pick up plate from counter,player_80e08d06,baseline_division_of_labor,5d566623f7b058ce,86.51454639532429,16.0,0.0,0.0,0.0,0.2,1.0,"(2, 2)","[p(2, 2)_cs(1.0)_ws(0.2)]_[p(5, 2)_cs(0.2)_ws(1.0)]"
487,plate,put down,Counter_32,Counter,32,put down plate on counter,player_80e08d06,baseline_division_of_labor,5d566623f7b058ce,86.51454639532429,0.0,0.0,0.0,0.0,0.2,1.0,"(2, 2)","[p(2, 2)_cs(1.0)_ws(0.2)]_[p(5, 2)_cs(0.2)_ws(1.0)]"
554,tomato_cut,pick up,CuttingBoard_20,CuttingBoard,20,pick up tomato_cut from cuttingboard,player_80e08d06,baseline_division_of_labor,5d566623f7b058ce,102.51454639532429,16.0,0.0,0.0,0.0,0.2,1.0,"(2, 2)","[p(2, 2)_cs(1.0)_ws(0.2)]_[p(5, 2)_cs(0.2)_ws(1.0)]"
610,tomato_cut,assemble salad,Counter_32,Counter,32,assemble salad,player_80e08d06,baseline_division_of_labor,5d566623f7b058ce,118.51454639532429,16.0,0.0,0.0,0.0,0.2,1.0,"(2, 2)","[p(2, 2)_cs(1.0)_ws(0.2)]_[p(5, 2)_cs(0.2)_ws(1.0)]"
736,tomato,pick up,Counter_33,Counter,33,pick up tomato from counter,player_80e08d06,baseline_division_of_labor,5d566623f7b058ce,157.0290927906481,38.514546395323805,0.0,0.0,0.0,0.2,1.0,"(2, 2)","[p(2, 2)_cs(1.0)_ws(0.2)]_[p(5, 2)_cs(0.2)_ws(1.0)]"
835,tomato,start cutting,CuttingBoard_10,CuttingBoard,10,start cutting tomato,player_80e08d06,baseline_division_of_labor,5d566623f7b058ce,195.56245890971869,38.53336611907059,0.0,0.0,0.0,0.2,1.0,"(2, 2)","[p(2, 2)_cs(1.0)_ws(0.2)]_[p(5, 2)_cs(0.2)_ws(1.0)]"
1036,plate,pick up,Counter_35,Counter,35,pick up plate from counter,player_80e08d06,baseline_division_of_labor,5d566623f7b058ce,266.09582502878914,70.53336611907045,2.0,0.0,0.0,0.2,1.0,"(2, 2)","[p(2, 2)_cs(1.0)_ws(0.2)]_[p(5, 2)_cs(0.2)_ws(1.0)]"
1066,plate,put down,Counter_35,Counter,35,put down plate on counter,player_80e08d06,baseline_division_of_labor,5d566623f7b058ce,266.09582502878914,0.0,2.0,0.0,0.0,0.2,1.0,"(2, 2)","[p(2, 2)_cs(1.0)_ws(0.2)]_[p(5, 2)_cs(0.2)_ws(1.0)]"
1232,tomato_cut,pick up,CuttingBoard_10,CuttingBoard,10,pick up tomato_cut from cuttingboard,player_80e08d06,baseline_division_of_labor,5d566623f7b058ce,336.6309463717185,70.53512134292936,2.0,0.0,0.0,0.2,1.0,"(2, 2)","[p(2, 2)_cs(1.0)_ws(0.2)]_[p(5, 2)_cs(0.2)_ws(1.0)]"
1332,tomato_cut,assemble salad,Counter_33,Counter,33,assemble salad,player_80e08d06,baseline_division_of_labor,5d566623f7b058ce,375.16431249078664,38.53336611906815,2.0,0.0,0.0,0.2,1.0,"(2, 2)","[p(2, 2)_cs(1.0)_ws(0.2)]_[p(5, 2)_cs(0.2)_ws(1.0)]"
1384,tomato,pick up,Counter_32,Counter,32,pick up tomato from counter,player_80e08d06,baseline_division_of_labor,5d566623f7b058ce,391.16431249078573,15.99999999999909,2.0,0.0,0.0,0.2,1.0,"(2, 2)","[p(2, 2)_cs(1.0)_ws(0.2)]_[p(5, 2)_cs(0.2)_ws(1.0)]"
1433,tomato,start cutting,CuttingBoard_20,CuttingBoard,20,start cutting tomato,player_80e08d06,baseline_division_of_labor,5d566623f7b058ce,407.16431249078505,15.999999999999318,3.0,0.0,0.0,0.2,1.0,"(2, 2)","[p(2, 2)_cs(1.0)_ws(0.2)]_[p(5, 2)_cs(0.2)_ws(1.0)]"
1484,tomato_cut,pick up,CuttingBoard_20,CuttingBoard,20,pick up tomato_cut from cuttingboard,player_80e08d06,baseline_division_of_labor,5d566623f7b058ce,407.16431249078505,0.0,3.0,0.0,0.0,0.2,1.0,"(2, 2)","[p(2, 2)_cs(1.0)_ws(0.2)]_[p(5, 2)_cs(0.2)_ws(1.0)]"
1601,tomato_cut,assemble salad,Counter_34,Counter,34,assemble salad,player_80e08d06,baseline_division_of_labor,5d566623f7b058ce,455.164312490783,47.999999999997954,3.0,0.0,0.0,0.2,1.0,"(2, 2)","[p(2, 2)_cs(1.0)_ws(0.2)]_[p(5, 2)_cs(0.2)_ws(1.0)]"
1694,tomato,pick up,Counter_32,Counter,32,pick up tomato from counter,player_80e08d06,baseline_division_of_labor,5d566623f7b058ce,487.16431249078164,31.999999999998636,4.0,0.0,0.0,0.2,1.0,"(2, 2)","[p(2, 2)_cs(1.0)_ws(0.2)]_[p(5, 2)_cs(0.2)_ws(1.0)]"
1744,tomato,start cutting,CuttingBoard_20,CuttingBoard,20,start cutting tomato,player_80e08d06,baseline_division_of_labor,5d566623f7b058ce,503.16431249078096,15.999999999999318,4.0,0.0,0.0,0.2,1.0,"(2, 2)","[p(2, 2)_cs(1.0)_ws(0.2)]_[p(5, 2)_cs(0.2)_ws(1.0)]"
1810,tomato_cut,pick up,CuttingBoard_20,CuttingBoard,20,pick up tomato_cut from cuttingboard,player_80e08d06,baseline_division_of_labor,5d566623f7b058ce,503.16431249078096,0.0,4.0,0.0,0.0,0.2,1.0,"(2, 2)","[p(2, 2)_cs(1.0)_ws(0.2)]_[p(5, 2)_cs(0.2)_ws(1.0)]"
1892,tomato_cut,assemble salad,Counter_33,Counter,33,assemble salad,player_80e08d06,baseline_division_of_labor,5d566623f7b058ce,535.1643124907794,31.99999999999841,4.0,0.0,0.0,0.2,1.0,"(2, 2)","[p(2, 2)_cs(1.0)_ws(0.2)]_[p(5, 2)_cs(0.2)_ws(1.0)]"
1964,tomato,pick up,Counter_32,Counter,32,pick up tomato from counter,player_80e08d06,baseline_division_of_labor,5d566623f7b058ce,551.1643124907785,15.99999999999909,4.0,0.0,0.0,0.2,1.0,"(2, 2)","[p(2, 2)_cs(1.0)_ws(0.2)]_[p(5, 2)_cs(0.2)_ws(1.0)]"
2017,tomato,start cutting,CuttingBoard_20,CuttingBoard,20,start cutting tomato,player_80e08d06,baseline_division_of_labor,5d566623f7b058ce,567.1643124907778,15.999999999999318,4.0,0.0,0.0,0.2,1.0,"(2, 2)","[p(2, 2)_cs(1.0)_ws(0.2)]_[p(5, 2)_cs(0.2)_ws(1.0)]"
