tick,item,action,target,target_type,target_position,action_long,player_id,map_name,game_id,distance_walked,distance_walked_since_last_action,overall_score,player_score_change,player_score,walking_speed,cutting_speed,start_pos,condition,source,last_touched,touched_list,tomato_history,plate_history,is_exchange_collaboration
91,tomato,pick up,Dispenser_40,Dispenser,40,pick up tomato from dispenser,player_f4203309,encouraged_division_of_labor,9705cd0c297b7070,22.62741699796952,0.0,0.0,0.0,0.0,1.0,1.0,"(5, 2)","[p(2, 2)_cs(1.0)_ws(1.0)]_[p(5, 2)_cs(1.0)_ws(1.0)]",player_f4203309_actions,,[],,,
117,tomato,put down,Counter_32,Counter,32,put down tomato on counter,player_f4203309,encouraged_division_of_labor,9705cd0c297b7070,38.62741699796952,16.0,0.0,0.0,0.0,1.0,1.0,"(5, 2)","[p(2, 2)_cs(1.0)_ws(1.0)]_[p(5, 2)_cs(1.0)_ws(1.0)]",player_f4203309_actions,player_f4203309,['player_f4203309'],,,
156,tomato,pick up,Dispenser_40,Dispenser,40,pick up tomato from dispenser,player_f4203309,encouraged_division_of_labor,9705cd0c297b7070,54.62741699796952,16.0,0.0,0.0,0.0,1.0,1.0,"(5, 2)","[p(2, 2)_cs(1.0)_ws(1.0)]_[p(5, 2)_cs(1.0)_ws(1.0)]",player_f4203309_actions,,[],,,
163,tomato,pick up,Counter_32,Counter,32,pick up tomato from counter,player_eb6ffb94,encouraged_division_of_labor,9705cd0c297b7070,191.38682631235832,0.0,0.0,0.0,0.0,1.0,1.0,"(2, 2)","[p(2, 2)_cs(1.0)_ws(1.0)]_[p(5, 2)_cs(1.0)_ws(1.0)]",player_eb6ffb94_actions,player_f4203309,['player_f4203309'],,,True
189,tomato,put down,Counter_33,Counter,33,put down tomato on counter,player_f4203309,encouraged_division_of_labor,9705cd0c297b7070,86.62741699796952,32.0,0.0,0.0,0.0,1.0,1.0,"(5, 2)","[p(2, 2)_cs(1.0)_ws(1.0)]_[p(5, 2)_cs(1.0)_ws(1.0)]",player_f4203309_actions,player_f4203309,['player_f4203309'],,,
200,tomato,put down,Counter_32,Counter,32,put down tomato on counter,player_eb6ffb94,encouraged_division_of_labor,9705cd0c297b7070,191.38682631235832,0.0,0.0,0.0,0.0,1.0,1.0,"(2, 2)","[p(2, 2)_cs(1.0)_ws(1.0)]_[p(5, 2)_cs(1.0)_ws(1.0)]",player_eb6ffb94_actions,player_eb6ffb94,"['player_f4203309', 'player_eb6ffb94']",,,
208,tomato,pick up,Dispenser_40,Dispenser,40,pick up tomato from dispenser,player_f4203309,encouraged_division_of_labor,9705cd0c297b7070,118.62741699796952,32.0,0.0,0.0,0.0,1.0,1.0,"(5, 2)","[p(2, 2)_cs(1.0)_ws(1.0)]_[p(5, 2)_cs(1.0)_ws(1.0)]",player_f4203309_actions,,[],,,
244,tomato,pick up,Counter_33,Counter,33,pick up tomato from counter,player_eb6ffb94,encouraged_division_of_labor,9705cd0c297b7070,207.38682631235832,16.0,0.0,0.0,0.0,1.0,1.0,"(2, 2)","[p(2, 2)_cs(1.0)_ws(1.0)]_[p(5, 2)_cs(1.0)_ws(1.0)]",player_eb6ffb94_actions,player_f4203309,['player_f4203309'],,,True
264,tomato,put down,Counter_34,Counter,34,put down tomato on counter,player_f4203309,encouraged_division_of_labor,9705cd0c297b7070,166.62741699796953,48.000000000000014,0.0,0.0,0.0,1.0,1.0,"(5, 2)","[p(2, 2)_cs(1.0)_ws(1.0)]_[p(5, 2)_cs(1.0)_ws(1.0)]",player_f4203309_actions,player_f4203309,['player_f4203309'],,,
337,tomato,pick up,Counter_34,Counter,34,pick up tomato from counter,player_f4203309,encouraged_division_of_labor,9705cd0c297b7070,166.62741699796953,0.0,0.0,0.0,0.0,1.0,1.0,"(5, 2)","[p(2, 2)_cs(1.0)_ws(1.0)]_[p(5, 2)_cs(1.0)_ws(1.0)]",player_f4203309_actions,player_f4203309,['player_f4203309'],,,False
339,tomato,put down,Counter_34,Counter,34,put down tomato on counter,player_eb6ffb94,encouraged_division_of_labor,9705cd0c297b7070,299.3469813912038,91.9601550788455,0.0,0.0,0.0,1.0,1.0,"(2, 2)","[p(2, 2)_cs(1.0)_ws(1.0)]_[p(5, 2)_cs(1.0)_ws(1.0)]",player_eb6ffb94_actions,player_eb6ffb94,"['player_f4203309', 'player_eb6ffb94']",,,
412,tomato,start cutting,CuttingBoard_10,CuttingBoard,10,start cutting tomato,player_f4203309,encouraged_division_of_labor,9705cd0c297b7070,296.9623456814209,130.33492868345138,0.0,0.0,0.0,1.0,1.0,"(5, 2)","[p(2, 2)_cs(1.0)_ws(1.0)]_[p(5, 2)_cs(1.0)_ws(1.0)]",player_f4203309_actions,player_f4203309,"['player_f4203309', 'player_f4203309']",,,
457,tomato,pick up,Counter_32,Counter,32,pick up tomato from counter,player_eb6ffb94,encouraged_division_of_labor,9705cd0c297b7070,363.3469813912045,64.00000000000063,0.0,0.0,0.0,1.0,1.0,"(2, 2)","[p(2, 2)_cs(1.0)_ws(1.0)]_[p(5, 2)_cs(1.0)_ws(1.0)]",player_eb6ffb94_actions,player_eb6ffb94,"['player_f4203309', 'player_eb6ffb94']",,,False
460,tomato_cut,pick up,CuttingBoard_10,CuttingBoard,10,pick up tomato_cut from cuttingboard,player_f4203309,encouraged_division_of_labor,9705cd0c297b7070,296.9623456814209,0.0,0.0,0.0,0.0,1.0,1.0,"(5, 2)","[p(2, 2)_cs(1.0)_ws(1.0)]_[p(5, 2)_cs(1.0)_ws(1.0)]",player_f4203309_actions,player_f4203309,"['player_f4203309', 'player_f4203309']",,,False
468,tomato_cut,put down,Counter_01,Counter,1,put down tomato_cut on counter,player_f4203309,encouraged_division_of_labor,9705cd0c297b7070,296.9623456814209,0.0,0.0,0.0,0.0,1.0,1.0,"(5, 2)","[p(2, 2)_cs(1.0)_ws(1.0)]_[p(5, 2)_cs(1.0)_ws(1.0)]",player_f4203309_actions,player_f4203309,"['player_f4203309', 'player_f4203309', 'player_f4203309']",,,
469,tomato,put down,Counter_32,Counter,32,put down tomato on counter,player_eb6ffb94,encouraged_division_of_labor,9705cd0c297b7070,363.3469813912045,0.0,0.0,0.0,0.0,1.0,1.0,"(2, 2)","[p(2, 2)_cs(1.0)_ws(1.0)]_[p(5, 2)_cs(1.0)_ws(1.0)]",player_eb6ffb94_actions,player_eb6ffb94,"['player_f4203309', 'player_eb6ffb94', 'player_eb6ffb94']",,,
501,tomato,pick up,Counter_32,Counter,32,pick up tomato from counter,player_eb6ffb94,encouraged_division_of_labor,9705cd0c297b7070,395.3469813912047,32.00000000000023,0.0,0.0,0.0,1.0,1.0,"(2, 2)","[p(2, 2)_cs(1.0)_ws(1.0)]_[p(5, 2)_cs(1.0)_ws(1.0)]",player_eb6ffb94_actions,player_eb6ffb94,"['player_f4203309', 'player_eb6ffb94', 'player_eb6ffb94']",,,False
514,tomato,pick up,Counter_34,Counter,34,pick up tomato from counter,player_f4203309,encouraged_division_of_labor,9705cd0c297b7070,351.39210315569335,54.429757474272435,0.0,0.0,0.0,1.0,1.0,"(5, 2)","[p(2, 2)_cs(1.0)_ws(1.0)]_[p(5, 2)_cs(1.0)_ws(1.0)]",player_f4203309_actions,player_eb6ffb94,"['player_f4203309', 'player_eb6ffb94']",,,True
528,tomato,start cutting,CuttingBoard_20,CuttingBoard,20,start cutting tomato,player_eb6ffb94,encouraged_division_of_labor,9705cd0c297b7070,411.3469813912048,16.000000000000114,0.0,0.0,0.0,1.0,1.0,"(2, 2)","[p(2, 2)_cs(1.0)_ws(1.0)]_[p(5, 2)_cs(1.0)_ws(1.0)]",player_eb6ffb94_actions,player_eb6ffb94,"['player_f4203309', 'player_eb6ffb94', 'player_eb6ffb94', 'player_eb6ffb94']",,,
547,tomato,start cutting,CuttingBoard_10,CuttingBoard,10,start cutting tomato,player_f4203309,encouraged_division_of_labor,9705cd0c297b7070,405.81147479894247,54.41937164324912,0.0,0.0,0.0,1.0,1.0,"(5, 2)","[p(2, 2)_cs(1.0)_ws(1.0)]_[p(5, 2)_cs(1.0)_ws(1.0)]",player_f4203309_actions,player_f4203309,"['player_f4203309', 'player_eb6ffb94', 'player_f4203309']",,,
599,tomato_cut,pick up,CuttingBoard_20,CuttingBoard,20,pick up tomato_cut from cuttingboard,player_eb6ffb94,encouraged_division_of_labor,9705cd0c297b7070,411.3469813912048,0.0,0.0,0.0,0.0,1.0,1.0,"(2, 2)","[p(2, 2)_cs(1.0)_ws(1.0)]_[p(5, 2)_cs(1.0)_ws(1.0)]",player_eb6ffb94_actions,player_eb6ffb94,"['player_f4203309', 'player_eb6ffb94', 'player_eb6ffb94', 'player_eb6ffb94']",,,False
629,tomato_cut,put down,Counter_02,Counter,2,put down tomato_cut on counter,player_eb6ffb94,encouraged_division_of_labor,9705cd0c297b7070,433.9743983891743,22.627416997969533,0.0,0.0,0.0,1.0,1.0,"(2, 2)","[p(2, 2)_cs(1.0)_ws(1.0)]_[p(5, 2)_cs(1.0)_ws(1.0)]",player_eb6ffb94_actions,player_eb6ffb94,"['player_f4203309', 'player_eb6ffb94', 'player_eb6ffb94', 'player_eb6ffb94', 'player_eb6ffb94']",,,
640,plate,pick up,Dispenser_60,Dispenser,60,pick up plate from dispenser,player_f4203309,encouraged_division_of_labor,9705cd0c297b7070,597.8272240708765,192.015749271934,0.0,0.0,0.0,1.0,1.0,"(5, 2)","[p(2, 2)_cs(1.0)_ws(1.0)]_[p(5, 2)_cs(1.0)_ws(1.0)]",player_f4203309_actions,,[],,,
668,plate,put down,Counter_32,Counter,32,put down plate on counter,player_f4203309,encouraged_division_of_labor,9705cd0c297b7070,636.2342867376412,38.40706266676477,0.0,0.0,0.0,1.0,1.0,"(5, 2)","[p(2, 2)_cs(1.0)_ws(1.0)]_[p(5, 2)_cs(1.0)_ws(1.0)]",player_f4203309_actions,player_f4203309,['player_f4203309'],,,
696,plate,pick up,Dispenser_60,Dispenser,60,pick up plate from dispenser,player_f4203309,encouraged_division_of_labor,9705cd0c297b7070,674.6413494044064,38.407062666765114,0.0,0.0,0.0,1.0,1.0,"(5, 2)","[p(2, 2)_cs(1.0)_ws(1.0)]_[p(5, 2)_cs(1.0)_ws(1.0)]",player_f4203309_actions,,[],,,
697,tomato_cut,pick up,Counter_02,Counter,2,pick up tomato_cut from counter,player_eb6ffb94,encouraged_division_of_labor,9705cd0c297b7070,433.9743983891743,0.0,0.0,0.0,0.0,1.0,1.0,"(2, 2)","[p(2, 2)_cs(1.0)_ws(1.0)]_[p(5, 2)_cs(1.0)_ws(1.0)]",player_eb6ffb94_actions,player_eb6ffb94,"['player_f4203309', 'player_eb6ffb94', 'player_eb6ffb94', 'player_eb6ffb94', 'player_eb6ffb94']",,,False
719,tomato_cut,assemble salad,Counter_32,Counter,32,assemble salad,player_eb6ffb94,encouraged_division_of_labor,9705cd0c297b7070,449.9743983891745,16.00000000000017,0.0,0.0,0.0,1.0,1.0,"(2, 2)","[p(2, 2)_cs(1.0)_ws(1.0)]_[p(5, 2)_cs(1.0)_ws(1.0)]",player_eb6ffb94_actions,player_f4203309,['player_eb6ffb94'],"['player_f4203309', 'player_eb6ffb94', 'player_eb6ffb94', 'player_eb6ffb94', 'player_eb6ffb94', 'player_eb6ffb94']",['player_f4203309'],True
725,plate,put down,Counter_33,Counter,33,put down plate on counter,player_f4203309,encouraged_division_of_labor,9705cd0c297b7070,719.896183400346,45.254833995939634,0.0,0.0,0.0,1.0,1.0,"(5, 2)","[p(2, 2)_cs(1.0)_ws(1.0)]_[p(5, 2)_cs(1.0)_ws(1.0)]",player_f4203309_actions,player_f4203309,['player_f4203309'],,,
744,tomato_salad,pick up,Counter_32,Counter,32,pick up tomato_salad from counter,player_f4203309,encouraged_division_of_labor,9705cd0c297b7070,735.8961834003462,16.000000000000227,0.0,0.0,0.0,1.0,1.0,"(5, 2)","[p(2, 2)_cs(1.0)_ws(1.0)]_[p(5, 2)_cs(1.0)_ws(1.0)]",player_f4203309_actions,player_eb6ffb94,['player_eb6ffb94'],"['player_f4203309', 'player_eb6ffb94', 'player_eb6ffb94', 'player_eb6ffb94', 'player_eb6ffb94', 'player_eb6ffb94']",['player_f4203309'],True
762,tomato_salad,deliver,Delivery_63,Delivery,63,deliver tomato_salad,player_f4203309,encouraged_division_of_labor,9705cd0c297b7070,758.523600398316,22.627416997969817,1.0,1.0,1.0,1.0,1.0,"(5, 2)","[p(2, 2)_cs(1.0)_ws(1.0)]_[p(5, 2)_cs(1.0)_ws(1.0)]",player_f4203309_actions,player_f4203309,"['player_eb6ffb94', 'player_f4203309']","['player_f4203309', 'player_eb6ffb94', 'player_eb6ffb94', 'player_eb6ffb94', 'player_eb6ffb94', 'player_eb6ffb94']",['player_f4203309'],
791,plate,pick up,Counter_33,Counter,33,pick up plate from counter,player_eb6ffb94,encouraged_division_of_labor,9705cd0c297b7070,465.9743983891746,16.000000000000114,1.0,0.0,0.0,1.0,1.0,"(2, 2)","[p(2, 2)_cs(1.0)_ws(1.0)]_[p(5, 2)_cs(1.0)_ws(1.0)]",player_eb6ffb94_actions,player_f4203309,['player_f4203309'],,,True
801,tomato,pick up,Dispenser_40,Dispenser,40,pick up tomato from dispenser,player_f4203309,encouraged_division_of_labor,9705cd0c297b7070,796.9348602383423,38.41125984002622,1.0,0.0,1.0,1.0,1.0,"(5, 2)","[p(2, 2)_cs(1.0)_ws(1.0)]_[p(5, 2)_cs(1.0)_ws(1.0)]",player_f4203309_actions,,[],,,
817,tomato,put down,Counter_32,Counter,32,put down tomato on counter,player_f4203309,encouraged_division_of_labor,9705cd0c297b7070,812.9348602383425,16.000000000000227,1.0,0.0,1.0,1.0,1.0,"(5, 2)","[p(2, 2)_cs(1.0)_ws(1.0)]_[p(5, 2)_cs(1.0)_ws(1.0)]",player_f4203309_actions,player_f4203309,['player_f4203309'],,,
819,plate,put down,Counter_33,Counter,33,put down plate on counter,player_eb6ffb94,encouraged_division_of_labor,9705cd0c297b7070,465.9743983891746,0.0,1.0,0.0,0.0,1.0,1.0,"(2, 2)","[p(2, 2)_cs(1.0)_ws(1.0)]_[p(5, 2)_cs(1.0)_ws(1.0)]",player_eb6ffb94_actions,player_eb6ffb94,"['player_f4203309', 'player_eb6ffb94']",,,
905,tomato_cut,pick up,Counter_01,Counter,1,pick up tomato_cut from counter,player_eb6ffb94,encouraged_division_of_labor,9705cd0c297b7070,504.3856582292008,38.41125984002616,1.0,0.0,0.0,1.0,1.0,"(2, 2)","[p(2, 2)_cs(1.0)_ws(1.0)]_[p(5, 2)_cs(1.0)_ws(1.0)]",player_eb6ffb94_actions,player_f4203309,"['player_f4203309', 'player_f4203309', 'player_f4203309']",,,True
942,tomato_cut,assemble salad,Counter_33,Counter,33,assemble salad,player_eb6ffb94,encouraged_division_of_labor,9705cd0c297b7070,542.7969180692268,38.41125984002599,1.0,0.0,0.0,1.0,1.0,"(2, 2)","[p(2, 2)_cs(1.0)_ws(1.0)]_[p(5, 2)_cs(1.0)_ws(1.0)]",player_eb6ffb94_actions,player_eb6ffb94,['player_eb6ffb94'],"['player_f4203309', 'player_f4203309', 'player_f4203309', 'player_eb6ffb94']","['player_f4203309', 'player_eb6ffb94']",False
958,tomato_salad,pick up,Counter_33,Counter,33,pick up tomato_salad from counter,player_f4203309,encouraged_division_of_labor,9705cd0c297b7070,828.9348602383427,16.000000000000227,1.0,0.0,1.0,1.0,1.0,"(5, 2)","[p(2, 2)_cs(1.0)_ws(1.0)]_[p(5, 2)_cs(1.0)_ws(1.0)]",player_f4203309_actions,player_eb6ffb94,['player_eb6ffb94'],"['player_f4203309', 'player_f4203309', 'player_f4203309', 'player_eb6ffb94']","['player_f4203309', 'player_eb6ffb94']",True
960,tomato,pick up,Counter_32,Counter,32,pick up tomato from counter,player_eb6ffb94,encouraged_division_of_labor,9705cd0c297b7070,558.7969180692269,16.000000000000114,1.0,0.0,0.0,1.0,1.0,"(2, 2)","[p(2, 2)_cs(1.0)_ws(1.0)]_[p(5, 2)_cs(1.0)_ws(1.0)]",player_eb6ffb94_actions,player_f4203309,['player_f4203309'],,,True
974,tomato_salad,deliver,Delivery_63,Delivery,63,deliver tomato_salad,player_f4203309,encouraged_division_of_labor,9705cd0c297b7070,844.9348602383427,16.0,2.0,1.0,2.0,1.0,1.0,"(5, 2)","[p(2, 2)_cs(1.0)_ws(1.0)]_[p(5, 2)_cs(1.0)_ws(1.0)]",player_f4203309_actions,player_f4203309,"['player_eb6ffb94', 'player_f4203309']","['player_f4203309', 'player_f4203309', 'player_f4203309', 'player_eb6ffb94']","['player_f4203309', 'player_eb6ffb94']",
999,plate,pick up,Dispenser_60,Dispenser,60,pick up plate from dispenser,player_f4203309,encouraged_division_of_labor,9705cd0c297b7070,882.1378012558133,37.20294101747061,2.0,0.0,2.0,1.0,1.0,"(5, 2)","[p(2, 2)_cs(1.0)_ws(1.0)]_[p(5, 2)_cs(1.0)_ws(1.0)]",player_f4203309_actions,,[],,,
1023,plate,put down,Counter_32,Counter,32,put down plate on counter,player_f4203309,encouraged_division_of_labor,9705cd0c297b7070,920.544863922578,38.40706266676477,2.0,0.0,2.0,1.0,1.0,"(5, 2)","[p(2, 2)_cs(1.0)_ws(1.0)]_[p(5, 2)_cs(1.0)_ws(1.0)]",player_f4203309_actions,player_f4203309,['player_f4203309'],,,
1049,plate,pick up,Dispenser_71,Dispenser,71,pick up plate from dispenser,player_f4203309,encouraged_division_of_labor,9705cd0c297b7070,958.9519265893432,38.407062666765114,2.0,0.0,2.0,1.0,1.0,"(5, 2)","[p(2, 2)_cs(1.0)_ws(1.0)]_[p(5, 2)_cs(1.0)_ws(1.0)]",player_f4203309_actions,,[],,,
1083,plate,put down,Counter_34,Counter,34,put down plate on counter,player_f4203309,encouraged_division_of_labor,9705cd0c297b7070,1018.624191085346,59.672264496002754,2.0,0.0,2.0,1.0,1.0,"(5, 2)","[p(2, 2)_cs(1.0)_ws(1.0)]_[p(5, 2)_cs(1.0)_ws(1.0)]",player_f4203309_actions,player_f4203309,['player_f4203309'],,,
1114,tomato,pick up,Dispenser_40,Dispenser,40,pick up tomato from dispenser,player_f4203309,encouraged_division_of_labor,9705cd0c297b7070,1066.6241910853448,47.99999999999886,2.0,0.0,2.0,1.0,1.0,"(5, 2)","[p(2, 2)_cs(1.0)_ws(1.0)]_[p(5, 2)_cs(1.0)_ws(1.0)]",player_f4203309_actions,,[],,,
1137,tomato,put down,Counter_33,Counter,33,put down tomato on counter,player_f4203309,encouraged_division_of_labor,9705cd0c297b7070,1098.6241910853437,31.999999999998863,2.0,0.0,2.0,1.0,1.0,"(5, 2)","[p(2, 2)_cs(1.0)_ws(1.0)]_[p(5, 2)_cs(1.0)_ws(1.0)]",player_f4203309_actions,player_f4203309,['player_f4203309'],,,
1150,plate,pick up,Counter_32,Counter,32,pick up plate from counter,player_f4203309,encouraged_division_of_labor,9705cd0c297b7070,1114.6241910853432,15.999999999999543,2.0,0.0,2.0,1.0,1.0,"(5, 2)","[p(2, 2)_cs(1.0)_ws(1.0)]_[p(5, 2)_cs(1.0)_ws(1.0)]",player_f4203309_actions,player_f4203309,['player_f4203309'],,,False
1175,tomato,start cutting,CuttingBoard_20,CuttingBoard,20,start cutting tomato,player_eb6ffb94,encouraged_division_of_labor,9705cd0c297b7070,914.7102042211734,355.9132861519465,2.0,0.0,0.0,1.0,1.0,"(2, 2)","[p(2, 2)_cs(1.0)_ws(1.0)]_[p(5, 2)_cs(1.0)_ws(1.0)]",player_eb6ffb94_actions,player_eb6ffb94,"['player_f4203309', 'player_eb6ffb94']",,,
1178,plate,put down,Counter_35,Counter,35,put down plate on counter,player_f4203309,encouraged_division_of_labor,9705cd0c297b7070,1162.6241910853414,47.99999999999818,2.0,0.0,2.0,1.0,1.0,"(5, 2)","[p(2, 2)_cs(1.0)_ws(1.0)]_[p(5, 2)_cs(1.0)_ws(1.0)]",player_f4203309_actions,player_f4203309,"['player_f4203309', 'player_f4203309']",,,
1213,tomato_cut,pick up,CuttingBoard_10,CuttingBoard,10,pick up tomato_cut from cuttingboard,player_eb6ffb94,encouraged_division_of_labor,9705cd0c297b7070,930.7102042211736,16.000000000000227,2.0,0.0,0.0,1.0,1.0,"(2, 2)","[p(2, 2)_cs(1.0)_ws(1.0)]_[p(5, 2)_cs(1.0)_ws(1.0)]",player_eb6ffb94_actions,player_f4203309,"['player_f4203309', 'player_eb6ffb94', 'player_f4203309']",,,True
1248,tomato_cut,assemble salad,Counter_34,Counter,34,assemble salad,player_eb6ffb94,encouraged_division_of_labor,9705cd0c297b7070,985.1399616954463,54.42975747427272,2.0,0.0,0.0,1.0,1.0,"(2, 2)","[p(2, 2)_cs(1.0)_ws(1.0)]_[p(5, 2)_cs(1.0)_ws(1.0)]",player_eb6ffb94_actions,player_f4203309,['player_eb6ffb94'],"['player_f4203309', 'player_eb6ffb94', 'player_f4203309', 'player_eb6ffb94']",['player_f4203309'],True
1264,tomato_salad,pick up,Counter_34,Counter,34,pick up tomato_salad from counter,player_f4203309,encouraged_division_of_labor,9705cd0c297b7070,1178.6241910853407,15.999999999999318,2.0,0.0,2.0,1.0,1.0,"(5, 2)","[p(2, 2)_cs(1.0)_ws(1.0)]_[p(5, 2)_cs(1.0)_ws(1.0)]",player_f4203309_actions,player_eb6ffb94,['player_eb6ffb94'],"['player_f4203309', 'player_eb6ffb94', 'player_f4203309', 'player_eb6ffb94']",['player_f4203309'],True
1284,tomato_salad,deliver,Delivery_63,Delivery,63,deliver tomato_salad,player_f4203309,encouraged_division_of_labor,9705cd0c297b7070,1201.2516080833095,22.62741699796902,3.0,1.0,3.0,1.0,1.0,"(5, 2)","[p(2, 2)_cs(1.0)_ws(1.0)]_[p(5, 2)_cs(1.0)_ws(1.0)]",player_f4203309_actions,player_f4203309,"['player_eb6ffb94', 'player_f4203309']","['player_f4203309', 'player_eb6ffb94', 'player_f4203309', 'player_eb6ffb94']",['player_f4203309'],
1311,plate,pick up,Dispenser_71,Dispenser,71,pick up plate from dispenser,player_f4203309,encouraged_division_of_labor,9705cd0c297b7070,1239.6628679233354,38.41125984002565,3.0,0.0,3.0,1.0,1.0,"(5, 2)","[p(2, 2)_cs(1.0)_ws(1.0)]_[p(5, 2)_cs(1.0)_ws(1.0)]",player_f4203309_actions,,[],,,
1335,plate,put down,Counter_32,Counter,32,put down plate on counter,player_f4203309,encouraged_division_of_labor,9705cd0c297b7070,1278.0699305900994,38.40706266676398,3.0,0.0,3.0,1.0,1.0,"(5, 2)","[p(2, 2)_cs(1.0)_ws(1.0)]_[p(5, 2)_cs(1.0)_ws(1.0)]",player_f4203309_actions,player_f4203309,['player_f4203309'],,,
1353,tomato,pick up,Counter_33,Counter,33,pick up tomato from counter,player_eb6ffb94,encouraged_division_of_labor,9705cd0c297b7070,1090.542818196761,105.40285650131456,3.0,0.0,0.0,1.0,1.0,"(2, 2)","[p(2, 2)_cs(1.0)_ws(1.0)]_[p(5, 2)_cs(1.0)_ws(1.0)]",player_eb6ffb94_actions,player_f4203309,['player_f4203309'],,,True
1373,tomato,pick up,Dispenser_40,Dispenser,40,pick up tomato from dispenser,player_f4203309,encouraged_division_of_labor,9705cd0c297b7070,1294.069930590099,15.999999999999543,3.0,0.0,3.0,1.0,1.0,"(5, 2)","[p(2, 2)_cs(1.0)_ws(1.0)]_[p(5, 2)_cs(1.0)_ws(1.0)]",player_f4203309_actions,,[],,,
1390,tomato,put down,Counter_32,Counter,32,put down tomato on counter,player_f4203309,encouraged_division_of_labor,9705cd0c297b7070,1310.0699305900985,15.999999999999543,3.0,0.0,3.0,1.0,1.0,"(5, 2)","[p(2, 2)_cs(1.0)_ws(1.0)]_[p(5, 2)_cs(1.0)_ws(1.0)]",player_f4203309_actions,player_f4203309,['player_f4203309'],,,
1390,plate,pick up,Counter_32,Counter,32,pick up plate from counter,player_f4203309,encouraged_division_of_labor,9705cd0c297b7070,1310.0699305900985,0.0,3.0,0.0,3.0,1.0,1.0,"(5, 2)","[p(2, 2)_cs(1.0)_ws(1.0)]_[p(5, 2)_cs(1.0)_ws(1.0)]",player_f4203309_actions,player_f4203309,['player_f4203309'],,,False
1406,plate,put down,Counter_32,Counter,32,put down plate on counter,player_f4203309,encouraged_division_of_labor,9705cd0c297b7070,1310.0699305900985,0.0,3.0,0.0,3.0,1.0,1.0,"(5, 2)","[p(2, 2)_cs(1.0)_ws(1.0)]_[p(5, 2)_cs(1.0)_ws(1.0)]",player_f4203309_actions,player_f4203309,"['player_f4203309', 'player_f4203309']",,,
1406,tomato,pick up,Counter_32,Counter,32,pick up tomato from counter,player_f4203309,encouraged_division_of_labor,9705cd0c297b7070,1310.0699305900985,0.0,3.0,0.0,3.0,1.0,1.0,"(5, 2)","[p(2, 2)_cs(1.0)_ws(1.0)]_[p(5, 2)_cs(1.0)_ws(1.0)]",player_f4203309_actions,player_f4203309,"['player_f4203309', 'player_f4203309']",,,False
1422,tomato,put down,Counter_33,Counter,33,put down tomato on counter,player_f4203309,encouraged_division_of_labor,9705cd0c297b7070,1326.069930590098,15.999999999999543,3.0,0.0,3.0,1.0,1.0,"(5, 2)","[p(2, 2)_cs(1.0)_ws(1.0)]_[p(5, 2)_cs(1.0)_ws(1.0)]",player_f4203309_actions,player_f4203309,"['player_f4203309', 'player_f4203309', 'player_f4203309']",,,
1444,tomato,start cutting,CuttingBoard_10,CuttingBoard,10,start cutting tomato,player_eb6ffb94,encouraged_division_of_labor,9705cd0c297b7070,1236.9195278934658,146.3767096967049,3.0,0.0,0.0,1.0,1.0,"(2, 2)","[p(2, 2)_cs(1.0)_ws(1.0)]_[p(5, 2)_cs(1.0)_ws(1.0)]",player_eb6ffb94_actions,player_eb6ffb94,"['player_f4203309', 'player_eb6ffb94']",,,
1468,tomato,pick up,Dispenser_40,Dispenser,40,pick up tomato from dispenser,player_f4203309,encouraged_division_of_labor,9705cd0c297b7070,1358.069930590097,31.99999999999909,3.0,0.0,3.0,1.0,1.0,"(5, 2)","[p(2, 2)_cs(1.0)_ws(1.0)]_[p(5, 2)_cs(1.0)_ws(1.0)]",player_f4203309_actions,,[],,,
1498,tomato,put down,Counter_34,Counter,34,put down tomato on counter,player_f4203309,encouraged_division_of_labor,9705cd0c297b7070,1406.0699305900953,47.99999999999818,3.0,0.0,3.0,1.0,1.0,"(5, 2)","[p(2, 2)_cs(1.0)_ws(1.0)]_[p(5, 2)_cs(1.0)_ws(1.0)]",player_f4203309_actions,player_f4203309,['player_f4203309'],,,
1521,tomato_cut,pick up,CuttingBoard_20,CuttingBoard,20,pick up tomato_cut from cuttingboard,player_eb6ffb94,encouraged_division_of_labor,9705cd0c297b7070,1252.919527893465,15.999999999999543,3.0,0.0,0.0,1.0,1.0,"(2, 2)","[p(2, 2)_cs(1.0)_ws(1.0)]_[p(5, 2)_cs(1.0)_ws(1.0)]",player_eb6ffb94_actions,player_eb6ffb94,"['player_f4203309', 'player_eb6ffb94']",,,False
1547,tomato_cut,assemble salad,Counter_32,Counter,32,assemble salad,player_eb6ffb94,encouraged_division_of_labor,9705cd0c297b7070,1268.9195278934649,15.999999999999543,3.0,0.0,0.0,1.0,1.0,"(2, 2)","[p(2, 2)_cs(1.0)_ws(1.0)]_[p(5, 2)_cs(1.0)_ws(1.0)]",player_eb6ffb94_actions,player_f4203309,['player_eb6ffb94'],"['player_f4203309', 'player_eb6ffb94', 'player_eb6ffb94']","['player_f4203309', 'player_f4203309', 'player_f4203309']",True
1572,tomato_salad,pick up,Counter_32,Counter,32,pick up tomato_salad from counter,player_f4203309,encouraged_division_of_labor,9705cd0c297b7070,1438.0699305900944,31.99999999999909,3.0,0.0,3.0,1.0,1.0,"(5, 2)","[p(2, 2)_cs(1.0)_ws(1.0)]_[p(5, 2)_cs(1.0)_ws(1.0)]",player_f4203309_actions,player_eb6ffb94,['player_eb6ffb94'],"['player_f4203309', 'player_eb6ffb94', 'player_eb6ffb94']","['player_f4203309', 'player_f4203309', 'player_f4203309']",True
1586,tomato_salad,deliver,Delivery_63,Delivery,63,deliver tomato_salad,player_f4203309,encouraged_division_of_labor,9705cd0c297b7070,1460.6973475880634,22.62741699796902,4.0,1.0,4.0,1.0,1.0,"(5, 2)","[p(2, 2)_cs(1.0)_ws(1.0)]_[p(5, 2)_cs(1.0)_ws(1.0)]",player_f4203309_actions,player_f4203309,"['player_eb6ffb94', 'player_f4203309']","['player_f4203309', 'player_eb6ffb94', 'player_eb6ffb94']","['player_f4203309', 'player_f4203309', 'player_f4203309']",
1597,tomato,pick up,Counter_33,Counter,33,pick up tomato from counter,player_eb6ffb94,encouraged_division_of_labor,9705cd0c297b7070,1284.9195278934644,15.999999999999543,4.0,0.0,0.0,1.0,1.0,"(2, 2)","[p(2, 2)_cs(1.0)_ws(1.0)]_[p(5, 2)_cs(1.0)_ws(1.0)]",player_eb6ffb94_actions,player_eb6ffb94,['player_eb6ffb94'],"['player_f4203309', 'player_eb6ffb94', 'player_eb6ffb94']","['player_f4203309', 'player_f4203309', 'player_f4203309']",False
1629,tomato,start cutting,CuttingBoard_20,CuttingBoard,20,start cutting tomato,player_eb6ffb94,encouraged_division_of_labor,9705cd0c297b7070,1316.9195278934635,31.99999999999909,4.0,0.0,0.0,1.0,1.0,"(2, 2)","[p(2, 2)_cs(1.0)_ws(1.0)]_[p(5, 2)_cs(1.0)_ws(1.0)]",player_eb6ffb94_actions,player_eb6ffb94,"['player_eb6ffb94', 'player_eb6ffb94']","['player_f4203309', 'player_eb6ffb94', 'player_eb6ffb94']","['player_f4203309', 'player_f4203309', 'player_f4203309']",
1674,plate,pick up,Dispenser_71,Dispenser,71,pick up plate from dispenser,player_f4203309,encouraged_division_of_labor,9705cd0c297b7070,1499.108607428089,38.41125984002565,4.0,0.0,4.0,1.0,1.0,"(5, 2)","[p(2, 2)_cs(1.0)_ws(1.0)]_[p(5, 2)_cs(1.0)_ws(1.0)]",player_f4203309_actions,,[],,,
1685,tomato_cut,pick up,CuttingBoard_10,CuttingBoard,10,pick up tomato_cut from cuttingboard,player_eb6ffb94,encouraged_division_of_labor,9705cd0c297b7070,1332.919527893463,15.999999999999543,4.0,0.0,0.0,1.0,1.0,"(2, 2)","[p(2, 2)_cs(1.0)_ws(1.0)]_[p(5, 2)_cs(1.0)_ws(1.0)]",player_eb6ffb94_actions,player_eb6ffb94,"['player_f4203309', 'player_eb6ffb94']",,,False
1701,plate,put down,Counter_33,Counter,33,put down plate on counter,player_f4203309,encouraged_division_of_labor,9705cd0c297b7070,1544.3634414240269,45.254833995937815,4.0,0.0,4.0,1.0,1.0,"(5, 2)","[p(2, 2)_cs(1.0)_ws(1.0)]_[p(5, 2)_cs(1.0)_ws(1.0)]",player_f4203309_actions,player_f4203309,['player_f4203309'],,,
1734,tomato_cut,assemble salad,Counter_35,Counter,35,assemble salad,player_eb6ffb94,encouraged_division_of_labor,9705cd0c297b7070,1403.4129124687213,70.49338457525823,4.0,0.0,0.0,1.0,1.0,"(2, 2)","[p(2, 2)_cs(1.0)_ws(1.0)]_[p(5, 2)_cs(1.0)_ws(1.0)]",player_eb6ffb94_actions,player_f4203309,['player_eb6ffb94'],"['player_f4203309', 'player_eb6ffb94', 'player_eb6ffb94']","['player_f4203309', 'player_f4203309']",True
1737,plate,pick up,Dispenser_71,Dispenser,71,pick up plate from dispenser,player_f4203309,encouraged_division_of_labor,9705cd0c297b7070,1589.618275419965,45.254833995937815,4.0,0.0,4.0,1.0,1.0,"(5, 2)","[p(2, 2)_cs(1.0)_ws(1.0)]_[p(5, 2)_cs(1.0)_ws(1.0)]",player_f4203309_actions,,[],,,
1764,plate,put down,Counter_32,Counter,32,put down plate on counter,player_f4203309,encouraged_division_of_labor,9705cd0c297b7070,1628.0253380867289,38.407062666764205,4.0,0.0,4.0,1.0,1.0,"(5, 2)","[p(2, 2)_cs(1.0)_ws(1.0)]_[p(5, 2)_cs(1.0)_ws(1.0)]",player_f4203309_actions,player_f4203309,['player_f4203309'],,,
1793,tomato_salad,pick up,Counter_35,Counter,35,pick up tomato_salad from counter,player_f4203309,encouraged_division_of_labor,9705cd0c297b7070,1676.025338086727,47.99999999999818,4.0,0.0,4.0,1.0,1.0,"(5, 2)","[p(2, 2)_cs(1.0)_ws(1.0)]_[p(5, 2)_cs(1.0)_ws(1.0)]",player_f4203309_actions,player_eb6ffb94,['player_eb6ffb94'],"['player_f4203309', 'player_eb6ffb94', 'player_eb6ffb94']","['player_f4203309', 'player_f4203309']",True
1818,tomato_salad,deliver,Delivery_63,Delivery,63,deliver tomato_salad,player_f4203309,encouraged_division_of_labor,9705cd0c297b7070,1714.4324007534913,38.407062666764205,5.0,1.0,5.0,1.0,1.0,"(5, 2)","[p(2, 2)_cs(1.0)_ws(1.0)]_[p(5, 2)_cs(1.0)_ws(1.0)]",player_f4203309_actions,player_f4203309,"['player_eb6ffb94', 'player_f4203309']","['player_f4203309', 'player_eb6ffb94', 'player_eb6ffb94']","['player_f4203309', 'player_f4203309']",
1832,plate,pick up,Counter_32,Counter,32,pick up plate from counter,player_eb6ffb94,encouraged_division_of_labor,9705cd0c297b7070,1483.4129124687188,79.9999999999975,5.0,0.0,0.0,1.0,1.0,"(2, 2)","[p(2, 2)_cs(1.0)_ws(1.0)]_[p(5, 2)_cs(1.0)_ws(1.0)]",player_eb6ffb94_actions,player_f4203309,['player_f4203309'],,,True
1867,plate,put down,Counter_32,Counter,32,put down plate on counter,player_eb6ffb94,encouraged_division_of_labor,9705cd0c297b7070,1483.4129124687188,0.0,5.0,0.0,0.0,1.0,1.0,"(2, 2)","[p(2, 2)_cs(1.0)_ws(1.0)]_[p(5, 2)_cs(1.0)_ws(1.0)]",player_eb6ffb94_actions,player_eb6ffb94,"['player_f4203309', 'player_eb6ffb94']",,,
1894,tomato_cut,pick up,CuttingBoard_20,CuttingBoard,20,pick up tomato_cut from cuttingboard,player_eb6ffb94,encouraged_division_of_labor,9705cd0c297b7070,1499.4129124687183,15.999999999999543,5.0,0.0,0.0,1.0,1.0,"(2, 2)","[p(2, 2)_cs(1.0)_ws(1.0)]_[p(5, 2)_cs(1.0)_ws(1.0)]",player_eb6ffb94_actions,player_eb6ffb94,"['player_eb6ffb94', 'player_eb6ffb94']","['player_f4203309', 'player_eb6ffb94', 'player_eb6ffb94']","['player_f4203309', 'player_f4203309', 'player_f4203309']",False
1899,tomato,pick up,Dispenser_40,Dispenser,40,pick up tomato from dispenser,player_f4203309,encouraged_division_of_labor,9705cd0c297b7070,1752.843660593517,38.41125984002565,5.0,0.0,5.0,1.0,1.0,"(5, 2)","[p(2, 2)_cs(1.0)_ws(1.0)]_[p(5, 2)_cs(1.0)_ws(1.0)]",player_f4203309_actions,,[],,,
1918,tomato_cut,assemble salad,Counter_32,Counter,32,assemble salad,player_eb6ffb94,encouraged_division_of_labor,9705cd0c297b7070,1515.412912468718,15.999999999999543,5.0,0.0,0.0,1.0,1.0,"(2, 2)","[p(2, 2)_cs(1.0)_ws(1.0)]_[p(5, 2)_cs(1.0)_ws(1.0)]",player_eb6ffb94_actions,player_eb6ffb94,['player_eb6ffb94'],"['player_eb6ffb94', 'player_eb6ffb94', 'player_eb6ffb94']","['player_f4203309', 'player_eb6ffb94']",False
1943,tomato,put down,Counter_35,Counter,35,put down tomato on counter,player_f4203309,encouraged_division_of_labor,9705cd0c297b7070,1816.8436605935149,63.999999999997954,5.0,0.0,5.0,1.0,1.0,"(5, 2)","[p(2, 2)_cs(1.0)_ws(1.0)]_[p(5, 2)_cs(1.0)_ws(1.0)]",player_f4203309_actions,player_f4203309,['player_f4203309'],,,
1950,tomato,pick up,Counter_34,Counter,34,pick up tomato from counter,player_eb6ffb94,encouraged_division_of_labor,9705cd0c297b7070,1547.412912468717,31.99999999999909,5.0,0.0,0.0,1.0,1.0,"(2, 2)","[p(2, 2)_cs(1.0)_ws(1.0)]_[p(5, 2)_cs(1.0)_ws(1.0)]",player_eb6ffb94_actions,player_f4203309,['player_f4203309'],,,True
1969,tomato_salad,pick up,Counter_32,Counter,32,pick up tomato_salad from counter,player_f4203309,encouraged_division_of_labor,9705cd0c297b7070,1864.843660593513,47.99999999999818,5.0,0.0,5.0,1.0,1.0,"(5, 2)","[p(2, 2)_cs(1.0)_ws(1.0)]_[p(5, 2)_cs(1.0)_ws(1.0)]",player_f4203309_actions,player_eb6ffb94,['player_eb6ffb94'],"['player_eb6ffb94', 'player_eb6ffb94', 'player_eb6ffb94']","['player_f4203309', 'player_eb6ffb94']",True
1985,tomato_salad,deliver,Delivery_63,Delivery,63,deliver tomato_salad,player_f4203309,encouraged_division_of_labor,9705cd0c297b7070,1887.471077591482,22.62741699796902,6.0,1.0,6.0,1.0,1.0,"(5, 2)","[p(2, 2)_cs(1.0)_ws(1.0)]_[p(5, 2)_cs(1.0)_ws(1.0)]",player_f4203309_actions,player_f4203309,"['player_eb6ffb94', 'player_f4203309']","['player_eb6ffb94', 'player_eb6ffb94', 'player_eb6ffb94']","['player_f4203309', 'player_eb6ffb94']",
1988,tomato,start cutting,CuttingBoard_20,CuttingBoard,20,start cutting tomato,player_eb6ffb94,encouraged_division_of_labor,9705cd0c297b7070,1595.4129124687154,47.99999999999841,6.0,0.0,0.0,1.0,1.0,"(2, 2)","[p(2, 2)_cs(1.0)_ws(1.0)]_[p(5, 2)_cs(1.0)_ws(1.0)]",player_eb6ffb94_actions,player_eb6ffb94,"['player_f4203309', 'player_eb6ffb94']",,,
2012,plate,pick up,Dispenser_71,Dispenser,71,pick up plate from dispenser,player_f4203309,encouraged_division_of_labor,9705cd0c297b7070,1925.8823374315075,38.41125984002565,6.0,0.0,6.0,1.0,1.0,"(5, 2)","[p(2, 2)_cs(1.0)_ws(1.0)]_[p(5, 2)_cs(1.0)_ws(1.0)]",player_f4203309_actions,,[],,,
2032,tomato,pick up,Counter_35,Counter,35,pick up tomato from counter,player_eb6ffb94,encouraged_division_of_labor,9705cd0c297b7070,1659.412912468713,63.999999999997954,6.0,0.0,0.0,1.0,1.0,"(2, 2)","[p(2, 2)_cs(1.0)_ws(1.0)]_[p(5, 2)_cs(1.0)_ws(1.0)]",player_eb6ffb94_actions,player_f4203309,['player_f4203309'],,,True
2039,plate,put down,Counter_32,Counter,32,put down plate on counter,player_f4203309,encouraged_division_of_labor,9705cd0c297b7070,1964.289400098272,38.407062666764205,6.0,0.0,6.0,1.0,1.0,"(5, 2)","[p(2, 2)_cs(1.0)_ws(1.0)]_[p(5, 2)_cs(1.0)_ws(1.0)]",player_f4203309_actions,player_f4203309,['player_f4203309'],,,
2056,tomato,pick up,Dispenser_40,Dispenser,40,pick up tomato from dispenser,player_f4203309,encouraged_division_of_labor,9705cd0c297b7070,1980.2894000982717,15.999999999999543,6.0,0.0,6.0,1.0,1.0,"(5, 2)","[p(2, 2)_cs(1.0)_ws(1.0)]_[p(5, 2)_cs(1.0)_ws(1.0)]",player_f4203309_actions,,[],,,
2080,tomato,start cutting,CuttingBoard_10,CuttingBoard,10,start cutting tomato,player_eb6ffb94,encouraged_division_of_labor,9705cd0c297b7070,1729.9048249926382,70.49191252392484,6.0,0.0,0.0,1.0,1.0,"(2, 2)","[p(2, 2)_cs(1.0)_ws(1.0)]_[p(5, 2)_cs(1.0)_ws(1.0)]",player_eb6ffb94_actions,player_eb6ffb94,"['player_f4203309', 'player_eb6ffb94']",,,
2085,tomato,put down,Counter_34,Counter,34,put down tomato on counter,player_f4203309,encouraged_division_of_labor,9705cd0c297b7070,2028.2894000982697,47.99999999999818,6.0,0.0,6.0,1.0,1.0,"(5, 2)","[p(2, 2)_cs(1.0)_ws(1.0)]_[p(5, 2)_cs(1.0)_ws(1.0)]",player_f4203309_actions,player_f4203309,['player_f4203309'],,,
2119,tomato,pick up,Dispenser_40,Dispenser,40,pick up tomato from dispenser,player_f4203309,encouraged_division_of_labor,9705cd0c297b7070,2076.2894000982706,48.00000000000091,6.0,0.0,6.0,1.0,1.0,"(5, 2)","[p(2, 2)_cs(1.0)_ws(1.0)]_[p(5, 2)_cs(1.0)_ws(1.0)]",player_f4203309_actions,,[],,,
2146,tomato_cut,pick up,CuttingBoard_20,CuttingBoard,20,pick up tomato_cut from cuttingboard,player_eb6ffb94,encouraged_division_of_labor,9705cd0c297b7070,1745.9048249926375,15.999999999999543,6.0,0.0,0.0,1.0,1.0,"(2, 2)","[p(2, 2)_cs(1.0)_ws(1.0)]_[p(5, 2)_cs(1.0)_ws(1.0)]",player_eb6ffb94_actions,player_eb6ffb94,"['player_f4203309', 'player_eb6ffb94']",,,False
2155,tomato,put down,Counter_35,Counter,35,put down tomato on counter,player_f4203309,encouraged_division_of_labor,9705cd0c297b7070,2140.289400098272,64.00000000000136,6.0,0.0,6.0,1.0,1.0,"(5, 2)","[p(2, 2)_cs(1.0)_ws(1.0)]_[p(5, 2)_cs(1.0)_ws(1.0)]",player_f4203309_actions,player_f4203309,['player_f4203309'],,,
