{"agents": {"player_eb6ffb94": {"initial_state": {"agent_id": "player_eb6ffb94", "x": 40, "y": 40, "item": null, "url_params": {"gameType": ["tomatoSaladOnly"], "PROLIFIC_PID": ["61193d8ce8940db66d5d632e"], "map": ["encouraged_division_of_labor"], "cutting_speed_p1": ["1"], "walking_speed_p1": ["1"], "cutting_speed_p2": ["1"], "walking_speed_p2": ["1"], "slot_x_p1": ["2"], "slot_y_p1": ["2"], "slot_x_p2": ["5"], "slot_y_p2": ["2"], "EIO": ["4"], "transport": ["polling"], "t": ["PZthenM"]}, "cut_speed": 1.0, "walk_speed": 30.0, "player_nr": 1}, "player_score": 0.0, "total_actions": 37, "first_action_tick": 163, "last_action_tick": 2146}, "player_f4203309": {"initial_state": {"agent_id": "player_f4203309", "x": 88, "y": 40, "item": null, "url_params": {"gameType": ["tomatoSaladOnly"], "PROLIFIC_PID": ["66b244a2f436437d3e109bbe"], "map": ["encouraged_division_of_labor"], "cutting_speed_p1": ["1"], "walking_speed_p1": ["1"], "cutting_speed_p2": ["1"], "walking_speed_p2": ["1"], "slot_x_p1": ["2"], "slot_y_p1": ["2"], "slot_x_p2": ["5"], "slot_y_p2": ["2"], "EIO": ["4"], "transport": ["polling"], "t": ["PZthfL2"]}, "cut_speed": 1.0, "walk_speed": 30.0, "player_nr": 2}, "player_score": 6.0, "total_actions": 60, "first_action_tick": 91, "last_action_tick": 2155}}, "map_name": "encouraged_division_of_labor", "final_score": 6.0}