tick,item,action,target,target_type,target_position,action_long,player_id,map_name,game_id,distance_walked,distance_walked_since_last_action,overall_score,player_score_change,player_score,walking_speed,cutting_speed,start_pos,condition
163,tomato,pick up,Counter_32,Counter,32,pick up tomato from counter,player_eb6ffb94,encouraged_division_of_labor,9705cd0c297b7070,191.38682631235832,0.0,0.0,0.0,0.0,1.0,1.0,"(2, 2)","[p(2, 2)_cs(1.0)_ws(1.0)]_[p(5, 2)_cs(1.0)_ws(1.0)]"
200,tomato,put down,Counter_32,Counter,32,put down tomato on counter,player_eb6ffb94,encouraged_division_of_labor,9705cd0c297b7070,191.38682631235832,0.0,0.0,0.0,0.0,1.0,1.0,"(2, 2)","[p(2, 2)_cs(1.0)_ws(1.0)]_[p(5, 2)_cs(1.0)_ws(1.0)]"
244,tomato,pick up,Counter_33,Counter,33,pick up tomato from counter,player_eb6ffb94,encouraged_division_of_labor,9705cd0c297b7070,207.38682631235832,16.0,0.0,0.0,0.0,1.0,1.0,"(2, 2)","[p(2, 2)_cs(1.0)_ws(1.0)]_[p(5, 2)_cs(1.0)_ws(1.0)]"
339,tomato,put down,Counter_34,Counter,34,put down tomato on counter,player_eb6ffb94,encouraged_division_of_labor,9705cd0c297b7070,299.3469813912038,91.9601550788455,0.0,0.0,0.0,1.0,1.0,"(2, 2)","[p(2, 2)_cs(1.0)_ws(1.0)]_[p(5, 2)_cs(1.0)_ws(1.0)]"
457,tomato,pick up,Counter_32,Counter,32,pick up tomato from counter,player_eb6ffb94,encouraged_division_of_labor,9705cd0c297b7070,363.34698139120445,64.00000000000063,0.0,0.0,0.0,1.0,1.0,"(2, 2)","[p(2, 2)_cs(1.0)_ws(1.0)]_[p(5, 2)_cs(1.0)_ws(1.0)]"
469,tomato,put down,Counter_32,Counter,32,put down tomato on counter,player_eb6ffb94,encouraged_division_of_labor,9705cd0c297b7070,363.34698139120445,0.0,0.0,0.0,0.0,1.0,1.0,"(2, 2)","[p(2, 2)_cs(1.0)_ws(1.0)]_[p(5, 2)_cs(1.0)_ws(1.0)]"
501,tomato,pick up,Counter_32,Counter,32,pick up tomato from counter,player_eb6ffb94,encouraged_division_of_labor,9705cd0c297b7070,395.3469813912047,32.00000000000023,0.0,0.0,0.0,1.0,1.0,"(2, 2)","[p(2, 2)_cs(1.0)_ws(1.0)]_[p(5, 2)_cs(1.0)_ws(1.0)]"
528,tomato,start cutting,CuttingBoard_20,CuttingBoard,20,start cutting tomato,player_eb6ffb94,encouraged_division_of_labor,9705cd0c297b7070,411.3469813912048,16.000000000000114,0.0,0.0,0.0,1.0,1.0,"(2, 2)","[p(2, 2)_cs(1.0)_ws(1.0)]_[p(5, 2)_cs(1.0)_ws(1.0)]"
599,tomato_cut,pick up,CuttingBoard_20,CuttingBoard,20,pick up tomato_cut from cuttingboard,player_eb6ffb94,encouraged_division_of_labor,9705cd0c297b7070,411.3469813912048,0.0,0.0,0.0,0.0,1.0,1.0,"(2, 2)","[p(2, 2)_cs(1.0)_ws(1.0)]_[p(5, 2)_cs(1.0)_ws(1.0)]"
629,tomato_cut,put down,Counter_02,Counter,02,put down tomato_cut on counter,player_eb6ffb94,encouraged_division_of_labor,9705cd0c297b7070,433.9743983891743,22.627416997969533,0.0,0.0,0.0,1.0,1.0,"(2, 2)","[p(2, 2)_cs(1.0)_ws(1.0)]_[p(5, 2)_cs(1.0)_ws(1.0)]"
697,tomato_cut,pick up,Counter_02,Counter,02,pick up tomato_cut from counter,player_eb6ffb94,encouraged_division_of_labor,9705cd0c297b7070,433.9743983891743,0.0,0.0,0.0,0.0,1.0,1.0,"(2, 2)","[p(2, 2)_cs(1.0)_ws(1.0)]_[p(5, 2)_cs(1.0)_ws(1.0)]"
719,tomato_cut,assemble salad,Counter_32,Counter,32,assemble salad,player_eb6ffb94,encouraged_division_of_labor,9705cd0c297b7070,449.9743983891745,16.00000000000017,0.0,0.0,0.0,1.0,1.0,"(2, 2)","[p(2, 2)_cs(1.0)_ws(1.0)]_[p(5, 2)_cs(1.0)_ws(1.0)]"
791,plate,pick up,Counter_33,Counter,33,pick up plate from counter,player_eb6ffb94,encouraged_division_of_labor,9705cd0c297b7070,465.9743983891746,16.000000000000114,1.0,0.0,0.0,1.0,1.0,"(2, 2)","[p(2, 2)_cs(1.0)_ws(1.0)]_[p(5, 2)_cs(1.0)_ws(1.0)]"
819,plate,put down,Counter_33,Counter,33,put down plate on counter,player_eb6ffb94,encouraged_division_of_labor,9705cd0c297b7070,465.9743983891746,0.0,1.0,0.0,0.0,1.0,1.0,"(2, 2)","[p(2, 2)_cs(1.0)_ws(1.0)]_[p(5, 2)_cs(1.0)_ws(1.0)]"
905,tomato_cut,pick up,Counter_01,Counter,01,pick up tomato_cut from counter,player_eb6ffb94,encouraged_division_of_labor,9705cd0c297b7070,504.38565822920077,38.41125984002616,1.0,0.0,0.0,1.0,1.0,"(2, 2)","[p(2, 2)_cs(1.0)_ws(1.0)]_[p(5, 2)_cs(1.0)_ws(1.0)]"
942,tomato_cut,assemble salad,Counter_33,Counter,33,assemble salad,player_eb6ffb94,encouraged_division_of_labor,9705cd0c297b7070,542.7969180692268,38.41125984002599,1.0,0.0,0.0,1.0,1.0,"(2, 2)","[p(2, 2)_cs(1.0)_ws(1.0)]_[p(5, 2)_cs(1.0)_ws(1.0)]"
960,tomato,pick up,Counter_32,Counter,32,pick up tomato from counter,player_eb6ffb94,encouraged_division_of_labor,9705cd0c297b7070,558.7969180692269,16.000000000000114,1.0,0.0,0.0,1.0,1.0,"(2, 2)","[p(2, 2)_cs(1.0)_ws(1.0)]_[p(5, 2)_cs(1.0)_ws(1.0)]"
1175,tomato,start cutting,CuttingBoard_20,CuttingBoard,20,start cutting tomato,player_eb6ffb94,encouraged_division_of_labor,9705cd0c297b7070,914.7102042211734,355.9132861519465,2.0,0.0,0.0,1.0,1.0,"(2, 2)","[p(2, 2)_cs(1.0)_ws(1.0)]_[p(5, 2)_cs(1.0)_ws(1.0)]"
1213,tomato_cut,pick up,CuttingBoard_10,CuttingBoard,10,pick up tomato_cut from cuttingboard,player_eb6ffb94,encouraged_division_of_labor,9705cd0c297b7070,930.7102042211736,16.000000000000227,2.0,0.0,0.0,1.0,1.0,"(2, 2)","[p(2, 2)_cs(1.0)_ws(1.0)]_[p(5, 2)_cs(1.0)_ws(1.0)]"
1248,tomato_cut,assemble salad,Counter_34,Counter,34,assemble salad,player_eb6ffb94,encouraged_division_of_labor,9705cd0c297b7070,985.1399616954463,54.42975747427272,2.0,0.0,0.0,1.0,1.0,"(2, 2)","[p(2, 2)_cs(1.0)_ws(1.0)]_[p(5, 2)_cs(1.0)_ws(1.0)]"
1353,tomato,pick up,Counter_33,Counter,33,pick up tomato from counter,player_eb6ffb94,encouraged_division_of_labor,9705cd0c297b7070,1090.542818196761,105.40285650131455,3.0,0.0,0.0,1.0,1.0,"(2, 2)","[p(2, 2)_cs(1.0)_ws(1.0)]_[p(5, 2)_cs(1.0)_ws(1.0)]"
1444,tomato,start cutting,CuttingBoard_10,CuttingBoard,10,start cutting tomato,player_eb6ffb94,encouraged_division_of_labor,9705cd0c297b7070,1236.9195278934658,146.3767096967049,3.0,0.0,0.0,1.0,1.0,"(2, 2)","[p(2, 2)_cs(1.0)_ws(1.0)]_[p(5, 2)_cs(1.0)_ws(1.0)]"
1521,tomato_cut,pick up,CuttingBoard_20,CuttingBoard,20,pick up tomato_cut from cuttingboard,player_eb6ffb94,encouraged_division_of_labor,9705cd0c297b7070,1252.9195278934653,15.999999999999545,3.0,0.0,0.0,1.0,1.0,"(2, 2)","[p(2, 2)_cs(1.0)_ws(1.0)]_[p(5, 2)_cs(1.0)_ws(1.0)]"
1547,tomato_cut,assemble salad,Counter_32,Counter,32,assemble salad,player_eb6ffb94,encouraged_division_of_labor,9705cd0c297b7070,1268.9195278934649,15.999999999999545,3.0,0.0,0.0,1.0,1.0,"(2, 2)","[p(2, 2)_cs(1.0)_ws(1.0)]_[p(5, 2)_cs(1.0)_ws(1.0)]"
1597,tomato,pick up,Counter_33,Counter,33,pick up tomato from counter,player_eb6ffb94,encouraged_division_of_labor,9705cd0c297b7070,1284.9195278934644,15.999999999999545,4.0,0.0,0.0,1.0,1.0,"(2, 2)","[p(2, 2)_cs(1.0)_ws(1.0)]_[p(5, 2)_cs(1.0)_ws(1.0)]"
1629,tomato,start cutting,CuttingBoard_20,CuttingBoard,20,start cutting tomato,player_eb6ffb94,encouraged_division_of_labor,9705cd0c297b7070,1316.9195278934635,31.99999999999909,4.0,0.0,0.0,1.0,1.0,"(2, 2)","[p(2, 2)_cs(1.0)_ws(1.0)]_[p(5, 2)_cs(1.0)_ws(1.0)]"
1685,tomato_cut,pick up,CuttingBoard_10,CuttingBoard,10,pick up tomato_cut from cuttingboard,player_eb6ffb94,encouraged_division_of_labor,9705cd0c297b7070,1332.919527893463,15.999999999999545,4.0,0.0,0.0,1.0,1.0,"(2, 2)","[p(2, 2)_cs(1.0)_ws(1.0)]_[p(5, 2)_cs(1.0)_ws(1.0)]"
1734,tomato_cut,assemble salad,Counter_35,Counter,35,assemble salad,player_eb6ffb94,encouraged_division_of_labor,9705cd0c297b7070,1403.4129124687213,70.49338457525823,4.0,0.0,0.0,1.0,1.0,"(2, 2)","[p(2, 2)_cs(1.0)_ws(1.0)]_[p(5, 2)_cs(1.0)_ws(1.0)]"
1832,plate,pick up,Counter_32,Counter,32,pick up plate from counter,player_eb6ffb94,encouraged_division_of_labor,9705cd0c297b7070,1483.4129124687188,79.9999999999975,5.0,0.0,0.0,1.0,1.0,"(2, 2)","[p(2, 2)_cs(1.0)_ws(1.0)]_[p(5, 2)_cs(1.0)_ws(1.0)]"
1867,plate,put down,Counter_32,Counter,32,put down plate on counter,player_eb6ffb94,encouraged_division_of_labor,9705cd0c297b7070,1483.4129124687188,0.0,5.0,0.0,0.0,1.0,1.0,"(2, 2)","[p(2, 2)_cs(1.0)_ws(1.0)]_[p(5, 2)_cs(1.0)_ws(1.0)]"
1894,tomato_cut,pick up,CuttingBoard_20,CuttingBoard,20,pick up tomato_cut from cuttingboard,player_eb6ffb94,encouraged_division_of_labor,9705cd0c297b7070,1499.4129124687183,15.999999999999545,5.0,0.0,0.0,1.0,1.0,"(2, 2)","[p(2, 2)_cs(1.0)_ws(1.0)]_[p(5, 2)_cs(1.0)_ws(1.0)]"
1918,tomato_cut,assemble salad,Counter_32,Counter,32,assemble salad,player_eb6ffb94,encouraged_division_of_labor,9705cd0c297b7070,1515.4129124687179,15.999999999999545,5.0,0.0,0.0,1.0,1.0,"(2, 2)","[p(2, 2)_cs(1.0)_ws(1.0)]_[p(5, 2)_cs(1.0)_ws(1.0)]"
1950,tomato,pick up,Counter_34,Counter,34,pick up tomato from counter,player_eb6ffb94,encouraged_division_of_labor,9705cd0c297b7070,1547.412912468717,31.99999999999909,5.0,0.0,0.0,1.0,1.0,"(2, 2)","[p(2, 2)_cs(1.0)_ws(1.0)]_[p(5, 2)_cs(1.0)_ws(1.0)]"
1988,tomato,start cutting,CuttingBoard_20,CuttingBoard,20,start cutting tomato,player_eb6ffb94,encouraged_division_of_labor,9705cd0c297b7070,1595.4129124687154,47.99999999999841,6.0,0.0,0.0,1.0,1.0,"(2, 2)","[p(2, 2)_cs(1.0)_ws(1.0)]_[p(5, 2)_cs(1.0)_ws(1.0)]"
2032,tomato,pick up,Counter_35,Counter,35,pick up tomato from counter,player_eb6ffb94,encouraged_division_of_labor,9705cd0c297b7070,1659.4129124687133,63.999999999997954,6.0,0.0,0.0,1.0,1.0,"(2, 2)","[p(2, 2)_cs(1.0)_ws(1.0)]_[p(5, 2)_cs(1.0)_ws(1.0)]"
2080,tomato,start cutting,CuttingBoard_10,CuttingBoard,10,start cutting tomato,player_eb6ffb94,encouraged_division_of_labor,9705cd0c297b7070,1729.9048249926382,70.49191252392484,6.0,0.0,0.0,1.0,1.0,"(2, 2)","[p(2, 2)_cs(1.0)_ws(1.0)]_[p(5, 2)_cs(1.0)_ws(1.0)]"
2146,tomato_cut,pick up,CuttingBoard_20,CuttingBoard,20,pick up tomato_cut from cuttingboard,player_eb6ffb94,encouraged_division_of_labor,9705cd0c297b7070,1745.9048249926377,15.999999999999545,6.0,0.0,0.0,1.0,1.0,"(2, 2)","[p(2, 2)_cs(1.0)_ws(1.0)]_[p(5, 2)_cs(1.0)_ws(1.0)]"
