{"agents": {"player_3be54786": {"initial_state": {"agent_id": "player_3be54786", "x": 40, "y": 40, "item": null, "url_params": {"gameType": ["tomatoSaladOnly"], "PROLIFIC_PID": ["5ea59ffb9325e15853a82d84"], "map": ["baseline_division_of_labor"], "cutting_speed_p1": ["1"], "walking_speed_p1": ["1"], "cutting_speed_p2": ["1"], "walking_speed_p2": ["1"], "slot_x_p1": ["2"], "slot_y_p1": ["2"], "slot_x_p2": ["5"], "slot_y_p2": ["2"], "EIO": ["4"], "transport": ["polling"], "t": ["PZx-E_m"]}, "cut_speed": 1.0, "walk_speed": 30.0, "player_nr": 1}, "player_score": 4.0, "total_actions": 49, "first_action_tick": 76, "last_action_tick": 2127}, "player_a28ce0b7": {"initial_state": {"agent_id": "player_a28ce0b7", "x": 88, "y": 40, "item": null, "url_params": {"gameType": ["tomatoSaladOnly"], "PROLIFIC_PID": ["6702d07bac1f67f966c87e8f"], "map": ["baseline_division_of_labor"], "cutting_speed_p1": ["1"], "walking_speed_p1": ["1"], "cutting_speed_p2": ["1"], "walking_speed_p2": ["1"], "slot_x_p1": ["2"], "slot_y_p1": ["2"], "slot_x_p2": ["5"], "slot_y_p2": ["2"], "EIO": ["4"], "transport": ["polling"], "t": ["PZx-F8_"]}, "cut_speed": 1.0, "walk_speed": 30.0, "player_nr": 2}, "player_score": 2.0, "total_actions": 47, "first_action_tick": 105, "last_action_tick": 2124}}, "map_name": "baseline_division_of_labor", "final_score": 6.0}