tick,item,action,target,target_type,target_position,action_long,player_id,map_name,game_id,distance_walked,distance_walked_since_last_action,overall_score,player_score_change,player_score,walking_speed,cutting_speed,start_pos,condition
105,tomato,pick up,Dispenser_50,Dispenser,50,pick up tomato from dispenser,player_a28ce0b7,baseline_division_of_labor,9347c8b1270853ab,16.0,0.0,0.0,0.0,0.0,1.0,1.0,"(5, 2)","[p(2, 2)_cs(1.0)_ws(1.0)]_[p(5, 2)_cs(1.0)_ws(1.0)]"
143,tomato,put down,Counter_32,Counter,32,put down tomato on counter,player_a28ce0b7,baseline_division_of_labor,9347c8b1270853ab,38.62741699796952,22.62741699796952,0.0,0.0,0.0,1.0,1.0,"(5, 2)","[p(2, 2)_cs(1.0)_ws(1.0)]_[p(5, 2)_cs(1.0)_ws(1.0)]"
174,tomato,pick up,Dispenser_50,Dispenser,50,pick up tomato from dispenser,player_a28ce0b7,baseline_division_of_labor,9347c8b1270853ab,61.25483399593903,22.62741699796951,0.0,0.0,0.0,1.0,1.0,"(5, 2)","[p(2, 2)_cs(1.0)_ws(1.0)]_[p(5, 2)_cs(1.0)_ws(1.0)]"
227,tomato,put down,Counter_35,Counter,35,put down tomato on counter,player_a28ce0b7,baseline_division_of_labor,9347c8b1270853ab,131.74821857119872,70.49338457525968,0.0,0.0,0.0,1.0,1.0,"(5, 2)","[p(2, 2)_cs(1.0)_ws(1.0)]_[p(5, 2)_cs(1.0)_ws(1.0)]"
319,tomato,pick up,Counter_33,Counter,33,pick up tomato from counter,player_a28ce0b7,baseline_division_of_labor,9347c8b1270853ab,264.6591478536934,132.9109292824947,0.0,0.0,0.0,1.0,1.0,"(5, 2)","[p(2, 2)_cs(1.0)_ws(1.0)]_[p(5, 2)_cs(1.0)_ws(1.0)]"
349,tomato,start cutting,CuttingBoard_10,CuttingBoard,10,start cutting tomato,player_a28ce0b7,baseline_division_of_labor,9347c8b1270853ab,303.07040769371963,38.41125984002622,0.0,0.0,0.0,1.0,1.0,"(5, 2)","[p(2, 2)_cs(1.0)_ws(1.0)]_[p(5, 2)_cs(1.0)_ws(1.0)]"
437,plate,pick up,Dispenser_60,Dispenser,60,pick up plate from dispenser,player_a28ce0b7,baseline_division_of_labor,9347c8b1270853ab,383.0704076937201,80.00000000000045,0.0,0.0,0.0,1.0,1.0,"(5, 2)","[p(2, 2)_cs(1.0)_ws(1.0)]_[p(5, 2)_cs(1.0)_ws(1.0)]"
470,plate,put down,Counter_33,Counter,33,put down plate on counter,player_a28ce0b7,baseline_division_of_labor,9347c8b1270853ab,428.32524168965904,45.25483399593895,0.0,0.0,0.0,1.0,1.0,"(5, 2)","[p(2, 2)_cs(1.0)_ws(1.0)]_[p(5, 2)_cs(1.0)_ws(1.0)]"
516,tomato_cut,pick up,CuttingBoard_10,CuttingBoard,10,pick up tomato_cut from cuttingboard,player_a28ce0b7,baseline_division_of_labor,9347c8b1270853ab,498.493578047154,70.16833635749498,0.0,0.0,0.0,1.0,1.0,"(5, 2)","[p(2, 2)_cs(1.0)_ws(1.0)]_[p(5, 2)_cs(1.0)_ws(1.0)]"
547,tomato_cut,assemble salad,Counter_33,Counter,33,assemble salad,player_a28ce0b7,baseline_division_of_labor,9347c8b1270853ab,536.90483788718,38.411259840025934,0.0,0.0,0.0,1.0,1.0,"(5, 2)","[p(2, 2)_cs(1.0)_ws(1.0)]_[p(5, 2)_cs(1.0)_ws(1.0)]"
562,tomato_salad,pick up,Counter_33,Counter,33,pick up tomato_salad from counter,player_a28ce0b7,baseline_division_of_labor,9347c8b1270853ab,536.90483788718,0.0,0.0,0.0,0.0,1.0,1.0,"(5, 2)","[p(2, 2)_cs(1.0)_ws(1.0)]_[p(5, 2)_cs(1.0)_ws(1.0)]"
612,tomato_salad,deliver,Delivery_63,Delivery,63,deliver tomato_salad,player_a28ce0b7,baseline_division_of_labor,9347c8b1270853ab,619.678295677948,82.77345779076802,1.0,1.0,1.0,1.0,1.0,"(5, 2)","[p(2, 2)_cs(1.0)_ws(1.0)]_[p(5, 2)_cs(1.0)_ws(1.0)]"
651,plate,pick up,Dispenser_60,Dispenser,60,pick up plate from dispenser,player_a28ce0b7,baseline_division_of_labor,9347c8b1270853ab,658.0895555179742,38.41125984002622,1.0,0.0,1.0,1.0,1.0,"(5, 2)","[p(2, 2)_cs(1.0)_ws(1.0)]_[p(5, 2)_cs(1.0)_ws(1.0)]"
720,plate,put down,Counter_34,Counter,34,put down plate on counter,player_a28ce0b7,baseline_division_of_labor,9347c8b1270853ab,719.3443895139139,61.25483399593975,1.0,0.0,1.0,1.0,1.0,"(5, 2)","[p(2, 2)_cs(1.0)_ws(1.0)]_[p(5, 2)_cs(1.0)_ws(1.0)]"
720,tomato,pick up,Counter_34,Counter,34,pick up tomato from counter,player_a28ce0b7,baseline_division_of_labor,9347c8b1270853ab,719.3443895139139,0.0,1.0,0.0,1.0,1.0,1.0,"(5, 2)","[p(2, 2)_cs(1.0)_ws(1.0)]_[p(5, 2)_cs(1.0)_ws(1.0)]"
774,tomato,start cutting,CuttingBoard_10,CuttingBoard,10,start cutting tomato,player_a28ce0b7,baseline_division_of_labor,9347c8b1270853ab,805.5346799515926,86.19029043767864,1.0,0.0,1.0,1.0,1.0,"(5, 2)","[p(2, 2)_cs(1.0)_ws(1.0)]_[p(5, 2)_cs(1.0)_ws(1.0)]"
859,plate,pick up,Counter_34,Counter,34,pick up plate from counter,player_a28ce0b7,baseline_division_of_labor,9347c8b1270853ab,859.9644374258653,54.42975747427272,2.0,0.0,1.0,1.0,1.0,"(5, 2)","[p(2, 2)_cs(1.0)_ws(1.0)]_[p(5, 2)_cs(1.0)_ws(1.0)]"
894,plate,put down,CuttingBoard_10,CuttingBoard,10,put down plate on cuttingboard,player_a28ce0b7,baseline_division_of_labor,9347c8b1270853ab,914.3838090691144,54.419371643249065,3.0,0.0,1.0,1.0,1.0,"(5, 2)","[p(2, 2)_cs(1.0)_ws(1.0)]_[p(5, 2)_cs(1.0)_ws(1.0)]"
894,tomato_cut,pick up,CuttingBoard_10,CuttingBoard,10,pick up tomato_cut from cuttingboard,player_a28ce0b7,baseline_division_of_labor,9347c8b1270853ab,914.3838090691144,0.0,3.0,0.0,1.0,1.0,1.0,"(5, 2)","[p(2, 2)_cs(1.0)_ws(1.0)]_[p(5, 2)_cs(1.0)_ws(1.0)]"
1024,tomato_cut,put down,Dispenser_60,Dispenser,60,put down tomato_cut on dispenser,player_a28ce0b7,baseline_division_of_labor,9347c8b1270853ab,1029.8522320652592,115.4684229961448,3.0,0.0,1.0,1.0,1.0,"(5, 2)","[p(2, 2)_cs(1.0)_ws(1.0)]_[p(5, 2)_cs(1.0)_ws(1.0)]"
1024,plate,pick up,Dispenser_60,Dispenser,60,pick up plate from dispenser,player_a28ce0b7,baseline_division_of_labor,9347c8b1270853ab,1029.8522320652592,0.0,3.0,0.0,1.0,1.0,1.0,"(5, 2)","[p(2, 2)_cs(1.0)_ws(1.0)]_[p(5, 2)_cs(1.0)_ws(1.0)]"
1139,plate,put down,Counter_33,Counter,33,put down plate on counter,player_a28ce0b7,baseline_division_of_labor,9347c8b1270853ab,1084.2592947320227,54.40706266676352,3.0,0.0,1.0,1.0,1.0,"(5, 2)","[p(2, 2)_cs(1.0)_ws(1.0)]_[p(5, 2)_cs(1.0)_ws(1.0)]"
1139,tomato,pick up,Counter_33,Counter,33,pick up tomato from counter,player_a28ce0b7,baseline_division_of_labor,9347c8b1270853ab,1084.2592947320227,0.0,3.0,0.0,1.0,1.0,1.0,"(5, 2)","[p(2, 2)_cs(1.0)_ws(1.0)]_[p(5, 2)_cs(1.0)_ws(1.0)]"
1183,tomato,start cutting,CuttingBoard_10,CuttingBoard,10,start cutting tomato,player_a28ce0b7,baseline_division_of_labor,9347c8b1270853ab,1154.4276310895166,70.1683363574939,3.0,0.0,1.0,1.0,1.0,"(5, 2)","[p(2, 2)_cs(1.0)_ws(1.0)]_[p(5, 2)_cs(1.0)_ws(1.0)]"
1236,tomato_cut,pick up,CuttingBoard_10,CuttingBoard,10,pick up tomato_cut from cuttingboard,player_a28ce0b7,baseline_division_of_labor,9347c8b1270853ab,1154.4276310895166,0.0,3.0,0.0,1.0,1.0,1.0,"(5, 2)","[p(2, 2)_cs(1.0)_ws(1.0)]_[p(5, 2)_cs(1.0)_ws(1.0)]"
1322,tomato_cut,put down,Dispenser_71,Dispenser,71,put down tomato_cut on dispenser,player_a28ce0b7,baseline_division_of_labor,9347c8b1270853ab,1269.8960540856606,115.468422996144,3.0,0.0,1.0,1.0,1.0,"(5, 2)","[p(2, 2)_cs(1.0)_ws(1.0)]_[p(5, 2)_cs(1.0)_ws(1.0)]"
1322,plate,pick up,Dispenser_71,Dispenser,71,pick up plate from dispenser,player_a28ce0b7,baseline_division_of_labor,9347c8b1270853ab,1269.8960540856606,0.0,3.0,0.0,1.0,1.0,1.0,"(5, 2)","[p(2, 2)_cs(1.0)_ws(1.0)]_[p(5, 2)_cs(1.0)_ws(1.0)]"
1390,plate,put down,Counter_33,Counter,33,put down plate on counter,player_a28ce0b7,baseline_division_of_labor,9347c8b1270853ab,1324.303116752424,54.40706266676352,4.0,0.0,1.0,1.0,1.0,"(5, 2)","[p(2, 2)_cs(1.0)_ws(1.0)]_[p(5, 2)_cs(1.0)_ws(1.0)]"
1413,tomato,pick up,Counter_34,Counter,34,pick up tomato from counter,player_a28ce0b7,baseline_division_of_labor,9347c8b1270853ab,1340.3031167524239,15.999999999999773,4.0,0.0,1.0,1.0,1.0,"(5, 2)","[p(2, 2)_cs(1.0)_ws(1.0)]_[p(5, 2)_cs(1.0)_ws(1.0)]"
1493,tomato,start cutting,CuttingBoard_10,CuttingBoard,10,start cutting tomato,player_a28ce0b7,baseline_division_of_labor,9347c8b1270853ab,1426.4934071901025,86.19029043767864,4.0,0.0,1.0,1.0,1.0,"(5, 2)","[p(2, 2)_cs(1.0)_ws(1.0)]_[p(5, 2)_cs(1.0)_ws(1.0)]"
1563,tomato_cut,pick up,CuttingBoard_10,CuttingBoard,10,pick up tomato_cut from cuttingboard,player_a28ce0b7,baseline_division_of_labor,9347c8b1270853ab,1426.4934071901025,0.0,4.0,0.0,1.0,1.0,1.0,"(5, 2)","[p(2, 2)_cs(1.0)_ws(1.0)]_[p(5, 2)_cs(1.0)_ws(1.0)]"
1589,tomato_cut,assemble salad,Counter_32,Counter,32,assemble salad,player_a28ce0b7,baseline_division_of_labor,9347c8b1270853ab,1449.1208241880722,22.627416997969704,4.0,0.0,1.0,1.0,1.0,"(5, 2)","[p(2, 2)_cs(1.0)_ws(1.0)]_[p(5, 2)_cs(1.0)_ws(1.0)]"
1662,tomato_salad,pick up,Counter_32,Counter,32,pick up tomato_salad from counter,player_a28ce0b7,baseline_division_of_labor,9347c8b1270853ab,1539.2113524486751,90.09052826060292,4.0,0.0,1.0,1.0,1.0,"(5, 2)","[p(2, 2)_cs(1.0)_ws(1.0)]_[p(5, 2)_cs(1.0)_ws(1.0)]"
1685,tomato_salad,deliver,Delivery_63,Delivery,63,deliver tomato_salad,player_a28ce0b7,baseline_division_of_labor,9347c8b1270853ab,1561.8387694466442,22.62741699796902,5.0,1.0,2.0,1.0,1.0,"(5, 2)","[p(2, 2)_cs(1.0)_ws(1.0)]_[p(5, 2)_cs(1.0)_ws(1.0)]"
1739,tomato,pick up,Dispenser_40,Dispenser,40,pick up tomato from dispenser,player_a28ce0b7,baseline_division_of_labor,9347c8b1270853ab,1600.2500292866698,38.41125984002565,5.0,0.0,2.0,1.0,1.0,"(5, 2)","[p(2, 2)_cs(1.0)_ws(1.0)]_[p(5, 2)_cs(1.0)_ws(1.0)]"
1800,tomato,put down,Dispenser_71,Dispenser,71,put down tomato on dispenser,player_a28ce0b7,baseline_division_of_labor,9347c8b1270853ab,1664.2500292866675,63.999999999997726,5.0,0.0,2.0,1.0,1.0,"(5, 2)","[p(2, 2)_cs(1.0)_ws(1.0)]_[p(5, 2)_cs(1.0)_ws(1.0)]"
1800,plate,pick up,Dispenser_71,Dispenser,71,pick up plate from dispenser,player_a28ce0b7,baseline_division_of_labor,9347c8b1270853ab,1664.2500292866675,0.0,5.0,0.0,2.0,1.0,1.0,"(5, 2)","[p(2, 2)_cs(1.0)_ws(1.0)]_[p(5, 2)_cs(1.0)_ws(1.0)]"
1843,plate,put down,Counter_34,Counter,34,put down plate on counter,player_a28ce0b7,baseline_division_of_labor,9347c8b1270853ab,1725.1662161892043,60.916186902536765,5.0,0.0,2.0,1.0,1.0,"(5, 2)","[p(2, 2)_cs(1.0)_ws(1.0)]_[p(5, 2)_cs(1.0)_ws(1.0)]"
1843,tomato,pick up,Counter_34,Counter,34,pick up tomato from counter,player_a28ce0b7,baseline_division_of_labor,9347c8b1270853ab,1725.1662161892043,0.0,5.0,0.0,2.0,1.0,1.0,"(5, 2)","[p(2, 2)_cs(1.0)_ws(1.0)]_[p(5, 2)_cs(1.0)_ws(1.0)]"
1862,tomato,put down,Counter_35,Counter,35,put down tomato on counter,player_a28ce0b7,baseline_division_of_labor,9347c8b1270853ab,1741.1662161892039,15.999999999999545,5.0,0.0,2.0,1.0,1.0,"(5, 2)","[p(2, 2)_cs(1.0)_ws(1.0)]_[p(5, 2)_cs(1.0)_ws(1.0)]"
1889,tomato,pick up,Counter_35,Counter,35,pick up tomato from counter,player_a28ce0b7,baseline_division_of_labor,9347c8b1270853ab,1741.1662161892039,0.0,6.0,0.0,2.0,1.0,1.0,"(5, 2)","[p(2, 2)_cs(1.0)_ws(1.0)]_[p(5, 2)_cs(1.0)_ws(1.0)]"
1944,tomato,start cutting,CuttingBoard_10,CuttingBoard,10,start cutting tomato,player_a28ce0b7,baseline_division_of_labor,9347c8b1270853ab,1843.5016728738192,102.33545668461534,6.0,0.0,2.0,1.0,1.0,"(5, 2)","[p(2, 2)_cs(1.0)_ws(1.0)]_[p(5, 2)_cs(1.0)_ws(1.0)]"
2010,tomato_cut,pick up,CuttingBoard_10,CuttingBoard,10,pick up tomato_cut from cuttingboard,player_a28ce0b7,baseline_division_of_labor,9347c8b1270853ab,1843.5016728738192,0.0,6.0,0.0,2.0,1.0,1.0,"(5, 2)","[p(2, 2)_cs(1.0)_ws(1.0)]_[p(5, 2)_cs(1.0)_ws(1.0)]"
2050,tomato_cut,assemble salad,Counter_34,Counter,34,assemble salad,player_a28ce0b7,baseline_division_of_labor,9347c8b1270853ab,1897.9314303480908,54.42975747427158,6.0,0.0,2.0,1.0,1.0,"(5, 2)","[p(2, 2)_cs(1.0)_ws(1.0)]_[p(5, 2)_cs(1.0)_ws(1.0)]"
2076,tomato_salad,pick up,Counter_34,Counter,34,pick up tomato_salad from counter,player_a28ce0b7,baseline_division_of_labor,9347c8b1270853ab,1897.9314303480908,0.0,6.0,0.0,2.0,1.0,1.0,"(5, 2)","[p(2, 2)_cs(1.0)_ws(1.0)]_[p(5, 2)_cs(1.0)_ws(1.0)]"
2085,tomato_salad,put down,Counter_34,Counter,34,put down tomato_salad on counter,player_a28ce0b7,baseline_division_of_labor,9347c8b1270853ab,1897.9314303480908,0.0,6.0,0.0,2.0,1.0,1.0,"(5, 2)","[p(2, 2)_cs(1.0)_ws(1.0)]_[p(5, 2)_cs(1.0)_ws(1.0)]"
2124,tomato_salad,pick up,Counter_34,Counter,34,pick up tomato_salad from counter,player_a28ce0b7,baseline_division_of_labor,9347c8b1270853ab,1972.567959057749,74.63652870965825,6.0,0.0,2.0,1.0,1.0,"(5, 2)","[p(2, 2)_cs(1.0)_ws(1.0)]_[p(5, 2)_cs(1.0)_ws(1.0)]"
