{"agents": {"player_d2e0cd7d": {"initial_state": {"agent_id": "player_d2e0cd7d", "x": 40, "y": 40, "item": null, "url_params": {"gameType": ["tomatoSaladOnly"], "PROLIFIC_PID": ["67ac04034feaf5693960a320"], "map": ["baseline_division_of_labor"], "cutting_speed_p1": ["1"], "walking_speed_p1": ["1"], "cutting_speed_p2": ["1"], "walking_speed_p2": ["1"], "slot_x_p1": ["2"], "slot_y_p1": ["2"], "slot_x_p2": ["5"], "slot_y_p2": ["2"], "EIO": ["4"], "transport": ["polling"], "t": ["PZKi6yP"]}, "cut_speed": 1.0, "walk_speed": 30.0, "player_nr": 1}, "player_score": 3.0, "total_actions": 41, "first_action_tick": 115, "last_action_tick": 2099}, "player_809a3c56": {"initial_state": {"agent_id": "player_809a3c56", "x": 88, "y": 40, "item": null, "url_params": {"gameType": ["tomatoSaladOnly"], "PROLIFIC_PID": ["6643a8837540ee80f2d5be45"], "map": ["baseline_division_of_labor"], "cutting_speed_p1": ["1"], "walking_speed_p1": ["1"], "cutting_speed_p2": ["1"], "walking_speed_p2": ["1"], "slot_x_p1": ["2"], "slot_y_p1": ["2"], "slot_x_p2": ["5"], "slot_y_p2": ["2"], "EIO": ["4"], "transport": ["polling"], "t": ["PZKi73V"]}, "cut_speed": 1.0, "walk_speed": 30.0, "player_nr": 2}, "player_score": 3.0, "total_actions": 43, "first_action_tick": 132, "last_action_tick": 2142}}, "map_name": "baseline_division_of_labor", "final_score": 6.0}