tick,item,action,target,target_type,target_position,action_long,player_id,map_name,game_id,distance_walked,distance_walked_since_last_action,overall_score,player_score_change,player_score,walking_speed,cutting_speed,start_pos,condition,source,last_touched,touched_list,tomato_history,plate_history,is_exchange_collaboration
52,tomato,pick up,Dispenser_40,Dispenser,40,pick up tomato from dispenser,player_ff8c9f61,baseline_division_of_labor,7870878dbf55066a,22.62741699796952,0.0,0.0,0.0,0.0,1.0,0.2,"(5, 2)","[p(2, 2)_cs(1.0)_ws(0.2)]_[p(5, 2)_cs(0.2)_ws(1.0)]",player_ff8c9f61_actions,,[],,,
78,tomato,start cutting,CuttingBoard_20,CuttingBoard,20,start cutting tomato,player_ff8c9f61,baseline_division_of_labor,7870878dbf55066a,54.62741699796952,32.0,0.0,0.0,0.0,1.0,0.2,"(5, 2)","[p(2, 2)_cs(1.0)_ws(0.2)]_[p(5, 2)_cs(0.2)_ws(1.0)]",player_ff8c9f61_actions,player_ff8c9f61,['player_ff8c9f61'],,,
307,plate,pick up,Dispenser_60,Dispenser,60,pick up plate from dispenser,player_ff8c9f61,baseline_division_of_labor,7870878dbf55066a,193.62741699797292,139.0000000000034,0.0,0.0,0.0,1.0,0.2,"(5, 2)","[p(2, 2)_cs(1.0)_ws(0.2)]_[p(5, 2)_cs(0.2)_ws(1.0)]",player_ff8c9f61_actions,,[],,,
325,tomato,pick up,Dispenser_40,Dispenser,40,pick up tomato from dispenser,player_0c35c0d0,baseline_division_of_labor,7870878dbf55066a,38.51454639532428,0.0,0.0,0.0,0.0,0.2,1.0,"(2, 2)","[p(2, 2)_cs(1.0)_ws(0.2)]_[p(5, 2)_cs(0.2)_ws(1.0)]",player_0c35c0d0_actions,,[],,,
337,plate,put down,Counter_32,Counter,32,put down plate on counter,player_ff8c9f61,baseline_division_of_labor,7870878dbf55066a,232.03447966473792,38.407062666765,0.0,0.0,0.0,1.0,0.2,"(5, 2)","[p(2, 2)_cs(1.0)_ws(0.2)]_[p(5, 2)_cs(0.2)_ws(1.0)]",player_ff8c9f61_actions,player_ff8c9f61,['player_ff8c9f61'],,,
366,plate,pick up,Dispenser_71,Dispenser,71,pick up plate from dispenser,player_ff8c9f61,baseline_division_of_labor,7870878dbf55066a,270.441542331503,38.407062666765086,0.0,0.0,0.0,1.0,0.2,"(5, 2)","[p(2, 2)_cs(1.0)_ws(0.2)]_[p(5, 2)_cs(0.2)_ws(1.0)]",player_ff8c9f61_actions,,[],,,
390,plate,put down,Counter_33,Counter,33,put down plate on counter,player_ff8c9f61,baseline_division_of_labor,7870878dbf55066a,315.69637632744195,45.25483399593895,0.0,0.0,0.0,1.0,0.2,"(5, 2)","[p(2, 2)_cs(1.0)_ws(0.2)]_[p(5, 2)_cs(0.2)_ws(1.0)]",player_ff8c9f61_actions,player_ff8c9f61,['player_ff8c9f61'],,,
476,tomato_cut,pick up,CuttingBoard_20,CuttingBoard,20,pick up tomato_cut from cuttingboard,player_ff8c9f61,baseline_division_of_labor,7870878dbf55066a,369.864763156075,54.16838682863306,0.0,0.0,0.0,1.0,0.2,"(5, 2)","[p(2, 2)_cs(1.0)_ws(0.2)]_[p(5, 2)_cs(0.2)_ws(1.0)]",player_ff8c9f61_actions,player_ff8c9f61,['player_ff8c9f61'],,,False
482,tomato,start cutting,CuttingBoard_10,CuttingBoard,10,start cutting tomato,player_0c35c0d0,baseline_division_of_labor,7870878dbf55066a,86.51454639532429,48.00000000000001,0.0,0.0,0.0,0.2,1.0,"(2, 2)","[p(2, 2)_cs(1.0)_ws(0.2)]_[p(5, 2)_cs(0.2)_ws(1.0)]",player_0c35c0d0_actions,player_0c35c0d0,['player_0c35c0d0'],,,
501,tomato_cut,assemble salad,Counter_32,Counter,32,assemble salad,player_ff8c9f61,baseline_division_of_labor,7870878dbf55066a,385.8647631560752,16.00000000000017,0.0,0.0,0.0,1.0,0.2,"(5, 2)","[p(2, 2)_cs(1.0)_ws(0.2)]_[p(5, 2)_cs(0.2)_ws(1.0)]",player_ff8c9f61_actions,player_ff8c9f61,['player_ff8c9f61'],"['player_ff8c9f61', 'player_ff8c9f61']",['player_ff8c9f61'],False
521,tomato,pick up,Dispenser_40,Dispenser,40,pick up tomato from dispenser,player_ff8c9f61,baseline_division_of_labor,7870878dbf55066a,401.8647631560752,16.000000000000057,0.0,0.0,0.0,1.0,0.2,"(5, 2)","[p(2, 2)_cs(1.0)_ws(0.2)]_[p(5, 2)_cs(0.2)_ws(1.0)]",player_ff8c9f61_actions,,[],,,
528,tomato_cut,pick up,CuttingBoard_10,CuttingBoard,10,pick up tomato_cut from cuttingboard,player_0c35c0d0,baseline_division_of_labor,7870878dbf55066a,86.51454639532429,0.0,0.0,0.0,0.0,0.2,1.0,"(2, 2)","[p(2, 2)_cs(1.0)_ws(0.2)]_[p(5, 2)_cs(0.2)_ws(1.0)]",player_0c35c0d0_actions,player_0c35c0d0,['player_0c35c0d0'],,,False
538,tomato,start cutting,CuttingBoard_20,CuttingBoard,20,start cutting tomato,player_ff8c9f61,baseline_division_of_labor,7870878dbf55066a,433.8647631560754,32.00000000000023,0.0,0.0,0.0,1.0,0.2,"(5, 2)","[p(2, 2)_cs(1.0)_ws(0.2)]_[p(5, 2)_cs(0.2)_ws(1.0)]",player_ff8c9f61_actions,player_ff8c9f61,['player_ff8c9f61'],,,
551,tomato_salad,pick up,Counter_32,Counter,32,pick up tomato_salad from counter,player_ff8c9f61,baseline_division_of_labor,7870878dbf55066a,449.8647631560757,16.00000000000017,0.0,0.0,0.0,1.0,0.2,"(5, 2)","[p(2, 2)_cs(1.0)_ws(0.2)]_[p(5, 2)_cs(0.2)_ws(1.0)]",player_ff8c9f61_actions,player_ff8c9f61,['player_ff8c9f61'],"['player_ff8c9f61', 'player_ff8c9f61']",['player_ff8c9f61'],False
580,tomato_salad,deliver,Delivery_63,Delivery,63,deliver tomato_salad,player_ff8c9f61,baseline_division_of_labor,7870878dbf55066a,495.11959715201453,45.254833995938895,1.0,1.0,1.0,1.0,0.2,"(5, 2)","[p(2, 2)_cs(1.0)_ws(0.2)]_[p(5, 2)_cs(0.2)_ws(1.0)]",player_ff8c9f61_actions,player_ff8c9f61,"['player_ff8c9f61', 'player_ff8c9f61']","['player_ff8c9f61', 'player_ff8c9f61']",['player_ff8c9f61'],
618,tomato_cut,assemble salad,Counter_33,Counter,33,assemble salad,player_0c35c0d0,baseline_division_of_labor,7870878dbf55066a,125.04791251439356,38.53336611906927,1.0,0.0,0.0,0.2,1.0,"(2, 2)","[p(2, 2)_cs(1.0)_ws(0.2)]_[p(5, 2)_cs(0.2)_ws(1.0)]",player_0c35c0d0_actions,player_ff8c9f61,['player_0c35c0d0'],"['player_0c35c0d0', 'player_0c35c0d0']",['player_ff8c9f61'],True
653,tomato_salad,pick up,Counter_33,Counter,33,pick up tomato_salad from counter,player_0c35c0d0,baseline_division_of_labor,7870878dbf55066a,125.04791251439356,0.0,1.0,0.0,0.0,0.2,1.0,"(2, 2)","[p(2, 2)_cs(1.0)_ws(0.2)]_[p(5, 2)_cs(0.2)_ws(1.0)]",player_0c35c0d0_actions,player_0c35c0d0,['player_0c35c0d0'],"['player_0c35c0d0', 'player_0c35c0d0']",['player_ff8c9f61'],False
700,plate,pick up,Dispenser_60,Dispenser,60,pick up plate from dispenser,player_ff8c9f61,baseline_division_of_labor,7870878dbf55066a,620.2866316546819,125.16703450266732,1.0,0.0,1.0,1.0,0.2,"(5, 2)","[p(2, 2)_cs(1.0)_ws(0.2)]_[p(5, 2)_cs(0.2)_ws(1.0)]",player_ff8c9f61_actions,,[],,,
725,plate,put down,Counter_32,Counter,32,put down plate on counter,player_ff8c9f61,baseline_division_of_labor,7870878dbf55066a,658.6936943214466,38.40706266676477,1.0,0.0,1.0,1.0,0.2,"(5, 2)","[p(2, 2)_cs(1.0)_ws(0.2)]_[p(5, 2)_cs(0.2)_ws(1.0)]",player_ff8c9f61_actions,player_ff8c9f61,['player_ff8c9f61'],,,
882,tomato_salad,deliver,Delivery_63,Delivery,63,deliver tomato_salad,player_0c35c0d0,baseline_division_of_labor,7870878dbf55066a,208.4158872249324,83.36797471053883,2.0,1.0,1.0,0.2,1.0,"(2, 2)","[p(2, 2)_cs(1.0)_ws(0.2)]_[p(5, 2)_cs(0.2)_ws(1.0)]",player_0c35c0d0_actions,player_0c35c0d0,"['player_0c35c0d0', 'player_0c35c0d0']","['player_0c35c0d0', 'player_0c35c0d0']",['player_ff8c9f61'],
900,tomato_cut,pick up,CuttingBoard_20,CuttingBoard,20,pick up tomato_cut from cuttingboard,player_ff8c9f61,baseline_division_of_labor,7870878dbf55066a,697.2006210463435,38.50692672489686,2.0,0.0,1.0,1.0,0.2,"(5, 2)","[p(2, 2)_cs(1.0)_ws(0.2)]_[p(5, 2)_cs(0.2)_ws(1.0)]",player_ff8c9f61_actions,player_ff8c9f61,['player_ff8c9f61'],,,False
920,tomato_cut,assemble salad,Counter_32,Counter,32,assemble salad,player_ff8c9f61,baseline_division_of_labor,7870878dbf55066a,713.2006210463437,16.000000000000227,2.0,0.0,1.0,1.0,0.2,"(5, 2)","[p(2, 2)_cs(1.0)_ws(0.2)]_[p(5, 2)_cs(0.2)_ws(1.0)]",player_ff8c9f61_actions,player_ff8c9f61,['player_ff8c9f61'],"['player_ff8c9f61', 'player_ff8c9f61']",['player_ff8c9f61'],False
944,tomato_salad,pick up,Counter_32,Counter,32,pick up tomato_salad from counter,player_ff8c9f61,baseline_division_of_labor,7870878dbf55066a,740.5732040483712,27.372583002027454,2.0,0.0,1.0,1.0,0.2,"(5, 2)","[p(2, 2)_cs(1.0)_ws(0.2)]_[p(5, 2)_cs(0.2)_ws(1.0)]",player_ff8c9f61_actions,player_ff8c9f61,['player_ff8c9f61'],"['player_ff8c9f61', 'player_ff8c9f61']",['player_ff8c9f61'],False
984,tomato_salad,deliver,Delivery_63,Delivery,63,deliver tomato_salad,player_ff8c9f61,baseline_division_of_labor,7870878dbf55066a,763.200621046341,22.627416997969817,3.0,1.0,2.0,1.0,0.2,"(5, 2)","[p(2, 2)_cs(1.0)_ws(0.2)]_[p(5, 2)_cs(0.2)_ws(1.0)]",player_ff8c9f61_actions,player_ff8c9f61,"['player_ff8c9f61', 'player_ff8c9f61']","['player_ff8c9f61', 'player_ff8c9f61']",['player_ff8c9f61'],
1039,plate,pick up,Dispenser_60,Dispenser,60,pick up plate from dispenser,player_ff8c9f61,baseline_division_of_labor,7870878dbf55066a,809.1760761946125,45.97545514827152,3.0,0.0,2.0,1.0,0.2,"(5, 2)","[p(2, 2)_cs(1.0)_ws(0.2)]_[p(5, 2)_cs(0.2)_ws(1.0)]",player_ff8c9f61_actions,,[],,,
1067,plate,put down,Counter_32,Counter,32,put down plate on counter,player_ff8c9f61,baseline_division_of_labor,7870878dbf55066a,847.5831388613773,38.40706266676477,3.0,0.0,2.0,1.0,0.2,"(5, 2)","[p(2, 2)_cs(1.0)_ws(0.2)]_[p(5, 2)_cs(0.2)_ws(1.0)]",player_ff8c9f61_actions,player_ff8c9f61,['player_ff8c9f61'],,,
1088,plate,pick up,Dispenser_71,Dispenser,71,pick up plate from dispenser,player_0c35c0d0,baseline_division_of_labor,7870878dbf55066a,278.13497041744995,69.71908319251756,3.0,0.0,1.0,0.2,1.0,"(2, 2)","[p(2, 2)_cs(1.0)_ws(0.2)]_[p(5, 2)_cs(0.2)_ws(1.0)]",player_0c35c0d0_actions,,[],,,
1090,tomato,pick up,Dispenser_40,Dispenser,40,pick up tomato from dispenser,player_ff8c9f61,baseline_division_of_labor,7870878dbf55066a,863.5831388613774,16.000000000000114,3.0,0.0,2.0,1.0,0.2,"(5, 2)","[p(2, 2)_cs(1.0)_ws(0.2)]_[p(5, 2)_cs(0.2)_ws(1.0)]",player_ff8c9f61_actions,,[],,,
1112,tomato,start cutting,CuttingBoard_20,CuttingBoard,20,start cutting tomato,player_ff8c9f61,baseline_division_of_labor,7870878dbf55066a,895.5831388613776,32.00000000000023,3.0,0.0,2.0,1.0,0.2,"(5, 2)","[p(2, 2)_cs(1.0)_ws(0.2)]_[p(5, 2)_cs(0.2)_ws(1.0)]",player_ff8c9f61_actions,player_ff8c9f61,['player_ff8c9f61'],,,
1201,plate,put down,Counter_33,Counter,33,put down plate on counter,player_0c35c0d0,baseline_division_of_labor,7870878dbf55066a,323.3898044133907,45.25483399594077,3.0,0.0,1.0,0.2,1.0,"(2, 2)","[p(2, 2)_cs(1.0)_ws(0.2)]_[p(5, 2)_cs(0.2)_ws(1.0)]",player_0c35c0d0_actions,player_0c35c0d0,['player_0c35c0d0'],,,
1323,tomato_cut,pick up,CuttingBoard_20,CuttingBoard,20,pick up tomato_cut from cuttingboard,player_ff8c9f61,baseline_division_of_labor,7870878dbf55066a,895.5831388613776,0.0,3.0,0.0,2.0,1.0,0.2,"(5, 2)","[p(2, 2)_cs(1.0)_ws(0.2)]_[p(5, 2)_cs(0.2)_ws(1.0)]",player_ff8c9f61_actions,player_ff8c9f61,['player_ff8c9f61'],,,False
1354,tomato_cut,assemble salad,Counter_32,Counter,32,assemble salad,player_ff8c9f61,baseline_division_of_labor,7870878dbf55066a,911.5831388613778,16.000000000000227,3.0,0.0,2.0,1.0,0.2,"(5, 2)","[p(2, 2)_cs(1.0)_ws(0.2)]_[p(5, 2)_cs(0.2)_ws(1.0)]",player_ff8c9f61_actions,player_ff8c9f61,['player_ff8c9f61'],"['player_ff8c9f61', 'player_ff8c9f61']",['player_ff8c9f61'],False
1377,tomato_salad,pick up,Counter_32,Counter,32,pick up tomato_salad from counter,player_ff8c9f61,baseline_division_of_labor,7870878dbf55066a,911.5831388613778,0.0,3.0,0.0,2.0,1.0,0.2,"(5, 2)","[p(2, 2)_cs(1.0)_ws(0.2)]_[p(5, 2)_cs(0.2)_ws(1.0)]",player_ff8c9f61_actions,player_ff8c9f61,['player_ff8c9f61'],"['player_ff8c9f61', 'player_ff8c9f61']",['player_ff8c9f61'],False
1397,plate,pick up,Dispenser_71,Dispenser,71,pick up plate from dispenser,player_0c35c0d0,baseline_division_of_labor,7870878dbf55066a,368.6446384093315,45.25483399594077,3.0,0.0,1.0,0.2,1.0,"(2, 2)","[p(2, 2)_cs(1.0)_ws(0.2)]_[p(5, 2)_cs(0.2)_ws(1.0)]",player_0c35c0d0_actions,,[],,,
1407,tomato_salad,deliver,Delivery_63,Delivery,63,deliver tomato_salad,player_ff8c9f61,baseline_division_of_labor,7870878dbf55066a,956.8379728573176,45.254833995939634,4.0,1.0,3.0,1.0,0.2,"(5, 2)","[p(2, 2)_cs(1.0)_ws(0.2)]_[p(5, 2)_cs(0.2)_ws(1.0)]",player_ff8c9f61_actions,player_ff8c9f61,"['player_ff8c9f61', 'player_ff8c9f61']","['player_ff8c9f61', 'player_ff8c9f61']",['player_ff8c9f61'],
1492,plate,put down,Counter_32,Counter,32,put down plate on counter,player_0c35c0d0,baseline_division_of_labor,7870878dbf55066a,407.17975975226074,38.53512134292925,4.0,0.0,1.0,0.2,1.0,"(2, 2)","[p(2, 2)_cs(1.0)_ws(0.2)]_[p(5, 2)_cs(0.2)_ws(1.0)]",player_0c35c0d0_actions,player_0c35c0d0,['player_0c35c0d0'],,,
1524,tomato,pick up,Dispenser_40,Dispenser,40,pick up tomato from dispenser,player_ff8c9f61,baseline_division_of_labor,7870878dbf55066a,1049.656295364108,92.81832250679054,4.0,0.0,3.0,1.0,0.2,"(5, 2)","[p(2, 2)_cs(1.0)_ws(0.2)]_[p(5, 2)_cs(0.2)_ws(1.0)]",player_ff8c9f61_actions,,[],,,
1550,tomato,start cutting,CuttingBoard_20,CuttingBoard,20,start cutting tomato,player_ff8c9f61,baseline_division_of_labor,7870878dbf55066a,1081.656295364107,31.99999999999932,4.0,0.0,3.0,1.0,0.2,"(5, 2)","[p(2, 2)_cs(1.0)_ws(0.2)]_[p(5, 2)_cs(0.2)_ws(1.0)]",player_ff8c9f61_actions,player_ff8c9f61,['player_ff8c9f61'],,,
1753,tomato,pick up,Dispenser_40,Dispenser,40,pick up tomato from dispenser,player_0c35c0d0,baseline_division_of_labor,7870878dbf55066a,423.1797597522601,15.999999999999376,4.0,0.0,1.0,0.2,1.0,"(2, 2)","[p(2, 2)_cs(1.0)_ws(0.2)]_[p(5, 2)_cs(0.2)_ws(1.0)]",player_0c35c0d0_actions,,[],,,
1755,tomato_cut,pick up,CuttingBoard_20,CuttingBoard,20,pick up tomato_cut from cuttingboard,player_ff8c9f61,baseline_division_of_labor,7870878dbf55066a,1081.656295364107,0.0,4.0,0.0,3.0,1.0,0.2,"(5, 2)","[p(2, 2)_cs(1.0)_ws(0.2)]_[p(5, 2)_cs(0.2)_ws(1.0)]",player_ff8c9f61_actions,player_ff8c9f61,['player_ff8c9f61'],,,False
1785,tomato_cut,assemble salad,Counter_32,Counter,32,assemble salad,player_ff8c9f61,baseline_division_of_labor,7870878dbf55066a,1097.6562953641069,15.999999999999543,4.0,0.0,3.0,1.0,0.2,"(5, 2)","[p(2, 2)_cs(1.0)_ws(0.2)]_[p(5, 2)_cs(0.2)_ws(1.0)]",player_ff8c9f61_actions,player_0c35c0d0,['player_ff8c9f61'],"['player_ff8c9f61', 'player_ff8c9f61']",['player_0c35c0d0'],True
1808,tomato_salad,pick up,Counter_32,Counter,32,pick up tomato_salad from counter,player_ff8c9f61,baseline_division_of_labor,7870878dbf55066a,1097.6562953641069,0.0,4.0,0.0,3.0,1.0,0.2,"(5, 2)","[p(2, 2)_cs(1.0)_ws(0.2)]_[p(5, 2)_cs(0.2)_ws(1.0)]",player_ff8c9f61_actions,player_ff8c9f61,['player_ff8c9f61'],"['player_ff8c9f61', 'player_ff8c9f61']",['player_0c35c0d0'],False
1857,tomato,start cutting,CuttingBoard_10,CuttingBoard,10,start cutting tomato,player_0c35c0d0,baseline_division_of_labor,7870878dbf55066a,471.17975975225806,47.999999999997954,4.0,0.0,1.0,0.2,1.0,"(2, 2)","[p(2, 2)_cs(1.0)_ws(0.2)]_[p(5, 2)_cs(0.2)_ws(1.0)]",player_0c35c0d0_actions,player_0c35c0d0,['player_0c35c0d0'],,,
1858,tomato_salad,deliver,Delivery_63,Delivery,63,deliver tomato_salad,player_ff8c9f61,baseline_division_of_labor,7870878dbf55066a,1142.911129360045,45.25483399593804,5.0,1.0,4.0,1.0,0.2,"(5, 2)","[p(2, 2)_cs(1.0)_ws(0.2)]_[p(5, 2)_cs(0.2)_ws(1.0)]",player_ff8c9f61_actions,player_ff8c9f61,"['player_ff8c9f61', 'player_ff8c9f61']","['player_ff8c9f61', 'player_ff8c9f61']",['player_0c35c0d0'],
1911,tomato_cut,pick up,CuttingBoard_10,CuttingBoard,10,pick up tomato_cut from cuttingboard,player_0c35c0d0,baseline_division_of_labor,7870878dbf55066a,471.17975975225806,0.0,5.0,0.0,1.0,0.2,1.0,"(2, 2)","[p(2, 2)_cs(1.0)_ws(0.2)]_[p(5, 2)_cs(0.2)_ws(1.0)]",player_0c35c0d0_actions,player_0c35c0d0,['player_0c35c0d0'],,,False
1946,tomato,pick up,Dispenser_40,Dispenser,40,pick up tomato from dispenser,player_ff8c9f61,baseline_division_of_labor,7870878dbf55066a,1229.7348676202384,86.82373826019352,5.0,0.0,4.0,1.0,0.2,"(5, 2)","[p(2, 2)_cs(1.0)_ws(0.2)]_[p(5, 2)_cs(0.2)_ws(1.0)]",player_ff8c9f61_actions,,[],,,
1972,tomato,put down,Dispenser_60,Dispenser,60,put down tomato on dispenser,player_ff8c9f61,baseline_division_of_labor,7870878dbf55066a,1261.7348676202373,31.999999999998863,5.0,0.0,4.0,1.0,0.2,"(5, 2)","[p(2, 2)_cs(1.0)_ws(0.2)]_[p(5, 2)_cs(0.2)_ws(1.0)]",player_ff8c9f61_actions,player_ff8c9f61,['player_ff8c9f61'],,,
1972,plate,pick up,Dispenser_60,Dispenser,60,pick up plate from dispenser,player_ff8c9f61,baseline_division_of_labor,7870878dbf55066a,1261.7348676202373,0.0,5.0,0.0,4.0,1.0,0.2,"(5, 2)","[p(2, 2)_cs(1.0)_ws(0.2)]_[p(5, 2)_cs(0.2)_ws(1.0)]",player_ff8c9f61_actions,,[],,,
2000,tomato_cut,assemble salad,Counter_33,Counter,33,assemble salad,player_0c35c0d0,baseline_division_of_labor,7870878dbf55066a,509.71312587132616,38.53336611906809,5.0,0.0,1.0,0.2,1.0,"(2, 2)","[p(2, 2)_cs(1.0)_ws(0.2)]_[p(5, 2)_cs(0.2)_ws(1.0)]",player_0c35c0d0_actions,player_0c35c0d0,['player_0c35c0d0'],"['player_0c35c0d0', 'player_0c35c0d0']",['player_0c35c0d0'],False
2003,plate,put down,Counter_32,Counter,32,put down plate on counter,player_ff8c9f61,baseline_division_of_labor,7870878dbf55066a,1300.1419302870013,38.40706266676398,5.0,0.0,4.0,1.0,0.2,"(5, 2)","[p(2, 2)_cs(1.0)_ws(0.2)]_[p(5, 2)_cs(0.2)_ws(1.0)]",player_ff8c9f61_actions,player_ff8c9f61,['player_ff8c9f61'],,,
2135,plate,pick up,Dispenser_71,Dispenser,71,pick up plate from dispenser,player_ff8c9f61,baseline_division_of_labor,7870878dbf55066a,1460.3813667588386,160.23943647183728,5.0,0.0,4.0,1.0,0.2,"(5, 2)","[p(2, 2)_cs(1.0)_ws(0.2)]_[p(5, 2)_cs(0.2)_ws(1.0)]",player_ff8c9f61_actions,,[],,,
2139,tomato,pick up,Dispenser_40,Dispenser,40,pick up tomato from dispenser,player_0c35c0d0,baseline_division_of_labor,7870878dbf55066a,564.128196419283,54.415070547956816,5.0,0.0,1.0,0.2,1.0,"(2, 2)","[p(2, 2)_cs(1.0)_ws(0.2)]_[p(5, 2)_cs(0.2)_ws(1.0)]",player_0c35c0d0_actions,,[],,,
