{"agents": {"player_0c35c0d0": {"initial_state": {"agent_id": "player_0c35c0d0", "x": 40, "y": 40, "item": null, "url_params": {"gameType": ["tomatoSaladOnly"], "PROLIFIC_PID": ["677948fa843635fdb42a4351"], "map": ["baseline_division_of_labor"], "cutting_speed_p1": ["1"], "walking_speed_p1": ["0.2"], "cutting_speed_p2": ["0.2"], "walking_speed_p2": ["1"], "slot_x_p1": ["2"], "slot_y_p1": ["2"], "slot_x_p2": ["5"], "slot_y_p2": ["2"], "EIO": ["4"], "transport": ["polling"], "t": ["PZzj7ZF"]}, "cut_speed": 1.0, "walk_speed": 6.0, "player_nr": 1}, "player_score": 1.0, "total_actions": 15, "first_action_tick": 325, "last_action_tick": 2139}, "player_ff8c9f61": {"initial_state": {"agent_id": "player_ff8c9f61", "x": 88, "y": 40, "item": null, "url_params": {"gameType": ["tomatoSaladOnly"], "PROLIFIC_PID": ["66fceda149718a86f36761b4"], "map": ["baseline_division_of_labor"], "cutting_speed_p1": ["1"], "walking_speed_p1": ["0.2"], "cutting_speed_p2": ["0.2"], "walking_speed_p2": ["1"], "slot_x_p1": ["2"], "slot_y_p1": ["2"], "slot_x_p2": ["5"], "slot_y_p2": ["2"], "EIO": ["4"], "transport": ["polling"], "t": ["PZzjNf3"]}, "cut_speed": 0.2, "walk_speed": 30.0, "player_nr": 2}, "player_score": 4.0, "total_actions": 37, "first_action_tick": 52, "last_action_tick": 2135}}, "map_name": "baseline_division_of_labor", "final_score": 5.0}