tick,item,action,target,target_type,target_position,action_long,player_id,map_name,game_id,distance_walked,distance_walked_since_last_action,overall_score,player_score_change,player_score,walking_speed,cutting_speed,start_pos,condition
52,tomato,pick up,Dispenser_40,Dispenser,40,pick up tomato from dispenser,player_ff8c9f61,baseline_division_of_labor,7870878dbf55066a,22.62741699796952,0.0,0.0,0.0,0.0,1.0,0.2,"(5, 2)","[p(2, 2)_cs(1.0)_ws(0.2)]_[p(5, 2)_cs(0.2)_ws(1.0)]"
78,tomato,start cutting,CuttingBoard_20,CuttingBoard,20,start cutting tomato,player_ff8c9f61,baseline_division_of_labor,7870878dbf55066a,54.62741699796952,32.0,0.0,0.0,0.0,1.0,0.2,"(5, 2)","[p(2, 2)_cs(1.0)_ws(0.2)]_[p(5, 2)_cs(0.2)_ws(1.0)]"
307,plate,pick up,Dispenser_60,Dispenser,60,pick up plate from dispenser,player_ff8c9f61,baseline_division_of_labor,7870878dbf55066a,193.62741699797292,139.0000000000034,0.0,0.0,0.0,1.0,0.2,"(5, 2)","[p(2, 2)_cs(1.0)_ws(0.2)]_[p(5, 2)_cs(0.2)_ws(1.0)]"
337,plate,put down,Counter_32,Counter,32,put down plate on counter,player_ff8c9f61,baseline_division_of_labor,7870878dbf55066a,232.03447966473792,38.407062666765,0.0,0.0,0.0,1.0,0.2,"(5, 2)","[p(2, 2)_cs(1.0)_ws(0.2)]_[p(5, 2)_cs(0.2)_ws(1.0)]"
366,plate,pick up,Dispenser_71,Dispenser,71,pick up plate from dispenser,player_ff8c9f61,baseline_division_of_labor,7870878dbf55066a,270.441542331503,38.407062666765086,0.0,0.0,0.0,1.0,0.2,"(5, 2)","[p(2, 2)_cs(1.0)_ws(0.2)]_[p(5, 2)_cs(0.2)_ws(1.0)]"
390,plate,put down,Counter_33,Counter,33,put down plate on counter,player_ff8c9f61,baseline_division_of_labor,7870878dbf55066a,315.69637632744195,45.25483399593895,0.0,0.0,0.0,1.0,0.2,"(5, 2)","[p(2, 2)_cs(1.0)_ws(0.2)]_[p(5, 2)_cs(0.2)_ws(1.0)]"
476,tomato_cut,pick up,CuttingBoard_20,CuttingBoard,20,pick up tomato_cut from cuttingboard,player_ff8c9f61,baseline_division_of_labor,7870878dbf55066a,369.864763156075,54.16838682863306,0.0,0.0,0.0,1.0,0.2,"(5, 2)","[p(2, 2)_cs(1.0)_ws(0.2)]_[p(5, 2)_cs(0.2)_ws(1.0)]"
501,tomato_cut,assemble salad,Counter_32,Counter,32,assemble salad,player_ff8c9f61,baseline_division_of_labor,7870878dbf55066a,385.8647631560752,16.00000000000017,0.0,0.0,0.0,1.0,0.2,"(5, 2)","[p(2, 2)_cs(1.0)_ws(0.2)]_[p(5, 2)_cs(0.2)_ws(1.0)]"
521,tomato,pick up,Dispenser_40,Dispenser,40,pick up tomato from dispenser,player_ff8c9f61,baseline_division_of_labor,7870878dbf55066a,401.86476315607524,16.000000000000057,0.0,0.0,0.0,1.0,0.2,"(5, 2)","[p(2, 2)_cs(1.0)_ws(0.2)]_[p(5, 2)_cs(0.2)_ws(1.0)]"
538,tomato,start cutting,CuttingBoard_20,CuttingBoard,20,start cutting tomato,player_ff8c9f61,baseline_division_of_labor,7870878dbf55066a,433.86476315607547,32.00000000000023,0.0,0.0,0.0,1.0,0.2,"(5, 2)","[p(2, 2)_cs(1.0)_ws(0.2)]_[p(5, 2)_cs(0.2)_ws(1.0)]"
551,tomato_salad,pick up,Counter_32,Counter,32,pick up tomato_salad from counter,player_ff8c9f61,baseline_division_of_labor,7870878dbf55066a,449.86476315607564,16.00000000000017,0.0,0.0,0.0,1.0,0.2,"(5, 2)","[p(2, 2)_cs(1.0)_ws(0.2)]_[p(5, 2)_cs(0.2)_ws(1.0)]"
580,tomato_salad,deliver,Delivery_63,Delivery,63,deliver tomato_salad,player_ff8c9f61,baseline_division_of_labor,7870878dbf55066a,495.11959715201453,45.254833995938895,1.0,1.0,1.0,1.0,0.2,"(5, 2)","[p(2, 2)_cs(1.0)_ws(0.2)]_[p(5, 2)_cs(0.2)_ws(1.0)]"
700,plate,pick up,Dispenser_60,Dispenser,60,pick up plate from dispenser,player_ff8c9f61,baseline_division_of_labor,7870878dbf55066a,620.2866316546819,125.16703450266732,1.0,0.0,1.0,1.0,0.2,"(5, 2)","[p(2, 2)_cs(1.0)_ws(0.2)]_[p(5, 2)_cs(0.2)_ws(1.0)]"
725,plate,put down,Counter_32,Counter,32,put down plate on counter,player_ff8c9f61,baseline_division_of_labor,7870878dbf55066a,658.6936943214466,38.40706266676477,1.0,0.0,1.0,1.0,0.2,"(5, 2)","[p(2, 2)_cs(1.0)_ws(0.2)]_[p(5, 2)_cs(0.2)_ws(1.0)]"
900,tomato_cut,pick up,CuttingBoard_20,CuttingBoard,20,pick up tomato_cut from cuttingboard,player_ff8c9f61,baseline_division_of_labor,7870878dbf55066a,697.2006210463435,38.50692672489686,2.0,0.0,1.0,1.0,0.2,"(5, 2)","[p(2, 2)_cs(1.0)_ws(0.2)]_[p(5, 2)_cs(0.2)_ws(1.0)]"
920,tomato_cut,assemble salad,Counter_32,Counter,32,assemble salad,player_ff8c9f61,baseline_division_of_labor,7870878dbf55066a,713.2006210463437,16.000000000000227,2.0,0.0,1.0,1.0,0.2,"(5, 2)","[p(2, 2)_cs(1.0)_ws(0.2)]_[p(5, 2)_cs(0.2)_ws(1.0)]"
944,tomato_salad,pick up,Counter_32,Counter,32,pick up tomato_salad from counter,player_ff8c9f61,baseline_division_of_labor,7870878dbf55066a,740.5732040483712,27.372583002027454,2.0,0.0,1.0,1.0,0.2,"(5, 2)","[p(2, 2)_cs(1.0)_ws(0.2)]_[p(5, 2)_cs(0.2)_ws(1.0)]"
984,tomato_salad,deliver,Delivery_63,Delivery,63,deliver tomato_salad,player_ff8c9f61,baseline_division_of_labor,7870878dbf55066a,763.200621046341,22.627416997969817,3.0,1.0,2.0,1.0,0.2,"(5, 2)","[p(2, 2)_cs(1.0)_ws(0.2)]_[p(5, 2)_cs(0.2)_ws(1.0)]"
1039,plate,pick up,Dispenser_60,Dispenser,60,pick up plate from dispenser,player_ff8c9f61,baseline_division_of_labor,7870878dbf55066a,809.1760761946125,45.97545514827152,3.0,0.0,2.0,1.0,0.2,"(5, 2)","[p(2, 2)_cs(1.0)_ws(0.2)]_[p(5, 2)_cs(0.2)_ws(1.0)]"
1067,plate,put down,Counter_32,Counter,32,put down plate on counter,player_ff8c9f61,baseline_division_of_labor,7870878dbf55066a,847.5831388613773,38.40706266676477,3.0,0.0,2.0,1.0,0.2,"(5, 2)","[p(2, 2)_cs(1.0)_ws(0.2)]_[p(5, 2)_cs(0.2)_ws(1.0)]"
1090,tomato,pick up,Dispenser_40,Dispenser,40,pick up tomato from dispenser,player_ff8c9f61,baseline_division_of_labor,7870878dbf55066a,863.5831388613774,16.000000000000114,3.0,0.0,2.0,1.0,0.2,"(5, 2)","[p(2, 2)_cs(1.0)_ws(0.2)]_[p(5, 2)_cs(0.2)_ws(1.0)]"
1112,tomato,start cutting,CuttingBoard_20,CuttingBoard,20,start cutting tomato,player_ff8c9f61,baseline_division_of_labor,7870878dbf55066a,895.5831388613776,32.00000000000023,3.0,0.0,2.0,1.0,0.2,"(5, 2)","[p(2, 2)_cs(1.0)_ws(0.2)]_[p(5, 2)_cs(0.2)_ws(1.0)]"
1323,tomato_cut,pick up,CuttingBoard_20,CuttingBoard,20,pick up tomato_cut from cuttingboard,player_ff8c9f61,baseline_division_of_labor,7870878dbf55066a,895.5831388613776,0.0,3.0,0.0,2.0,1.0,0.2,"(5, 2)","[p(2, 2)_cs(1.0)_ws(0.2)]_[p(5, 2)_cs(0.2)_ws(1.0)]"
1354,tomato_cut,assemble salad,Counter_32,Counter,32,assemble salad,player_ff8c9f61,baseline_division_of_labor,7870878dbf55066a,911.5831388613778,16.000000000000227,3.0,0.0,2.0,1.0,0.2,"(5, 2)","[p(2, 2)_cs(1.0)_ws(0.2)]_[p(5, 2)_cs(0.2)_ws(1.0)]"
1377,tomato_salad,pick up,Counter_32,Counter,32,pick up tomato_salad from counter,player_ff8c9f61,baseline_division_of_labor,7870878dbf55066a,911.5831388613778,0.0,3.0,0.0,2.0,1.0,0.2,"(5, 2)","[p(2, 2)_cs(1.0)_ws(0.2)]_[p(5, 2)_cs(0.2)_ws(1.0)]"
1407,tomato_salad,deliver,Delivery_63,Delivery,63,deliver tomato_salad,player_ff8c9f61,baseline_division_of_labor,7870878dbf55066a,956.8379728573175,45.254833995939634,4.0,1.0,3.0,1.0,0.2,"(5, 2)","[p(2, 2)_cs(1.0)_ws(0.2)]_[p(5, 2)_cs(0.2)_ws(1.0)]"
1524,tomato,pick up,Dispenser_40,Dispenser,40,pick up tomato from dispenser,player_ff8c9f61,baseline_division_of_labor,7870878dbf55066a,1049.656295364108,92.81832250679054,4.0,0.0,3.0,1.0,0.2,"(5, 2)","[p(2, 2)_cs(1.0)_ws(0.2)]_[p(5, 2)_cs(0.2)_ws(1.0)]"
1550,tomato,start cutting,CuttingBoard_20,CuttingBoard,20,start cutting tomato,player_ff8c9f61,baseline_division_of_labor,7870878dbf55066a,1081.6562953641073,31.999999999999318,4.0,0.0,3.0,1.0,0.2,"(5, 2)","[p(2, 2)_cs(1.0)_ws(0.2)]_[p(5, 2)_cs(0.2)_ws(1.0)]"
1755,tomato_cut,pick up,CuttingBoard_20,CuttingBoard,20,pick up tomato_cut from cuttingboard,player_ff8c9f61,baseline_division_of_labor,7870878dbf55066a,1081.6562953641073,0.0,4.0,0.0,3.0,1.0,0.2,"(5, 2)","[p(2, 2)_cs(1.0)_ws(0.2)]_[p(5, 2)_cs(0.2)_ws(1.0)]"
1785,tomato_cut,assemble salad,Counter_32,Counter,32,assemble salad,player_ff8c9f61,baseline_division_of_labor,7870878dbf55066a,1097.6562953641069,15.999999999999545,4.0,0.0,3.0,1.0,0.2,"(5, 2)","[p(2, 2)_cs(1.0)_ws(0.2)]_[p(5, 2)_cs(0.2)_ws(1.0)]"
1808,tomato_salad,pick up,Counter_32,Counter,32,pick up tomato_salad from counter,player_ff8c9f61,baseline_division_of_labor,7870878dbf55066a,1097.6562953641069,0.0,4.0,0.0,3.0,1.0,0.2,"(5, 2)","[p(2, 2)_cs(1.0)_ws(0.2)]_[p(5, 2)_cs(0.2)_ws(1.0)]"
1858,tomato_salad,deliver,Delivery_63,Delivery,63,deliver tomato_salad,player_ff8c9f61,baseline_division_of_labor,7870878dbf55066a,1142.911129360045,45.25483399593804,5.0,1.0,4.0,1.0,0.2,"(5, 2)","[p(2, 2)_cs(1.0)_ws(0.2)]_[p(5, 2)_cs(0.2)_ws(1.0)]"
1946,tomato,pick up,Dispenser_40,Dispenser,40,pick up tomato from dispenser,player_ff8c9f61,baseline_division_of_labor,7870878dbf55066a,1229.7348676202384,86.82373826019352,5.0,0.0,4.0,1.0,0.2,"(5, 2)","[p(2, 2)_cs(1.0)_ws(0.2)]_[p(5, 2)_cs(0.2)_ws(1.0)]"
1972,tomato,put down,Dispenser_60,Dispenser,60,put down tomato on dispenser,player_ff8c9f61,baseline_division_of_labor,7870878dbf55066a,1261.7348676202373,31.999999999998863,5.0,0.0,4.0,1.0,0.2,"(5, 2)","[p(2, 2)_cs(1.0)_ws(0.2)]_[p(5, 2)_cs(0.2)_ws(1.0)]"
1972,plate,pick up,Dispenser_60,Dispenser,60,pick up plate from dispenser,player_ff8c9f61,baseline_division_of_labor,7870878dbf55066a,1261.7348676202373,0.0,5.0,0.0,4.0,1.0,0.2,"(5, 2)","[p(2, 2)_cs(1.0)_ws(0.2)]_[p(5, 2)_cs(0.2)_ws(1.0)]"
2003,plate,put down,Counter_32,Counter,32,put down plate on counter,player_ff8c9f61,baseline_division_of_labor,7870878dbf55066a,1300.1419302870013,38.40706266676398,5.0,0.0,4.0,1.0,0.2,"(5, 2)","[p(2, 2)_cs(1.0)_ws(0.2)]_[p(5, 2)_cs(0.2)_ws(1.0)]"
2135,plate,pick up,Dispenser_71,Dispenser,71,pick up plate from dispenser,player_ff8c9f61,baseline_division_of_labor,7870878dbf55066a,1460.3813667588386,160.23943647183728,5.0,0.0,4.0,1.0,0.2,"(5, 2)","[p(2, 2)_cs(1.0)_ws(0.2)]_[p(5, 2)_cs(0.2)_ws(1.0)]"
