tick,item,action,target,target_type,target_position,action_long,player_id,map_name,game_id,distance_walked,distance_walked_since_last_action,overall_score,player_score_change,player_score,walking_speed,cutting_speed,start_pos,condition
325,tomato,pick up,Dispenser_40,Dispenser,40,pick up tomato from dispenser,player_0c35c0d0,baseline_division_of_labor,7870878dbf55066a,38.51454639532428,0.0,0.0,0.0,0.0,0.2,1.0,"(2, 2)","[p(2, 2)_cs(1.0)_ws(0.2)]_[p(5, 2)_cs(0.2)_ws(1.0)]"
482,tomato,start cutting,CuttingBoard_10,CuttingBoard,10,start cutting tomato,player_0c35c0d0,baseline_division_of_labor,7870878dbf55066a,86.51454639532429,48.00000000000001,0.0,0.0,0.0,0.2,1.0,"(2, 2)","[p(2, 2)_cs(1.0)_ws(0.2)]_[p(5, 2)_cs(0.2)_ws(1.0)]"
528,tomato_cut,pick up,CuttingBoard_10,CuttingBoard,10,pick up tomato_cut from cuttingboard,player_0c35c0d0,baseline_division_of_labor,7870878dbf55066a,86.51454639532429,0.0,0.0,0.0,0.0,0.2,1.0,"(2, 2)","[p(2, 2)_cs(1.0)_ws(0.2)]_[p(5, 2)_cs(0.2)_ws(1.0)]"
618,tomato_cut,assemble salad,Counter_33,Counter,33,assemble salad,player_0c35c0d0,baseline_division_of_labor,7870878dbf55066a,125.04791251439356,38.53336611906927,1.0,0.0,0.0,0.2,1.0,"(2, 2)","[p(2, 2)_cs(1.0)_ws(0.2)]_[p(5, 2)_cs(0.2)_ws(1.0)]"
653,tomato_salad,pick up,Counter_33,Counter,33,pick up tomato_salad from counter,player_0c35c0d0,baseline_division_of_labor,7870878dbf55066a,125.04791251439356,0.0,1.0,0.0,0.0,0.2,1.0,"(2, 2)","[p(2, 2)_cs(1.0)_ws(0.2)]_[p(5, 2)_cs(0.2)_ws(1.0)]"
882,tomato_salad,deliver,Delivery_63,Delivery,63,deliver tomato_salad,player_0c35c0d0,baseline_division_of_labor,7870878dbf55066a,208.4158872249324,83.36797471053883,2.0,1.0,1.0,0.2,1.0,"(2, 2)","[p(2, 2)_cs(1.0)_ws(0.2)]_[p(5, 2)_cs(0.2)_ws(1.0)]"
1088,plate,pick up,Dispenser_71,Dispenser,71,pick up plate from dispenser,player_0c35c0d0,baseline_division_of_labor,7870878dbf55066a,278.13497041744995,69.71908319251756,3.0,0.0,1.0,0.2,1.0,"(2, 2)","[p(2, 2)_cs(1.0)_ws(0.2)]_[p(5, 2)_cs(0.2)_ws(1.0)]"
1201,plate,put down,Counter_33,Counter,33,put down plate on counter,player_0c35c0d0,baseline_division_of_labor,7870878dbf55066a,323.3898044133907,45.25483399594077,3.0,0.0,1.0,0.2,1.0,"(2, 2)","[p(2, 2)_cs(1.0)_ws(0.2)]_[p(5, 2)_cs(0.2)_ws(1.0)]"
1397,plate,pick up,Dispenser_71,Dispenser,71,pick up plate from dispenser,player_0c35c0d0,baseline_division_of_labor,7870878dbf55066a,368.6446384093315,45.25483399594077,3.0,0.0,1.0,0.2,1.0,"(2, 2)","[p(2, 2)_cs(1.0)_ws(0.2)]_[p(5, 2)_cs(0.2)_ws(1.0)]"
1492,plate,put down,Counter_32,Counter,32,put down plate on counter,player_0c35c0d0,baseline_division_of_labor,7870878dbf55066a,407.17975975226074,38.535121342929244,4.0,0.0,1.0,0.2,1.0,"(2, 2)","[p(2, 2)_cs(1.0)_ws(0.2)]_[p(5, 2)_cs(0.2)_ws(1.0)]"
1753,tomato,pick up,Dispenser_40,Dispenser,40,pick up tomato from dispenser,player_0c35c0d0,baseline_division_of_labor,7870878dbf55066a,423.1797597522601,15.999999999999375,4.0,0.0,1.0,0.2,1.0,"(2, 2)","[p(2, 2)_cs(1.0)_ws(0.2)]_[p(5, 2)_cs(0.2)_ws(1.0)]"
1857,tomato,start cutting,CuttingBoard_10,CuttingBoard,10,start cutting tomato,player_0c35c0d0,baseline_division_of_labor,7870878dbf55066a,471.17975975225806,47.999999999997954,4.0,0.0,1.0,0.2,1.0,"(2, 2)","[p(2, 2)_cs(1.0)_ws(0.2)]_[p(5, 2)_cs(0.2)_ws(1.0)]"
1911,tomato_cut,pick up,CuttingBoard_10,CuttingBoard,10,pick up tomato_cut from cuttingboard,player_0c35c0d0,baseline_division_of_labor,7870878dbf55066a,471.17975975225806,0.0,5.0,0.0,1.0,0.2,1.0,"(2, 2)","[p(2, 2)_cs(1.0)_ws(0.2)]_[p(5, 2)_cs(0.2)_ws(1.0)]"
2000,tomato_cut,assemble salad,Counter_33,Counter,33,assemble salad,player_0c35c0d0,baseline_division_of_labor,7870878dbf55066a,509.71312587132616,38.53336611906809,5.0,0.0,1.0,0.2,1.0,"(2, 2)","[p(2, 2)_cs(1.0)_ws(0.2)]_[p(5, 2)_cs(0.2)_ws(1.0)]"
2139,tomato,pick up,Dispenser_40,Dispenser,40,pick up tomato from dispenser,player_0c35c0d0,baseline_division_of_labor,7870878dbf55066a,564.128196419283,54.415070547956816,5.0,0.0,1.0,0.2,1.0,"(2, 2)","[p(2, 2)_cs(1.0)_ws(0.2)]_[p(5, 2)_cs(0.2)_ws(1.0)]"
