{"agents": {"player_2f08f200": {"initial_state": {"agent_id": "player_2f08f200", "x": 40, "y": 40, "item": null, "url_params": {"gameType": ["tomatoSaladOnly"], "PROLIFIC_PID": ["60fe43d9f9d89a9237395a83"], "map": ["baseline_division_of_labor"], "cutting_speed_p1": ["1"], "walking_speed_p1": ["0.2"], "cutting_speed_p2": ["0.2"], "walking_speed_p2": ["1"], "slot_x_p1": ["2"], "slot_y_p1": ["2"], "slot_x_p2": ["5"], "slot_y_p2": ["2"], "EIO": ["4"], "transport": ["polling"], "t": ["PZzjKTC"]}, "cut_speed": 1.0, "walk_speed": 6.0, "player_nr": 1}, "player_score": 3.0, "total_actions": 22, "first_action_tick": 231, "last_action_tick": 2125}, "player_5d01bbb9": {"initial_state": {"agent_id": "player_5d01bbb9", "x": 88, "y": 40, "item": null, "url_params": {"gameType": ["tomatoSaladOnly"], "PROLIFIC_PID": ["662eeeb09572de78ffb440b1"], "map": ["baseline_division_of_labor"], "cutting_speed_p1": ["1"], "walking_speed_p1": ["0.2"], "cutting_speed_p2": ["0.2"], "walking_speed_p2": ["1"], "slot_x_p1": ["2"], "slot_y_p1": ["2"], "slot_x_p2": ["5"], "slot_y_p2": ["2"], "EIO": ["4"], "transport": ["polling"], "t": ["PZzjLwz"]}, "cut_speed": 0.2, "walk_speed": 30.0, "player_nr": 2}, "player_score": 2.0, "total_actions": 26, "first_action_tick": 81, "last_action_tick": 1962}}, "map_name": "baseline_division_of_labor", "final_score": 5.0}