tick,item,action,target,target_type,target_position,action_long,player_id,map_name,game_id,distance_walked,distance_walked_since_last_action,overall_score,player_score_change,player_score,walking_speed,cutting_speed,start_pos,condition
81,tomato,pick up,Dispenser_50,Dispenser,50,pick up tomato from dispenser,player_5d01bbb9,baseline_division_of_labor,a3bb61d1937fed7a,16.0,0.0,0.0,0.0,0.0,1.0,0.2,"(5, 2)","[p(2, 2)_cs(1.0)_ws(0.2)]_[p(5, 2)_cs(0.2)_ws(1.0)]"
126,tomato,start cutting,CuttingBoard_20,CuttingBoard,20,start cutting tomato,player_5d01bbb9,baseline_division_of_labor,a3bb61d1937fed7a,64.0,48.0,0.0,0.0,0.0,1.0,0.2,"(5, 2)","[p(2, 2)_cs(1.0)_ws(0.2)]_[p(5, 2)_cs(0.2)_ws(1.0)]"
352,tomato_cut,pick up,CuttingBoard_20,CuttingBoard,20,pick up tomato_cut from cuttingboard,player_5d01bbb9,baseline_division_of_labor,a3bb61d1937fed7a,64.0,0.0,0.0,0.0,0.0,1.0,0.2,"(5, 2)","[p(2, 2)_cs(1.0)_ws(0.2)]_[p(5, 2)_cs(0.2)_ws(1.0)]"
411,tomato_cut,put down,Counter_33,Counter,33,put down tomato_cut on counter,player_5d01bbb9,baseline_division_of_labor,a3bb61d1937fed7a,96.0,32.0,0.0,0.0,0.0,1.0,0.2,"(5, 2)","[p(2, 2)_cs(1.0)_ws(0.2)]_[p(5, 2)_cs(0.2)_ws(1.0)]"
475,plate,pick up,Dispenser_60,Dispenser,60,pick up plate from dispenser,player_5d01bbb9,baseline_division_of_labor,a3bb61d1937fed7a,182.1683363526481,86.16833635264811,0.0,0.0,0.0,1.0,0.2,"(5, 2)","[p(2, 2)_cs(1.0)_ws(0.2)]_[p(5, 2)_cs(0.2)_ws(1.0)]"
559,plate,put down,Counter_32,Counter,32,put down plate on counter,player_5d01bbb9,baseline_division_of_labor,a3bb61d1937fed7a,220.57539901941308,38.40706266676497,1.0,0.0,0.0,1.0,0.2,"(5, 2)","[p(2, 2)_cs(1.0)_ws(0.2)]_[p(5, 2)_cs(0.2)_ws(1.0)]"
559,tomato,pick up,Counter_32,Counter,32,pick up tomato from counter,player_5d01bbb9,baseline_division_of_labor,a3bb61d1937fed7a,220.57539901941308,0.0,1.0,0.0,0.0,1.0,0.2,"(5, 2)","[p(2, 2)_cs(1.0)_ws(0.2)]_[p(5, 2)_cs(0.2)_ws(1.0)]"
630,tomato,start cutting,CuttingBoard_20,CuttingBoard,20,start cutting tomato,player_5d01bbb9,baseline_division_of_labor,a3bb61d1937fed7a,259.0823257443097,38.5069267248966,1.0,0.0,0.0,1.0,0.2,"(5, 2)","[p(2, 2)_cs(1.0)_ws(0.2)]_[p(5, 2)_cs(0.2)_ws(1.0)]"
912,tomato_cut,pick up,CuttingBoard_20,CuttingBoard,20,pick up tomato_cut from cuttingboard,player_5d01bbb9,baseline_division_of_labor,a3bb61d1937fed7a,259.0823257443097,0.0,1.0,0.0,0.0,1.0,0.2,"(5, 2)","[p(2, 2)_cs(1.0)_ws(0.2)]_[p(5, 2)_cs(0.2)_ws(1.0)]"
973,tomato_cut,put down,Counter_32,Counter,32,put down tomato_cut on counter,player_5d01bbb9,baseline_division_of_labor,a3bb61d1937fed7a,275.0823257443098,16.000000000000114,1.0,0.0,0.0,1.0,0.2,"(5, 2)","[p(2, 2)_cs(1.0)_ws(0.2)]_[p(5, 2)_cs(0.2)_ws(1.0)]"
1021,plate,pick up,Dispenser_60,Dispenser,60,pick up plate from dispenser,player_5d01bbb9,baseline_division_of_labor,a3bb61d1937fed7a,323.08232574430986,48.00000000000006,1.0,0.0,0.0,1.0,0.2,"(5, 2)","[p(2, 2)_cs(1.0)_ws(0.2)]_[p(5, 2)_cs(0.2)_ws(1.0)]"
1062,plate,assemble salad,Counter_32,Counter,32,assemble salad,player_5d01bbb9,baseline_division_of_labor,a3bb61d1937fed7a,361.48938841107486,38.407062666765,1.0,0.0,0.0,1.0,0.2,"(5, 2)","[p(2, 2)_cs(1.0)_ws(0.2)]_[p(5, 2)_cs(0.2)_ws(1.0)]"
1102,tomato_salad,pick up,Counter_32,Counter,32,pick up tomato_salad from counter,player_5d01bbb9,baseline_division_of_labor,a3bb61d1937fed7a,361.48938841107486,0.0,2.0,0.0,0.0,1.0,0.2,"(5, 2)","[p(2, 2)_cs(1.0)_ws(0.2)]_[p(5, 2)_cs(0.2)_ws(1.0)]"
1130,tomato_salad,deliver,Delivery_63,Delivery,63,deliver tomato_salad,player_5d01bbb9,baseline_division_of_labor,a3bb61d1937fed7a,384.1168054090443,22.62741699796942,3.0,1.0,1.0,1.0,0.2,"(5, 2)","[p(2, 2)_cs(1.0)_ws(0.2)]_[p(5, 2)_cs(0.2)_ws(1.0)]"
1198,tomato,pick up,Dispenser_50,Dispenser,50,pick up tomato from dispenser,player_5d01bbb9,baseline_division_of_labor,a3bb61d1937fed7a,416.11680540904456,32.000000000000284,3.0,0.0,1.0,1.0,0.2,"(5, 2)","[p(2, 2)_cs(1.0)_ws(0.2)]_[p(5, 2)_cs(0.2)_ws(1.0)]"
1244,tomato,start cutting,CuttingBoard_10,CuttingBoard,10,start cutting tomato,player_5d01bbb9,baseline_division_of_labor,a3bb61d1937fed7a,480.11680540904496,64.0000000000004,3.0,0.0,1.0,1.0,0.2,"(5, 2)","[p(2, 2)_cs(1.0)_ws(0.2)]_[p(5, 2)_cs(0.2)_ws(1.0)]"
1544,tomato_cut,pick up,CuttingBoard_10,CuttingBoard,10,pick up tomato_cut from cuttingboard,player_5d01bbb9,baseline_division_of_labor,a3bb61d1937fed7a,556.939325089097,76.82251968005204,3.0,0.0,1.0,1.0,0.2,"(5, 2)","[p(2, 2)_cs(1.0)_ws(0.2)]_[p(5, 2)_cs(0.2)_ws(1.0)]"
1590,tomato_cut,put down,Counter_33,Counter,33,put down tomato_cut on counter,player_5d01bbb9,baseline_division_of_labor,a3bb61d1937fed7a,595.350584929123,38.41125984002599,3.0,0.0,1.0,1.0,0.2,"(5, 2)","[p(2, 2)_cs(1.0)_ws(0.2)]_[p(5, 2)_cs(0.2)_ws(1.0)]"
1652,plate,pick up,Dispenser_60,Dispenser,60,pick up plate from dispenser,player_5d01bbb9,baseline_division_of_labor,a3bb61d1937fed7a,681.5189212817717,86.16833635264868,3.0,0.0,1.0,1.0,0.2,"(5, 2)","[p(2, 2)_cs(1.0)_ws(0.2)]_[p(5, 2)_cs(0.2)_ws(1.0)]"
1696,plate,assemble salad,Counter_33,Counter,33,assemble salad,player_5d01bbb9,baseline_division_of_labor,a3bb61d1937fed7a,726.7737552777113,45.254833995939634,3.0,0.0,1.0,1.0,0.2,"(5, 2)","[p(2, 2)_cs(1.0)_ws(0.2)]_[p(5, 2)_cs(0.2)_ws(1.0)]"
1772,tomato_salad,pick up,Counter_33,Counter,33,pick up tomato_salad from counter,player_5d01bbb9,baseline_division_of_labor,a3bb61d1937fed7a,758.7737552777113,32.0,3.0,0.0,1.0,1.0,0.2,"(5, 2)","[p(2, 2)_cs(1.0)_ws(0.2)]_[p(5, 2)_cs(0.2)_ws(1.0)]"
1802,tomato_salad,deliver,Delivery_63,Delivery,63,deliver tomato_salad,player_5d01bbb9,baseline_division_of_labor,a3bb61d1937fed7a,774.7737552777113,16.0,4.0,1.0,2.0,1.0,0.2,"(5, 2)","[p(2, 2)_cs(1.0)_ws(0.2)]_[p(5, 2)_cs(0.2)_ws(1.0)]"
1850,plate,pick up,Dispenser_71,Dispenser,71,pick up plate from dispenser,player_5d01bbb9,baseline_division_of_labor,a3bb61d1937fed7a,813.1850151177375,38.41125984002622,4.0,0.0,2.0,1.0,0.2,"(5, 2)","[p(2, 2)_cs(1.0)_ws(0.2)]_[p(5, 2)_cs(0.2)_ws(1.0)]"
1899,plate,put down,Counter_32,Counter,32,put down plate on counter,player_5d01bbb9,baseline_division_of_labor,a3bb61d1937fed7a,851.5920777845023,38.40706266676477,4.0,0.0,2.0,1.0,0.2,"(5, 2)","[p(2, 2)_cs(1.0)_ws(0.2)]_[p(5, 2)_cs(0.2)_ws(1.0)]"
1929,tomato,pick up,Dispenser_40,Dispenser,40,pick up tomato from dispenser,player_5d01bbb9,baseline_division_of_labor,a3bb61d1937fed7a,867.5920777845024,16.000000000000114,5.0,0.0,2.0,1.0,0.2,"(5, 2)","[p(2, 2)_cs(1.0)_ws(0.2)]_[p(5, 2)_cs(0.2)_ws(1.0)]"
1962,tomato,start cutting,CuttingBoard_20,CuttingBoard,20,start cutting tomato,player_5d01bbb9,baseline_division_of_labor,a3bb61d1937fed7a,899.5920777845026,32.00000000000023,5.0,0.0,2.0,1.0,0.2,"(5, 2)","[p(2, 2)_cs(1.0)_ws(0.2)]_[p(5, 2)_cs(0.2)_ws(1.0)]"
