tick,item,action,target,target_type,target_position,action_long,player_id,map_name,game_id,distance_walked,distance_walked_since_last_action,overall_score,player_score_change,player_score,walking_speed,cutting_speed,start_pos,condition,source,last_touched,touched_list,tomato_history,plate_history,is_exchange_collaboration
74,tomato,pick up,Dispenser_50,Dispenser,50,pick up tomato from dispenser,player_7aaf8980,baseline_division_of_labor,0b9d82ba9c68ff9a,16.0,0.0,0.0,0.0,0.0,1.0,0.2,"(5, 2)","[p(2, 2)_cs(1.0)_ws(0.2)]_[p(5, 2)_cs(0.2)_ws(1.0)]",player_7aaf8980_actions,,[],,,
96,tomato,put down,Counter_32,Counter,32,put down tomato on counter,player_7aaf8980,baseline_division_of_labor,0b9d82ba9c68ff9a,38.62741699796952,22.62741699796952,0.0,0.0,0.0,1.0,0.2,"(5, 2)","[p(2, 2)_cs(1.0)_ws(0.2)]_[p(5, 2)_cs(0.2)_ws(1.0)]",player_7aaf8980_actions,player_7aaf8980,['player_7aaf8980'],,,
115,tomato,pick up,Dispenser_50,Dispenser,50,pick up tomato from dispenser,player_7aaf8980,baseline_division_of_labor,0b9d82ba9c68ff9a,61.25483399593903,22.62741699796951,0.0,0.0,0.0,1.0,0.2,"(5, 2)","[p(2, 2)_cs(1.0)_ws(0.2)]_[p(5, 2)_cs(0.2)_ws(1.0)]",player_7aaf8980_actions,,[],,,
141,tomato,put down,Counter_33,Counter,33,put down tomato on counter,player_7aaf8980,baseline_division_of_labor,0b9d82ba9c68ff9a,99.66609383596504,38.411259840026,0.0,0.0,0.0,1.0,0.2,"(5, 2)","[p(2, 2)_cs(1.0)_ws(0.2)]_[p(5, 2)_cs(0.2)_ws(1.0)]",player_7aaf8980_actions,player_7aaf8980,['player_7aaf8980'],,,
196,tomato,pick up,Dispenser_50,Dispenser,50,pick up tomato from dispenser,player_7aaf8980,baseline_division_of_labor,0b9d82ba9c68ff9a,138.07735367599102,38.41125984002599,0.0,0.0,0.0,1.0,0.2,"(5, 2)","[p(2, 2)_cs(1.0)_ws(0.2)]_[p(5, 2)_cs(0.2)_ws(1.0)]",player_7aaf8980_actions,,[],,,
210,tomato,pick up,Counter_32,Counter,32,pick up tomato from counter,player_e19db86f,baseline_division_of_labor,0b9d82ba9c68ff9a,0.0,0.0,0.0,0.0,0.0,0.2,1.0,"(2, 2)","[p(2, 2)_cs(1.0)_ws(0.2)]_[p(5, 2)_cs(0.2)_ws(1.0)]",player_e19db86f_actions,player_7aaf8980,['player_7aaf8980'],,,True
222,tomato,start cutting,CuttingBoard_20,CuttingBoard,20,start cutting tomato,player_7aaf8980,baseline_division_of_labor,0b9d82ba9c68ff9a,186.07735367599105,48.0,0.0,0.0,0.0,1.0,0.2,"(5, 2)","[p(2, 2)_cs(1.0)_ws(0.2)]_[p(5, 2)_cs(0.2)_ws(1.0)]",player_7aaf8980_actions,player_7aaf8980,['player_7aaf8980'],,,
272,tomato,start cutting,CuttingBoard_10,CuttingBoard,10,start cutting tomato,player_e19db86f,baseline_division_of_labor,0b9d82ba9c68ff9a,22.627416997969497,22.627416997969497,0.0,0.0,0.0,0.2,1.0,"(2, 2)","[p(2, 2)_cs(1.0)_ws(0.2)]_[p(5, 2)_cs(0.2)_ws(1.0)]",player_e19db86f_actions,player_e19db86f,"['player_7aaf8980', 'player_e19db86f']",,,
451,plate,pick up,Dispenser_60,Dispenser,60,pick up plate from dispenser,player_7aaf8980,baseline_division_of_labor,0b9d82ba9c68ff9a,250.07735367599105,64.0,0.0,0.0,0.0,1.0,0.2,"(5, 2)","[p(2, 2)_cs(1.0)_ws(0.2)]_[p(5, 2)_cs(0.2)_ws(1.0)]",player_7aaf8980_actions,,[],,,
468,plate,pick up,Dispenser_71,Dispenser,71,pick up plate from dispenser,player_e19db86f,baseline_division_of_labor,0b9d82ba9c68ff9a,102.6274169979695,80.0,0.0,0.0,0.0,0.2,1.0,"(2, 2)","[p(2, 2)_cs(1.0)_ws(0.2)]_[p(5, 2)_cs(0.2)_ws(1.0)]",player_e19db86f_actions,,[],,,
483,plate,put down,Counter_32,Counter,32,put down plate on counter,player_7aaf8980,baseline_division_of_labor,0b9d82ba9c68ff9a,288.48441634275605,38.40706266676503,0.0,0.0,0.0,1.0,0.2,"(5, 2)","[p(2, 2)_cs(1.0)_ws(0.2)]_[p(5, 2)_cs(0.2)_ws(1.0)]",player_7aaf8980_actions,player_7aaf8980,['player_7aaf8980'],,,
515,tomato_cut,pick up,CuttingBoard_20,CuttingBoard,20,pick up tomato_cut from cuttingboard,player_7aaf8980,baseline_division_of_labor,0b9d82ba9c68ff9a,326.9913430676527,38.50692672489663,0.0,0.0,0.0,1.0,0.2,"(5, 2)","[p(2, 2)_cs(1.0)_ws(0.2)]_[p(5, 2)_cs(0.2)_ws(1.0)]",player_7aaf8980_actions,player_7aaf8980,['player_7aaf8980'],,,False
531,tomato_cut,assemble salad,Counter_32,Counter,32,assemble salad,player_7aaf8980,baseline_division_of_labor,0b9d82ba9c68ff9a,342.99134306765285,16.00000000000017,0.0,0.0,0.0,1.0,0.2,"(5, 2)","[p(2, 2)_cs(1.0)_ws(0.2)]_[p(5, 2)_cs(0.2)_ws(1.0)]",player_7aaf8980_actions,player_7aaf8980,['player_7aaf8980'],"['player_7aaf8980', 'player_7aaf8980']",['player_7aaf8980'],False
546,tomato_salad,pick up,Counter_32,Counter,32,pick up tomato_salad from counter,player_7aaf8980,baseline_division_of_labor,0b9d82ba9c68ff9a,342.99134306765285,0.0,0.0,0.0,0.0,1.0,0.2,"(5, 2)","[p(2, 2)_cs(1.0)_ws(0.2)]_[p(5, 2)_cs(0.2)_ws(1.0)]",player_7aaf8980_actions,player_7aaf8980,['player_7aaf8980'],"['player_7aaf8980', 'player_7aaf8980']",['player_7aaf8980'],False
582,tomato_salad,deliver,Delivery_63,Delivery,63,deliver tomato_salad,player_7aaf8980,baseline_division_of_labor,0b9d82ba9c68ff9a,388.24617706359174,45.254833995938895,1.0,1.0,1.0,1.0,0.2,"(5, 2)","[p(2, 2)_cs(1.0)_ws(0.2)]_[p(5, 2)_cs(0.2)_ws(1.0)]",player_7aaf8980_actions,player_7aaf8980,"['player_7aaf8980', 'player_7aaf8980']","['player_7aaf8980', 'player_7aaf8980']",['player_7aaf8980'],
645,plate,put down,Counter_34,Counter,34,put down plate on counter,player_e19db86f,baseline_division_of_labor,0b9d82ba9c68ff9a,163.68377769792937,61.05636069995987,1.0,0.0,0.0,0.2,1.0,"(2, 2)","[p(2, 2)_cs(1.0)_ws(0.2)]_[p(5, 2)_cs(0.2)_ws(1.0)]",player_e19db86f_actions,player_e19db86f,['player_e19db86f'],,,
653,tomato,pick up,Dispenser_50,Dispenser,50,pick up tomato from dispenser,player_7aaf8980,baseline_division_of_labor,0b9d82ba9c68ff9a,420.2461770635921,32.00000000000034,1.0,0.0,1.0,1.0,0.2,"(5, 2)","[p(2, 2)_cs(1.0)_ws(0.2)]_[p(5, 2)_cs(0.2)_ws(1.0)]",player_7aaf8980_actions,,[],,,
683,tomato,start cutting,CuttingBoard_20,CuttingBoard,20,start cutting tomato,player_7aaf8980,baseline_division_of_labor,0b9d82ba9c68ff9a,468.2461770635923,48.00000000000023,1.0,0.0,1.0,1.0,0.2,"(5, 2)","[p(2, 2)_cs(1.0)_ws(0.2)]_[p(5, 2)_cs(0.2)_ws(1.0)]",player_7aaf8980_actions,player_7aaf8980,['player_7aaf8980'],,,
859,tomato_cut,pick up,CuttingBoard_10,CuttingBoard,10,pick up tomato_cut from cuttingboard,player_e19db86f,baseline_division_of_labor,0b9d82ba9c68ff9a,250.0988246247706,86.41504692684123,1.0,0.0,0.0,0.2,1.0,"(2, 2)","[p(2, 2)_cs(1.0)_ws(0.2)]_[p(5, 2)_cs(0.2)_ws(1.0)]",player_e19db86f_actions,player_e19db86f,"['player_7aaf8980', 'player_e19db86f']",,,False
963,plate,pick up,Dispenser_60,Dispenser,60,pick up plate from dispenser,player_7aaf8980,baseline_division_of_labor,0b9d82ba9c68ff9a,601.082997204643,132.83682014105068,1.0,0.0,1.0,1.0,0.2,"(5, 2)","[p(2, 2)_cs(1.0)_ws(0.2)]_[p(5, 2)_cs(0.2)_ws(1.0)]",player_7aaf8980_actions,,[],,,
979,tomato_cut,assemble salad,Counter_34,Counter,34,assemble salad,player_e19db86f,baseline_division_of_labor,0b9d82ba9c68ff9a,304.63219074384136,54.53336611907076,1.0,0.0,0.0,0.2,1.0,"(2, 2)","[p(2, 2)_cs(1.0)_ws(0.2)]_[p(5, 2)_cs(0.2)_ws(1.0)]",player_e19db86f_actions,player_e19db86f,['player_e19db86f'],"['player_7aaf8980', 'player_e19db86f', 'player_e19db86f']",['player_e19db86f'],False
998,plate,put down,Counter_32,Counter,32,put down plate on counter,player_7aaf8980,baseline_division_of_labor,0b9d82ba9c68ff9a,639.4900598714078,38.40706266676477,1.0,0.0,1.0,1.0,0.2,"(5, 2)","[p(2, 2)_cs(1.0)_ws(0.2)]_[p(5, 2)_cs(0.2)_ws(1.0)]",player_7aaf8980_actions,player_7aaf8980,['player_7aaf8980'],,,
1001,tomato_salad,pick up,Counter_34,Counter,34,pick up tomato_salad from counter,player_e19db86f,baseline_division_of_labor,0b9d82ba9c68ff9a,314.63219074383227,9.999999999990903,1.0,0.0,0.0,0.2,1.0,"(2, 2)","[p(2, 2)_cs(1.0)_ws(0.2)]_[p(5, 2)_cs(0.2)_ws(1.0)]",player_e19db86f_actions,player_e19db86f,['player_e19db86f'],"['player_7aaf8980', 'player_e19db86f', 'player_e19db86f']",['player_e19db86f'],False
1008,tomato_salad,put down,Counter_34,Counter,34,put down tomato_salad on counter,player_e19db86f,baseline_division_of_labor,0b9d82ba9c68ff9a,314.63219074383227,0.0,1.0,0.0,0.0,0.2,1.0,"(2, 2)","[p(2, 2)_cs(1.0)_ws(0.2)]_[p(5, 2)_cs(0.2)_ws(1.0)]",player_e19db86f_actions,player_e19db86f,"['player_e19db86f', 'player_e19db86f']","['player_7aaf8980', 'player_e19db86f', 'player_e19db86f']",['player_e19db86f'],
1024,tomato_cut,pick up,CuttingBoard_20,CuttingBoard,20,pick up tomato_cut from cuttingboard,player_7aaf8980,baseline_division_of_labor,0b9d82ba9c68ff9a,677.9969865963046,38.50692672489686,1.0,0.0,1.0,1.0,0.2,"(5, 2)","[p(2, 2)_cs(1.0)_ws(0.2)]_[p(5, 2)_cs(0.2)_ws(1.0)]",player_7aaf8980_actions,player_7aaf8980,['player_7aaf8980'],,,False
1025,tomato_salad,pick up,Counter_34,Counter,34,pick up tomato_salad from counter,player_e19db86f,baseline_division_of_labor,0b9d82ba9c68ff9a,314.63219074383227,0.0,1.0,0.0,0.0,0.2,1.0,"(2, 2)","[p(2, 2)_cs(1.0)_ws(0.2)]_[p(5, 2)_cs(0.2)_ws(1.0)]",player_e19db86f_actions,player_e19db86f,"['player_e19db86f', 'player_e19db86f']","['player_7aaf8980', 'player_e19db86f', 'player_e19db86f']",['player_e19db86f'],False
1040,tomato_cut,assemble salad,Counter_32,Counter,32,assemble salad,player_7aaf8980,baseline_division_of_labor,0b9d82ba9c68ff9a,693.9969865963049,16.000000000000227,1.0,0.0,1.0,1.0,0.2,"(5, 2)","[p(2, 2)_cs(1.0)_ws(0.2)]_[p(5, 2)_cs(0.2)_ws(1.0)]",player_7aaf8980_actions,player_7aaf8980,['player_7aaf8980'],"['player_7aaf8980', 'player_7aaf8980']",['player_7aaf8980'],False
1052,tomato_salad,pick up,Counter_32,Counter,32,pick up tomato_salad from counter,player_7aaf8980,baseline_division_of_labor,0b9d82ba9c68ff9a,693.9969865963049,0.0,1.0,0.0,1.0,1.0,0.2,"(5, 2)","[p(2, 2)_cs(1.0)_ws(0.2)]_[p(5, 2)_cs(0.2)_ws(1.0)]",player_7aaf8980_actions,player_7aaf8980,['player_7aaf8980'],"['player_7aaf8980', 'player_7aaf8980']",['player_7aaf8980'],False
1086,tomato_salad,deliver,Delivery_63,Delivery,63,deliver tomato_salad,player_7aaf8980,baseline_division_of_labor,0b9d82ba9c68ff9a,739.2518205922445,45.254833995939634,2.0,1.0,2.0,1.0,0.2,"(5, 2)","[p(2, 2)_cs(1.0)_ws(0.2)]_[p(5, 2)_cs(0.2)_ws(1.0)]",player_7aaf8980_actions,player_7aaf8980,"['player_7aaf8980', 'player_7aaf8980']","['player_7aaf8980', 'player_7aaf8980']",['player_7aaf8980'],
1111,tomato,pick up,Counter_33,Counter,33,pick up tomato from counter,player_7aaf8980,baseline_division_of_labor,0b9d82ba9c68ff9a,755.2518205922445,16.0,2.0,0.0,2.0,1.0,0.2,"(5, 2)","[p(2, 2)_cs(1.0)_ws(0.2)]_[p(5, 2)_cs(0.2)_ws(1.0)]",player_7aaf8980_actions,player_7aaf8980,['player_7aaf8980'],,,False
1144,tomato,start cutting,CuttingBoard_20,CuttingBoard,20,start cutting tomato,player_7aaf8980,baseline_division_of_labor,0b9d82ba9c68ff9a,809.4202074208777,54.168386828633174,2.0,0.0,2.0,1.0,0.2,"(5, 2)","[p(2, 2)_cs(1.0)_ws(0.2)]_[p(5, 2)_cs(0.2)_ws(1.0)]",player_7aaf8980_actions,player_7aaf8980,"['player_7aaf8980', 'player_7aaf8980']",,,
1203,tomato_salad,deliver,Delivery_64,Delivery,64,deliver tomato_salad,player_e19db86f,baseline_division_of_labor,0b9d82ba9c68ff9a,398.0005667342876,83.36837599045532,3.0,1.0,1.0,0.2,1.0,"(2, 2)","[p(2, 2)_cs(1.0)_ws(0.2)]_[p(5, 2)_cs(0.2)_ws(1.0)]",player_e19db86f_actions,player_e19db86f,"['player_e19db86f', 'player_e19db86f', 'player_e19db86f']","['player_7aaf8980', 'player_e19db86f', 'player_e19db86f']",['player_e19db86f'],
1321,plate,pick up,Dispenser_71,Dispenser,71,pick up plate from dispenser,player_e19db86f,baseline_division_of_labor,0b9d82ba9c68ff9a,452.53393285335625,54.53336611906866,3.0,0.0,1.0,0.2,1.0,"(2, 2)","[p(2, 2)_cs(1.0)_ws(0.2)]_[p(5, 2)_cs(0.2)_ws(1.0)]",player_e19db86f_actions,,[],,,
1373,plate,pick up,Dispenser_60,Dispenser,60,pick up plate from dispenser,player_7aaf8980,baseline_division_of_labor,0b9d82ba9c68ff9a,873.4202074208779,64.00000000000023,3.0,0.0,2.0,1.0,0.2,"(5, 2)","[p(2, 2)_cs(1.0)_ws(0.2)]_[p(5, 2)_cs(0.2)_ws(1.0)]",player_7aaf8980_actions,,[],,,
1403,plate,put down,Counter_32,Counter,32,put down plate on counter,player_7aaf8980,baseline_division_of_labor,0b9d82ba9c68ff9a,911.8272700876428,38.40706266676477,3.0,0.0,2.0,1.0,0.2,"(5, 2)","[p(2, 2)_cs(1.0)_ws(0.2)]_[p(5, 2)_cs(0.2)_ws(1.0)]",player_7aaf8980_actions,player_7aaf8980,['player_7aaf8980'],,,
1445,tomato_cut,pick up,CuttingBoard_20,CuttingBoard,20,pick up tomato_cut from cuttingboard,player_7aaf8980,baseline_division_of_labor,0b9d82ba9c68ff9a,950.3341968125396,38.50692672489686,3.0,0.0,2.0,1.0,0.2,"(5, 2)","[p(2, 2)_cs(1.0)_ws(0.2)]_[p(5, 2)_cs(0.2)_ws(1.0)]",player_7aaf8980_actions,player_7aaf8980,"['player_7aaf8980', 'player_7aaf8980']",,,False
1445,plate,put down,Dispenser_40,Dispenser,40,put down plate on dispenser,player_e19db86f,baseline_division_of_labor,0b9d82ba9c68ff9a,493.00283854343854,40.468905690082295,3.0,0.0,1.0,0.2,1.0,"(2, 2)","[p(2, 2)_cs(1.0)_ws(0.2)]_[p(5, 2)_cs(0.2)_ws(1.0)]",player_e19db86f_actions,player_e19db86f,['player_e19db86f'],,,
1445,tomato,pick up,Dispenser_40,Dispenser,40,pick up tomato from dispenser,player_e19db86f,baseline_division_of_labor,0b9d82ba9c68ff9a,493.00283854343854,0.0,3.0,0.0,1.0,0.2,1.0,"(2, 2)","[p(2, 2)_cs(1.0)_ws(0.2)]_[p(5, 2)_cs(0.2)_ws(1.0)]",player_e19db86f_actions,,[],,,
1460,tomato_cut,assemble salad,Counter_32,Counter,32,assemble salad,player_7aaf8980,baseline_division_of_labor,0b9d82ba9c68ff9a,966.3341968125396,16.000000000000114,3.0,0.0,2.0,1.0,0.2,"(5, 2)","[p(2, 2)_cs(1.0)_ws(0.2)]_[p(5, 2)_cs(0.2)_ws(1.0)]",player_7aaf8980_actions,player_7aaf8980,['player_7aaf8980'],"['player_7aaf8980', 'player_7aaf8980', 'player_7aaf8980']",['player_7aaf8980'],False
1474,tomato_salad,pick up,Counter_32,Counter,32,pick up tomato_salad from counter,player_7aaf8980,baseline_division_of_labor,0b9d82ba9c68ff9a,966.3341968125396,0.0,3.0,0.0,2.0,1.0,0.2,"(5, 2)","[p(2, 2)_cs(1.0)_ws(0.2)]_[p(5, 2)_cs(0.2)_ws(1.0)]",player_7aaf8980_actions,player_7aaf8980,['player_7aaf8980'],"['player_7aaf8980', 'player_7aaf8980', 'player_7aaf8980']",['player_7aaf8980'],False
1507,tomato_salad,deliver,Delivery_63,Delivery,63,deliver tomato_salad,player_7aaf8980,baseline_division_of_labor,0b9d82ba9c68ff9a,1011.5890308084792,45.254833995939634,4.0,1.0,3.0,1.0,0.2,"(5, 2)","[p(2, 2)_cs(1.0)_ws(0.2)]_[p(5, 2)_cs(0.2)_ws(1.0)]",player_7aaf8980_actions,player_7aaf8980,"['player_7aaf8980', 'player_7aaf8980']","['player_7aaf8980', 'player_7aaf8980', 'player_7aaf8980']",['player_7aaf8980'],
1536,tomato,pick up,Dispenser_50,Dispenser,50,pick up tomato from dispenser,player_7aaf8980,baseline_division_of_labor,0b9d82ba9c68ff9a,1043.5890308084786,31.99999999999932,4.0,0.0,3.0,1.0,0.2,"(5, 2)","[p(2, 2)_cs(1.0)_ws(0.2)]_[p(5, 2)_cs(0.2)_ws(1.0)]",player_7aaf8980_actions,,[],,,
1555,tomato,start cutting,CuttingBoard_20,CuttingBoard,20,start cutting tomato,player_e19db86f,baseline_division_of_labor,0b9d82ba9c68ff9a,525.0028385434372,31.999999999998636,4.0,0.0,1.0,0.2,1.0,"(2, 2)","[p(2, 2)_cs(1.0)_ws(0.2)]_[p(5, 2)_cs(0.2)_ws(1.0)]",player_e19db86f_actions,player_e19db86f,['player_e19db86f'],,,
1592,tomato,start cutting,CuttingBoard_10,CuttingBoard,10,start cutting tomato,player_7aaf8980,baseline_division_of_labor,0b9d82ba9c68ff9a,1107.5890308084763,63.999999999997726,4.0,0.0,3.0,1.0,0.2,"(5, 2)","[p(2, 2)_cs(1.0)_ws(0.2)]_[p(5, 2)_cs(0.2)_ws(1.0)]",player_7aaf8980_actions,player_7aaf8980,['player_7aaf8980'],,,
1613,tomato_cut,pick up,CuttingBoard_20,CuttingBoard,20,pick up tomato_cut from cuttingboard,player_e19db86f,baseline_division_of_labor,0b9d82ba9c68ff9a,525.0028385434372,0.0,4.0,0.0,1.0,0.2,1.0,"(2, 2)","[p(2, 2)_cs(1.0)_ws(0.2)]_[p(5, 2)_cs(0.2)_ws(1.0)]",player_e19db86f_actions,player_e19db86f,['player_e19db86f'],,,False
1657,tomato_cut,put down,Counter_32,Counter,32,put down tomato_cut on counter,player_e19db86f,baseline_division_of_labor,0b9d82ba9c68ff9a,541.0028385434363,15.99999999999909,4.0,0.0,1.0,0.2,1.0,"(2, 2)","[p(2, 2)_cs(1.0)_ws(0.2)]_[p(5, 2)_cs(0.2)_ws(1.0)]",player_e19db86f_actions,player_e19db86f,"['player_e19db86f', 'player_e19db86f']",,,
1762,plate,pick up,Dispenser_71,Dispenser,71,pick up plate from dispenser,player_e19db86f,baseline_division_of_labor,0b9d82ba9c68ff9a,589.0028385434358,47.999999999999545,4.0,0.0,1.0,0.2,1.0,"(2, 2)","[p(2, 2)_cs(1.0)_ws(0.2)]_[p(5, 2)_cs(0.2)_ws(1.0)]",player_e19db86f_actions,,[],,,
1819,plate,pick up,Dispenser_60,Dispenser,60,pick up plate from dispenser,player_7aaf8980,baseline_division_of_labor,0b9d82ba9c68ff9a,1187.5890308084731,79.99999999999682,4.0,0.0,3.0,1.0,0.2,"(5, 2)","[p(2, 2)_cs(1.0)_ws(0.2)]_[p(5, 2)_cs(0.2)_ws(1.0)]",player_7aaf8980_actions,,[],,,
1871,plate,put down,Counter_33,Counter,33,put down plate on counter,player_e19db86f,baseline_division_of_labor,0b9d82ba9c68ff9a,634.2576725393716,45.25483399593577,4.0,0.0,1.0,0.2,1.0,"(2, 2)","[p(2, 2)_cs(1.0)_ws(0.2)]_[p(5, 2)_cs(0.2)_ws(1.0)]",player_e19db86f_actions,player_e19db86f,['player_e19db86f'],,,
1872,plate,put down,CuttingBoard_10,CuttingBoard,10,put down plate on cuttingboard,player_7aaf8980,baseline_division_of_labor,0b9d82ba9c68ff9a,1267.58903080847,79.99999999999682,4.0,0.0,3.0,1.0,0.2,"(5, 2)","[p(2, 2)_cs(1.0)_ws(0.2)]_[p(5, 2)_cs(0.2)_ws(1.0)]",player_7aaf8980_actions,player_7aaf8980,['player_7aaf8980'],,,
1872,tomato_cut,pick up,CuttingBoard_10,CuttingBoard,10,pick up tomato_cut from cuttingboard,player_7aaf8980,baseline_division_of_labor,0b9d82ba9c68ff9a,1267.58903080847,0.0,4.0,0.0,3.0,1.0,0.2,"(5, 2)","[p(2, 2)_cs(1.0)_ws(0.2)]_[p(5, 2)_cs(0.2)_ws(1.0)]",player_7aaf8980_actions,player_7aaf8980,['player_7aaf8980'],,,False
1999,tomato,pick up,Dispenser_40,Dispenser,40,pick up tomato from dispenser,player_e19db86f,baseline_division_of_labor,0b9d82ba9c68ff9a,666.25767253937,31.99999999999841,4.0,0.0,1.0,0.2,1.0,"(2, 2)","[p(2, 2)_cs(1.0)_ws(0.2)]_[p(5, 2)_cs(0.2)_ws(1.0)]",player_e19db86f_actions,,[],,,
2012,tomato_cut,put down,Counter_34,Counter,34,put down tomato_cut on counter,player_7aaf8980,baseline_division_of_labor,0b9d82ba9c68ff9a,1322.0187882827415,54.42975747427158,4.0,0.0,3.0,1.0,0.2,"(5, 2)","[p(2, 2)_cs(1.0)_ws(0.2)]_[p(5, 2)_cs(0.2)_ws(1.0)]",player_7aaf8980_actions,player_7aaf8980,"['player_7aaf8980', 'player_7aaf8980']",,,
2064,plate,pick up,Dispenser_60,Dispenser,60,pick up plate from dispenser,player_7aaf8980,baseline_division_of_labor,0b9d82ba9c68ff9a,1424.209078712701,102.19029042995952,4.0,0.0,3.0,1.0,0.2,"(5, 2)","[p(2, 2)_cs(1.0)_ws(0.2)]_[p(5, 2)_cs(0.2)_ws(1.0)]",player_7aaf8980_actions,,[],,,
2092,plate,assemble salad,Counter_32,Counter,32,assemble salad,player_7aaf8980,baseline_division_of_labor,0b9d82ba9c68ff9a,1462.6161413794653,38.407062666764205,4.0,0.0,3.0,1.0,0.2,"(5, 2)","[p(2, 2)_cs(1.0)_ws(0.2)]_[p(5, 2)_cs(0.2)_ws(1.0)]",player_7aaf8980_actions,player_e19db86f,['player_7aaf8980'],"['player_e19db86f', 'player_e19db86f']",['player_7aaf8980'],True
2110,tomato_salad,pick up,Counter_32,Counter,32,pick up tomato_salad from counter,player_7aaf8980,baseline_division_of_labor,0b9d82ba9c68ff9a,1462.6161413794653,0.0,4.0,0.0,3.0,1.0,0.2,"(5, 2)","[p(2, 2)_cs(1.0)_ws(0.2)]_[p(5, 2)_cs(0.2)_ws(1.0)]",player_7aaf8980_actions,player_7aaf8980,['player_7aaf8980'],"['player_e19db86f', 'player_e19db86f']",['player_7aaf8980'],False
2122,tomato,start cutting,CuttingBoard_10,CuttingBoard,10,start cutting tomato,player_e19db86f,baseline_division_of_labor,0b9d82ba9c68ff9a,714.257672539368,47.999999999997954,4.0,0.0,1.0,0.2,1.0,"(2, 2)","[p(2, 2)_cs(1.0)_ws(0.2)]_[p(5, 2)_cs(0.2)_ws(1.0)]",player_e19db86f_actions,player_e19db86f,['player_e19db86f'],,,
2135,tomato_salad,deliver,Delivery_63,Delivery,63,deliver tomato_salad,player_7aaf8980,baseline_division_of_labor,0b9d82ba9c68ff9a,1485.2435583774345,22.62741699796902,5.0,1.0,4.0,1.0,0.2,"(5, 2)","[p(2, 2)_cs(1.0)_ws(0.2)]_[p(5, 2)_cs(0.2)_ws(1.0)]",player_7aaf8980_actions,player_7aaf8980,"['player_7aaf8980', 'player_7aaf8980']","['player_e19db86f', 'player_e19db86f']",['player_7aaf8980'],
