{"agents": {"player_e19db86f": {"initial_state": {"agent_id": "player_e19db86f", "x": 40, "y": 40, "item": null, "url_params": {"gameType": ["tomatoSaladOnly"], "PROLIFIC_PID": ["62e18e19076f2303d7e59e7e"], "map": ["baseline_division_of_labor"], "cutting_speed_p1": ["1"], "walking_speed_p1": ["0.2"], "cutting_speed_p2": ["0.2"], "walking_speed_p2": ["1"], "slot_x_p1": ["2"], "slot_y_p1": ["2"], "slot_x_p2": ["5"], "slot_y_p2": ["2"], "EIO": ["4"], "transport": ["polling"], "t": ["PZzkTeX"]}, "cut_speed": 1.0, "walk_speed": 6.0, "player_nr": 1}, "player_score": 1.0, "total_actions": 20, "first_action_tick": 210, "last_action_tick": 2122}, "player_7aaf8980": {"initial_state": {"agent_id": "player_7aaf8980", "x": 88, "y": 40, "item": null, "url_params": {"gameType": ["tomatoSaladOnly"], "PROLIFIC_PID": ["5d982c7ef65bb80019cc6731"], "map": ["baseline_division_of_labor"], "cutting_speed_p1": ["1"], "walking_speed_p1": ["0.2"], "cutting_speed_p2": ["0.2"], "walking_speed_p2": ["1"], "slot_x_p1": ["2"], "slot_y_p1": ["2"], "slot_x_p2": ["5"], "slot_y_p2": ["2"], "EIO": ["4"], "transport": ["polling"], "t": ["PZzkWyq"]}, "cut_speed": 0.2, "walk_speed": 30.0, "player_nr": 2}, "player_score": 4.0, "total_actions": 38, "first_action_tick": 74, "last_action_tick": 2135}}, "map_name": "baseline_division_of_labor", "final_score": 5.0}