tick,item,action,target,target_type,target_position,action_long,player_id,map_name,game_id,distance_walked,distance_walked_since_last_action,overall_score,player_score_change,player_score,walking_speed,cutting_speed,start_pos,condition
210,tomato,pick up,Counter_32,Counter,32,pick up tomato from counter,player_e19db86f,baseline_division_of_labor,0b9d82ba9c68ff9a,0.0,0.0,0.0,0.0,0.0,0.2,1.0,"(2, 2)","[p(2, 2)_cs(1.0)_ws(0.2)]_[p(5, 2)_cs(0.2)_ws(1.0)]"
272,tomato,start cutting,CuttingBoard_10,CuttingBoard,10,start cutting tomato,player_e19db86f,baseline_division_of_labor,0b9d82ba9c68ff9a,22.627416997969497,22.627416997969497,0.0,0.0,0.0,0.2,1.0,"(2, 2)","[p(2, 2)_cs(1.0)_ws(0.2)]_[p(5, 2)_cs(0.2)_ws(1.0)]"
468,plate,pick up,Dispenser_71,Dispenser,71,pick up plate from dispenser,player_e19db86f,baseline_division_of_labor,0b9d82ba9c68ff9a,102.6274169979695,80.0,0.0,0.0,0.0,0.2,1.0,"(2, 2)","[p(2, 2)_cs(1.0)_ws(0.2)]_[p(5, 2)_cs(0.2)_ws(1.0)]"
645,plate,put down,Counter_34,Counter,34,put down plate on counter,player_e19db86f,baseline_division_of_labor,0b9d82ba9c68ff9a,163.68377769792937,61.05636069995987,1.0,0.0,0.0,0.2,1.0,"(2, 2)","[p(2, 2)_cs(1.0)_ws(0.2)]_[p(5, 2)_cs(0.2)_ws(1.0)]"
859,tomato_cut,pick up,CuttingBoard_10,CuttingBoard,10,pick up tomato_cut from cuttingboard,player_e19db86f,baseline_division_of_labor,0b9d82ba9c68ff9a,250.0988246247706,86.41504692684123,1.0,0.0,0.0,0.2,1.0,"(2, 2)","[p(2, 2)_cs(1.0)_ws(0.2)]_[p(5, 2)_cs(0.2)_ws(1.0)]"
979,tomato_cut,assemble salad,Counter_34,Counter,34,assemble salad,player_e19db86f,baseline_division_of_labor,0b9d82ba9c68ff9a,304.63219074384136,54.53336611907076,1.0,0.0,0.0,0.2,1.0,"(2, 2)","[p(2, 2)_cs(1.0)_ws(0.2)]_[p(5, 2)_cs(0.2)_ws(1.0)]"
1001,tomato_salad,pick up,Counter_34,Counter,34,pick up tomato_salad from counter,player_e19db86f,baseline_division_of_labor,0b9d82ba9c68ff9a,314.63219074383227,9.999999999990905,1.0,0.0,0.0,0.2,1.0,"(2, 2)","[p(2, 2)_cs(1.0)_ws(0.2)]_[p(5, 2)_cs(0.2)_ws(1.0)]"
1008,tomato_salad,put down,Counter_34,Counter,34,put down tomato_salad on counter,player_e19db86f,baseline_division_of_labor,0b9d82ba9c68ff9a,314.63219074383227,0.0,1.0,0.0,0.0,0.2,1.0,"(2, 2)","[p(2, 2)_cs(1.0)_ws(0.2)]_[p(5, 2)_cs(0.2)_ws(1.0)]"
1025,tomato_salad,pick up,Counter_34,Counter,34,pick up tomato_salad from counter,player_e19db86f,baseline_division_of_labor,0b9d82ba9c68ff9a,314.63219074383227,0.0,1.0,0.0,0.0,0.2,1.0,"(2, 2)","[p(2, 2)_cs(1.0)_ws(0.2)]_[p(5, 2)_cs(0.2)_ws(1.0)]"
1203,tomato_salad,deliver,Delivery_64,Delivery,64,deliver tomato_salad,player_e19db86f,baseline_division_of_labor,0b9d82ba9c68ff9a,398.0005667342876,83.36837599045532,3.0,1.0,1.0,0.2,1.0,"(2, 2)","[p(2, 2)_cs(1.0)_ws(0.2)]_[p(5, 2)_cs(0.2)_ws(1.0)]"
1321,plate,pick up,Dispenser_71,Dispenser,71,pick up plate from dispenser,player_e19db86f,baseline_division_of_labor,0b9d82ba9c68ff9a,452.53393285335625,54.53336611906866,3.0,0.0,1.0,0.2,1.0,"(2, 2)","[p(2, 2)_cs(1.0)_ws(0.2)]_[p(5, 2)_cs(0.2)_ws(1.0)]"
1445,plate,put down,Dispenser_40,Dispenser,40,put down plate on dispenser,player_e19db86f,baseline_division_of_labor,0b9d82ba9c68ff9a,493.00283854343854,40.468905690082295,3.0,0.0,1.0,0.2,1.0,"(2, 2)","[p(2, 2)_cs(1.0)_ws(0.2)]_[p(5, 2)_cs(0.2)_ws(1.0)]"
1445,tomato,pick up,Dispenser_40,Dispenser,40,pick up tomato from dispenser,player_e19db86f,baseline_division_of_labor,0b9d82ba9c68ff9a,493.00283854343854,0.0,3.0,0.0,1.0,0.2,1.0,"(2, 2)","[p(2, 2)_cs(1.0)_ws(0.2)]_[p(5, 2)_cs(0.2)_ws(1.0)]"
1555,tomato,start cutting,CuttingBoard_20,CuttingBoard,20,start cutting tomato,player_e19db86f,baseline_division_of_labor,0b9d82ba9c68ff9a,525.0028385434372,31.999999999998636,4.0,0.0,1.0,0.2,1.0,"(2, 2)","[p(2, 2)_cs(1.0)_ws(0.2)]_[p(5, 2)_cs(0.2)_ws(1.0)]"
1613,tomato_cut,pick up,CuttingBoard_20,CuttingBoard,20,pick up tomato_cut from cuttingboard,player_e19db86f,baseline_division_of_labor,0b9d82ba9c68ff9a,525.0028385434372,0.0,4.0,0.0,1.0,0.2,1.0,"(2, 2)","[p(2, 2)_cs(1.0)_ws(0.2)]_[p(5, 2)_cs(0.2)_ws(1.0)]"
1657,tomato_cut,put down,Counter_32,Counter,32,put down tomato_cut on counter,player_e19db86f,baseline_division_of_labor,0b9d82ba9c68ff9a,541.0028385434363,15.99999999999909,4.0,0.0,1.0,0.2,1.0,"(2, 2)","[p(2, 2)_cs(1.0)_ws(0.2)]_[p(5, 2)_cs(0.2)_ws(1.0)]"
1762,plate,pick up,Dispenser_71,Dispenser,71,pick up plate from dispenser,player_e19db86f,baseline_division_of_labor,0b9d82ba9c68ff9a,589.0028385434358,47.999999999999545,4.0,0.0,1.0,0.2,1.0,"(2, 2)","[p(2, 2)_cs(1.0)_ws(0.2)]_[p(5, 2)_cs(0.2)_ws(1.0)]"
1871,plate,put down,Counter_33,Counter,33,put down plate on counter,player_e19db86f,baseline_division_of_labor,0b9d82ba9c68ff9a,634.2576725393716,45.25483399593577,4.0,0.0,1.0,0.2,1.0,"(2, 2)","[p(2, 2)_cs(1.0)_ws(0.2)]_[p(5, 2)_cs(0.2)_ws(1.0)]"
1999,tomato,pick up,Dispenser_40,Dispenser,40,pick up tomato from dispenser,player_e19db86f,baseline_division_of_labor,0b9d82ba9c68ff9a,666.25767253937,31.99999999999841,4.0,0.0,1.0,0.2,1.0,"(2, 2)","[p(2, 2)_cs(1.0)_ws(0.2)]_[p(5, 2)_cs(0.2)_ws(1.0)]"
2122,tomato,start cutting,CuttingBoard_10,CuttingBoard,10,start cutting tomato,player_e19db86f,baseline_division_of_labor,0b9d82ba9c68ff9a,714.257672539368,47.999999999997954,4.0,0.0,1.0,0.2,1.0,"(2, 2)","[p(2, 2)_cs(1.0)_ws(0.2)]_[p(5, 2)_cs(0.2)_ws(1.0)]"
