{"agents": {"player_62994cbf": {"initial_state": {"agent_id": "player_62994cbf", "x": 40, "y": 40, "item": null, "url_params": {"gameType": ["tomatoSaladOnly"], "PROLIFIC_PID": ["604e7009ec21c0e9b6990c6f"], "map": ["baseline_division_of_labor"], "cutting_speed_p1": ["1"], "walking_speed_p1": ["1"], "cutting_speed_p2": ["1"], "walking_speed_p2": ["1"], "slot_x_p1": ["2"], "slot_y_p1": ["2"], "slot_x_p2": ["5"], "slot_y_p2": ["2"], "EIO": ["4"], "transport": ["polling"], "t": ["PZy3bFT"]}, "cut_speed": 1.0, "walk_speed": 30.0, "player_nr": 1}, "player_score": 3.0, "total_actions": 48, "first_action_tick": 133, "last_action_tick": 2141}, "player_9ce0c10f": {"initial_state": {"agent_id": "player_9ce0c10f", "x": 88, "y": 40, "item": null, "url_params": {"gameType": ["tomatoSaladOnly"], "PROLIFIC_PID": ["59ff8226ab721b0001ef6e61"], "map": ["baseline_division_of_labor"], "cutting_speed_p1": ["1"], "walking_speed_p1": ["1"], "cutting_speed_p2": ["1"], "walking_speed_p2": ["1"], "slot_x_p1": ["2"], "slot_y_p1": ["2"], "slot_x_p2": ["5"], "slot_y_p2": ["2"], "EIO": ["4"], "transport": ["polling"], "t": ["PZy3Y6Q"]}, "cut_speed": 1.0, "walk_speed": 30.0, "player_nr": 2}, "player_score": 4.0, "total_actions": 40, "first_action_tick": 145, "last_action_tick": 2130}}, "map_name": "baseline_division_of_labor", "final_score": 7.0}