tick,item,action,target,target_type,target_position,action_long,player_id,map_name,game_id,distance_walked,distance_walked_since_last_action,overall_score,player_score_change,player_score,walking_speed,cutting_speed,start_pos,condition
145,tomato,pick up,Dispenser_50,Dispenser,50,pick up tomato from dispenser,player_9ce0c10f,baseline_division_of_labor,edc0a553f788b5ff,16.0,0.0,0.0,0.0,0.0,1.0,1.0,"(5, 2)","[p(2, 2)_cs(1.0)_ws(1.0)]_[p(5, 2)_cs(1.0)_ws(1.0)]"
206,tomato,put down,CuttingBoard_20,CuttingBoard,20,put down tomato on cuttingboard,player_9ce0c10f,baseline_division_of_labor,edc0a553f788b5ff,64.0,48.0,0.0,0.0,0.0,1.0,1.0,"(5, 2)","[p(2, 2)_cs(1.0)_ws(1.0)]_[p(5, 2)_cs(1.0)_ws(1.0)]"
206,tomato_cut,pick up,CuttingBoard_20,CuttingBoard,20,pick up tomato_cut from cuttingboard,player_9ce0c10f,baseline_division_of_labor,edc0a553f788b5ff,64.0,0.0,0.0,0.0,0.0,1.0,1.0,"(5, 2)","[p(2, 2)_cs(1.0)_ws(1.0)]_[p(5, 2)_cs(1.0)_ws(1.0)]"
422,tomato_cut,put down,Dispenser_60,Dispenser,60,put down tomato_cut on dispenser,player_9ce0c10f,baseline_division_of_labor,edc0a553f788b5ff,160.0,96.0,0.0,0.0,0.0,1.0,1.0,"(5, 2)","[p(2, 2)_cs(1.0)_ws(1.0)]_[p(5, 2)_cs(1.0)_ws(1.0)]"
422,plate,pick up,Dispenser_60,Dispenser,60,pick up plate from dispenser,player_9ce0c10f,baseline_division_of_labor,edc0a553f788b5ff,160.0,0.0,0.0,0.0,0.0,1.0,1.0,"(5, 2)","[p(2, 2)_cs(1.0)_ws(1.0)]_[p(5, 2)_cs(1.0)_ws(1.0)]"
466,plate,put down,Counter_32,Counter,32,put down plate on counter,player_9ce0c10f,baseline_division_of_labor,edc0a553f788b5ff,198.40706266676497,38.40706266676497,0.0,0.0,0.0,1.0,1.0,"(5, 2)","[p(2, 2)_cs(1.0)_ws(1.0)]_[p(5, 2)_cs(1.0)_ws(1.0)]"
535,tomato_cut,pick up,CuttingBoard_20,CuttingBoard,20,pick up tomato_cut from cuttingboard,player_9ce0c10f,baseline_division_of_labor,edc0a553f788b5ff,236.91398939166152,38.506926724896545,0.0,0.0,0.0,1.0,1.0,"(5, 2)","[p(2, 2)_cs(1.0)_ws(1.0)]_[p(5, 2)_cs(1.0)_ws(1.0)]"
559,tomato_cut,assemble salad,Counter_32,Counter,32,assemble salad,player_9ce0c10f,baseline_division_of_labor,edc0a553f788b5ff,252.91398939166152,16.0,0.0,0.0,0.0,1.0,1.0,"(5, 2)","[p(2, 2)_cs(1.0)_ws(1.0)]_[p(5, 2)_cs(1.0)_ws(1.0)]"
592,tomato_salad,pick up,Counter_32,Counter,32,pick up tomato_salad from counter,player_9ce0c10f,baseline_division_of_labor,edc0a553f788b5ff,252.91398939166152,0.0,0.0,0.0,0.0,1.0,1.0,"(5, 2)","[p(2, 2)_cs(1.0)_ws(1.0)]_[p(5, 2)_cs(1.0)_ws(1.0)]"
647,tomato_salad,put down,Dispenser_71,Dispenser,71,put down tomato_salad on dispenser,player_9ce0c10f,baseline_division_of_labor,edc0a553f788b5ff,300.9139893916615,48.0,0.0,0.0,0.0,1.0,1.0,"(5, 2)","[p(2, 2)_cs(1.0)_ws(1.0)]_[p(5, 2)_cs(1.0)_ws(1.0)]"
647,plate,pick up,Dispenser_71,Dispenser,71,pick up plate from dispenser,player_9ce0c10f,baseline_division_of_labor,edc0a553f788b5ff,300.9139893916615,0.0,0.0,0.0,0.0,1.0,1.0,"(5, 2)","[p(2, 2)_cs(1.0)_ws(1.0)]_[p(5, 2)_cs(1.0)_ws(1.0)]"
778,plate,put down,Dispenser_40,Dispenser,40,put down plate on dispenser,player_9ce0c10f,baseline_division_of_labor,edc0a553f788b5ff,355.3210520584267,54.40706266676517,0.0,0.0,0.0,1.0,1.0,"(5, 2)","[p(2, 2)_cs(1.0)_ws(1.0)]_[p(5, 2)_cs(1.0)_ws(1.0)]"
778,tomato,pick up,Dispenser_40,Dispenser,40,pick up tomato from dispenser,player_9ce0c10f,baseline_division_of_labor,edc0a553f788b5ff,355.3210520584267,0.0,0.0,0.0,0.0,1.0,1.0,"(5, 2)","[p(2, 2)_cs(1.0)_ws(1.0)]_[p(5, 2)_cs(1.0)_ws(1.0)]"
820,tomato,start cutting,CuttingBoard_20,CuttingBoard,20,start cutting tomato,player_9ce0c10f,baseline_division_of_labor,edc0a553f788b5ff,387.32105205842686,32.00000000000017,1.0,0.0,0.0,1.0,1.0,"(5, 2)","[p(2, 2)_cs(1.0)_ws(1.0)]_[p(5, 2)_cs(1.0)_ws(1.0)]"
891,tomato_cut,pick up,CuttingBoard_20,CuttingBoard,20,pick up tomato_cut from cuttingboard,player_9ce0c10f,baseline_division_of_labor,edc0a553f788b5ff,387.32105205842686,0.0,1.0,0.0,0.0,1.0,1.0,"(5, 2)","[p(2, 2)_cs(1.0)_ws(1.0)]_[p(5, 2)_cs(1.0)_ws(1.0)]"
961,tomato_cut,assemble salad,Counter_34,Counter,34,assemble salad,player_9ce0c10f,baseline_division_of_labor,edc0a553f788b5ff,435.3210520584273,48.000000000000455,1.0,0.0,0.0,1.0,1.0,"(5, 2)","[p(2, 2)_cs(1.0)_ws(1.0)]_[p(5, 2)_cs(1.0)_ws(1.0)]"
983,tomato_salad,pick up,Counter_34,Counter,34,pick up tomato_salad from counter,player_9ce0c10f,baseline_division_of_labor,edc0a553f788b5ff,435.3210520584273,0.0,1.0,0.0,0.0,1.0,1.0,"(5, 2)","[p(2, 2)_cs(1.0)_ws(1.0)]_[p(5, 2)_cs(1.0)_ws(1.0)]"
1133,tomato_salad,deliver,Delivery_64,Delivery,64,deliver tomato_salad,player_9ce0c10f,baseline_division_of_labor,edc0a553f788b5ff,518.0964915617731,82.77543950334575,2.0,1.0,1.0,1.0,1.0,"(5, 2)","[p(2, 2)_cs(1.0)_ws(1.0)]_[p(5, 2)_cs(1.0)_ws(1.0)]"
1205,tomato,pick up,Dispenser_40,Dispenser,40,pick up tomato from dispenser,player_9ce0c10f,baseline_division_of_labor,edc0a553f788b5ff,572.515863205022,54.41937164324895,2.0,0.0,1.0,1.0,1.0,"(5, 2)","[p(2, 2)_cs(1.0)_ws(1.0)]_[p(5, 2)_cs(1.0)_ws(1.0)]"
1246,tomato,start cutting,CuttingBoard_20,CuttingBoard,20,start cutting tomato,player_9ce0c10f,baseline_division_of_labor,edc0a553f788b5ff,604.5158632050222,32.00000000000023,2.0,0.0,1.0,1.0,1.0,"(5, 2)","[p(2, 2)_cs(1.0)_ws(1.0)]_[p(5, 2)_cs(1.0)_ws(1.0)]"
1315,plate,pick up,Dispenser_71,Dispenser,71,pick up plate from dispenser,player_9ce0c10f,baseline_division_of_labor,edc0a553f788b5ff,668.5158632050225,64.00000000000023,3.0,0.0,1.0,1.0,1.0,"(5, 2)","[p(2, 2)_cs(1.0)_ws(1.0)]_[p(5, 2)_cs(1.0)_ws(1.0)]"
1353,plate,put down,Counter_32,Counter,32,put down plate on counter,player_9ce0c10f,baseline_division_of_labor,edc0a553f788b5ff,706.9229258717872,38.40706266676477,3.0,0.0,1.0,1.0,1.0,"(5, 2)","[p(2, 2)_cs(1.0)_ws(1.0)]_[p(5, 2)_cs(1.0)_ws(1.0)]"
1396,tomato_cut,pick up,CuttingBoard_20,CuttingBoard,20,pick up tomato_cut from cuttingboard,player_9ce0c10f,baseline_division_of_labor,edc0a553f788b5ff,745.4298525966841,38.50692672489686,3.0,0.0,1.0,1.0,1.0,"(5, 2)","[p(2, 2)_cs(1.0)_ws(1.0)]_[p(5, 2)_cs(1.0)_ws(1.0)]"
1424,tomato_cut,assemble salad,Counter_32,Counter,32,assemble salad,player_9ce0c10f,baseline_division_of_labor,edc0a553f788b5ff,761.4298525966842,16.000000000000114,3.0,0.0,1.0,1.0,1.0,"(5, 2)","[p(2, 2)_cs(1.0)_ws(1.0)]_[p(5, 2)_cs(1.0)_ws(1.0)]"
1443,tomato_salad,pick up,Counter_32,Counter,32,pick up tomato_salad from counter,player_9ce0c10f,baseline_division_of_labor,edc0a553f788b5ff,761.4298525966842,0.0,3.0,0.0,1.0,1.0,1.0,"(5, 2)","[p(2, 2)_cs(1.0)_ws(1.0)]_[p(5, 2)_cs(1.0)_ws(1.0)]"
1489,tomato_salad,deliver,Delivery_63,Delivery,63,deliver tomato_salad,player_9ce0c10f,baseline_division_of_labor,edc0a553f788b5ff,806.6846865926238,45.254833995939634,4.0,1.0,2.0,1.0,1.0,"(5, 2)","[p(2, 2)_cs(1.0)_ws(1.0)]_[p(5, 2)_cs(1.0)_ws(1.0)]"
1534,tomato,pick up,Dispenser_50,Dispenser,50,pick up tomato from dispenser,player_9ce0c10f,baseline_division_of_labor,edc0a553f788b5ff,838.6846865926242,32.00000000000034,4.0,0.0,2.0,1.0,1.0,"(5, 2)","[p(2, 2)_cs(1.0)_ws(1.0)]_[p(5, 2)_cs(1.0)_ws(1.0)]"
1576,tomato,start cutting,CuttingBoard_20,CuttingBoard,20,start cutting tomato,player_9ce0c10f,baseline_division_of_labor,edc0a553f788b5ff,886.6846865926244,48.00000000000023,4.0,0.0,2.0,1.0,1.0,"(5, 2)","[p(2, 2)_cs(1.0)_ws(1.0)]_[p(5, 2)_cs(1.0)_ws(1.0)]"
1626,tomato_cut,pick up,CuttingBoard_20,CuttingBoard,20,pick up tomato_cut from cuttingboard,player_9ce0c10f,baseline_division_of_labor,edc0a553f788b5ff,886.6846865926244,0.0,4.0,0.0,2.0,1.0,1.0,"(5, 2)","[p(2, 2)_cs(1.0)_ws(1.0)]_[p(5, 2)_cs(1.0)_ws(1.0)]"
1650,tomato_cut,assemble salad,Counter_32,Counter,32,assemble salad,player_9ce0c10f,baseline_division_of_labor,edc0a553f788b5ff,902.6846865926245,16.000000000000114,4.0,0.0,2.0,1.0,1.0,"(5, 2)","[p(2, 2)_cs(1.0)_ws(1.0)]_[p(5, 2)_cs(1.0)_ws(1.0)]"
1669,tomato_salad,pick up,Counter_32,Counter,32,pick up tomato_salad from counter,player_9ce0c10f,baseline_division_of_labor,edc0a553f788b5ff,902.6846865926245,0.0,4.0,0.0,2.0,1.0,1.0,"(5, 2)","[p(2, 2)_cs(1.0)_ws(1.0)]_[p(5, 2)_cs(1.0)_ws(1.0)]"
1709,tomato_salad,deliver,Delivery_63,Delivery,63,deliver tomato_salad,player_9ce0c10f,baseline_division_of_labor,edc0a553f788b5ff,947.9395205885642,45.254833995939634,5.0,1.0,3.0,1.0,1.0,"(5, 2)","[p(2, 2)_cs(1.0)_ws(1.0)]_[p(5, 2)_cs(1.0)_ws(1.0)]"
1760,tomato,pick up,Dispenser_50,Dispenser,50,pick up tomato from dispenser,player_9ce0c10f,baseline_division_of_labor,edc0a553f788b5ff,979.9395205885645,32.00000000000034,5.0,0.0,3.0,1.0,1.0,"(5, 2)","[p(2, 2)_cs(1.0)_ws(1.0)]_[p(5, 2)_cs(1.0)_ws(1.0)]"
1842,tomato,start cutting,CuttingBoard_10,CuttingBoard,10,start cutting tomato,player_9ce0c10f,baseline_division_of_labor,edc0a553f788b5ff,1043.9395205885642,63.99999999999966,5.0,0.0,3.0,1.0,1.0,"(5, 2)","[p(2, 2)_cs(1.0)_ws(1.0)]_[p(5, 2)_cs(1.0)_ws(1.0)]"
1891,tomato_cut,pick up,CuttingBoard_10,CuttingBoard,10,pick up tomato_cut from cuttingboard,player_9ce0c10f,baseline_division_of_labor,edc0a553f788b5ff,1043.9395205885642,0.0,6.0,0.0,3.0,1.0,1.0,"(5, 2)","[p(2, 2)_cs(1.0)_ws(1.0)]_[p(5, 2)_cs(1.0)_ws(1.0)]"
1929,tomato_cut,assemble salad,Counter_34,Counter,34,assemble salad,player_9ce0c10f,baseline_division_of_labor,edc0a553f788b5ff,1098.3692780628357,54.42975747427158,6.0,0.0,3.0,1.0,1.0,"(5, 2)","[p(2, 2)_cs(1.0)_ws(1.0)]_[p(5, 2)_cs(1.0)_ws(1.0)]"
1946,tomato_salad,pick up,Counter_34,Counter,34,pick up tomato_salad from counter,player_9ce0c10f,baseline_division_of_labor,edc0a553f788b5ff,1098.3692780628357,0.0,6.0,0.0,3.0,1.0,1.0,"(5, 2)","[p(2, 2)_cs(1.0)_ws(1.0)]_[p(5, 2)_cs(1.0)_ws(1.0)]"
1998,tomato_salad,deliver,Delivery_64,Delivery,64,deliver tomato_salad,player_9ce0c10f,baseline_division_of_labor,edc0a553f788b5ff,1181.1447175661804,82.77543950334461,7.0,1.0,4.0,1.0,1.0,"(5, 2)","[p(2, 2)_cs(1.0)_ws(1.0)]_[p(5, 2)_cs(1.0)_ws(1.0)]"
2087,plate,pick up,Counter_33,Counter,33,pick up plate from counter,player_9ce0c10f,baseline_division_of_labor,edc0a553f788b5ff,1289.8144209653442,108.66970339916384,7.0,0.0,4.0,1.0,1.0,"(5, 2)","[p(2, 2)_cs(1.0)_ws(1.0)]_[p(5, 2)_cs(1.0)_ws(1.0)]"
2130,plate,put down,Counter_33,Counter,33,put down plate on counter,player_9ce0c10f,baseline_division_of_labor,edc0a553f788b5ff,1289.8144209653442,0.0,7.0,0.0,4.0,1.0,1.0,"(5, 2)","[p(2, 2)_cs(1.0)_ws(1.0)]_[p(5, 2)_cs(1.0)_ws(1.0)]"
