{"agents": {"player_554e5dbc": {"initial_state": {"agent_id": "player_554e5dbc", "x": 40, "y": 40, "item": null, "url_params": {"gameType": ["tomatoSaladOnly"], "PROLIFIC_PID": ["66b2c5af02db82fc0cc8b4ee"], "map": ["baseline_division_of_labor"], "cutting_speed_p1": ["1"], "walking_speed_p1": ["1"], "cutting_speed_p2": ["1"], "walking_speed_p2": ["1"], "slot_x_p1": ["2"], "slot_y_p1": ["2"], "slot_x_p2": ["5"], "slot_y_p2": ["2"], "EIO": ["4"], "transport": ["polling"], "t": ["PZxzsKJ"]}, "cut_speed": 1.0, "walk_speed": 30.0, "player_nr": 1}, "player_score": 6.0, "total_actions": 68, "first_action_tick": 76, "last_action_tick": 2124}, "player_68a2d7f1": {"initial_state": {"agent_id": "player_68a2d7f1", "x": 88, "y": 40, "item": null, "url_params": {"gameType": ["tomatoSaladOnly"], "PROLIFIC_PID": ["65de3f6558e2556c9250e39e"], "map": ["baseline_division_of_labor"], "cutting_speed_p1": ["1"], "walking_speed_p1": ["1"], "cutting_speed_p2": ["1"], "walking_speed_p2": ["1"], "slot_x_p1": ["2"], "slot_y_p1": ["2"], "slot_x_p2": ["5"], "slot_y_p2": ["2"], "EIO": ["4"], "transport": ["polling"], "t": ["PZxzzFE"]}, "cut_speed": 1.0, "walk_speed": 30.0, "player_nr": 2}, "player_score": 6.0, "total_actions": 52, "first_action_tick": 54, "last_action_tick": 2156}}, "map_name": "baseline_division_of_labor", "final_score": 12.0}