tick,item,action,target,target_type,target_position,action_long,player_id,map_name,game_id,distance_walked,distance_walked_since_last_action,overall_score,player_score_change,player_score,walking_speed,cutting_speed,start_pos,condition,source,last_touched,touched_list,tomato_history,plate_history,is_exchange_collaboration
86,tomato,pick up,Dispenser_40,Dispenser,40,pick up tomato from dispenser,player_9bd0e97f,baseline_division_of_labor,9d1f9538004d4406,37.457720501264184,0.0,0.0,0.0,0.0,0.5,1.0,"(2, 2)","[p(2, 2)_cs(1.0)_ws(0.5)]_[p(5, 2)_cs(0.5)_ws(1.0)]",player_9bd0e97f_actions,,[],,,
133,tomato,start cutting,CuttingBoard_20,CuttingBoard,20,start cutting tomato,player_9bd0e97f,baseline_division_of_labor,9d1f9538004d4406,69.45772050126419,32.00000000000001,0.0,0.0,0.0,0.5,1.0,"(2, 2)","[p(2, 2)_cs(1.0)_ws(0.5)]_[p(5, 2)_cs(0.5)_ws(1.0)]",player_9bd0e97f_actions,player_9bd0e97f,['player_9bd0e97f'],,,
231,plate,pick up,Dispenser_60,Dispenser,60,pick up plate from dispenser,player_9bd0e97f,baseline_division_of_labor,9d1f9538004d4406,179.2933093697977,109.8355888685335,0.0,0.0,0.0,0.5,1.0,"(2, 2)","[p(2, 2)_cs(1.0)_ws(0.5)]_[p(5, 2)_cs(0.5)_ws(1.0)]",player_9bd0e97f_actions,,[],,,
272,plate,put down,Counter_32,Counter,32,put down plate on counter,player_9bd0e97f,baseline_division_of_labor,9d1f9538004d4406,217.77653245557025,38.48322308577255,0.0,0.0,0.0,0.5,1.0,"(2, 2)","[p(2, 2)_cs(1.0)_ws(0.5)]_[p(5, 2)_cs(0.5)_ws(1.0)]",player_9bd0e97f_actions,player_9bd0e97f,['player_9bd0e97f'],,,
272,plate,pick up,Dispenser_60,Dispenser,60,pick up plate from dispenser,player_b377101b,baseline_division_of_labor,9d1f9538004d4406,67.88225099390854,0.0,0.0,0.0,0.0,1.0,0.5,"(5, 2)","[p(2, 2)_cs(1.0)_ws(0.5)]_[p(5, 2)_cs(0.5)_ws(1.0)]",player_b377101b_actions,,[],,,
304,plate,put down,Counter_33,Counter,33,put down plate on counter,player_b377101b,baseline_division_of_labor,9d1f9538004d4406,113.13708498984758,45.25483399593904,0.0,0.0,0.0,1.0,0.5,"(5, 2)","[p(2, 2)_cs(1.0)_ws(0.5)]_[p(5, 2)_cs(0.5)_ws(1.0)]",player_b377101b_actions,player_b377101b,['player_b377101b'],,,
339,plate,pick up,Dispenser_71,Dispenser,71,pick up plate from dispenser,player_b377101b,baseline_division_of_labor,9d1f9538004d4406,158.3919189857867,45.25483399593912,0.0,0.0,0.0,1.0,0.5,"(5, 2)","[p(2, 2)_cs(1.0)_ws(0.5)]_[p(5, 2)_cs(0.5)_ws(1.0)]",player_b377101b_actions,,[],,,
349,tomato_cut,pick up,CuttingBoard_20,CuttingBoard,20,pick up tomato_cut from cuttingboard,player_9bd0e97f,baseline_division_of_labor,9d1f9538004d4406,256.28576420187864,38.50923174630839,0.0,0.0,0.0,0.5,1.0,"(2, 2)","[p(2, 2)_cs(1.0)_ws(0.5)]_[p(5, 2)_cs(0.5)_ws(1.0)]",player_9bd0e97f_actions,player_9bd0e97f,['player_9bd0e97f'],,,False
379,plate,put down,Counter_34,Counter,34,put down plate on counter,player_b377101b,baseline_division_of_labor,9d1f9538004d4406,219.30810588832497,60.91618690253827,0.0,0.0,0.0,1.0,0.5,"(5, 2)","[p(2, 2)_cs(1.0)_ws(0.5)]_[p(5, 2)_cs(0.5)_ws(1.0)]",player_b377101b_actions,player_b377101b,['player_b377101b'],,,
381,tomato_cut,assemble salad,Counter_32,Counter,32,assemble salad,player_9bd0e97f,baseline_division_of_labor,9d1f9538004d4406,272.28576420187864,16.0,0.0,0.0,0.0,0.5,1.0,"(2, 2)","[p(2, 2)_cs(1.0)_ws(0.5)]_[p(5, 2)_cs(0.5)_ws(1.0)]",player_9bd0e97f_actions,player_9bd0e97f,['player_9bd0e97f'],"['player_9bd0e97f', 'player_9bd0e97f']",['player_9bd0e97f'],False
404,tomato_salad,pick up,Counter_32,Counter,32,pick up tomato_salad from counter,player_9bd0e97f,baseline_division_of_labor,9d1f9538004d4406,272.28576420187864,0.0,0.0,0.0,0.0,0.5,1.0,"(2, 2)","[p(2, 2)_cs(1.0)_ws(0.5)]_[p(5, 2)_cs(0.5)_ws(1.0)]",player_9bd0e97f_actions,player_9bd0e97f,['player_9bd0e97f'],"['player_9bd0e97f', 'player_9bd0e97f']",['player_9bd0e97f'],False
408,tomato_salad,put down,Counter_32,Counter,32,put down tomato_salad on counter,player_9bd0e97f,baseline_division_of_labor,9d1f9538004d4406,272.28576420187864,0.0,0.0,0.0,0.0,0.5,1.0,"(2, 2)","[p(2, 2)_cs(1.0)_ws(0.5)]_[p(5, 2)_cs(0.5)_ws(1.0)]",player_9bd0e97f_actions,player_9bd0e97f,"['player_9bd0e97f', 'player_9bd0e97f']","['player_9bd0e97f', 'player_9bd0e97f']",['player_9bd0e97f'],
414,tomato_salad,pick up,Counter_32,Counter,32,pick up tomato_salad from counter,player_b377101b,baseline_division_of_labor,9d1f9538004d4406,251.30810588832497,32.0,0.0,0.0,0.0,1.0,0.5,"(5, 2)","[p(2, 2)_cs(1.0)_ws(0.5)]_[p(5, 2)_cs(0.5)_ws(1.0)]",player_b377101b_actions,player_9bd0e97f,"['player_9bd0e97f', 'player_9bd0e97f']","['player_9bd0e97f', 'player_9bd0e97f']",['player_9bd0e97f'],True
434,tomato_salad,deliver,Delivery_63,Delivery,63,deliver tomato_salad,player_b377101b,baseline_division_of_labor,9d1f9538004d4406,273.93552288629445,22.627416997969476,1.0,1.0,1.0,1.0,0.5,"(5, 2)","[p(2, 2)_cs(1.0)_ws(0.5)]_[p(5, 2)_cs(0.5)_ws(1.0)]",player_b377101b_actions,player_b377101b,"['player_9bd0e97f', 'player_9bd0e97f', 'player_b377101b']","['player_9bd0e97f', 'player_9bd0e97f']",['player_9bd0e97f'],
456,tomato,pick up,Dispenser_50,Dispenser,50,pick up tomato from dispenser,player_9bd0e97f,baseline_division_of_labor,9d1f9538004d4406,320.03722899211454,47.7514647902359,1.0,0.0,0.0,0.5,1.0,"(2, 2)","[p(2, 2)_cs(1.0)_ws(0.5)]_[p(5, 2)_cs(0.5)_ws(1.0)]",player_9bd0e97f_actions,,[],,,
459,tomato,pick up,Dispenser_50,Dispenser,50,pick up tomato from dispenser,player_b377101b,baseline_division_of_labor,9d1f9538004d4406,305.93552288629473,32.000000000000284,1.0,0.0,1.0,1.0,0.5,"(5, 2)","[p(2, 2)_cs(1.0)_ws(0.5)]_[p(5, 2)_cs(0.5)_ws(1.0)]",player_b377101b_actions,,[],,,
502,tomato,start cutting,CuttingBoard_10,CuttingBoard,10,start cutting tomato,player_b377101b,baseline_division_of_labor,9d1f9538004d4406,369.93552288629513,64.0000000000004,1.0,0.0,1.0,1.0,0.5,"(5, 2)","[p(2, 2)_cs(1.0)_ws(0.5)]_[p(5, 2)_cs(0.5)_ws(1.0)]",player_b377101b_actions,player_b377101b,['player_b377101b'],,,
505,tomato,start cutting,CuttingBoard_20,CuttingBoard,20,start cutting tomato,player_9bd0e97f,baseline_division_of_labor,9d1f9538004d4406,368.03722899211454,48.0,1.0,0.0,0.0,0.5,1.0,"(2, 2)","[p(2, 2)_cs(1.0)_ws(0.5)]_[p(5, 2)_cs(0.5)_ws(1.0)]",player_9bd0e97f_actions,player_9bd0e97f,['player_9bd0e97f'],,,
560,tomato_cut,pick up,CuttingBoard_20,CuttingBoard,20,pick up tomato_cut from cuttingboard,player_9bd0e97f,baseline_division_of_labor,9d1f9538004d4406,368.03722899211454,0.0,1.0,0.0,0.0,0.5,1.0,"(2, 2)","[p(2, 2)_cs(1.0)_ws(0.5)]_[p(5, 2)_cs(0.5)_ws(1.0)]",player_9bd0e97f_actions,player_9bd0e97f,['player_9bd0e97f'],,,False
595,tomato_cut,pick up,CuttingBoard_10,CuttingBoard,10,pick up tomato_cut from cuttingboard,player_b377101b,baseline_division_of_labor,9d1f9538004d4406,369.93552288629513,0.0,1.0,0.0,1.0,1.0,0.5,"(5, 2)","[p(2, 2)_cs(1.0)_ws(0.5)]_[p(5, 2)_cs(0.5)_ws(1.0)]",player_b377101b_actions,player_b377101b,['player_b377101b'],,,False
603,tomato_cut,assemble salad,Counter_33,Counter,33,assemble salad,player_9bd0e97f,baseline_division_of_labor,9d1f9538004d4406,400.03722899211465,32.000000000000114,1.0,0.0,0.0,0.5,1.0,"(2, 2)","[p(2, 2)_cs(1.0)_ws(0.5)]_[p(5, 2)_cs(0.5)_ws(1.0)]",player_9bd0e97f_actions,player_b377101b,['player_9bd0e97f'],"['player_9bd0e97f', 'player_9bd0e97f']",['player_b377101b'],True
613,tomato_salad,pick up,Counter_33,Counter,33,pick up tomato_salad from counter,player_9bd0e97f,baseline_division_of_labor,9d1f9538004d4406,400.03722899211465,0.0,1.0,0.0,0.0,0.5,1.0,"(2, 2)","[p(2, 2)_cs(1.0)_ws(0.5)]_[p(5, 2)_cs(0.5)_ws(1.0)]",player_9bd0e97f_actions,player_9bd0e97f,['player_9bd0e97f'],"['player_9bd0e97f', 'player_9bd0e97f']",['player_b377101b'],False
622,tomato_salad,put down,Counter_33,Counter,33,put down tomato_salad on counter,player_9bd0e97f,baseline_division_of_labor,9d1f9538004d4406,400.03722899211465,0.0,1.0,0.0,0.0,0.5,1.0,"(2, 2)","[p(2, 2)_cs(1.0)_ws(0.5)]_[p(5, 2)_cs(0.5)_ws(1.0)]",player_9bd0e97f_actions,player_9bd0e97f,"['player_9bd0e97f', 'player_9bd0e97f']","['player_9bd0e97f', 'player_9bd0e97f']",['player_b377101b'],
665,tomato_salad,pick up,Counter_33,Counter,33,pick up tomato_salad from counter,player_9bd0e97f,baseline_division_of_labor,9d1f9538004d4406,443.55012259618854,43.512893604073895,1.0,0.0,0.0,0.5,1.0,"(2, 2)","[p(2, 2)_cs(1.0)_ws(0.5)]_[p(5, 2)_cs(0.5)_ws(1.0)]",player_9bd0e97f_actions,player_9bd0e97f,"['player_9bd0e97f', 'player_9bd0e97f']","['player_9bd0e97f', 'player_9bd0e97f']",['player_b377101b'],False
743,tomato_salad,deliver,Delivery_63,Delivery,63,deliver tomato_salad,player_9bd0e97f,baseline_division_of_labor,9d1f9538004d4406,526.688897675074,83.13877507888549,2.0,1.0,1.0,0.5,1.0,"(2, 2)","[p(2, 2)_cs(1.0)_ws(0.5)]_[p(5, 2)_cs(0.5)_ws(1.0)]",player_9bd0e97f_actions,player_9bd0e97f,"['player_9bd0e97f', 'player_9bd0e97f', 'player_9bd0e97f']","['player_9bd0e97f', 'player_9bd0e97f']",['player_b377101b'],
779,tomato,pick up,Dispenser_50,Dispenser,50,pick up tomato from dispenser,player_9bd0e97f,baseline_division_of_labor,9d1f9538004d4406,558.6888976750728,31.99999999999875,2.0,0.0,1.0,0.5,1.0,"(2, 2)","[p(2, 2)_cs(1.0)_ws(0.5)]_[p(5, 2)_cs(0.5)_ws(1.0)]",player_9bd0e97f_actions,,[],,,
812,tomato_cut,assemble salad,Counter_34,Counter,34,assemble salad,player_b377101b,baseline_division_of_labor,9d1f9538004d4406,461.9086263752812,91.97310348898606,2.0,0.0,1.0,1.0,0.5,"(5, 2)","[p(2, 2)_cs(1.0)_ws(0.5)]_[p(5, 2)_cs(0.5)_ws(1.0)]",player_b377101b_actions,player_b377101b,['player_b377101b'],"['player_b377101b', 'player_b377101b']",['player_b377101b'],False
824,tomato_salad,pick up,Counter_34,Counter,34,pick up tomato_salad from counter,player_b377101b,baseline_division_of_labor,9d1f9538004d4406,461.9086263752812,0.0,2.0,0.0,1.0,1.0,0.5,"(5, 2)","[p(2, 2)_cs(1.0)_ws(0.5)]_[p(5, 2)_cs(0.5)_ws(1.0)]",player_b377101b_actions,player_b377101b,['player_b377101b'],"['player_b377101b', 'player_b377101b']",['player_b377101b'],False
830,tomato,start cutting,CuttingBoard_20,CuttingBoard,20,start cutting tomato,player_9bd0e97f,baseline_division_of_labor,9d1f9538004d4406,606.6888976750707,47.999999999997954,2.0,0.0,1.0,0.5,1.0,"(2, 2)","[p(2, 2)_cs(1.0)_ws(0.5)]_[p(5, 2)_cs(0.5)_ws(1.0)]",player_9bd0e97f_actions,player_9bd0e97f,['player_9bd0e97f'],,,
843,tomato_salad,deliver,Delivery_64,Delivery,64,deliver tomato_salad,player_b377101b,baseline_division_of_labor,9d1f9538004d4406,477.9086263752812,16.0,3.0,1.0,2.0,1.0,0.5,"(5, 2)","[p(2, 2)_cs(1.0)_ws(0.5)]_[p(5, 2)_cs(0.5)_ws(1.0)]",player_b377101b_actions,player_b377101b,"['player_b377101b', 'player_b377101b']","['player_b377101b', 'player_b377101b']",['player_b377101b'],
931,plate,pick up,Dispenser_71,Dispenser,71,pick up plate from dispenser,player_9bd0e97f,baseline_division_of_labor,9d1f9538004d4406,700.6888976750733,94.0000000000026,3.0,0.0,1.0,0.5,1.0,"(2, 2)","[p(2, 2)_cs(1.0)_ws(0.5)]_[p(5, 2)_cs(0.5)_ws(1.0)]",player_9bd0e97f_actions,,[],,,
956,tomato,pick up,Dispenser_40,Dispenser,40,pick up tomato from dispenser,player_b377101b,baseline_division_of_labor,9d1f9538004d4406,532.3156890420457,54.407062666764546,3.0,0.0,2.0,1.0,0.5,"(5, 2)","[p(2, 2)_cs(1.0)_ws(0.5)]_[p(5, 2)_cs(0.5)_ws(1.0)]",player_b377101b_actions,,[],,,
971,plate,put down,Counter_32,Counter,32,put down plate on counter,player_9bd0e97f,baseline_division_of_labor,9d1f9538004d4406,739.1721207608454,38.48322308577201,3.0,0.0,1.0,0.5,1.0,"(2, 2)","[p(2, 2)_cs(1.0)_ws(0.5)]_[p(5, 2)_cs(0.5)_ws(1.0)]",player_9bd0e97f_actions,player_9bd0e97f,['player_9bd0e97f'],,,
1006,tomato,start cutting,CuttingBoard_10,CuttingBoard,10,start cutting tomato,player_b377101b,baseline_division_of_labor,9d1f9538004d4406,580.3156890420462,48.000000000000455,3.0,0.0,2.0,1.0,0.5,"(5, 2)","[p(2, 2)_cs(1.0)_ws(0.5)]_[p(5, 2)_cs(0.5)_ws(1.0)]",player_b377101b_actions,player_b377101b,['player_b377101b'],,,
1012,plate,pick up,Dispenser_60,Dispenser,60,pick up plate from dispenser,player_9bd0e97f,baseline_division_of_labor,9d1f9538004d4406,777.655343846617,38.48322308577167,3.0,0.0,1.0,0.5,1.0,"(2, 2)","[p(2, 2)_cs(1.0)_ws(0.5)]_[p(5, 2)_cs(0.5)_ws(1.0)]",player_9bd0e97f_actions,,[],,,
1098,plate,put down,Counter_33,Counter,33,put down plate on counter,player_9bd0e97f,baseline_division_of_labor,9d1f9538004d4406,872.9101778425457,95.25483399592872,3.0,0.0,1.0,0.5,1.0,"(2, 2)","[p(2, 2)_cs(1.0)_ws(0.5)]_[p(5, 2)_cs(0.5)_ws(1.0)]",player_9bd0e97f_actions,player_9bd0e97f,['player_9bd0e97f'],,,
1101,tomato_cut,pick up,CuttingBoard_10,CuttingBoard,10,pick up tomato_cut from cuttingboard,player_b377101b,baseline_division_of_labor,9d1f9538004d4406,580.3156890420462,0.0,3.0,0.0,2.0,1.0,0.5,"(5, 2)","[p(2, 2)_cs(1.0)_ws(0.5)]_[p(5, 2)_cs(0.5)_ws(1.0)]",player_b377101b_actions,player_b377101b,['player_b377101b'],,,False
1126,tomato_cut,assemble salad,Counter_32,Counter,32,assemble salad,player_b377101b,baseline_division_of_labor,9d1f9538004d4406,602.9431060400158,22.62741699796959,3.0,0.0,2.0,1.0,0.5,"(5, 2)","[p(2, 2)_cs(1.0)_ws(0.5)]_[p(5, 2)_cs(0.5)_ws(1.0)]",player_b377101b_actions,player_9bd0e97f,['player_b377101b'],"['player_b377101b', 'player_b377101b']",['player_9bd0e97f'],True
1145,plate,pick up,Dispenser_71,Dispenser,71,pick up plate from dispenser,player_9bd0e97f,baseline_division_of_labor,9d1f9538004d4406,918.1650118384836,45.254833995937815,3.0,0.0,1.0,0.5,1.0,"(2, 2)","[p(2, 2)_cs(1.0)_ws(0.5)]_[p(5, 2)_cs(0.5)_ws(1.0)]",player_9bd0e97f_actions,,[],,,
1195,tomato_cut,pick up,CuttingBoard_20,CuttingBoard,20,pick up tomato_cut from cuttingboard,player_b377101b,baseline_division_of_labor,9d1f9538004d4406,618.9431060400159,16.000000000000114,3.0,0.0,2.0,1.0,0.5,"(5, 2)","[p(2, 2)_cs(1.0)_ws(0.5)]_[p(5, 2)_cs(0.5)_ws(1.0)]",player_b377101b_actions,player_9bd0e97f,['player_9bd0e97f'],,,True
1206,plate,put down,Counter_34,Counter,34,put down plate on counter,player_9bd0e97f,baseline_division_of_labor,9d1f9538004d4406,979.1672734262612,61.00226158777764,3.0,0.0,1.0,0.5,1.0,"(2, 2)","[p(2, 2)_cs(1.0)_ws(0.5)]_[p(5, 2)_cs(0.5)_ws(1.0)]",player_9bd0e97f_actions,player_9bd0e97f,['player_9bd0e97f'],,,
1223,tomato_cut,assemble salad,Counter_33,Counter,33,assemble salad,player_b377101b,baseline_division_of_labor,9d1f9538004d4406,650.9431060400162,32.00000000000034,3.0,0.0,2.0,1.0,0.5,"(5, 2)","[p(2, 2)_cs(1.0)_ws(0.5)]_[p(5, 2)_cs(0.5)_ws(1.0)]",player_b377101b_actions,player_9bd0e97f,['player_b377101b'],"['player_9bd0e97f', 'player_b377101b']",['player_9bd0e97f'],True
1255,tomato,pick up,Dispenser_40,Dispenser,40,pick up tomato from dispenser,player_9bd0e97f,baseline_division_of_labor,9d1f9538004d4406,1027.1672734262595,47.999999999998295,3.0,0.0,1.0,0.5,1.0,"(2, 2)","[p(2, 2)_cs(1.0)_ws(0.5)]_[p(5, 2)_cs(0.5)_ws(1.0)]",player_9bd0e97f_actions,,[],,,
1257,tomato,pick up,Dispenser_40,Dispenser,40,pick up tomato from dispenser,player_b377101b,baseline_division_of_labor,9d1f9538004d4406,705.1114928686494,54.168386828633174,3.0,0.0,2.0,1.0,0.5,"(5, 2)","[p(2, 2)_cs(1.0)_ws(0.5)]_[p(5, 2)_cs(0.5)_ws(1.0)]",player_b377101b_actions,,[],,,
1291,tomato,start cutting,CuttingBoard_10,CuttingBoard,10,start cutting tomato,player_b377101b,baseline_division_of_labor,9d1f9538004d4406,753.1114928686499,48.000000000000455,3.0,0.0,2.0,1.0,0.5,"(5, 2)","[p(2, 2)_cs(1.0)_ws(0.5)]_[p(5, 2)_cs(0.5)_ws(1.0)]",player_b377101b_actions,player_b377101b,['player_b377101b'],,,
1295,tomato,start cutting,CuttingBoard_20,CuttingBoard,20,start cutting tomato,player_9bd0e97f,baseline_division_of_labor,9d1f9538004d4406,1059.167273426258,31.999999999998636,3.0,0.0,1.0,0.5,1.0,"(2, 2)","[p(2, 2)_cs(1.0)_ws(0.5)]_[p(5, 2)_cs(0.5)_ws(1.0)]",player_9bd0e97f_actions,player_9bd0e97f,['player_9bd0e97f'],,,
1332,tomato_salad,pick up,Counter_32,Counter,32,pick up tomato_salad from counter,player_9bd0e97f,baseline_division_of_labor,9d1f9538004d4406,1075.1672734262577,15.999999999999318,3.0,0.0,1.0,0.5,1.0,"(2, 2)","[p(2, 2)_cs(1.0)_ws(0.5)]_[p(5, 2)_cs(0.5)_ws(1.0)]",player_9bd0e97f_actions,player_b377101b,['player_b377101b'],"['player_b377101b', 'player_b377101b']",['player_9bd0e97f'],True
1377,tomato_salad,deliver,Delivery_63,Delivery,63,deliver tomato_salad,player_9bd0e97f,baseline_division_of_labor,9d1f9538004d4406,1120.4221074221953,45.254833995937815,4.0,1.0,2.0,0.5,1.0,"(2, 2)","[p(2, 2)_cs(1.0)_ws(0.5)]_[p(5, 2)_cs(0.5)_ws(1.0)]",player_9bd0e97f_actions,player_9bd0e97f,"['player_b377101b', 'player_9bd0e97f']","['player_b377101b', 'player_b377101b']",['player_9bd0e97f'],
1381,tomato_cut,pick up,CuttingBoard_10,CuttingBoard,10,pick up tomato_cut from cuttingboard,player_b377101b,baseline_division_of_labor,9d1f9538004d4406,753.1114928686499,0.0,4.0,0.0,2.0,1.0,0.5,"(5, 2)","[p(2, 2)_cs(1.0)_ws(0.5)]_[p(5, 2)_cs(0.5)_ws(1.0)]",player_b377101b_actions,player_b377101b,['player_b377101b'],,,False
1416,plate,pick up,Dispenser_60,Dispenser,60,pick up plate from dispenser,player_9bd0e97f,baseline_division_of_labor,9d1f9538004d4406,1158.9053305079667,38.48322308577144,4.0,0.0,2.0,0.5,1.0,"(2, 2)","[p(2, 2)_cs(1.0)_ws(0.5)]_[p(5, 2)_cs(0.5)_ws(1.0)]",player_9bd0e97f_actions,,[],,,
1418,tomato_cut,assemble salad,Counter_34,Counter,34,assemble salad,player_b377101b,baseline_division_of_labor,9d1f9538004d4406,807.5412503429226,54.42975747427272,4.0,0.0,2.0,1.0,0.5,"(5, 2)","[p(2, 2)_cs(1.0)_ws(0.5)]_[p(5, 2)_cs(0.5)_ws(1.0)]",player_b377101b_actions,player_9bd0e97f,['player_b377101b'],"['player_b377101b', 'player_b377101b']",['player_9bd0e97f'],True
1457,plate,put down,Counter_32,Counter,32,put down plate on counter,player_9bd0e97f,baseline_division_of_labor,9d1f9538004d4406,1197.3885535937368,38.48322308577008,4.0,0.0,2.0,0.5,1.0,"(2, 2)","[p(2, 2)_cs(1.0)_ws(0.5)]_[p(5, 2)_cs(0.5)_ws(1.0)]",player_9bd0e97f_actions,player_9bd0e97f,['player_9bd0e97f'],,,
1477,tomato_salad,pick up,Counter_33,Counter,33,pick up tomato_salad from counter,player_9bd0e97f,baseline_division_of_labor,9d1f9538004d4406,1213.3885535937363,15.999999999999543,4.0,0.0,2.0,0.5,1.0,"(2, 2)","[p(2, 2)_cs(1.0)_ws(0.5)]_[p(5, 2)_cs(0.5)_ws(1.0)]",player_9bd0e97f_actions,player_b377101b,['player_b377101b'],"['player_9bd0e97f', 'player_b377101b']",['player_9bd0e97f'],True
1500,tomato_salad,deliver,Delivery_63,Delivery,63,deliver tomato_salad,player_9bd0e97f,baseline_division_of_labor,9d1f9538004d4406,1229.3885535937357,15.999999999999318,5.0,1.0,3.0,0.5,1.0,"(2, 2)","[p(2, 2)_cs(1.0)_ws(0.5)]_[p(5, 2)_cs(0.5)_ws(1.0)]",player_9bd0e97f_actions,player_9bd0e97f,"['player_b377101b', 'player_9bd0e97f']","['player_9bd0e97f', 'player_b377101b']",['player_9bd0e97f'],
1502,tomato_cut,pick up,CuttingBoard_20,CuttingBoard,20,pick up tomato_cut from cuttingboard,player_b377101b,baseline_division_of_labor,9d1f9538004d4406,855.541250342923,48.000000000000455,5.0,0.0,2.0,1.0,0.5,"(5, 2)","[p(2, 2)_cs(1.0)_ws(0.5)]_[p(5, 2)_cs(0.5)_ws(1.0)]",player_b377101b_actions,player_9bd0e97f,['player_9bd0e97f'],,,True
1521,tomato_cut,assemble salad,Counter_32,Counter,32,assemble salad,player_b377101b,baseline_division_of_labor,9d1f9538004d4406,871.5412503429231,16.000000000000114,5.0,0.0,2.0,1.0,0.5,"(5, 2)","[p(2, 2)_cs(1.0)_ws(0.5)]_[p(5, 2)_cs(0.5)_ws(1.0)]",player_b377101b_actions,player_9bd0e97f,['player_b377101b'],"['player_9bd0e97f', 'player_b377101b']",['player_9bd0e97f'],True
1529,tomato_salad,pick up,Counter_34,Counter,34,pick up tomato_salad from counter,player_9bd0e97f,baseline_division_of_labor,9d1f9538004d4406,1252.0159705917044,22.62741699796879,5.0,0.0,3.0,0.5,1.0,"(2, 2)","[p(2, 2)_cs(1.0)_ws(0.5)]_[p(5, 2)_cs(0.5)_ws(1.0)]",player_9bd0e97f_actions,player_b377101b,['player_b377101b'],"['player_b377101b', 'player_b377101b']",['player_9bd0e97f'],True
1543,tomato,pick up,Dispenser_40,Dispenser,40,pick up tomato from dispenser,player_b377101b,baseline_division_of_labor,9d1f9538004d4406,887.5412503429233,16.000000000000114,5.0,0.0,2.0,1.0,0.5,"(5, 2)","[p(2, 2)_cs(1.0)_ws(0.5)]_[p(5, 2)_cs(0.5)_ws(1.0)]",player_b377101b_actions,,[],,,
1550,tomato_salad,deliver,Delivery_64,Delivery,64,deliver tomato_salad,player_9bd0e97f,baseline_division_of_labor,9d1f9538004d4406,1268.0159705917038,15.999999999999318,6.0,1.0,4.0,0.5,1.0,"(2, 2)","[p(2, 2)_cs(1.0)_ws(0.5)]_[p(5, 2)_cs(0.5)_ws(1.0)]",player_9bd0e97f_actions,player_9bd0e97f,"['player_b377101b', 'player_9bd0e97f']","['player_b377101b', 'player_b377101b']",['player_9bd0e97f'],
1568,tomato,start cutting,CuttingBoard_20,CuttingBoard,20,start cutting tomato,player_b377101b,baseline_division_of_labor,9d1f9538004d4406,919.5412503429236,32.00000000000023,6.0,0.0,2.0,1.0,0.5,"(5, 2)","[p(2, 2)_cs(1.0)_ws(0.5)]_[p(5, 2)_cs(0.5)_ws(1.0)]",player_b377101b_actions,player_b377101b,['player_b377101b'],,,
1604,plate,pick up,Dispenser_60,Dispenser,60,pick up plate from dispenser,player_9bd0e97f,baseline_division_of_labor,9d1f9538004d4406,1322.4929801752603,54.477009583556764,6.0,0.0,4.0,0.5,1.0,"(2, 2)","[p(2, 2)_cs(1.0)_ws(0.5)]_[p(5, 2)_cs(0.5)_ws(1.0)]",player_9bd0e97f_actions,,[],,,
1649,plate,put down,Counter_33,Counter,33,put down plate on counter,player_9bd0e97f,baseline_division_of_labor,9d1f9538004d4406,1367.7478141711983,45.254833995937815,6.0,0.0,4.0,0.5,1.0,"(2, 2)","[p(2, 2)_cs(1.0)_ws(0.5)]_[p(5, 2)_cs(0.5)_ws(1.0)]",player_9bd0e97f_actions,player_9bd0e97f,['player_9bd0e97f'],,,
1659,tomato_cut,pick up,CuttingBoard_20,CuttingBoard,20,pick up tomato_cut from cuttingboard,player_b377101b,baseline_division_of_labor,9d1f9538004d4406,919.5412503429236,0.0,6.0,0.0,2.0,1.0,0.5,"(5, 2)","[p(2, 2)_cs(1.0)_ws(0.5)]_[p(5, 2)_cs(0.5)_ws(1.0)]",player_b377101b_actions,player_b377101b,['player_b377101b'],,,False
1691,tomato_cut,assemble salad,Counter_33,Counter,33,assemble salad,player_b377101b,baseline_division_of_labor,9d1f9538004d4406,951.5412503429238,32.00000000000034,6.0,0.0,2.0,1.0,0.5,"(5, 2)","[p(2, 2)_cs(1.0)_ws(0.5)]_[p(5, 2)_cs(0.5)_ws(1.0)]",player_b377101b_actions,player_9bd0e97f,['player_b377101b'],"['player_b377101b', 'player_b377101b']",['player_9bd0e97f'],True
1694,plate,pick up,Dispenser_71,Dispenser,71,pick up plate from dispenser,player_9bd0e97f,baseline_division_of_labor,9d1f9538004d4406,1413.0026481671362,45.254833995937815,6.0,0.0,4.0,0.5,1.0,"(2, 2)","[p(2, 2)_cs(1.0)_ws(0.5)]_[p(5, 2)_cs(0.5)_ws(1.0)]",player_9bd0e97f_actions,,[],,,
1723,tomato,pick up,Dispenser_40,Dispenser,40,pick up tomato from dispenser,player_b377101b,baseline_division_of_labor,9d1f9538004d4406,1005.709637171557,54.168386828633174,6.0,0.0,2.0,1.0,0.5,"(5, 2)","[p(2, 2)_cs(1.0)_ws(0.5)]_[p(5, 2)_cs(0.5)_ws(1.0)]",player_b377101b_actions,,[],,,
1747,tomato,start cutting,CuttingBoard_20,CuttingBoard,20,start cutting tomato,player_b377101b,baseline_division_of_labor,9d1f9538004d4406,1037.7096371715568,31.999999999999773,6.0,0.0,2.0,1.0,0.5,"(5, 2)","[p(2, 2)_cs(1.0)_ws(0.5)]_[p(5, 2)_cs(0.5)_ws(1.0)]",player_b377101b_actions,player_b377101b,['player_b377101b'],,,
1752,plate,put down,Counter_34,Counter,34,put down plate on counter,player_9bd0e97f,baseline_division_of_labor,9d1f9538004d4406,1474.0049097549172,61.00226158778105,6.0,0.0,4.0,0.5,1.0,"(2, 2)","[p(2, 2)_cs(1.0)_ws(0.5)]_[p(5, 2)_cs(0.5)_ws(1.0)]",player_9bd0e97f_actions,player_9bd0e97f,['player_9bd0e97f'],,,
1799,tomato_salad,pick up,Counter_33,Counter,33,pick up tomato_salad from counter,player_9bd0e97f,baseline_division_of_labor,9d1f9538004d4406,1520.004909754922,46.000000000004775,6.0,0.0,4.0,0.5,1.0,"(2, 2)","[p(2, 2)_cs(1.0)_ws(0.5)]_[p(5, 2)_cs(0.5)_ws(1.0)]",player_9bd0e97f_actions,player_b377101b,['player_b377101b'],"['player_b377101b', 'player_b377101b']",['player_9bd0e97f'],True
1822,tomato_salad,deliver,Delivery_63,Delivery,63,deliver tomato_salad,player_9bd0e97f,baseline_division_of_labor,9d1f9538004d4406,1536.0049097549213,15.999999999999318,7.0,1.0,5.0,0.5,1.0,"(2, 2)","[p(2, 2)_cs(1.0)_ws(0.5)]_[p(5, 2)_cs(0.5)_ws(1.0)]",player_9bd0e97f_actions,player_9bd0e97f,"['player_b377101b', 'player_9bd0e97f']","['player_b377101b', 'player_b377101b']",['player_9bd0e97f'],
1834,tomato_cut,pick up,CuttingBoard_20,CuttingBoard,20,pick up tomato_cut from cuttingboard,player_b377101b,baseline_division_of_labor,9d1f9538004d4406,1037.7096371715568,0.0,7.0,0.0,2.0,1.0,0.5,"(5, 2)","[p(2, 2)_cs(1.0)_ws(0.5)]_[p(5, 2)_cs(0.5)_ws(1.0)]",player_b377101b_actions,player_b377101b,['player_b377101b'],,,False
1848,tomato_salad,pick up,Counter_32,Counter,32,pick up tomato_salad from counter,player_9bd0e97f,baseline_division_of_labor,9d1f9538004d4406,1558.63232675289,22.62741699796879,7.0,0.0,5.0,0.5,1.0,"(2, 2)","[p(2, 2)_cs(1.0)_ws(0.5)]_[p(5, 2)_cs(0.5)_ws(1.0)]",player_9bd0e97f_actions,player_b377101b,['player_b377101b'],"['player_9bd0e97f', 'player_b377101b']",['player_9bd0e97f'],True
1867,tomato_cut,assemble salad,Counter_34,Counter,34,assemble salad,player_b377101b,baseline_division_of_labor,9d1f9538004d4406,1085.7096371715552,47.99999999999841,7.0,0.0,2.0,1.0,0.5,"(5, 2)","[p(2, 2)_cs(1.0)_ws(0.5)]_[p(5, 2)_cs(0.5)_ws(1.0)]",player_b377101b_actions,player_9bd0e97f,['player_b377101b'],"['player_b377101b', 'player_b377101b']",['player_9bd0e97f'],True
1873,tomato_salad,deliver,Delivery_63,Delivery,63,deliver tomato_salad,player_9bd0e97f,baseline_division_of_labor,9d1f9538004d4406,1581.259743750859,22.62741699796879,8.0,1.0,6.0,0.5,1.0,"(2, 2)","[p(2, 2)_cs(1.0)_ws(0.5)]_[p(5, 2)_cs(0.5)_ws(1.0)]",player_9bd0e97f_actions,player_9bd0e97f,"['player_b377101b', 'player_9bd0e97f']","['player_9bd0e97f', 'player_b377101b']",['player_9bd0e97f'],
1906,tomato,pick up,Dispenser_40,Dispenser,40,pick up tomato from dispenser,player_b377101b,baseline_division_of_labor,9d1f9538004d4406,1155.8999588331624,70.19032166160719,8.0,0.0,2.0,1.0,0.5,"(5, 2)","[p(2, 2)_cs(1.0)_ws(0.5)]_[p(5, 2)_cs(0.5)_ws(1.0)]",player_b377101b_actions,,[],,,
1911,plate,pick up,Dispenser_71,Dispenser,71,pick up plate from dispenser,player_9bd0e97f,baseline_division_of_labor,9d1f9538004d4406,1619.7429668366303,38.48322308577144,8.0,0.0,6.0,0.5,1.0,"(2, 2)","[p(2, 2)_cs(1.0)_ws(0.5)]_[p(5, 2)_cs(0.5)_ws(1.0)]",player_9bd0e97f_actions,,[],,,
1929,tomato,start cutting,CuttingBoard_20,CuttingBoard,20,start cutting tomato,player_b377101b,baseline_division_of_labor,9d1f9538004d4406,1187.8999588331617,31.99999999999932,8.0,0.0,2.0,1.0,0.5,"(5, 2)","[p(2, 2)_cs(1.0)_ws(0.5)]_[p(5, 2)_cs(0.5)_ws(1.0)]",player_b377101b_actions,player_b377101b,['player_b377101b'],,,
1957,plate,put down,Counter_33,Counter,33,put down plate on counter,player_9bd0e97f,baseline_division_of_labor,9d1f9538004d4406,1664.997800832568,45.254833995937815,8.0,0.0,6.0,0.5,1.0,"(2, 2)","[p(2, 2)_cs(1.0)_ws(0.5)]_[p(5, 2)_cs(0.5)_ws(1.0)]",player_9bd0e97f_actions,player_9bd0e97f,['player_9bd0e97f'],,,
2002,plate,pick up,Dispenser_60,Dispenser,60,pick up plate from dispenser,player_9bd0e97f,baseline_division_of_labor,9d1f9538004d4406,1710.252634828506,45.254833995937815,8.0,0.0,6.0,0.5,1.0,"(2, 2)","[p(2, 2)_cs(1.0)_ws(0.5)]_[p(5, 2)_cs(0.5)_ws(1.0)]",player_9bd0e97f_actions,,[],,,
2019,tomato_cut,pick up,CuttingBoard_20,CuttingBoard,20,pick up tomato_cut from cuttingboard,player_b377101b,baseline_division_of_labor,9d1f9538004d4406,1187.8999588331617,0.0,8.0,0.0,2.0,1.0,0.5,"(5, 2)","[p(2, 2)_cs(1.0)_ws(0.5)]_[p(5, 2)_cs(0.5)_ws(1.0)]",player_b377101b_actions,player_b377101b,['player_b377101b'],,,False
2043,plate,put down,Counter_32,Counter,32,put down plate on counter,player_9bd0e97f,baseline_division_of_labor,9d1f9538004d4406,1748.735857914276,38.48322308577008,8.0,0.0,6.0,0.5,1.0,"(2, 2)","[p(2, 2)_cs(1.0)_ws(0.5)]_[p(5, 2)_cs(0.5)_ws(1.0)]",player_9bd0e97f_actions,player_9bd0e97f,['player_9bd0e97f'],,,
2043,tomato_cut,assemble salad,Counter_33,Counter,33,assemble salad,player_b377101b,baseline_division_of_labor,9d1f9538004d4406,1219.8999588331608,31.99999999999909,8.0,0.0,2.0,1.0,0.5,"(5, 2)","[p(2, 2)_cs(1.0)_ws(0.5)]_[p(5, 2)_cs(0.5)_ws(1.0)]",player_b377101b_actions,player_9bd0e97f,['player_b377101b'],"['player_b377101b', 'player_b377101b']",['player_9bd0e97f'],True
2068,tomato_salad,pick up,Counter_33,Counter,33,pick up tomato_salad from counter,player_9bd0e97f,baseline_division_of_labor,9d1f9538004d4406,1764.7358579142754,15.999999999999318,8.0,0.0,6.0,0.5,1.0,"(2, 2)","[p(2, 2)_cs(1.0)_ws(0.5)]_[p(5, 2)_cs(0.5)_ws(1.0)]",player_9bd0e97f_actions,player_b377101b,['player_b377101b'],"['player_b377101b', 'player_b377101b']",['player_9bd0e97f'],True
2077,tomato,pick up,Dispenser_40,Dispenser,40,pick up tomato from dispenser,player_b377101b,baseline_division_of_labor,9d1f9538004d4406,1274.068345661793,54.168386828632265,8.0,0.0,2.0,1.0,0.5,"(5, 2)","[p(2, 2)_cs(1.0)_ws(0.5)]_[p(5, 2)_cs(0.5)_ws(1.0)]",player_b377101b_actions,,[],,,
2091,tomato_salad,deliver,Delivery_63,Delivery,63,deliver tomato_salad,player_9bd0e97f,baseline_division_of_labor,9d1f9538004d4406,1780.735857914275,15.999999999999318,9.0,1.0,7.0,0.5,1.0,"(2, 2)","[p(2, 2)_cs(1.0)_ws(0.5)]_[p(5, 2)_cs(0.5)_ws(1.0)]",player_9bd0e97f_actions,player_9bd0e97f,"['player_b377101b', 'player_9bd0e97f']","['player_b377101b', 'player_b377101b']",['player_9bd0e97f'],
2104,tomato,start cutting,CuttingBoard_20,CuttingBoard,20,start cutting tomato,player_b377101b,baseline_division_of_labor,9d1f9538004d4406,1306.068345661792,31.99999999999909,9.0,0.0,2.0,1.0,0.5,"(5, 2)","[p(2, 2)_cs(1.0)_ws(0.5)]_[p(5, 2)_cs(0.5)_ws(1.0)]",player_b377101b_actions,player_b377101b,['player_b377101b'],,,
2123,tomato_salad,pick up,Counter_34,Counter,34,pick up tomato_salad from counter,player_9bd0e97f,baseline_division_of_labor,9d1f9538004d4406,1803.3632749122437,22.62741699796879,9.0,0.0,7.0,0.5,1.0,"(2, 2)","[p(2, 2)_cs(1.0)_ws(0.5)]_[p(5, 2)_cs(0.5)_ws(1.0)]",player_9bd0e97f_actions,player_b377101b,['player_b377101b'],"['player_b377101b', 'player_b377101b']",['player_9bd0e97f'],True
2144,tomato_salad,deliver,Delivery_64,Delivery,64,deliver tomato_salad,player_9bd0e97f,baseline_division_of_labor,9d1f9538004d4406,1819.3632749122428,15.999999999999318,10.0,1.0,8.0,0.5,1.0,"(2, 2)","[p(2, 2)_cs(1.0)_ws(0.5)]_[p(5, 2)_cs(0.5)_ws(1.0)]",player_9bd0e97f_actions,player_9bd0e97f,"['player_b377101b', 'player_9bd0e97f']","['player_b377101b', 'player_b377101b']",['player_9bd0e97f'],
