{"agents": {"player_9bd0e97f": {"initial_state": {"agent_id": "player_9bd0e97f", "x": 40, "y": 40, "item": null, "url_params": {"gameType": ["tomatoSaladOnly"], "PROLIFIC_PID": ["undefined"], "map": ["baseline_division_of_labor"], "cutting_speed_p1": ["1"], "walking_speed_p1": ["0.5"], "cutting_speed_p2": ["0.5"], "walking_speed_p2": ["1"], "slot_x_p1": ["2"], "slot_y_p1": ["2"], "slot_x_p2": ["5"], "slot_y_p2": ["2"], "EIO": ["4"], "transport": ["polling"], "t": ["PZyxZot"]}, "cut_speed": 1.0, "walk_speed": 15.0, "player_nr": 1}, "player_score": 8.0, "total_actions": 50, "first_action_tick": 86, "last_action_tick": 2144}, "player_b377101b": {"initial_state": {"agent_id": "player_b377101b", "x": 88, "y": 40, "item": null, "url_params": {"gameType": ["tomatoSaladOnly"], "PROLIFIC_PID": ["5c4f5967aac8be0001716a65"], "map": ["baseline_division_of_labor"], "cutting_speed_p1": ["1"], "walking_speed_p1": ["0.5"], "cutting_speed_p2": ["0.5"], "walking_speed_p2": ["1"], "slot_x_p1": ["2"], "slot_y_p1": ["2"], "slot_x_p2": ["5"], "slot_y_p2": ["2"], "EIO": ["4"], "transport": ["polling"], "t": ["PZyxoM7"]}, "cut_speed": 0.5, "walk_speed": 30.0, "player_nr": 2}, "player_score": 2.0, "total_actions": 38, "first_action_tick": 272, "last_action_tick": 2104}}, "map_name": "baseline_division_of_labor", "final_score": 10.0}