tick,item,action,target,target_type,target_position,action_long,player_id,map_name,game_id,distance_walked,distance_walked_since_last_action,overall_score,player_score_change,player_score,walking_speed,cutting_speed,start_pos,condition,source,last_touched,touched_list,tomato_history,plate_history,is_exchange_collaboration
71,tomato,pick up,Dispenser_40,Dispenser,40,pick up tomato from dispenser,player_e7704bb5,encouraged_division_of_labor,4832c32c79ea6907,22.62741699796952,0.0,0.0,0.0,0.0,1.0,1.0,"(5, 2)","[p(2, 2)_cs(1.0)_ws(1.0)]_[p(5, 2)_cs(1.0)_ws(1.0)]",player_e7704bb5_actions,,[],,,
122,tomato,put down,Counter_32,Counter,32,put down tomato on counter,player_e7704bb5,encouraged_division_of_labor,4832c32c79ea6907,66.62741699796611,43.99999999999659,0.0,0.0,0.0,1.0,1.0,"(5, 2)","[p(2, 2)_cs(1.0)_ws(1.0)]_[p(5, 2)_cs(1.0)_ws(1.0)]",player_e7704bb5_actions,player_e7704bb5,['player_e7704bb5'],,,
133,tomato,pick up,Counter_32,Counter,32,pick up tomato from counter,player_34855cc9,encouraged_division_of_labor,4832c32c79ea6907,0.0,0.0,0.0,0.0,0.0,1.0,1.0,"(2, 2)","[p(2, 2)_cs(1.0)_ws(1.0)]_[p(5, 2)_cs(1.0)_ws(1.0)]",player_34855cc9_actions,player_e7704bb5,['player_e7704bb5'],,,True
143,tomato,put down,Counter_32,Counter,32,put down tomato on counter,player_34855cc9,encouraged_division_of_labor,4832c32c79ea6907,0.0,0.0,0.0,0.0,0.0,1.0,1.0,"(2, 2)","[p(2, 2)_cs(1.0)_ws(1.0)]_[p(5, 2)_cs(1.0)_ws(1.0)]",player_34855cc9_actions,player_34855cc9,"['player_e7704bb5', 'player_34855cc9']",,,
151,tomato,pick up,Dispenser_40,Dispenser,40,pick up tomato from dispenser,player_e7704bb5,encouraged_division_of_labor,4832c32c79ea6907,82.62741699796611,16.0,0.0,0.0,0.0,1.0,1.0,"(5, 2)","[p(2, 2)_cs(1.0)_ws(1.0)]_[p(5, 2)_cs(1.0)_ws(1.0)]",player_e7704bb5_actions,,[],,,
167,tomato,pick up,Counter_32,Counter,32,pick up tomato from counter,player_34855cc9,encouraged_division_of_labor,4832c32c79ea6907,32.0,32.0,0.0,0.0,0.0,1.0,1.0,"(2, 2)","[p(2, 2)_cs(1.0)_ws(1.0)]_[p(5, 2)_cs(1.0)_ws(1.0)]",player_34855cc9_actions,player_34855cc9,"['player_e7704bb5', 'player_34855cc9']",,,False
181,tomato,put down,Counter_33,Counter,33,put down tomato on counter,player_e7704bb5,encouraged_division_of_labor,4832c32c79ea6907,114.62741699796612,32.0,0.0,0.0,0.0,1.0,1.0,"(5, 2)","[p(2, 2)_cs(1.0)_ws(1.0)]_[p(5, 2)_cs(1.0)_ws(1.0)]",player_e7704bb5_actions,player_e7704bb5,['player_e7704bb5'],,,
184,tomato,start cutting,CuttingBoard_20,CuttingBoard,20,start cutting tomato,player_34855cc9,encouraged_division_of_labor,4832c32c79ea6907,48.0,16.0,0.0,0.0,0.0,1.0,1.0,"(2, 2)","[p(2, 2)_cs(1.0)_ws(1.0)]_[p(5, 2)_cs(1.0)_ws(1.0)]",player_34855cc9_actions,player_34855cc9,"['player_e7704bb5', 'player_34855cc9', 'player_34855cc9']",,,
216,tomato,pick up,Dispenser_40,Dispenser,40,pick up tomato from dispenser,player_e7704bb5,encouraged_division_of_labor,4832c32c79ea6907,146.62741699796612,32.000000000000014,0.0,0.0,0.0,1.0,1.0,"(5, 2)","[p(2, 2)_cs(1.0)_ws(1.0)]_[p(5, 2)_cs(1.0)_ws(1.0)]",player_e7704bb5_actions,,[],,,
227,tomato_cut,pick up,CuttingBoard_20,CuttingBoard,20,pick up tomato_cut from cuttingboard,player_34855cc9,encouraged_division_of_labor,4832c32c79ea6907,48.0,0.0,0.0,0.0,0.0,1.0,1.0,"(2, 2)","[p(2, 2)_cs(1.0)_ws(1.0)]_[p(5, 2)_cs(1.0)_ws(1.0)]",player_34855cc9_actions,player_34855cc9,"['player_e7704bb5', 'player_34855cc9', 'player_34855cc9']",,,False
243,tomato,put down,Counter_32,Counter,32,put down tomato on counter,player_e7704bb5,encouraged_division_of_labor,4832c32c79ea6907,162.62741699796612,16.0,0.0,0.0,0.0,1.0,1.0,"(5, 2)","[p(2, 2)_cs(1.0)_ws(1.0)]_[p(5, 2)_cs(1.0)_ws(1.0)]",player_e7704bb5_actions,player_e7704bb5,['player_e7704bb5'],,,
247,tomato_cut,put down,Counter_32,Counter,32,put down tomato_cut on counter,player_34855cc9,encouraged_division_of_labor,4832c32c79ea6907,64.0,16.0,0.0,0.0,0.0,1.0,1.0,"(2, 2)","[p(2, 2)_cs(1.0)_ws(1.0)]_[p(5, 2)_cs(1.0)_ws(1.0)]",player_34855cc9_actions,player_34855cc9,"['player_e7704bb5', 'player_34855cc9', 'player_34855cc9', 'player_34855cc9']",,,
247,tomato,pick up,Counter_32,Counter,32,pick up tomato from counter,player_34855cc9,encouraged_division_of_labor,4832c32c79ea6907,64.0,0.0,0.0,0.0,0.0,1.0,1.0,"(2, 2)","[p(2, 2)_cs(1.0)_ws(1.0)]_[p(5, 2)_cs(1.0)_ws(1.0)]",player_34855cc9_actions,player_34855cc9,"['player_e7704bb5', 'player_34855cc9', 'player_34855cc9', 'player_34855cc9']",,,False
276,plate,pick up,Dispenser_60,Dispenser,60,pick up plate from dispenser,player_e7704bb5,encouraged_division_of_labor,4832c32c79ea6907,201.03447966473107,38.40706266676494,0.0,0.0,0.0,1.0,1.0,"(5, 2)","[p(2, 2)_cs(1.0)_ws(1.0)]_[p(5, 2)_cs(1.0)_ws(1.0)]",player_e7704bb5_actions,,[],,,
280,tomato,start cutting,CuttingBoard_20,CuttingBoard,20,start cutting tomato,player_34855cc9,encouraged_division_of_labor,4832c32c79ea6907,80.0,16.0,0.0,0.0,0.0,1.0,1.0,"(2, 2)","[p(2, 2)_cs(1.0)_ws(1.0)]_[p(5, 2)_cs(1.0)_ws(1.0)]",player_34855cc9_actions,player_34855cc9,"['player_e7704bb5', 'player_34855cc9', 'player_34855cc9', 'player_34855cc9', 'player_34855cc9']",,,
330,plate,put down,Counter_34,Counter,34,put down plate on counter,player_e7704bb5,encouraged_division_of_labor,4832c32c79ea6907,261.9506665672693,60.91618690253824,0.0,0.0,0.0,1.0,1.0,"(5, 2)","[p(2, 2)_cs(1.0)_ws(1.0)]_[p(5, 2)_cs(1.0)_ws(1.0)]",player_e7704bb5_actions,player_e7704bb5,['player_e7704bb5'],,,
343,tomato_cut,pick up,CuttingBoard_20,CuttingBoard,20,pick up tomato_cut from cuttingboard,player_34855cc9,encouraged_division_of_labor,4832c32c79ea6907,80.0,0.0,0.0,0.0,0.0,1.0,1.0,"(2, 2)","[p(2, 2)_cs(1.0)_ws(1.0)]_[p(5, 2)_cs(1.0)_ws(1.0)]",player_34855cc9_actions,player_34855cc9,"['player_e7704bb5', 'player_34855cc9', 'player_34855cc9', 'player_34855cc9', 'player_34855cc9']",,,False
381,plate,pick up,Dispenser_60,Dispenser,60,pick up plate from dispenser,player_e7704bb5,encouraged_division_of_labor,4832c32c79ea6907,322.8668534698071,60.91618690253779,0.0,0.0,0.0,1.0,1.0,"(5, 2)","[p(2, 2)_cs(1.0)_ws(1.0)]_[p(5, 2)_cs(1.0)_ws(1.0)]",player_e7704bb5_actions,,[],,,
384,tomato_cut,assemble salad,Counter_34,Counter,34,assemble salad,player_34855cc9,encouraged_division_of_labor,4832c32c79ea6907,128.0,48.0,0.0,0.0,0.0,1.0,1.0,"(2, 2)","[p(2, 2)_cs(1.0)_ws(1.0)]_[p(5, 2)_cs(1.0)_ws(1.0)]",player_34855cc9_actions,player_e7704bb5,['player_34855cc9'],"['player_e7704bb5', 'player_34855cc9', 'player_34855cc9', 'player_34855cc9', 'player_34855cc9', 'player_34855cc9']",['player_e7704bb5'],True
404,tomato,pick up,Counter_33,Counter,33,pick up tomato from counter,player_34855cc9,encouraged_division_of_labor,4832c32c79ea6907,144.0,16.0,0.0,0.0,0.0,1.0,1.0,"(2, 2)","[p(2, 2)_cs(1.0)_ws(1.0)]_[p(5, 2)_cs(1.0)_ws(1.0)]",player_34855cc9_actions,player_e7704bb5,['player_e7704bb5'],,,True
427,tomato,start cutting,CuttingBoard_20,CuttingBoard,20,start cutting tomato,player_34855cc9,encouraged_division_of_labor,4832c32c79ea6907,176.0,32.0,0.0,0.0,0.0,1.0,1.0,"(2, 2)","[p(2, 2)_cs(1.0)_ws(1.0)]_[p(5, 2)_cs(1.0)_ws(1.0)]",player_34855cc9_actions,player_34855cc9,"['player_e7704bb5', 'player_34855cc9']",,,
443,plate,put down,Counter_35,Counter,35,put down plate on counter,player_e7704bb5,encouraged_division_of_labor,4832c32c79ea6907,399.8009579003769,76.93410443056979,0.0,0.0,0.0,1.0,1.0,"(5, 2)","[p(2, 2)_cs(1.0)_ws(1.0)]_[p(5, 2)_cs(1.0)_ws(1.0)]",player_e7704bb5_actions,player_e7704bb5,['player_e7704bb5'],,,
467,tomato_salad,pick up,Counter_34,Counter,34,pick up tomato_salad from counter,player_e7704bb5,encouraged_division_of_labor,4832c32c79ea6907,415.8009579003769,16.0,0.0,0.0,0.0,1.0,1.0,"(5, 2)","[p(2, 2)_cs(1.0)_ws(1.0)]_[p(5, 2)_cs(1.0)_ws(1.0)]",player_e7704bb5_actions,player_34855cc9,['player_34855cc9'],"['player_e7704bb5', 'player_34855cc9', 'player_34855cc9', 'player_34855cc9', 'player_34855cc9', 'player_34855cc9']",['player_e7704bb5'],True
471,tomato_cut,pick up,CuttingBoard_20,CuttingBoard,20,pick up tomato_cut from cuttingboard,player_34855cc9,encouraged_division_of_labor,4832c32c79ea6907,176.0,0.0,0.0,0.0,0.0,1.0,1.0,"(2, 2)","[p(2, 2)_cs(1.0)_ws(1.0)]_[p(5, 2)_cs(1.0)_ws(1.0)]",player_34855cc9_actions,player_34855cc9,"['player_e7704bb5', 'player_34855cc9']",,,False
491,tomato_salad,deliver,Delivery_64,Delivery,64,deliver tomato_salad,player_e7704bb5,encouraged_division_of_labor,4832c32c79ea6907,431.8009579003769,16.0,1.0,1.0,1.0,1.0,1.0,"(5, 2)","[p(2, 2)_cs(1.0)_ws(1.0)]_[p(5, 2)_cs(1.0)_ws(1.0)]",player_e7704bb5_actions,player_e7704bb5,"['player_34855cc9', 'player_e7704bb5']","['player_e7704bb5', 'player_34855cc9', 'player_34855cc9', 'player_34855cc9', 'player_34855cc9', 'player_34855cc9']",['player_e7704bb5'],
518,tomato_cut,assemble salad,Counter_35,Counter,35,assemble salad,player_34855cc9,encouraged_division_of_labor,4832c32c79ea6907,240.0,64.0,1.0,0.0,0.0,1.0,1.0,"(2, 2)","[p(2, 2)_cs(1.0)_ws(1.0)]_[p(5, 2)_cs(1.0)_ws(1.0)]",player_34855cc9_actions,player_e7704bb5,['player_34855cc9'],"['player_e7704bb5', 'player_34855cc9', 'player_34855cc9']",['player_e7704bb5'],True
541,tomato,pick up,Dispenser_40,Dispenser,40,pick up tomato from dispenser,player_e7704bb5,encouraged_division_of_labor,4832c32c79ea6907,486.2203295436259,54.419371643249065,1.0,0.0,1.0,1.0,1.0,"(5, 2)","[p(2, 2)_cs(1.0)_ws(1.0)]_[p(5, 2)_cs(1.0)_ws(1.0)]",player_e7704bb5_actions,,[],,,
566,tomato,put down,Counter_33,Counter,33,put down tomato on counter,player_e7704bb5,encouraged_division_of_labor,4832c32c79ea6907,518.2203295436262,32.000000000000284,1.0,0.0,1.0,1.0,1.0,"(5, 2)","[p(2, 2)_cs(1.0)_ws(1.0)]_[p(5, 2)_cs(1.0)_ws(1.0)]",player_e7704bb5_actions,player_e7704bb5,['player_e7704bb5'],,,
591,tomato,pick up,Counter_33,Counter,33,pick up tomato from counter,player_34855cc9,encouraged_division_of_labor,4832c32c79ea6907,272.0,32.0,1.0,0.0,0.0,1.0,1.0,"(2, 2)","[p(2, 2)_cs(1.0)_ws(1.0)]_[p(5, 2)_cs(1.0)_ws(1.0)]",player_34855cc9_actions,player_e7704bb5,['player_e7704bb5'],,,True
599,tomato_salad,pick up,Counter_35,Counter,35,pick up tomato_salad from counter,player_e7704bb5,encouraged_division_of_labor,4832c32c79ea6907,550.2203295436263,32.000000000000114,1.0,0.0,1.0,1.0,1.0,"(5, 2)","[p(2, 2)_cs(1.0)_ws(1.0)]_[p(5, 2)_cs(1.0)_ws(1.0)]",player_e7704bb5_actions,player_34855cc9,['player_34855cc9'],"['player_e7704bb5', 'player_34855cc9', 'player_34855cc9']",['player_e7704bb5'],True
625,tomato_salad,deliver,Delivery_64,Delivery,64,deliver tomato_salad,player_e7704bb5,encouraged_division_of_labor,4832c32c79ea6907,572.8477465415962,22.627416997969817,2.0,1.0,2.0,1.0,1.0,"(5, 2)","[p(2, 2)_cs(1.0)_ws(1.0)]_[p(5, 2)_cs(1.0)_ws(1.0)]",player_e7704bb5_actions,player_e7704bb5,"['player_34855cc9', 'player_e7704bb5']","['player_e7704bb5', 'player_34855cc9', 'player_34855cc9']",['player_e7704bb5'],
627,tomato,start cutting,CuttingBoard_20,CuttingBoard,20,start cutting tomato,player_34855cc9,encouraged_division_of_labor,4832c32c79ea6907,304.00000000000034,32.00000000000034,2.0,0.0,0.0,1.0,1.0,"(2, 2)","[p(2, 2)_cs(1.0)_ws(1.0)]_[p(5, 2)_cs(1.0)_ws(1.0)]",player_34855cc9_actions,player_34855cc9,"['player_e7704bb5', 'player_34855cc9']",,,
680,tomato,pick up,Dispenser_50,Dispenser,50,pick up tomato from dispenser,player_e7704bb5,encouraged_division_of_labor,4832c32c79ea6907,620.8477465415966,48.000000000000455,2.0,0.0,2.0,1.0,1.0,"(5, 2)","[p(2, 2)_cs(1.0)_ws(1.0)]_[p(5, 2)_cs(1.0)_ws(1.0)]",player_e7704bb5_actions,,[],,,
684,tomato_cut,pick up,CuttingBoard_20,CuttingBoard,20,pick up tomato_cut from cuttingboard,player_34855cc9,encouraged_division_of_labor,4832c32c79ea6907,304.00000000000034,0.0,2.0,0.0,0.0,1.0,1.0,"(2, 2)","[p(2, 2)_cs(1.0)_ws(1.0)]_[p(5, 2)_cs(1.0)_ws(1.0)]",player_34855cc9_actions,player_34855cc9,"['player_e7704bb5', 'player_34855cc9']",,,False
717,tomato,put down,Counter_33,Counter,33,put down tomato on counter,player_e7704bb5,encouraged_division_of_labor,4832c32c79ea6907,659.2590063816227,38.411259840026105,2.0,0.0,2.0,1.0,1.0,"(5, 2)","[p(2, 2)_cs(1.0)_ws(1.0)]_[p(5, 2)_cs(1.0)_ws(1.0)]",player_e7704bb5_actions,player_e7704bb5,['player_e7704bb5'],,,
741,tomato_cut,put down,Counter_34,Counter,34,put down tomato_cut on counter,player_34855cc9,encouraged_division_of_labor,4832c32c79ea6907,352.0000000000008,48.000000000000455,2.0,0.0,0.0,1.0,1.0,"(2, 2)","[p(2, 2)_cs(1.0)_ws(1.0)]_[p(5, 2)_cs(1.0)_ws(1.0)]",player_34855cc9_actions,player_34855cc9,"['player_e7704bb5', 'player_34855cc9', 'player_34855cc9']",,,
751,plate,pick up,Dispenser_60,Dispenser,60,pick up plate from dispenser,player_e7704bb5,encouraged_division_of_labor,4832c32c79ea6907,704.5138403775624,45.254833995939634,2.0,0.0,2.0,1.0,1.0,"(5, 2)","[p(2, 2)_cs(1.0)_ws(1.0)]_[p(5, 2)_cs(1.0)_ws(1.0)]",player_e7704bb5_actions,,[],,,
757,tomato,pick up,Counter_33,Counter,33,pick up tomato from counter,player_34855cc9,encouraged_division_of_labor,4832c32c79ea6907,368.00000000000085,16.000000000000057,2.0,0.0,0.0,1.0,1.0,"(2, 2)","[p(2, 2)_cs(1.0)_ws(1.0)]_[p(5, 2)_cs(1.0)_ws(1.0)]",player_34855cc9_actions,player_e7704bb5,['player_e7704bb5'],,,True
781,tomato,start cutting,CuttingBoard_20,CuttingBoard,20,start cutting tomato,player_34855cc9,encouraged_division_of_labor,4832c32c79ea6907,400.00000000000114,32.000000000000284,2.0,0.0,0.0,1.0,1.0,"(2, 2)","[p(2, 2)_cs(1.0)_ws(1.0)]_[p(5, 2)_cs(1.0)_ws(1.0)]",player_34855cc9_actions,player_34855cc9,"['player_e7704bb5', 'player_34855cc9']",,,
803,plate,put down,Counter_35,Counter,35,put down plate on counter,player_e7704bb5,encouraged_division_of_labor,4832c32c79ea6907,781.4479448081325,76.93410443057019,2.0,0.0,2.0,1.0,1.0,"(5, 2)","[p(2, 2)_cs(1.0)_ws(1.0)]_[p(5, 2)_cs(1.0)_ws(1.0)]",player_e7704bb5_actions,player_e7704bb5,['player_e7704bb5'],,,
831,tomato_cut,pick up,CuttingBoard_20,CuttingBoard,20,pick up tomato_cut from cuttingboard,player_34855cc9,encouraged_division_of_labor,4832c32c79ea6907,400.00000000000114,0.0,2.0,0.0,0.0,1.0,1.0,"(2, 2)","[p(2, 2)_cs(1.0)_ws(1.0)]_[p(5, 2)_cs(1.0)_ws(1.0)]",player_34855cc9_actions,player_34855cc9,"['player_e7704bb5', 'player_34855cc9']",,,False
872,plate,pick up,Dispenser_60,Dispenser,60,pick up plate from dispenser,player_e7704bb5,encouraged_division_of_labor,4832c32c79ea6907,858.3820492387018,76.93410443056928,2.0,0.0,2.0,1.0,1.0,"(5, 2)","[p(2, 2)_cs(1.0)_ws(1.0)]_[p(5, 2)_cs(1.0)_ws(1.0)]",player_e7704bb5_actions,,[],,,
875,tomato_cut,assemble salad,Counter_35,Counter,35,assemble salad,player_34855cc9,encouraged_division_of_labor,4832c32c79ea6907,464.0000000000016,64.00000000000045,2.0,0.0,0.0,1.0,1.0,"(2, 2)","[p(2, 2)_cs(1.0)_ws(1.0)]_[p(5, 2)_cs(1.0)_ws(1.0)]",player_34855cc9_actions,player_e7704bb5,['player_34855cc9'],"['player_e7704bb5', 'player_34855cc9', 'player_34855cc9']",['player_e7704bb5'],True
890,tomato_salad,pick up,Counter_35,Counter,35,pick up tomato_salad from counter,player_34855cc9,encouraged_division_of_labor,4832c32c79ea6907,464.0000000000016,0.0,2.0,0.0,0.0,1.0,1.0,"(2, 2)","[p(2, 2)_cs(1.0)_ws(1.0)]_[p(5, 2)_cs(1.0)_ws(1.0)]",player_34855cc9_actions,player_34855cc9,['player_34855cc9'],"['player_e7704bb5', 'player_34855cc9', 'player_34855cc9']",['player_e7704bb5'],False
911,plate,put down,Counter_33,Counter,33,put down plate on counter,player_e7704bb5,encouraged_division_of_labor,4832c32c79ea6907,903.6368832346416,45.254833995939634,2.0,0.0,2.0,1.0,1.0,"(5, 2)","[p(2, 2)_cs(1.0)_ws(1.0)]_[p(5, 2)_cs(1.0)_ws(1.0)]",player_e7704bb5_actions,player_e7704bb5,['player_e7704bb5'],,,
941,tomato_salad,deliver,Delivery_64,Delivery,64,deliver tomato_salad,player_34855cc9,encouraged_division_of_labor,4832c32c79ea6907,525.4629738577233,61.46297385772175,3.0,1.0,1.0,1.0,1.0,"(2, 2)","[p(2, 2)_cs(1.0)_ws(1.0)]_[p(5, 2)_cs(1.0)_ws(1.0)]",player_34855cc9_actions,player_34855cc9,"['player_34855cc9', 'player_34855cc9']","['player_e7704bb5', 'player_34855cc9', 'player_34855cc9']",['player_e7704bb5'],
969,tomato_cut,pick up,Counter_34,Counter,34,pick up tomato_cut from counter,player_34855cc9,encouraged_division_of_labor,4832c32c79ea6907,541.4629738577233,16.0,3.0,0.0,1.0,1.0,1.0,"(2, 2)","[p(2, 2)_cs(1.0)_ws(1.0)]_[p(5, 2)_cs(1.0)_ws(1.0)]",player_34855cc9_actions,player_34855cc9,"['player_e7704bb5', 'player_34855cc9', 'player_34855cc9']",,,False
985,tomato_cut,assemble salad,Counter_33,Counter,33,assemble salad,player_34855cc9,encouraged_division_of_labor,4832c32c79ea6907,557.4629738577235,16.000000000000114,3.0,0.0,1.0,1.0,1.0,"(2, 2)","[p(2, 2)_cs(1.0)_ws(1.0)]_[p(5, 2)_cs(1.0)_ws(1.0)]",player_34855cc9_actions,player_e7704bb5,['player_34855cc9'],"['player_e7704bb5', 'player_34855cc9', 'player_34855cc9', 'player_34855cc9']",['player_e7704bb5'],True
997,tomato_salad,pick up,Counter_33,Counter,33,pick up tomato_salad from counter,player_34855cc9,encouraged_division_of_labor,4832c32c79ea6907,557.4629738577235,0.0,3.0,0.0,1.0,1.0,1.0,"(2, 2)","[p(2, 2)_cs(1.0)_ws(1.0)]_[p(5, 2)_cs(1.0)_ws(1.0)]",player_34855cc9_actions,player_34855cc9,['player_34855cc9'],"['player_e7704bb5', 'player_34855cc9', 'player_34855cc9', 'player_34855cc9']",['player_e7704bb5'],False
1014,tomato_salad,deliver,Delivery_63,Delivery,63,deliver tomato_salad,player_34855cc9,encouraged_division_of_labor,4832c32c79ea6907,573.4629738577235,16.0,4.0,1.0,2.0,1.0,1.0,"(2, 2)","[p(2, 2)_cs(1.0)_ws(1.0)]_[p(5, 2)_cs(1.0)_ws(1.0)]",player_34855cc9_actions,player_34855cc9,"['player_34855cc9', 'player_34855cc9']","['player_e7704bb5', 'player_34855cc9', 'player_34855cc9', 'player_34855cc9']",['player_e7704bb5'],
1044,plate,pick up,Dispenser_71,Dispenser,71,pick up plate from dispenser,player_34855cc9,encouraged_division_of_labor,4832c32c79ea6907,611.8742336977497,38.41125984002622,4.0,0.0,2.0,1.0,1.0,"(2, 2)","[p(2, 2)_cs(1.0)_ws(1.0)]_[p(5, 2)_cs(1.0)_ws(1.0)]",player_34855cc9_actions,,[],,,
1074,plate,put down,Counter_33,Counter,33,put down plate on counter,player_34855cc9,encouraged_division_of_labor,4832c32c79ea6907,657.1290676936893,45.254833995939634,4.0,0.0,2.0,1.0,1.0,"(2, 2)","[p(2, 2)_cs(1.0)_ws(1.0)]_[p(5, 2)_cs(1.0)_ws(1.0)]",player_34855cc9_actions,player_34855cc9,['player_34855cc9'],,,
1088,tomato_cut,pick up,Counter_32,Counter,32,pick up tomato_cut from counter,player_34855cc9,encouraged_division_of_labor,4832c32c79ea6907,673.1290676936894,16.000000000000114,4.0,0.0,2.0,1.0,1.0,"(2, 2)","[p(2, 2)_cs(1.0)_ws(1.0)]_[p(5, 2)_cs(1.0)_ws(1.0)]",player_34855cc9_actions,player_34855cc9,"['player_e7704bb5', 'player_34855cc9', 'player_34855cc9', 'player_34855cc9', 'player_34855cc9']",,,False
1101,tomato_cut,assemble salad,Counter_33,Counter,33,assemble salad,player_34855cc9,encouraged_division_of_labor,4832c32c79ea6907,689.1290676936896,16.000000000000227,4.0,0.0,2.0,1.0,1.0,"(2, 2)","[p(2, 2)_cs(1.0)_ws(1.0)]_[p(5, 2)_cs(1.0)_ws(1.0)]",player_34855cc9_actions,player_34855cc9,['player_34855cc9'],"['player_e7704bb5', 'player_34855cc9', 'player_34855cc9', 'player_34855cc9', 'player_34855cc9', 'player_34855cc9']",['player_34855cc9'],False
1107,tomato_salad,pick up,Counter_33,Counter,33,pick up tomato_salad from counter,player_34855cc9,encouraged_division_of_labor,4832c32c79ea6907,689.1290676936896,0.0,4.0,0.0,2.0,1.0,1.0,"(2, 2)","[p(2, 2)_cs(1.0)_ws(1.0)]_[p(5, 2)_cs(1.0)_ws(1.0)]",player_34855cc9_actions,player_34855cc9,['player_34855cc9'],"['player_e7704bb5', 'player_34855cc9', 'player_34855cc9', 'player_34855cc9', 'player_34855cc9', 'player_34855cc9']",['player_34855cc9'],False
1125,tomato_salad,deliver,Delivery_63,Delivery,63,deliver tomato_salad,player_34855cc9,encouraged_division_of_labor,4832c32c79ea6907,705.1290676936896,16.0,5.0,1.0,3.0,1.0,1.0,"(2, 2)","[p(2, 2)_cs(1.0)_ws(1.0)]_[p(5, 2)_cs(1.0)_ws(1.0)]",player_34855cc9_actions,player_34855cc9,"['player_34855cc9', 'player_34855cc9']","['player_e7704bb5', 'player_34855cc9', 'player_34855cc9', 'player_34855cc9', 'player_34855cc9', 'player_34855cc9']",['player_34855cc9'],
1147,tomato,pick up,Dispenser_40,Dispenser,40,pick up tomato from dispenser,player_34855cc9,encouraged_division_of_labor,4832c32c79ea6907,743.5403275337159,38.41125984002622,5.0,0.0,3.0,1.0,1.0,"(2, 2)","[p(2, 2)_cs(1.0)_ws(1.0)]_[p(5, 2)_cs(1.0)_ws(1.0)]",player_34855cc9_actions,,[],,,
1166,tomato,put down,Counter_32,Counter,32,put down tomato on counter,player_34855cc9,encouraged_division_of_labor,4832c32c79ea6907,759.540327533716,16.000000000000114,5.0,0.0,3.0,1.0,1.0,"(2, 2)","[p(2, 2)_cs(1.0)_ws(1.0)]_[p(5, 2)_cs(1.0)_ws(1.0)]",player_34855cc9_actions,player_34855cc9,['player_34855cc9'],,,
1187,tomato,pick up,Counter_32,Counter,32,pick up tomato from counter,player_e7704bb5,encouraged_division_of_labor,4832c32c79ea6907,1059.597013512751,155.96013027810943,5.0,0.0,2.0,1.0,1.0,"(5, 2)","[p(2, 2)_cs(1.0)_ws(1.0)]_[p(5, 2)_cs(1.0)_ws(1.0)]",player_e7704bb5_actions,player_34855cc9,['player_34855cc9'],,,True
1187,tomato,pick up,Dispenser_50,Dispenser,50,pick up tomato from dispenser,player_34855cc9,encouraged_division_of_labor,4832c32c79ea6907,782.1677445316858,22.627416997969817,5.0,0.0,3.0,1.0,1.0,"(2, 2)","[p(2, 2)_cs(1.0)_ws(1.0)]_[p(5, 2)_cs(1.0)_ws(1.0)]",player_34855cc9_actions,,[],,,
1210,tomato,put down,Counter_32,Counter,32,put down tomato on counter,player_34855cc9,encouraged_division_of_labor,4832c32c79ea6907,804.7951615296555,22.627416997969704,5.0,0.0,3.0,1.0,1.0,"(2, 2)","[p(2, 2)_cs(1.0)_ws(1.0)]_[p(5, 2)_cs(1.0)_ws(1.0)]",player_34855cc9_actions,player_34855cc9,['player_34855cc9'],,,
1210,tomato,start cutting,CuttingBoard_20,CuttingBoard,20,start cutting tomato,player_e7704bb5,encouraged_division_of_labor,4832c32c79ea6907,1075.5970135127504,15.999999999999543,5.0,0.0,2.0,1.0,1.0,"(5, 2)","[p(2, 2)_cs(1.0)_ws(1.0)]_[p(5, 2)_cs(1.0)_ws(1.0)]",player_e7704bb5_actions,player_e7704bb5,"['player_34855cc9', 'player_e7704bb5']",,,
1235,plate,pick up,Dispenser_60,Dispenser,60,pick up plate from dispenser,player_34855cc9,encouraged_division_of_labor,4832c32c79ea6907,843.2022241964206,38.407062666765114,5.0,0.0,3.0,1.0,1.0,"(2, 2)","[p(2, 2)_cs(1.0)_ws(1.0)]_[p(5, 2)_cs(1.0)_ws(1.0)]",player_34855cc9_actions,,[],,,
1263,plate,put down,Counter_33,Counter,33,put down plate on counter,player_34855cc9,encouraged_division_of_labor,4832c32c79ea6907,888.4570581923603,45.254833995939634,5.0,0.0,3.0,1.0,1.0,"(2, 2)","[p(2, 2)_cs(1.0)_ws(1.0)]_[p(5, 2)_cs(1.0)_ws(1.0)]",player_34855cc9_actions,player_34855cc9,['player_34855cc9'],,,
1287,tomato,pick up,Counter_32,Counter,32,pick up tomato from counter,player_e7704bb5,encouraged_division_of_labor,4832c32c79ea6907,1091.59701351275,15.999999999999543,5.0,0.0,2.0,1.0,1.0,"(5, 2)","[p(2, 2)_cs(1.0)_ws(1.0)]_[p(5, 2)_cs(1.0)_ws(1.0)]",player_e7704bb5_actions,player_34855cc9,['player_34855cc9'],,,True
1290,plate,pick up,Dispenser_71,Dispenser,71,pick up plate from dispenser,player_34855cc9,encouraged_division_of_labor,4832c32c79ea6907,933.7118921883,45.254833995939634,5.0,0.0,3.0,1.0,1.0,"(2, 2)","[p(2, 2)_cs(1.0)_ws(1.0)]_[p(5, 2)_cs(1.0)_ws(1.0)]",player_34855cc9_actions,,[],,,
1311,tomato,start cutting,CuttingBoard_10,CuttingBoard,10,start cutting tomato,player_e7704bb5,encouraged_division_of_labor,4832c32c79ea6907,1114.2244305107197,22.627416997969476,5.0,0.0,2.0,1.0,1.0,"(5, 2)","[p(2, 2)_cs(1.0)_ws(1.0)]_[p(5, 2)_cs(1.0)_ws(1.0)]",player_e7704bb5_actions,player_e7704bb5,"['player_34855cc9', 'player_e7704bb5']",,,
1325,plate,put down,Counter_32,Counter,32,put down plate on counter,player_34855cc9,encouraged_division_of_labor,4832c32c79ea6907,972.1189548550648,38.40706266676477,5.0,0.0,3.0,1.0,1.0,"(2, 2)","[p(2, 2)_cs(1.0)_ws(1.0)]_[p(5, 2)_cs(1.0)_ws(1.0)]",player_34855cc9_actions,player_34855cc9,['player_34855cc9'],,,
1366,tomato,pick up,Dispenser_40,Dispenser,40,pick up tomato from dispenser,player_34855cc9,encouraged_division_of_labor,4832c32c79ea6907,988.1189548550648,16.000000000000227,5.0,0.0,3.0,1.0,1.0,"(2, 2)","[p(2, 2)_cs(1.0)_ws(1.0)]_[p(5, 2)_cs(1.0)_ws(1.0)]",player_34855cc9_actions,,[],,,
1370,tomato_cut,pick up,CuttingBoard_20,CuttingBoard,20,pick up tomato_cut from cuttingboard,player_e7704bb5,encouraged_division_of_labor,4832c32c79ea6907,1130.224430510719,15.999999999999543,5.0,0.0,2.0,1.0,1.0,"(5, 2)","[p(2, 2)_cs(1.0)_ws(1.0)]_[p(5, 2)_cs(1.0)_ws(1.0)]",player_e7704bb5_actions,player_e7704bb5,"['player_34855cc9', 'player_e7704bb5']",,,False
1394,tomato_cut,assemble salad,Counter_32,Counter,32,assemble salad,player_e7704bb5,encouraged_division_of_labor,4832c32c79ea6907,1146.2244305107183,15.999999999999543,5.0,0.0,2.0,1.0,1.0,"(5, 2)","[p(2, 2)_cs(1.0)_ws(1.0)]_[p(5, 2)_cs(1.0)_ws(1.0)]",player_e7704bb5_actions,player_34855cc9,['player_e7704bb5'],"['player_34855cc9', 'player_e7704bb5', 'player_e7704bb5']",['player_34855cc9'],True
1396,tomato,put down,Counter_34,Counter,34,put down tomato on counter,player_34855cc9,encouraged_division_of_labor,4832c32c79ea6907,1036.1189548550649,47.99999999999977,5.0,0.0,3.0,1.0,1.0,"(2, 2)","[p(2, 2)_cs(1.0)_ws(1.0)]_[p(5, 2)_cs(1.0)_ws(1.0)]",player_34855cc9_actions,player_34855cc9,['player_34855cc9'],,,
1423,tomato,pick up,Dispenser_50,Dispenser,50,pick up tomato from dispenser,player_34855cc9,encouraged_division_of_labor,4832c32c79ea6907,1090.538326498312,54.41937164324736,5.0,0.0,3.0,1.0,1.0,"(2, 2)","[p(2, 2)_cs(1.0)_ws(1.0)]_[p(5, 2)_cs(1.0)_ws(1.0)]",player_34855cc9_actions,,[],,,
1426,tomato_cut,pick up,CuttingBoard_10,CuttingBoard,10,pick up tomato_cut from cuttingboard,player_e7704bb5,encouraged_division_of_labor,4832c32c79ea6907,1168.851847508688,22.627416997969476,5.0,0.0,2.0,1.0,1.0,"(5, 2)","[p(2, 2)_cs(1.0)_ws(1.0)]_[p(5, 2)_cs(1.0)_ws(1.0)]",player_e7704bb5_actions,player_e7704bb5,"['player_34855cc9', 'player_e7704bb5']",,,False
1460,tomato_cut,assemble salad,Counter_33,Counter,33,assemble salad,player_e7704bb5,encouraged_division_of_labor,4832c32c79ea6907,1207.263107348714,38.411259840026105,5.0,0.0,2.0,1.0,1.0,"(5, 2)","[p(2, 2)_cs(1.0)_ws(1.0)]_[p(5, 2)_cs(1.0)_ws(1.0)]",player_e7704bb5_actions,player_34855cc9,['player_e7704bb5'],"['player_34855cc9', 'player_e7704bb5', 'player_e7704bb5']",['player_34855cc9'],True
1460,tomato,put down,Counter_35,Counter,35,put down tomato on counter,player_34855cc9,encouraged_division_of_labor,4832c32c79ea6907,1161.03171107357,70.493384575258,5.0,0.0,3.0,1.0,1.0,"(2, 2)","[p(2, 2)_cs(1.0)_ws(1.0)]_[p(5, 2)_cs(1.0)_ws(1.0)]",player_34855cc9_actions,player_34855cc9,['player_34855cc9'],,,
1483,tomato,pick up,Counter_34,Counter,34,pick up tomato from counter,player_e7704bb5,encouraged_division_of_labor,4832c32c79ea6907,1223.263107348714,15.999999999999773,5.0,0.0,2.0,1.0,1.0,"(5, 2)","[p(2, 2)_cs(1.0)_ws(1.0)]_[p(5, 2)_cs(1.0)_ws(1.0)]",player_e7704bb5_actions,player_34855cc9,['player_34855cc9'],,,True
1487,tomato_salad,pick up,Counter_32,Counter,32,pick up tomato_salad from counter,player_34855cc9,encouraged_division_of_labor,4832c32c79ea6907,1209.0317110735682,47.99999999999818,5.0,0.0,3.0,1.0,1.0,"(2, 2)","[p(2, 2)_cs(1.0)_ws(1.0)]_[p(5, 2)_cs(1.0)_ws(1.0)]",player_34855cc9_actions,player_e7704bb5,['player_e7704bb5'],"['player_34855cc9', 'player_e7704bb5', 'player_e7704bb5']",['player_34855cc9'],True
1506,tomato_salad,deliver,Delivery_63,Delivery,63,deliver tomato_salad,player_34855cc9,encouraged_division_of_labor,4832c32c79ea6907,1231.6591280715372,22.62741699796902,6.0,1.0,4.0,1.0,1.0,"(2, 2)","[p(2, 2)_cs(1.0)_ws(1.0)]_[p(5, 2)_cs(1.0)_ws(1.0)]",player_34855cc9_actions,player_34855cc9,"['player_e7704bb5', 'player_34855cc9']","['player_34855cc9', 'player_e7704bb5', 'player_e7704bb5']",['player_34855cc9'],
1517,tomato,start cutting,CuttingBoard_20,CuttingBoard,20,start cutting tomato,player_e7704bb5,encouraged_division_of_labor,4832c32c79ea6907,1271.2631073487123,47.99999999999864,6.0,0.0,2.0,1.0,1.0,"(5, 2)","[p(2, 2)_cs(1.0)_ws(1.0)]_[p(5, 2)_cs(1.0)_ws(1.0)]",player_e7704bb5_actions,player_e7704bb5,"['player_34855cc9', 'player_e7704bb5']",,,
1524,tomato_salad,pick up,Counter_33,Counter,33,pick up tomato_salad from counter,player_34855cc9,encouraged_division_of_labor,4832c32c79ea6907,1247.6591280715368,15.999999999999543,6.0,0.0,4.0,1.0,1.0,"(2, 2)","[p(2, 2)_cs(1.0)_ws(1.0)]_[p(5, 2)_cs(1.0)_ws(1.0)]",player_34855cc9_actions,player_e7704bb5,['player_e7704bb5'],"['player_34855cc9', 'player_e7704bb5', 'player_e7704bb5']",['player_34855cc9'],True
1539,tomato_salad,deliver,Delivery_63,Delivery,63,deliver tomato_salad,player_34855cc9,encouraged_division_of_labor,4832c32c79ea6907,1263.6591280715363,15.999999999999543,7.0,1.0,5.0,1.0,1.0,"(2, 2)","[p(2, 2)_cs(1.0)_ws(1.0)]_[p(5, 2)_cs(1.0)_ws(1.0)]",player_34855cc9_actions,player_34855cc9,"['player_e7704bb5', 'player_34855cc9']","['player_34855cc9', 'player_e7704bb5', 'player_e7704bb5']",['player_34855cc9'],
1552,tomato,pick up,Counter_35,Counter,35,pick up tomato from counter,player_e7704bb5,encouraged_division_of_labor,4832c32c79ea6907,1335.2631073487105,63.999999999997954,7.0,0.0,2.0,1.0,1.0,"(5, 2)","[p(2, 2)_cs(1.0)_ws(1.0)]_[p(5, 2)_cs(1.0)_ws(1.0)]",player_e7704bb5_actions,player_34855cc9,['player_34855cc9'],,,True
1565,plate,pick up,Dispenser_71,Dispenser,71,pick up plate from dispenser,player_34855cc9,encouraged_division_of_labor,4832c32c79ea6907,1302.070387911562,38.41125984002565,7.0,0.0,5.0,1.0,1.0,"(2, 2)","[p(2, 2)_cs(1.0)_ws(1.0)]_[p(5, 2)_cs(1.0)_ws(1.0)]",player_34855cc9_actions,,[],,,
1587,plate,put down,Counter_32,Counter,32,put down plate on counter,player_34855cc9,encouraged_division_of_labor,4832c32c79ea6907,1340.4774505783262,38.407062666764205,7.0,0.0,5.0,1.0,1.0,"(2, 2)","[p(2, 2)_cs(1.0)_ws(1.0)]_[p(5, 2)_cs(1.0)_ws(1.0)]",player_34855cc9_actions,player_34855cc9,['player_34855cc9'],,,
1602,tomato,start cutting,CuttingBoard_10,CuttingBoard,10,start cutting tomato,player_e7704bb5,encouraged_division_of_labor,4832c32c79ea6907,1405.755019872635,70.49191252392484,7.0,0.0,2.0,1.0,1.0,"(5, 2)","[p(2, 2)_cs(1.0)_ws(1.0)]_[p(5, 2)_cs(1.0)_ws(1.0)]",player_e7704bb5_actions,player_e7704bb5,"['player_34855cc9', 'player_e7704bb5']",,,
1615,plate,pick up,Dispenser_60,Dispenser,60,pick up plate from dispenser,player_34855cc9,encouraged_division_of_labor,4832c32c79ea6907,1378.88451324509,38.40706266676375,7.0,0.0,5.0,1.0,1.0,"(2, 2)","[p(2, 2)_cs(1.0)_ws(1.0)]_[p(5, 2)_cs(1.0)_ws(1.0)]",player_34855cc9_actions,,[],,,
1642,plate,put down,Counter_33,Counter,33,put down plate on counter,player_34855cc9,encouraged_division_of_labor,4832c32c79ea6907,1424.1393472410275,45.254833995937815,7.0,0.0,5.0,1.0,1.0,"(2, 2)","[p(2, 2)_cs(1.0)_ws(1.0)]_[p(5, 2)_cs(1.0)_ws(1.0)]",player_34855cc9_actions,player_34855cc9,['player_34855cc9'],,,
1663,tomato,pick up,Dispenser_40,Dispenser,40,pick up tomato from dispenser,player_34855cc9,encouraged_division_of_labor,4832c32c79ea6907,1456.1393472410268,31.99999999999909,7.0,0.0,5.0,1.0,1.0,"(2, 2)","[p(2, 2)_cs(1.0)_ws(1.0)]_[p(5, 2)_cs(1.0)_ws(1.0)]",player_34855cc9_actions,,[],,,
1674,tomato_cut,pick up,CuttingBoard_20,CuttingBoard,20,pick up tomato_cut from cuttingboard,player_e7704bb5,encouraged_division_of_labor,4832c32c79ea6907,1421.7550198726349,15.999999999999543,7.0,0.0,2.0,1.0,1.0,"(5, 2)","[p(2, 2)_cs(1.0)_ws(1.0)]_[p(5, 2)_cs(1.0)_ws(1.0)]",player_e7704bb5_actions,player_e7704bb5,"['player_34855cc9', 'player_e7704bb5']",,,False
1695,tomato,put down,Counter_34,Counter,34,put down tomato on counter,player_34855cc9,encouraged_division_of_labor,4832c32c79ea6907,1504.139347241025,47.99999999999818,7.0,0.0,5.0,1.0,1.0,"(2, 2)","[p(2, 2)_cs(1.0)_ws(1.0)]_[p(5, 2)_cs(1.0)_ws(1.0)]",player_34855cc9_actions,player_34855cc9,['player_34855cc9'],,,
1698,tomato_cut,assemble salad,Counter_32,Counter,32,assemble salad,player_e7704bb5,encouraged_division_of_labor,4832c32c79ea6907,1437.7550198726344,15.999999999999543,7.0,0.0,2.0,1.0,1.0,"(5, 2)","[p(2, 2)_cs(1.0)_ws(1.0)]_[p(5, 2)_cs(1.0)_ws(1.0)]",player_e7704bb5_actions,player_34855cc9,['player_e7704bb5'],"['player_34855cc9', 'player_e7704bb5', 'player_e7704bb5']",['player_34855cc9'],True
1726,tomato,pick up,Dispenser_50,Dispenser,50,pick up tomato from dispenser,player_34855cc9,encouraged_division_of_labor,4832c32c79ea6907,1558.5587188842724,54.41937164324736,7.0,0.0,5.0,1.0,1.0,"(2, 2)","[p(2, 2)_cs(1.0)_ws(1.0)]_[p(5, 2)_cs(1.0)_ws(1.0)]",player_34855cc9_actions,,[],,,
1763,tomato,put down,Counter_35,Counter,35,put down tomato on counter,player_34855cc9,encouraged_division_of_labor,4832c32c79ea6907,1629.0521034595304,70.493384575258,7.0,0.0,5.0,1.0,1.0,"(2, 2)","[p(2, 2)_cs(1.0)_ws(1.0)]_[p(5, 2)_cs(1.0)_ws(1.0)]",player_34855cc9_actions,player_34855cc9,['player_34855cc9'],,,
1769,tomato_cut,pick up,CuttingBoard_10,CuttingBoard,10,pick up tomato_cut from cuttingboard,player_e7704bb5,encouraged_division_of_labor,4832c32c79ea6907,1460.382436870604,22.627416997969476,7.0,0.0,2.0,1.0,1.0,"(5, 2)","[p(2, 2)_cs(1.0)_ws(1.0)]_[p(5, 2)_cs(1.0)_ws(1.0)]",player_e7704bb5_actions,player_e7704bb5,"['player_34855cc9', 'player_e7704bb5']",,,False
1794,tomato_salad,pick up,Counter_32,Counter,32,pick up tomato_salad from counter,player_34855cc9,encouraged_division_of_labor,4832c32c79ea6907,1677.0521034595286,47.99999999999818,7.0,0.0,5.0,1.0,1.0,"(2, 2)","[p(2, 2)_cs(1.0)_ws(1.0)]_[p(5, 2)_cs(1.0)_ws(1.0)]",player_34855cc9_actions,player_e7704bb5,['player_e7704bb5'],"['player_34855cc9', 'player_e7704bb5', 'player_e7704bb5']",['player_34855cc9'],True
1803,tomato_cut,assemble salad,Counter_33,Counter,33,assemble salad,player_e7704bb5,encouraged_division_of_labor,4832c32c79ea6907,1498.79369671063,38.411259840026105,7.0,0.0,2.0,1.0,1.0,"(5, 2)","[p(2, 2)_cs(1.0)_ws(1.0)]_[p(5, 2)_cs(1.0)_ws(1.0)]",player_e7704bb5_actions,player_34855cc9,['player_e7704bb5'],"['player_34855cc9', 'player_e7704bb5', 'player_e7704bb5']",['player_34855cc9'],True
1812,tomato_salad,deliver,Delivery_63,Delivery,63,deliver tomato_salad,player_34855cc9,encouraged_division_of_labor,4832c32c79ea6907,1699.6795204574976,22.62741699796902,8.0,1.0,6.0,1.0,1.0,"(2, 2)","[p(2, 2)_cs(1.0)_ws(1.0)]_[p(5, 2)_cs(1.0)_ws(1.0)]",player_34855cc9_actions,player_34855cc9,"['player_e7704bb5', 'player_34855cc9']","['player_34855cc9', 'player_e7704bb5', 'player_e7704bb5']",['player_34855cc9'],
1826,tomato,pick up,Counter_34,Counter,34,pick up tomato from counter,player_e7704bb5,encouraged_division_of_labor,4832c32c79ea6907,1514.7936967106295,15.999999999999543,8.0,0.0,2.0,1.0,1.0,"(5, 2)","[p(2, 2)_cs(1.0)_ws(1.0)]_[p(5, 2)_cs(1.0)_ws(1.0)]",player_e7704bb5_actions,player_34855cc9,['player_34855cc9'],,,True
1829,tomato_salad,pick up,Counter_33,Counter,33,pick up tomato_salad from counter,player_34855cc9,encouraged_division_of_labor,4832c32c79ea6907,1715.6795204574971,15.999999999999543,8.0,0.0,6.0,1.0,1.0,"(2, 2)","[p(2, 2)_cs(1.0)_ws(1.0)]_[p(5, 2)_cs(1.0)_ws(1.0)]",player_34855cc9_actions,player_e7704bb5,['player_e7704bb5'],"['player_34855cc9', 'player_e7704bb5', 'player_e7704bb5']",['player_34855cc9'],True
1845,tomato_salad,deliver,Delivery_63,Delivery,63,deliver tomato_salad,player_34855cc9,encouraged_division_of_labor,4832c32c79ea6907,1731.679520457497,15.999999999999543,9.0,1.0,7.0,1.0,1.0,"(2, 2)","[p(2, 2)_cs(1.0)_ws(1.0)]_[p(5, 2)_cs(1.0)_ws(1.0)]",player_34855cc9_actions,player_34855cc9,"['player_e7704bb5', 'player_34855cc9']","['player_34855cc9', 'player_e7704bb5', 'player_e7704bb5']",['player_34855cc9'],
1862,tomato,start cutting,CuttingBoard_20,CuttingBoard,20,start cutting tomato,player_e7704bb5,encouraged_division_of_labor,4832c32c79ea6907,1562.7936967106282,47.99999999999864,9.0,0.0,2.0,1.0,1.0,"(5, 2)","[p(2, 2)_cs(1.0)_ws(1.0)]_[p(5, 2)_cs(1.0)_ws(1.0)]",player_e7704bb5_actions,player_e7704bb5,"['player_34855cc9', 'player_e7704bb5']",,,
1872,plate,pick up,Dispenser_60,Dispenser,60,pick up plate from dispenser,player_34855cc9,encouraged_division_of_labor,4832c32c79ea6907,1770.0907802975223,38.41125984002565,9.0,0.0,7.0,1.0,1.0,"(2, 2)","[p(2, 2)_cs(1.0)_ws(1.0)]_[p(5, 2)_cs(1.0)_ws(1.0)]",player_34855cc9_actions,,[],,,
1897,plate,put down,Counter_32,Counter,32,put down plate on counter,player_34855cc9,encouraged_division_of_labor,4832c32c79ea6907,1808.4978429642863,38.407062666764205,9.0,0.0,7.0,1.0,1.0,"(2, 2)","[p(2, 2)_cs(1.0)_ws(1.0)]_[p(5, 2)_cs(1.0)_ws(1.0)]",player_34855cc9_actions,player_34855cc9,['player_34855cc9'],,,
1911,tomato_cut,pick up,CuttingBoard_20,CuttingBoard,20,pick up tomato_cut from cuttingboard,player_e7704bb5,encouraged_division_of_labor,4832c32c79ea6907,1562.7936967106282,0.0,9.0,0.0,2.0,1.0,1.0,"(5, 2)","[p(2, 2)_cs(1.0)_ws(1.0)]_[p(5, 2)_cs(1.0)_ws(1.0)]",player_e7704bb5_actions,player_e7704bb5,"['player_34855cc9', 'player_e7704bb5']",,,False
1919,plate,pick up,Dispenser_71,Dispenser,71,pick up plate from dispenser,player_34855cc9,encouraged_division_of_labor,4832c32c79ea6907,1846.9049056310505,38.40706266676375,9.0,0.0,7.0,1.0,1.0,"(2, 2)","[p(2, 2)_cs(1.0)_ws(1.0)]_[p(5, 2)_cs(1.0)_ws(1.0)]",player_34855cc9_actions,,[],,,
1936,tomato_cut,assemble salad,Counter_32,Counter,32,assemble salad,player_e7704bb5,encouraged_division_of_labor,4832c32c79ea6907,1578.7936967106275,15.999999999999543,9.0,0.0,2.0,1.0,1.0,"(5, 2)","[p(2, 2)_cs(1.0)_ws(1.0)]_[p(5, 2)_cs(1.0)_ws(1.0)]",player_e7704bb5_actions,player_34855cc9,['player_e7704bb5'],"['player_34855cc9', 'player_e7704bb5', 'player_e7704bb5']",['player_34855cc9'],True
1947,plate,put down,Counter_33,Counter,33,put down plate on counter,player_34855cc9,encouraged_division_of_labor,4832c32c79ea6907,1892.159739626988,45.254833995937815,9.0,0.0,7.0,1.0,1.0,"(2, 2)","[p(2, 2)_cs(1.0)_ws(1.0)]_[p(5, 2)_cs(1.0)_ws(1.0)]",player_34855cc9_actions,player_34855cc9,['player_34855cc9'],,,
1972,tomato,pick up,Counter_35,Counter,35,pick up tomato from counter,player_e7704bb5,encouraged_division_of_labor,4832c32c79ea6907,1626.793696710626,47.99999999999841,9.0,0.0,2.0,1.0,1.0,"(5, 2)","[p(2, 2)_cs(1.0)_ws(1.0)]_[p(5, 2)_cs(1.0)_ws(1.0)]",player_e7704bb5_actions,player_34855cc9,['player_34855cc9'],,,True
1973,tomato_salad,pick up,Counter_32,Counter,32,pick up tomato_salad from counter,player_34855cc9,encouraged_division_of_labor,4832c32c79ea6907,1908.1597396269876,15.999999999999543,9.0,0.0,7.0,1.0,1.0,"(2, 2)","[p(2, 2)_cs(1.0)_ws(1.0)]_[p(5, 2)_cs(1.0)_ws(1.0)]",player_34855cc9_actions,player_e7704bb5,['player_e7704bb5'],"['player_34855cc9', 'player_e7704bb5', 'player_e7704bb5']",['player_34855cc9'],True
1991,tomato_salad,deliver,Delivery_63,Delivery,63,deliver tomato_salad,player_34855cc9,encouraged_division_of_labor,4832c32c79ea6907,1930.7871566249569,22.62741699796902,10.0,1.0,8.0,1.0,1.0,"(2, 2)","[p(2, 2)_cs(1.0)_ws(1.0)]_[p(5, 2)_cs(1.0)_ws(1.0)]",player_34855cc9_actions,player_34855cc9,"['player_e7704bb5', 'player_34855cc9']","['player_34855cc9', 'player_e7704bb5', 'player_e7704bb5']",['player_34855cc9'],
2018,tomato,start cutting,CuttingBoard_10,CuttingBoard,10,start cutting tomato,player_e7704bb5,encouraged_division_of_labor,4832c32c79ea6907,1697.285609234551,70.49191252392484,10.0,0.0,2.0,1.0,1.0,"(5, 2)","[p(2, 2)_cs(1.0)_ws(1.0)]_[p(5, 2)_cs(1.0)_ws(1.0)]",player_e7704bb5_actions,player_e7704bb5,"['player_34855cc9', 'player_e7704bb5']",,,
2034,tomato,pick up,Dispenser_40,Dispenser,40,pick up tomato from dispenser,player_34855cc9,encouraged_division_of_labor,4832c32c79ea6907,1983.0872545382952,52.300097913338504,10.0,0.0,8.0,1.0,1.0,"(2, 2)","[p(2, 2)_cs(1.0)_ws(1.0)]_[p(5, 2)_cs(1.0)_ws(1.0)]",player_34855cc9_actions,,[],,,
2051,tomato,put down,Counter_32,Counter,32,put down tomato on counter,player_34855cc9,encouraged_division_of_labor,4832c32c79ea6907,1999.0872545382947,15.999999999999543,10.0,0.0,8.0,1.0,1.0,"(2, 2)","[p(2, 2)_cs(1.0)_ws(1.0)]_[p(5, 2)_cs(1.0)_ws(1.0)]",player_34855cc9_actions,player_34855cc9,['player_34855cc9'],,,
2071,tomato_cut,pick up,CuttingBoard_10,CuttingBoard,10,pick up tomato_cut from cuttingboard,player_e7704bb5,encouraged_division_of_labor,4832c32c79ea6907,1697.285609234551,0.0,10.0,0.0,2.0,1.0,1.0,"(5, 2)","[p(2, 2)_cs(1.0)_ws(1.0)]_[p(5, 2)_cs(1.0)_ws(1.0)]",player_e7704bb5_actions,player_e7704bb5,"['player_34855cc9', 'player_e7704bb5']",,,False
2102,tomato_cut,assemble salad,Counter_33,Counter,33,assemble salad,player_e7704bb5,encouraged_division_of_labor,4832c32c79ea6907,1735.696869074577,38.411259840026105,10.0,0.0,2.0,1.0,1.0,"(5, 2)","[p(2, 2)_cs(1.0)_ws(1.0)]_[p(5, 2)_cs(1.0)_ws(1.0)]",player_e7704bb5_actions,player_34855cc9,['player_e7704bb5'],"['player_34855cc9', 'player_e7704bb5', 'player_e7704bb5']",['player_34855cc9'],True
2106,plate,pick up,Dispenser_71,Dispenser,71,pick up plate from dispenser,player_34855cc9,encouraged_division_of_labor,4832c32c79ea6907,2037.494317205059,38.40706266676398,10.0,0.0,8.0,1.0,1.0,"(2, 2)","[p(2, 2)_cs(1.0)_ws(1.0)]_[p(5, 2)_cs(1.0)_ws(1.0)]",player_34855cc9_actions,,[],,,
2126,tomato,pick up,Counter_32,Counter,32,pick up tomato from counter,player_e7704bb5,encouraged_division_of_labor,4832c32c79ea6907,1751.6968690745766,15.999999999999543,10.0,0.0,2.0,1.0,1.0,"(5, 2)","[p(2, 2)_cs(1.0)_ws(1.0)]_[p(5, 2)_cs(1.0)_ws(1.0)]",player_e7704bb5_actions,player_34855cc9,['player_34855cc9'],,,True
2148,tomato,start cutting,CuttingBoard_20,CuttingBoard,20,start cutting tomato,player_e7704bb5,encouraged_division_of_labor,4832c32c79ea6907,1767.6968690745762,15.999999999999543,10.0,0.0,2.0,1.0,1.0,"(5, 2)","[p(2, 2)_cs(1.0)_ws(1.0)]_[p(5, 2)_cs(1.0)_ws(1.0)]",player_e7704bb5_actions,player_e7704bb5,"['player_34855cc9', 'player_e7704bb5']",,,
2152,plate,put down,Counter_32,Counter,32,put down plate on counter,player_34855cc9,encouraged_division_of_labor,4832c32c79ea6907,2075.901379871823,38.407062666764205,10.0,0.0,8.0,1.0,1.0,"(2, 2)","[p(2, 2)_cs(1.0)_ws(1.0)]_[p(5, 2)_cs(1.0)_ws(1.0)]",player_34855cc9_actions,player_34855cc9,['player_34855cc9'],,,
