{"agents": {"player_34855cc9": {"initial_state": {"agent_id": "player_34855cc9", "x": 40, "y": 40, "item": null, "url_params": {"gameType": ["tomatoSaladOnly"], "PROLIFIC_PID": ["5c8c22bafeeaeb0016207a00"], "map": ["forced_division_of_labor"], "cutting_speed_p1": ["1"], "walking_speed_p1": ["1"], "cutting_speed_p2": ["1"], "walking_speed_p2": ["1"], "slot_x_p1": ["2"], "slot_y_p1": ["2"], "slot_x_p2": ["5"], "slot_y_p2": ["2"], "EIO": ["4"], "transport": ["polling"], "t": ["PZJz5At"]}, "cut_speed": 1.0, "walk_speed": 30.0, "player_nr": 1}, "player_score": 8.0, "total_actions": 72, "first_action_tick": 133, "last_action_tick": 2152}, "player_e7704bb5": {"initial_state": {"agent_id": "player_e7704bb5", "x": 88, "y": 40, "item": null, "url_params": {"gameType": ["tomatoSaladOnly"], "PROLIFIC_PID": ["6414bb5268067523aa656cf6"], "map": ["forced_division_of_labor"], "cutting_speed_p1": ["1"], "walking_speed_p1": ["1"], "cutting_speed_p2": ["1"], "walking_speed_p2": ["1"], "slot_x_p1": ["2"], "slot_y_p1": ["2"], "slot_x_p2": ["5"], "slot_y_p2": ["2"], "EIO": ["4"], "transport": ["polling"], "t": ["PZJz9a1"]}, "cut_speed": 1.0, "walk_speed": 30.0, "player_nr": 2}, "player_score": 2.0, "total_actions": 48, "first_action_tick": 71, "last_action_tick": 2148}}, "map_name": "encouraged_division_of_labor", "final_score": 10.0}