tick,item,action,target,target_type,target_position,action_long,player_id,map_name,game_id,distance_walked,distance_walked_since_last_action,overall_score,player_score_change,player_score,walking_speed,cutting_speed,start_pos,condition
71,tomato,pick up,Dispenser_40,Dispenser,40,pick up tomato from dispenser,player_e7704bb5,encouraged_division_of_labor,4832c32c79ea6907,22.62741699796952,0.0,0.0,0.0,0.0,1.0,1.0,"(5, 2)","[p(2, 2)_cs(1.0)_ws(1.0)]_[p(5, 2)_cs(1.0)_ws(1.0)]"
122,tomato,put down,Counter_32,Counter,32,put down tomato on counter,player_e7704bb5,encouraged_division_of_labor,4832c32c79ea6907,66.62741699796611,43.99999999999659,0.0,0.0,0.0,1.0,1.0,"(5, 2)","[p(2, 2)_cs(1.0)_ws(1.0)]_[p(5, 2)_cs(1.0)_ws(1.0)]"
151,tomato,pick up,Dispenser_40,Dispenser,40,pick up tomato from dispenser,player_e7704bb5,encouraged_division_of_labor,4832c32c79ea6907,82.62741699796611,16.0,0.0,0.0,0.0,1.0,1.0,"(5, 2)","[p(2, 2)_cs(1.0)_ws(1.0)]_[p(5, 2)_cs(1.0)_ws(1.0)]"
181,tomato,put down,Counter_33,Counter,33,put down tomato on counter,player_e7704bb5,encouraged_division_of_labor,4832c32c79ea6907,114.62741699796611,32.0,0.0,0.0,0.0,1.0,1.0,"(5, 2)","[p(2, 2)_cs(1.0)_ws(1.0)]_[p(5, 2)_cs(1.0)_ws(1.0)]"
216,tomato,pick up,Dispenser_40,Dispenser,40,pick up tomato from dispenser,player_e7704bb5,encouraged_division_of_labor,4832c32c79ea6907,146.62741699796612,32.000000000000014,0.0,0.0,0.0,1.0,1.0,"(5, 2)","[p(2, 2)_cs(1.0)_ws(1.0)]_[p(5, 2)_cs(1.0)_ws(1.0)]"
243,tomato,put down,Counter_32,Counter,32,put down tomato on counter,player_e7704bb5,encouraged_division_of_labor,4832c32c79ea6907,162.62741699796612,16.0,0.0,0.0,0.0,1.0,1.0,"(5, 2)","[p(2, 2)_cs(1.0)_ws(1.0)]_[p(5, 2)_cs(1.0)_ws(1.0)]"
276,plate,pick up,Dispenser_60,Dispenser,60,pick up plate from dispenser,player_e7704bb5,encouraged_division_of_labor,4832c32c79ea6907,201.03447966473107,38.40706266676494,0.0,0.0,0.0,1.0,1.0,"(5, 2)","[p(2, 2)_cs(1.0)_ws(1.0)]_[p(5, 2)_cs(1.0)_ws(1.0)]"
330,plate,put down,Counter_34,Counter,34,put down plate on counter,player_e7704bb5,encouraged_division_of_labor,4832c32c79ea6907,261.9506665672693,60.91618690253824,0.0,0.0,0.0,1.0,1.0,"(5, 2)","[p(2, 2)_cs(1.0)_ws(1.0)]_[p(5, 2)_cs(1.0)_ws(1.0)]"
381,plate,pick up,Dispenser_60,Dispenser,60,pick up plate from dispenser,player_e7704bb5,encouraged_division_of_labor,4832c32c79ea6907,322.8668534698071,60.91618690253779,0.0,0.0,0.0,1.0,1.0,"(5, 2)","[p(2, 2)_cs(1.0)_ws(1.0)]_[p(5, 2)_cs(1.0)_ws(1.0)]"
443,plate,put down,Counter_35,Counter,35,put down plate on counter,player_e7704bb5,encouraged_division_of_labor,4832c32c79ea6907,399.8009579003769,76.93410443056979,0.0,0.0,0.0,1.0,1.0,"(5, 2)","[p(2, 2)_cs(1.0)_ws(1.0)]_[p(5, 2)_cs(1.0)_ws(1.0)]"
467,tomato_salad,pick up,Counter_34,Counter,34,pick up tomato_salad from counter,player_e7704bb5,encouraged_division_of_labor,4832c32c79ea6907,415.8009579003769,16.0,0.0,0.0,0.0,1.0,1.0,"(5, 2)","[p(2, 2)_cs(1.0)_ws(1.0)]_[p(5, 2)_cs(1.0)_ws(1.0)]"
491,tomato_salad,deliver,Delivery_64,Delivery,64,deliver tomato_salad,player_e7704bb5,encouraged_division_of_labor,4832c32c79ea6907,431.8009579003769,16.0,1.0,1.0,1.0,1.0,1.0,"(5, 2)","[p(2, 2)_cs(1.0)_ws(1.0)]_[p(5, 2)_cs(1.0)_ws(1.0)]"
541,tomato,pick up,Dispenser_40,Dispenser,40,pick up tomato from dispenser,player_e7704bb5,encouraged_division_of_labor,4832c32c79ea6907,486.22032954362595,54.419371643249065,1.0,0.0,1.0,1.0,1.0,"(5, 2)","[p(2, 2)_cs(1.0)_ws(1.0)]_[p(5, 2)_cs(1.0)_ws(1.0)]"
566,tomato,put down,Counter_33,Counter,33,put down tomato on counter,player_e7704bb5,encouraged_division_of_labor,4832c32c79ea6907,518.2203295436262,32.000000000000284,1.0,0.0,1.0,1.0,1.0,"(5, 2)","[p(2, 2)_cs(1.0)_ws(1.0)]_[p(5, 2)_cs(1.0)_ws(1.0)]"
599,tomato_salad,pick up,Counter_35,Counter,35,pick up tomato_salad from counter,player_e7704bb5,encouraged_division_of_labor,4832c32c79ea6907,550.2203295436263,32.000000000000114,1.0,0.0,1.0,1.0,1.0,"(5, 2)","[p(2, 2)_cs(1.0)_ws(1.0)]_[p(5, 2)_cs(1.0)_ws(1.0)]"
625,tomato_salad,deliver,Delivery_64,Delivery,64,deliver tomato_salad,player_e7704bb5,encouraged_division_of_labor,4832c32c79ea6907,572.8477465415962,22.627416997969817,2.0,1.0,2.0,1.0,1.0,"(5, 2)","[p(2, 2)_cs(1.0)_ws(1.0)]_[p(5, 2)_cs(1.0)_ws(1.0)]"
680,tomato,pick up,Dispenser_50,Dispenser,50,pick up tomato from dispenser,player_e7704bb5,encouraged_division_of_labor,4832c32c79ea6907,620.8477465415966,48.000000000000455,2.0,0.0,2.0,1.0,1.0,"(5, 2)","[p(2, 2)_cs(1.0)_ws(1.0)]_[p(5, 2)_cs(1.0)_ws(1.0)]"
717,tomato,put down,Counter_33,Counter,33,put down tomato on counter,player_e7704bb5,encouraged_division_of_labor,4832c32c79ea6907,659.2590063816227,38.411259840026105,2.0,0.0,2.0,1.0,1.0,"(5, 2)","[p(2, 2)_cs(1.0)_ws(1.0)]_[p(5, 2)_cs(1.0)_ws(1.0)]"
751,plate,pick up,Dispenser_60,Dispenser,60,pick up plate from dispenser,player_e7704bb5,encouraged_division_of_labor,4832c32c79ea6907,704.5138403775624,45.254833995939634,2.0,0.0,2.0,1.0,1.0,"(5, 2)","[p(2, 2)_cs(1.0)_ws(1.0)]_[p(5, 2)_cs(1.0)_ws(1.0)]"
803,plate,put down,Counter_35,Counter,35,put down plate on counter,player_e7704bb5,encouraged_division_of_labor,4832c32c79ea6907,781.4479448081325,76.93410443057019,2.0,0.0,2.0,1.0,1.0,"(5, 2)","[p(2, 2)_cs(1.0)_ws(1.0)]_[p(5, 2)_cs(1.0)_ws(1.0)]"
872,plate,pick up,Dispenser_60,Dispenser,60,pick up plate from dispenser,player_e7704bb5,encouraged_division_of_labor,4832c32c79ea6907,858.3820492387018,76.93410443056928,2.0,0.0,2.0,1.0,1.0,"(5, 2)","[p(2, 2)_cs(1.0)_ws(1.0)]_[p(5, 2)_cs(1.0)_ws(1.0)]"
911,plate,put down,Counter_33,Counter,33,put down plate on counter,player_e7704bb5,encouraged_division_of_labor,4832c32c79ea6907,903.6368832346415,45.254833995939634,2.0,0.0,2.0,1.0,1.0,"(5, 2)","[p(2, 2)_cs(1.0)_ws(1.0)]_[p(5, 2)_cs(1.0)_ws(1.0)]"
1187,tomato,pick up,Counter_32,Counter,32,pick up tomato from counter,player_e7704bb5,encouraged_division_of_labor,4832c32c79ea6907,1059.597013512751,155.96013027810943,5.0,0.0,2.0,1.0,1.0,"(5, 2)","[p(2, 2)_cs(1.0)_ws(1.0)]_[p(5, 2)_cs(1.0)_ws(1.0)]"
1210,tomato,start cutting,CuttingBoard_20,CuttingBoard,20,start cutting tomato,player_e7704bb5,encouraged_division_of_labor,4832c32c79ea6907,1075.5970135127504,15.999999999999545,5.0,0.0,2.0,1.0,1.0,"(5, 2)","[p(2, 2)_cs(1.0)_ws(1.0)]_[p(5, 2)_cs(1.0)_ws(1.0)]"
1287,tomato,pick up,Counter_32,Counter,32,pick up tomato from counter,player_e7704bb5,encouraged_division_of_labor,4832c32c79ea6907,1091.59701351275,15.999999999999545,5.0,0.0,2.0,1.0,1.0,"(5, 2)","[p(2, 2)_cs(1.0)_ws(1.0)]_[p(5, 2)_cs(1.0)_ws(1.0)]"
1311,tomato,start cutting,CuttingBoard_10,CuttingBoard,10,start cutting tomato,player_e7704bb5,encouraged_division_of_labor,4832c32c79ea6907,1114.2244305107195,22.627416997969476,5.0,0.0,2.0,1.0,1.0,"(5, 2)","[p(2, 2)_cs(1.0)_ws(1.0)]_[p(5, 2)_cs(1.0)_ws(1.0)]"
1370,tomato_cut,pick up,CuttingBoard_20,CuttingBoard,20,pick up tomato_cut from cuttingboard,player_e7704bb5,encouraged_division_of_labor,4832c32c79ea6907,1130.224430510719,15.999999999999545,5.0,0.0,2.0,1.0,1.0,"(5, 2)","[p(2, 2)_cs(1.0)_ws(1.0)]_[p(5, 2)_cs(1.0)_ws(1.0)]"
1394,tomato_cut,assemble salad,Counter_32,Counter,32,assemble salad,player_e7704bb5,encouraged_division_of_labor,4832c32c79ea6907,1146.2244305107185,15.999999999999545,5.0,0.0,2.0,1.0,1.0,"(5, 2)","[p(2, 2)_cs(1.0)_ws(1.0)]_[p(5, 2)_cs(1.0)_ws(1.0)]"
1426,tomato_cut,pick up,CuttingBoard_10,CuttingBoard,10,pick up tomato_cut from cuttingboard,player_e7704bb5,encouraged_division_of_labor,4832c32c79ea6907,1168.851847508688,22.627416997969476,5.0,0.0,2.0,1.0,1.0,"(5, 2)","[p(2, 2)_cs(1.0)_ws(1.0)]_[p(5, 2)_cs(1.0)_ws(1.0)]"
1460,tomato_cut,assemble salad,Counter_33,Counter,33,assemble salad,player_e7704bb5,encouraged_division_of_labor,4832c32c79ea6907,1207.2631073487141,38.411259840026105,5.0,0.0,2.0,1.0,1.0,"(5, 2)","[p(2, 2)_cs(1.0)_ws(1.0)]_[p(5, 2)_cs(1.0)_ws(1.0)]"
1483,tomato,pick up,Counter_34,Counter,34,pick up tomato from counter,player_e7704bb5,encouraged_division_of_labor,4832c32c79ea6907,1223.263107348714,15.999999999999773,5.0,0.0,2.0,1.0,1.0,"(5, 2)","[p(2, 2)_cs(1.0)_ws(1.0)]_[p(5, 2)_cs(1.0)_ws(1.0)]"
1517,tomato,start cutting,CuttingBoard_20,CuttingBoard,20,start cutting tomato,player_e7704bb5,encouraged_division_of_labor,4832c32c79ea6907,1271.2631073487125,47.999999999998636,6.0,0.0,2.0,1.0,1.0,"(5, 2)","[p(2, 2)_cs(1.0)_ws(1.0)]_[p(5, 2)_cs(1.0)_ws(1.0)]"
1552,tomato,pick up,Counter_35,Counter,35,pick up tomato from counter,player_e7704bb5,encouraged_division_of_labor,4832c32c79ea6907,1335.2631073487105,63.999999999997954,7.0,0.0,2.0,1.0,1.0,"(5, 2)","[p(2, 2)_cs(1.0)_ws(1.0)]_[p(5, 2)_cs(1.0)_ws(1.0)]"
1602,tomato,start cutting,CuttingBoard_10,CuttingBoard,10,start cutting tomato,player_e7704bb5,encouraged_division_of_labor,4832c32c79ea6907,1405.7550198726353,70.49191252392484,7.0,0.0,2.0,1.0,1.0,"(5, 2)","[p(2, 2)_cs(1.0)_ws(1.0)]_[p(5, 2)_cs(1.0)_ws(1.0)]"
1674,tomato_cut,pick up,CuttingBoard_20,CuttingBoard,20,pick up tomato_cut from cuttingboard,player_e7704bb5,encouraged_division_of_labor,4832c32c79ea6907,1421.7550198726349,15.999999999999545,7.0,0.0,2.0,1.0,1.0,"(5, 2)","[p(2, 2)_cs(1.0)_ws(1.0)]_[p(5, 2)_cs(1.0)_ws(1.0)]"
1698,tomato_cut,assemble salad,Counter_32,Counter,32,assemble salad,player_e7704bb5,encouraged_division_of_labor,4832c32c79ea6907,1437.7550198726344,15.999999999999545,7.0,0.0,2.0,1.0,1.0,"(5, 2)","[p(2, 2)_cs(1.0)_ws(1.0)]_[p(5, 2)_cs(1.0)_ws(1.0)]"
1769,tomato_cut,pick up,CuttingBoard_10,CuttingBoard,10,pick up tomato_cut from cuttingboard,player_e7704bb5,encouraged_division_of_labor,4832c32c79ea6907,1460.382436870604,22.627416997969476,7.0,0.0,2.0,1.0,1.0,"(5, 2)","[p(2, 2)_cs(1.0)_ws(1.0)]_[p(5, 2)_cs(1.0)_ws(1.0)]"
1803,tomato_cut,assemble salad,Counter_33,Counter,33,assemble salad,player_e7704bb5,encouraged_division_of_labor,4832c32c79ea6907,1498.79369671063,38.411259840026105,7.0,0.0,2.0,1.0,1.0,"(5, 2)","[p(2, 2)_cs(1.0)_ws(1.0)]_[p(5, 2)_cs(1.0)_ws(1.0)]"
1826,tomato,pick up,Counter_34,Counter,34,pick up tomato from counter,player_e7704bb5,encouraged_division_of_labor,4832c32c79ea6907,1514.7936967106295,15.999999999999545,8.0,0.0,2.0,1.0,1.0,"(5, 2)","[p(2, 2)_cs(1.0)_ws(1.0)]_[p(5, 2)_cs(1.0)_ws(1.0)]"
1862,tomato,start cutting,CuttingBoard_20,CuttingBoard,20,start cutting tomato,player_e7704bb5,encouraged_division_of_labor,4832c32c79ea6907,1562.7936967106282,47.999999999998636,9.0,0.0,2.0,1.0,1.0,"(5, 2)","[p(2, 2)_cs(1.0)_ws(1.0)]_[p(5, 2)_cs(1.0)_ws(1.0)]"
1911,tomato_cut,pick up,CuttingBoard_20,CuttingBoard,20,pick up tomato_cut from cuttingboard,player_e7704bb5,encouraged_division_of_labor,4832c32c79ea6907,1562.7936967106282,0.0,9.0,0.0,2.0,1.0,1.0,"(5, 2)","[p(2, 2)_cs(1.0)_ws(1.0)]_[p(5, 2)_cs(1.0)_ws(1.0)]"
1936,tomato_cut,assemble salad,Counter_32,Counter,32,assemble salad,player_e7704bb5,encouraged_division_of_labor,4832c32c79ea6907,1578.7936967106277,15.999999999999545,9.0,0.0,2.0,1.0,1.0,"(5, 2)","[p(2, 2)_cs(1.0)_ws(1.0)]_[p(5, 2)_cs(1.0)_ws(1.0)]"
1972,tomato,pick up,Counter_35,Counter,35,pick up tomato from counter,player_e7704bb5,encouraged_division_of_labor,4832c32c79ea6907,1626.7936967106261,47.99999999999841,9.0,0.0,2.0,1.0,1.0,"(5, 2)","[p(2, 2)_cs(1.0)_ws(1.0)]_[p(5, 2)_cs(1.0)_ws(1.0)]"
2018,tomato,start cutting,CuttingBoard_10,CuttingBoard,10,start cutting tomato,player_e7704bb5,encouraged_division_of_labor,4832c32c79ea6907,1697.285609234551,70.49191252392484,10.0,0.0,2.0,1.0,1.0,"(5, 2)","[p(2, 2)_cs(1.0)_ws(1.0)]_[p(5, 2)_cs(1.0)_ws(1.0)]"
2071,tomato_cut,pick up,CuttingBoard_10,CuttingBoard,10,pick up tomato_cut from cuttingboard,player_e7704bb5,encouraged_division_of_labor,4832c32c79ea6907,1697.285609234551,0.0,10.0,0.0,2.0,1.0,1.0,"(5, 2)","[p(2, 2)_cs(1.0)_ws(1.0)]_[p(5, 2)_cs(1.0)_ws(1.0)]"
2102,tomato_cut,assemble salad,Counter_33,Counter,33,assemble salad,player_e7704bb5,encouraged_division_of_labor,4832c32c79ea6907,1735.696869074577,38.411259840026105,10.0,0.0,2.0,1.0,1.0,"(5, 2)","[p(2, 2)_cs(1.0)_ws(1.0)]_[p(5, 2)_cs(1.0)_ws(1.0)]"
2126,tomato,pick up,Counter_32,Counter,32,pick up tomato from counter,player_e7704bb5,encouraged_division_of_labor,4832c32c79ea6907,1751.6968690745766,15.999999999999545,10.0,0.0,2.0,1.0,1.0,"(5, 2)","[p(2, 2)_cs(1.0)_ws(1.0)]_[p(5, 2)_cs(1.0)_ws(1.0)]"
2148,tomato,start cutting,CuttingBoard_20,CuttingBoard,20,start cutting tomato,player_e7704bb5,encouraged_division_of_labor,4832c32c79ea6907,1767.6968690745762,15.999999999999545,10.0,0.0,2.0,1.0,1.0,"(5, 2)","[p(2, 2)_cs(1.0)_ws(1.0)]_[p(5, 2)_cs(1.0)_ws(1.0)]"
