tick,item,action,target,target_type,target_position,action_long,player_id,map_name,game_id,distance_walked,distance_walked_since_last_action,overall_score,player_score_change,player_score,walking_speed,cutting_speed,start_pos,condition
133,tomato,pick up,Counter_32,Counter,32,pick up tomato from counter,player_34855cc9,encouraged_division_of_labor,4832c32c79ea6907,0.0,0.0,0.0,0.0,0.0,1.0,1.0,"(2, 2)","[p(2, 2)_cs(1.0)_ws(1.0)]_[p(5, 2)_cs(1.0)_ws(1.0)]"
143,tomato,put down,Counter_32,Counter,32,put down tomato on counter,player_34855cc9,encouraged_division_of_labor,4832c32c79ea6907,0.0,0.0,0.0,0.0,0.0,1.0,1.0,"(2, 2)","[p(2, 2)_cs(1.0)_ws(1.0)]_[p(5, 2)_cs(1.0)_ws(1.0)]"
167,tomato,pick up,Counter_32,Counter,32,pick up tomato from counter,player_34855cc9,encouraged_division_of_labor,4832c32c79ea6907,32.0,32.0,0.0,0.0,0.0,1.0,1.0,"(2, 2)","[p(2, 2)_cs(1.0)_ws(1.0)]_[p(5, 2)_cs(1.0)_ws(1.0)]"
184,tomato,start cutting,CuttingBoard_20,CuttingBoard,20,start cutting tomato,player_34855cc9,encouraged_division_of_labor,4832c32c79ea6907,48.0,16.0,0.0,0.0,0.0,1.0,1.0,"(2, 2)","[p(2, 2)_cs(1.0)_ws(1.0)]_[p(5, 2)_cs(1.0)_ws(1.0)]"
227,tomato_cut,pick up,CuttingBoard_20,CuttingBoard,20,pick up tomato_cut from cuttingboard,player_34855cc9,encouraged_division_of_labor,4832c32c79ea6907,48.0,0.0,0.0,0.0,0.0,1.0,1.0,"(2, 2)","[p(2, 2)_cs(1.0)_ws(1.0)]_[p(5, 2)_cs(1.0)_ws(1.0)]"
247,tomato_cut,put down,Counter_32,Counter,32,put down tomato_cut on counter,player_34855cc9,encouraged_division_of_labor,4832c32c79ea6907,64.0,16.0,0.0,0.0,0.0,1.0,1.0,"(2, 2)","[p(2, 2)_cs(1.0)_ws(1.0)]_[p(5, 2)_cs(1.0)_ws(1.0)]"
247,tomato,pick up,Counter_32,Counter,32,pick up tomato from counter,player_34855cc9,encouraged_division_of_labor,4832c32c79ea6907,64.0,0.0,0.0,0.0,0.0,1.0,1.0,"(2, 2)","[p(2, 2)_cs(1.0)_ws(1.0)]_[p(5, 2)_cs(1.0)_ws(1.0)]"
280,tomato,start cutting,CuttingBoard_20,CuttingBoard,20,start cutting tomato,player_34855cc9,encouraged_division_of_labor,4832c32c79ea6907,80.0,16.0,0.0,0.0,0.0,1.0,1.0,"(2, 2)","[p(2, 2)_cs(1.0)_ws(1.0)]_[p(5, 2)_cs(1.0)_ws(1.0)]"
343,tomato_cut,pick up,CuttingBoard_20,CuttingBoard,20,pick up tomato_cut from cuttingboard,player_34855cc9,encouraged_division_of_labor,4832c32c79ea6907,80.0,0.0,0.0,0.0,0.0,1.0,1.0,"(2, 2)","[p(2, 2)_cs(1.0)_ws(1.0)]_[p(5, 2)_cs(1.0)_ws(1.0)]"
384,tomato_cut,assemble salad,Counter_34,Counter,34,assemble salad,player_34855cc9,encouraged_division_of_labor,4832c32c79ea6907,128.0,48.0,0.0,0.0,0.0,1.0,1.0,"(2, 2)","[p(2, 2)_cs(1.0)_ws(1.0)]_[p(5, 2)_cs(1.0)_ws(1.0)]"
404,tomato,pick up,Counter_33,Counter,33,pick up tomato from counter,player_34855cc9,encouraged_division_of_labor,4832c32c79ea6907,144.0,16.0,0.0,0.0,0.0,1.0,1.0,"(2, 2)","[p(2, 2)_cs(1.0)_ws(1.0)]_[p(5, 2)_cs(1.0)_ws(1.0)]"
427,tomato,start cutting,CuttingBoard_20,CuttingBoard,20,start cutting tomato,player_34855cc9,encouraged_division_of_labor,4832c32c79ea6907,176.0,32.0,0.0,0.0,0.0,1.0,1.0,"(2, 2)","[p(2, 2)_cs(1.0)_ws(1.0)]_[p(5, 2)_cs(1.0)_ws(1.0)]"
471,tomato_cut,pick up,CuttingBoard_20,CuttingBoard,20,pick up tomato_cut from cuttingboard,player_34855cc9,encouraged_division_of_labor,4832c32c79ea6907,176.0,0.0,0.0,0.0,0.0,1.0,1.0,"(2, 2)","[p(2, 2)_cs(1.0)_ws(1.0)]_[p(5, 2)_cs(1.0)_ws(1.0)]"
518,tomato_cut,assemble salad,Counter_35,Counter,35,assemble salad,player_34855cc9,encouraged_division_of_labor,4832c32c79ea6907,240.0,64.0,1.0,0.0,0.0,1.0,1.0,"(2, 2)","[p(2, 2)_cs(1.0)_ws(1.0)]_[p(5, 2)_cs(1.0)_ws(1.0)]"
591,tomato,pick up,Counter_33,Counter,33,pick up tomato from counter,player_34855cc9,encouraged_division_of_labor,4832c32c79ea6907,272.0,32.0,1.0,0.0,0.0,1.0,1.0,"(2, 2)","[p(2, 2)_cs(1.0)_ws(1.0)]_[p(5, 2)_cs(1.0)_ws(1.0)]"
627,tomato,start cutting,CuttingBoard_20,CuttingBoard,20,start cutting tomato,player_34855cc9,encouraged_division_of_labor,4832c32c79ea6907,304.00000000000034,32.00000000000034,2.0,0.0,0.0,1.0,1.0,"(2, 2)","[p(2, 2)_cs(1.0)_ws(1.0)]_[p(5, 2)_cs(1.0)_ws(1.0)]"
684,tomato_cut,pick up,CuttingBoard_20,CuttingBoard,20,pick up tomato_cut from cuttingboard,player_34855cc9,encouraged_division_of_labor,4832c32c79ea6907,304.00000000000034,0.0,2.0,0.0,0.0,1.0,1.0,"(2, 2)","[p(2, 2)_cs(1.0)_ws(1.0)]_[p(5, 2)_cs(1.0)_ws(1.0)]"
741,tomato_cut,put down,Counter_34,Counter,34,put down tomato_cut on counter,player_34855cc9,encouraged_division_of_labor,4832c32c79ea6907,352.0000000000008,48.000000000000455,2.0,0.0,0.0,1.0,1.0,"(2, 2)","[p(2, 2)_cs(1.0)_ws(1.0)]_[p(5, 2)_cs(1.0)_ws(1.0)]"
757,tomato,pick up,Counter_33,Counter,33,pick up tomato from counter,player_34855cc9,encouraged_division_of_labor,4832c32c79ea6907,368.00000000000085,16.000000000000057,2.0,0.0,0.0,1.0,1.0,"(2, 2)","[p(2, 2)_cs(1.0)_ws(1.0)]_[p(5, 2)_cs(1.0)_ws(1.0)]"
781,tomato,start cutting,CuttingBoard_20,CuttingBoard,20,start cutting tomato,player_34855cc9,encouraged_division_of_labor,4832c32c79ea6907,400.00000000000114,32.000000000000284,2.0,0.0,0.0,1.0,1.0,"(2, 2)","[p(2, 2)_cs(1.0)_ws(1.0)]_[p(5, 2)_cs(1.0)_ws(1.0)]"
831,tomato_cut,pick up,CuttingBoard_20,CuttingBoard,20,pick up tomato_cut from cuttingboard,player_34855cc9,encouraged_division_of_labor,4832c32c79ea6907,400.00000000000114,0.0,2.0,0.0,0.0,1.0,1.0,"(2, 2)","[p(2, 2)_cs(1.0)_ws(1.0)]_[p(5, 2)_cs(1.0)_ws(1.0)]"
875,tomato_cut,assemble salad,Counter_35,Counter,35,assemble salad,player_34855cc9,encouraged_division_of_labor,4832c32c79ea6907,464.0000000000016,64.00000000000045,2.0,0.0,0.0,1.0,1.0,"(2, 2)","[p(2, 2)_cs(1.0)_ws(1.0)]_[p(5, 2)_cs(1.0)_ws(1.0)]"
890,tomato_salad,pick up,Counter_35,Counter,35,pick up tomato_salad from counter,player_34855cc9,encouraged_division_of_labor,4832c32c79ea6907,464.0000000000016,0.0,2.0,0.0,0.0,1.0,1.0,"(2, 2)","[p(2, 2)_cs(1.0)_ws(1.0)]_[p(5, 2)_cs(1.0)_ws(1.0)]"
941,tomato_salad,deliver,Delivery_64,Delivery,64,deliver tomato_salad,player_34855cc9,encouraged_division_of_labor,4832c32c79ea6907,525.4629738577233,61.46297385772175,3.0,1.0,1.0,1.0,1.0,"(2, 2)","[p(2, 2)_cs(1.0)_ws(1.0)]_[p(5, 2)_cs(1.0)_ws(1.0)]"
969,tomato_cut,pick up,Counter_34,Counter,34,pick up tomato_cut from counter,player_34855cc9,encouraged_division_of_labor,4832c32c79ea6907,541.4629738577233,16.0,3.0,0.0,1.0,1.0,1.0,"(2, 2)","[p(2, 2)_cs(1.0)_ws(1.0)]_[p(5, 2)_cs(1.0)_ws(1.0)]"
985,tomato_cut,assemble salad,Counter_33,Counter,33,assemble salad,player_34855cc9,encouraged_division_of_labor,4832c32c79ea6907,557.4629738577235,16.000000000000114,3.0,0.0,1.0,1.0,1.0,"(2, 2)","[p(2, 2)_cs(1.0)_ws(1.0)]_[p(5, 2)_cs(1.0)_ws(1.0)]"
997,tomato_salad,pick up,Counter_33,Counter,33,pick up tomato_salad from counter,player_34855cc9,encouraged_division_of_labor,4832c32c79ea6907,557.4629738577235,0.0,3.0,0.0,1.0,1.0,1.0,"(2, 2)","[p(2, 2)_cs(1.0)_ws(1.0)]_[p(5, 2)_cs(1.0)_ws(1.0)]"
1014,tomato_salad,deliver,Delivery_63,Delivery,63,deliver tomato_salad,player_34855cc9,encouraged_division_of_labor,4832c32c79ea6907,573.4629738577235,16.0,4.0,1.0,2.0,1.0,1.0,"(2, 2)","[p(2, 2)_cs(1.0)_ws(1.0)]_[p(5, 2)_cs(1.0)_ws(1.0)]"
1044,plate,pick up,Dispenser_71,Dispenser,71,pick up plate from dispenser,player_34855cc9,encouraged_division_of_labor,4832c32c79ea6907,611.8742336977497,38.41125984002622,4.0,0.0,2.0,1.0,1.0,"(2, 2)","[p(2, 2)_cs(1.0)_ws(1.0)]_[p(5, 2)_cs(1.0)_ws(1.0)]"
1074,plate,put down,Counter_33,Counter,33,put down plate on counter,player_34855cc9,encouraged_division_of_labor,4832c32c79ea6907,657.1290676936893,45.254833995939634,4.0,0.0,2.0,1.0,1.0,"(2, 2)","[p(2, 2)_cs(1.0)_ws(1.0)]_[p(5, 2)_cs(1.0)_ws(1.0)]"
1088,tomato_cut,pick up,Counter_32,Counter,32,pick up tomato_cut from counter,player_34855cc9,encouraged_division_of_labor,4832c32c79ea6907,673.1290676936894,16.000000000000114,4.0,0.0,2.0,1.0,1.0,"(2, 2)","[p(2, 2)_cs(1.0)_ws(1.0)]_[p(5, 2)_cs(1.0)_ws(1.0)]"
1101,tomato_cut,assemble salad,Counter_33,Counter,33,assemble salad,player_34855cc9,encouraged_division_of_labor,4832c32c79ea6907,689.1290676936896,16.000000000000227,4.0,0.0,2.0,1.0,1.0,"(2, 2)","[p(2, 2)_cs(1.0)_ws(1.0)]_[p(5, 2)_cs(1.0)_ws(1.0)]"
1107,tomato_salad,pick up,Counter_33,Counter,33,pick up tomato_salad from counter,player_34855cc9,encouraged_division_of_labor,4832c32c79ea6907,689.1290676936896,0.0,4.0,0.0,2.0,1.0,1.0,"(2, 2)","[p(2, 2)_cs(1.0)_ws(1.0)]_[p(5, 2)_cs(1.0)_ws(1.0)]"
1125,tomato_salad,deliver,Delivery_63,Delivery,63,deliver tomato_salad,player_34855cc9,encouraged_division_of_labor,4832c32c79ea6907,705.1290676936896,16.0,5.0,1.0,3.0,1.0,1.0,"(2, 2)","[p(2, 2)_cs(1.0)_ws(1.0)]_[p(5, 2)_cs(1.0)_ws(1.0)]"
1147,tomato,pick up,Dispenser_40,Dispenser,40,pick up tomato from dispenser,player_34855cc9,encouraged_division_of_labor,4832c32c79ea6907,743.5403275337159,38.41125984002622,5.0,0.0,3.0,1.0,1.0,"(2, 2)","[p(2, 2)_cs(1.0)_ws(1.0)]_[p(5, 2)_cs(1.0)_ws(1.0)]"
1166,tomato,put down,Counter_32,Counter,32,put down tomato on counter,player_34855cc9,encouraged_division_of_labor,4832c32c79ea6907,759.540327533716,16.000000000000114,5.0,0.0,3.0,1.0,1.0,"(2, 2)","[p(2, 2)_cs(1.0)_ws(1.0)]_[p(5, 2)_cs(1.0)_ws(1.0)]"
1187,tomato,pick up,Dispenser_50,Dispenser,50,pick up tomato from dispenser,player_34855cc9,encouraged_division_of_labor,4832c32c79ea6907,782.1677445316858,22.627416997969817,5.0,0.0,3.0,1.0,1.0,"(2, 2)","[p(2, 2)_cs(1.0)_ws(1.0)]_[p(5, 2)_cs(1.0)_ws(1.0)]"
1210,tomato,put down,Counter_32,Counter,32,put down tomato on counter,player_34855cc9,encouraged_division_of_labor,4832c32c79ea6907,804.7951615296555,22.627416997969704,5.0,0.0,3.0,1.0,1.0,"(2, 2)","[p(2, 2)_cs(1.0)_ws(1.0)]_[p(5, 2)_cs(1.0)_ws(1.0)]"
1235,plate,pick up,Dispenser_60,Dispenser,60,pick up plate from dispenser,player_34855cc9,encouraged_division_of_labor,4832c32c79ea6907,843.2022241964206,38.407062666765114,5.0,0.0,3.0,1.0,1.0,"(2, 2)","[p(2, 2)_cs(1.0)_ws(1.0)]_[p(5, 2)_cs(1.0)_ws(1.0)]"
1263,plate,put down,Counter_33,Counter,33,put down plate on counter,player_34855cc9,encouraged_division_of_labor,4832c32c79ea6907,888.4570581923603,45.254833995939634,5.0,0.0,3.0,1.0,1.0,"(2, 2)","[p(2, 2)_cs(1.0)_ws(1.0)]_[p(5, 2)_cs(1.0)_ws(1.0)]"
1290,plate,pick up,Dispenser_71,Dispenser,71,pick up plate from dispenser,player_34855cc9,encouraged_division_of_labor,4832c32c79ea6907,933.7118921882999,45.254833995939634,5.0,0.0,3.0,1.0,1.0,"(2, 2)","[p(2, 2)_cs(1.0)_ws(1.0)]_[p(5, 2)_cs(1.0)_ws(1.0)]"
1325,plate,put down,Counter_32,Counter,32,put down plate on counter,player_34855cc9,encouraged_division_of_labor,4832c32c79ea6907,972.1189548550647,38.40706266676477,5.0,0.0,3.0,1.0,1.0,"(2, 2)","[p(2, 2)_cs(1.0)_ws(1.0)]_[p(5, 2)_cs(1.0)_ws(1.0)]"
1366,tomato,pick up,Dispenser_40,Dispenser,40,pick up tomato from dispenser,player_34855cc9,encouraged_division_of_labor,4832c32c79ea6907,988.1189548550649,16.000000000000227,5.0,0.0,3.0,1.0,1.0,"(2, 2)","[p(2, 2)_cs(1.0)_ws(1.0)]_[p(5, 2)_cs(1.0)_ws(1.0)]"
1396,tomato,put down,Counter_34,Counter,34,put down tomato on counter,player_34855cc9,encouraged_division_of_labor,4832c32c79ea6907,1036.1189548550647,47.99999999999977,5.0,0.0,3.0,1.0,1.0,"(2, 2)","[p(2, 2)_cs(1.0)_ws(1.0)]_[p(5, 2)_cs(1.0)_ws(1.0)]"
1423,tomato,pick up,Dispenser_50,Dispenser,50,pick up tomato from dispenser,player_34855cc9,encouraged_division_of_labor,4832c32c79ea6907,1090.538326498312,54.41937164324736,5.0,0.0,3.0,1.0,1.0,"(2, 2)","[p(2, 2)_cs(1.0)_ws(1.0)]_[p(5, 2)_cs(1.0)_ws(1.0)]"
1460,tomato,put down,Counter_35,Counter,35,put down tomato on counter,player_34855cc9,encouraged_division_of_labor,4832c32c79ea6907,1161.03171107357,70.493384575258,5.0,0.0,3.0,1.0,1.0,"(2, 2)","[p(2, 2)_cs(1.0)_ws(1.0)]_[p(5, 2)_cs(1.0)_ws(1.0)]"
1487,tomato_salad,pick up,Counter_32,Counter,32,pick up tomato_salad from counter,player_34855cc9,encouraged_division_of_labor,4832c32c79ea6907,1209.0317110735682,47.99999999999818,5.0,0.0,3.0,1.0,1.0,"(2, 2)","[p(2, 2)_cs(1.0)_ws(1.0)]_[p(5, 2)_cs(1.0)_ws(1.0)]"
1506,tomato_salad,deliver,Delivery_63,Delivery,63,deliver tomato_salad,player_34855cc9,encouraged_division_of_labor,4832c32c79ea6907,1231.6591280715372,22.62741699796902,6.0,1.0,4.0,1.0,1.0,"(2, 2)","[p(2, 2)_cs(1.0)_ws(1.0)]_[p(5, 2)_cs(1.0)_ws(1.0)]"
1524,tomato_salad,pick up,Counter_33,Counter,33,pick up tomato_salad from counter,player_34855cc9,encouraged_division_of_labor,4832c32c79ea6907,1247.6591280715368,15.999999999999545,6.0,0.0,4.0,1.0,1.0,"(2, 2)","[p(2, 2)_cs(1.0)_ws(1.0)]_[p(5, 2)_cs(1.0)_ws(1.0)]"
1539,tomato_salad,deliver,Delivery_63,Delivery,63,deliver tomato_salad,player_34855cc9,encouraged_division_of_labor,4832c32c79ea6907,1263.6591280715363,15.999999999999545,7.0,1.0,5.0,1.0,1.0,"(2, 2)","[p(2, 2)_cs(1.0)_ws(1.0)]_[p(5, 2)_cs(1.0)_ws(1.0)]"
1565,plate,pick up,Dispenser_71,Dispenser,71,pick up plate from dispenser,player_34855cc9,encouraged_division_of_labor,4832c32c79ea6907,1302.070387911562,38.41125984002565,7.0,0.0,5.0,1.0,1.0,"(2, 2)","[p(2, 2)_cs(1.0)_ws(1.0)]_[p(5, 2)_cs(1.0)_ws(1.0)]"
1587,plate,put down,Counter_32,Counter,32,put down plate on counter,player_34855cc9,encouraged_division_of_labor,4832c32c79ea6907,1340.4774505783262,38.407062666764205,7.0,0.0,5.0,1.0,1.0,"(2, 2)","[p(2, 2)_cs(1.0)_ws(1.0)]_[p(5, 2)_cs(1.0)_ws(1.0)]"
1615,plate,pick up,Dispenser_60,Dispenser,60,pick up plate from dispenser,player_34855cc9,encouraged_division_of_labor,4832c32c79ea6907,1378.88451324509,38.40706266676375,7.0,0.0,5.0,1.0,1.0,"(2, 2)","[p(2, 2)_cs(1.0)_ws(1.0)]_[p(5, 2)_cs(1.0)_ws(1.0)]"
1642,plate,put down,Counter_33,Counter,33,put down plate on counter,player_34855cc9,encouraged_division_of_labor,4832c32c79ea6907,1424.1393472410277,45.254833995937815,7.0,0.0,5.0,1.0,1.0,"(2, 2)","[p(2, 2)_cs(1.0)_ws(1.0)]_[p(5, 2)_cs(1.0)_ws(1.0)]"
1663,tomato,pick up,Dispenser_40,Dispenser,40,pick up tomato from dispenser,player_34855cc9,encouraged_division_of_labor,4832c32c79ea6907,1456.1393472410268,31.99999999999909,7.0,0.0,5.0,1.0,1.0,"(2, 2)","[p(2, 2)_cs(1.0)_ws(1.0)]_[p(5, 2)_cs(1.0)_ws(1.0)]"
1695,tomato,put down,Counter_34,Counter,34,put down tomato on counter,player_34855cc9,encouraged_division_of_labor,4832c32c79ea6907,1504.139347241025,47.99999999999818,7.0,0.0,5.0,1.0,1.0,"(2, 2)","[p(2, 2)_cs(1.0)_ws(1.0)]_[p(5, 2)_cs(1.0)_ws(1.0)]"
1726,tomato,pick up,Dispenser_50,Dispenser,50,pick up tomato from dispenser,player_34855cc9,encouraged_division_of_labor,4832c32c79ea6907,1558.5587188842724,54.41937164324736,7.0,0.0,5.0,1.0,1.0,"(2, 2)","[p(2, 2)_cs(1.0)_ws(1.0)]_[p(5, 2)_cs(1.0)_ws(1.0)]"
1763,tomato,put down,Counter_35,Counter,35,put down tomato on counter,player_34855cc9,encouraged_division_of_labor,4832c32c79ea6907,1629.0521034595304,70.493384575258,7.0,0.0,5.0,1.0,1.0,"(2, 2)","[p(2, 2)_cs(1.0)_ws(1.0)]_[p(5, 2)_cs(1.0)_ws(1.0)]"
1794,tomato_salad,pick up,Counter_32,Counter,32,pick up tomato_salad from counter,player_34855cc9,encouraged_division_of_labor,4832c32c79ea6907,1677.0521034595286,47.99999999999818,7.0,0.0,5.0,1.0,1.0,"(2, 2)","[p(2, 2)_cs(1.0)_ws(1.0)]_[p(5, 2)_cs(1.0)_ws(1.0)]"
1812,tomato_salad,deliver,Delivery_63,Delivery,63,deliver tomato_salad,player_34855cc9,encouraged_division_of_labor,4832c32c79ea6907,1699.6795204574976,22.62741699796902,8.0,1.0,6.0,1.0,1.0,"(2, 2)","[p(2, 2)_cs(1.0)_ws(1.0)]_[p(5, 2)_cs(1.0)_ws(1.0)]"
1829,tomato_salad,pick up,Counter_33,Counter,33,pick up tomato_salad from counter,player_34855cc9,encouraged_division_of_labor,4832c32c79ea6907,1715.6795204574971,15.999999999999545,8.0,0.0,6.0,1.0,1.0,"(2, 2)","[p(2, 2)_cs(1.0)_ws(1.0)]_[p(5, 2)_cs(1.0)_ws(1.0)]"
1845,tomato_salad,deliver,Delivery_63,Delivery,63,deliver tomato_salad,player_34855cc9,encouraged_division_of_labor,4832c32c79ea6907,1731.6795204574967,15.999999999999545,9.0,1.0,7.0,1.0,1.0,"(2, 2)","[p(2, 2)_cs(1.0)_ws(1.0)]_[p(5, 2)_cs(1.0)_ws(1.0)]"
1872,plate,pick up,Dispenser_60,Dispenser,60,pick up plate from dispenser,player_34855cc9,encouraged_division_of_labor,4832c32c79ea6907,1770.0907802975223,38.41125984002565,9.0,0.0,7.0,1.0,1.0,"(2, 2)","[p(2, 2)_cs(1.0)_ws(1.0)]_[p(5, 2)_cs(1.0)_ws(1.0)]"
1897,plate,put down,Counter_32,Counter,32,put down plate on counter,player_34855cc9,encouraged_division_of_labor,4832c32c79ea6907,1808.4978429642865,38.407062666764205,9.0,0.0,7.0,1.0,1.0,"(2, 2)","[p(2, 2)_cs(1.0)_ws(1.0)]_[p(5, 2)_cs(1.0)_ws(1.0)]"
1919,plate,pick up,Dispenser_71,Dispenser,71,pick up plate from dispenser,player_34855cc9,encouraged_division_of_labor,4832c32c79ea6907,1846.9049056310503,38.40706266676375,9.0,0.0,7.0,1.0,1.0,"(2, 2)","[p(2, 2)_cs(1.0)_ws(1.0)]_[p(5, 2)_cs(1.0)_ws(1.0)]"
1947,plate,put down,Counter_33,Counter,33,put down plate on counter,player_34855cc9,encouraged_division_of_labor,4832c32c79ea6907,1892.159739626988,45.254833995937815,9.0,0.0,7.0,1.0,1.0,"(2, 2)","[p(2, 2)_cs(1.0)_ws(1.0)]_[p(5, 2)_cs(1.0)_ws(1.0)]"
1973,tomato_salad,pick up,Counter_32,Counter,32,pick up tomato_salad from counter,player_34855cc9,encouraged_division_of_labor,4832c32c79ea6907,1908.1597396269876,15.999999999999545,9.0,0.0,7.0,1.0,1.0,"(2, 2)","[p(2, 2)_cs(1.0)_ws(1.0)]_[p(5, 2)_cs(1.0)_ws(1.0)]"
1991,tomato_salad,deliver,Delivery_63,Delivery,63,deliver tomato_salad,player_34855cc9,encouraged_division_of_labor,4832c32c79ea6907,1930.7871566249567,22.62741699796902,10.0,1.0,8.0,1.0,1.0,"(2, 2)","[p(2, 2)_cs(1.0)_ws(1.0)]_[p(5, 2)_cs(1.0)_ws(1.0)]"
2034,tomato,pick up,Dispenser_40,Dispenser,40,pick up tomato from dispenser,player_34855cc9,encouraged_division_of_labor,4832c32c79ea6907,1983.0872545382952,52.300097913338504,10.0,0.0,8.0,1.0,1.0,"(2, 2)","[p(2, 2)_cs(1.0)_ws(1.0)]_[p(5, 2)_cs(1.0)_ws(1.0)]"
2051,tomato,put down,Counter_32,Counter,32,put down tomato on counter,player_34855cc9,encouraged_division_of_labor,4832c32c79ea6907,1999.0872545382947,15.999999999999545,10.0,0.0,8.0,1.0,1.0,"(2, 2)","[p(2, 2)_cs(1.0)_ws(1.0)]_[p(5, 2)_cs(1.0)_ws(1.0)]"
2106,plate,pick up,Dispenser_71,Dispenser,71,pick up plate from dispenser,player_34855cc9,encouraged_division_of_labor,4832c32c79ea6907,2037.4943172050587,38.40706266676398,10.0,0.0,8.0,1.0,1.0,"(2, 2)","[p(2, 2)_cs(1.0)_ws(1.0)]_[p(5, 2)_cs(1.0)_ws(1.0)]"
2152,plate,put down,Counter_32,Counter,32,put down plate on counter,player_34855cc9,encouraged_division_of_labor,4832c32c79ea6907,2075.901379871823,38.407062666764205,10.0,0.0,8.0,1.0,1.0,"(2, 2)","[p(2, 2)_cs(1.0)_ws(1.0)]_[p(5, 2)_cs(1.0)_ws(1.0)]"
