tick,item,action,target,target_type,target_position,action_long,player_id,map_name,game_id,distance_walked,distance_walked_since_last_action,overall_score,player_score_change,player_score,walking_speed,cutting_speed,start_pos,condition
87,tomato,pick up,Dispenser_40,Dispenser,40,pick up tomato from dispenser,player_2d83b3bc,encouraged_division_of_labor,e58d19ed80082ed2,22.62741699796952,0.0,0.0,0.0,0.0,1.0,1.0,"(5, 2)","[p(2, 2)_cs(1.0)_ws(1.0)]_[p(5, 2)_cs(1.0)_ws(1.0)]"
106,tomato,put down,Counter_32,Counter,32,put down tomato on counter,player_2d83b3bc,encouraged_division_of_labor,e58d19ed80082ed2,38.62741699796952,16.0,0.0,0.0,0.0,1.0,1.0,"(5, 2)","[p(2, 2)_cs(1.0)_ws(1.0)]_[p(5, 2)_cs(1.0)_ws(1.0)]"
127,tomato,pick up,Dispenser_40,Dispenser,40,pick up tomato from dispenser,player_2d83b3bc,encouraged_division_of_labor,e58d19ed80082ed2,54.62741699796952,16.0,0.0,0.0,0.0,1.0,1.0,"(5, 2)","[p(2, 2)_cs(1.0)_ws(1.0)]_[p(5, 2)_cs(1.0)_ws(1.0)]"
149,tomato,put down,Counter_33,Counter,33,put down tomato on counter,player_2d83b3bc,encouraged_division_of_labor,e58d19ed80082ed2,86.62741699796952,32.0,0.0,0.0,0.0,1.0,1.0,"(5, 2)","[p(2, 2)_cs(1.0)_ws(1.0)]_[p(5, 2)_cs(1.0)_ws(1.0)]"
175,tomato,pick up,Dispenser_40,Dispenser,40,pick up tomato from dispenser,player_2d83b3bc,encouraged_division_of_labor,e58d19ed80082ed2,118.62741699796952,32.0,0.0,0.0,0.0,1.0,1.0,"(5, 2)","[p(2, 2)_cs(1.0)_ws(1.0)]_[p(5, 2)_cs(1.0)_ws(1.0)]"
203,tomato,put down,Counter_34,Counter,34,put down tomato on counter,player_2d83b3bc,encouraged_division_of_labor,e58d19ed80082ed2,166.62741699796953,48.000000000000014,0.0,0.0,0.0,1.0,1.0,"(5, 2)","[p(2, 2)_cs(1.0)_ws(1.0)]_[p(5, 2)_cs(1.0)_ws(1.0)]"
229,tomato,pick up,Dispenser_40,Dispenser,40,pick up tomato from dispenser,player_2d83b3bc,encouraged_division_of_labor,e58d19ed80082ed2,214.62741699796953,48.0,0.0,0.0,0.0,1.0,1.0,"(5, 2)","[p(2, 2)_cs(1.0)_ws(1.0)]_[p(5, 2)_cs(1.0)_ws(1.0)]"
254,tomato,put down,Dispenser_60,Dispenser,60,put down tomato on dispenser,player_2d83b3bc,encouraged_division_of_labor,e58d19ed80082ed2,246.62741699796953,32.0,0.0,0.0,0.0,1.0,1.0,"(5, 2)","[p(2, 2)_cs(1.0)_ws(1.0)]_[p(5, 2)_cs(1.0)_ws(1.0)]"
254,plate,pick up,Dispenser_60,Dispenser,60,pick up plate from dispenser,player_2d83b3bc,encouraged_division_of_labor,e58d19ed80082ed2,246.62741699796953,0.0,0.0,0.0,0.0,1.0,1.0,"(5, 2)","[p(2, 2)_cs(1.0)_ws(1.0)]_[p(5, 2)_cs(1.0)_ws(1.0)]"
312,plate,put down,Counter_35,Counter,35,put down plate on counter,player_2d83b3bc,encouraged_division_of_labor,e58d19ed80082ed2,323.5615214285392,76.93410443056968,0.0,0.0,0.0,1.0,1.0,"(5, 2)","[p(2, 2)_cs(1.0)_ws(1.0)]_[p(5, 2)_cs(1.0)_ws(1.0)]"
353,plate,pick up,Dispenser_60,Dispenser,60,pick up plate from dispenser,player_2d83b3bc,encouraged_division_of_labor,e58d19ed80082ed2,400.49562585910763,76.93410443056842,0.0,0.0,0.0,1.0,1.0,"(5, 2)","[p(2, 2)_cs(1.0)_ws(1.0)]_[p(5, 2)_cs(1.0)_ws(1.0)]"
377,plate,put down,Counter_32,Counter,32,put down plate on counter,player_2d83b3bc,encouraged_division_of_labor,e58d19ed80082ed2,438.90268852587263,38.407062666765,0.0,0.0,0.0,1.0,1.0,"(5, 2)","[p(2, 2)_cs(1.0)_ws(1.0)]_[p(5, 2)_cs(1.0)_ws(1.0)]"
432,tomato_cut,pick up,Counter_33,Counter,33,pick up tomato_cut from counter,player_2d83b3bc,encouraged_division_of_labor,e58d19ed80082ed2,454.90268852587275,16.000000000000114,0.0,0.0,0.0,1.0,1.0,"(5, 2)","[p(2, 2)_cs(1.0)_ws(1.0)]_[p(5, 2)_cs(1.0)_ws(1.0)]"
456,tomato_cut,assemble salad,Counter_35,Counter,35,assemble salad,player_2d83b3bc,encouraged_division_of_labor,e58d19ed80082ed2,486.9026885258728,32.00000000000006,0.0,0.0,0.0,1.0,1.0,"(5, 2)","[p(2, 2)_cs(1.0)_ws(1.0)]_[p(5, 2)_cs(1.0)_ws(1.0)]"
467,tomato_salad,pick up,Counter_35,Counter,35,pick up tomato_salad from counter,player_2d83b3bc,encouraged_division_of_labor,e58d19ed80082ed2,486.9026885258728,0.0,0.0,0.0,0.0,1.0,1.0,"(5, 2)","[p(2, 2)_cs(1.0)_ws(1.0)]_[p(5, 2)_cs(1.0)_ws(1.0)]"
486,tomato_salad,deliver,Delivery_64,Delivery,64,deliver tomato_salad,player_2d83b3bc,encouraged_division_of_labor,e58d19ed80082ed2,509.5301055238422,22.62741699796942,1.0,1.0,1.0,1.0,1.0,"(5, 2)","[p(2, 2)_cs(1.0)_ws(1.0)]_[p(5, 2)_cs(1.0)_ws(1.0)]"
524,plate,pick up,Dispenser_60,Dispenser,60,pick up plate from dispenser,player_2d83b3bc,encouraged_division_of_labor,e58d19ed80082ed2,563.9494771670912,54.41937164324901,1.0,0.0,1.0,1.0,1.0,"(5, 2)","[p(2, 2)_cs(1.0)_ws(1.0)]_[p(5, 2)_cs(1.0)_ws(1.0)]"
549,plate,put down,Counter_32,Counter,32,put down plate on counter,player_2d83b3bc,encouraged_division_of_labor,e58d19ed80082ed2,602.356539833856,38.40706266676477,1.0,0.0,1.0,1.0,1.0,"(5, 2)","[p(2, 2)_cs(1.0)_ws(1.0)]_[p(5, 2)_cs(1.0)_ws(1.0)]"
566,tomato,pick up,Dispenser_40,Dispenser,40,pick up tomato from dispenser,player_2d83b3bc,encouraged_division_of_labor,e58d19ed80082ed2,618.3565398338562,16.000000000000227,1.0,0.0,1.0,1.0,1.0,"(5, 2)","[p(2, 2)_cs(1.0)_ws(1.0)]_[p(5, 2)_cs(1.0)_ws(1.0)]"
604,tomato,put down,Counter_35,Counter,35,put down tomato on counter,player_2d83b3bc,encouraged_division_of_labor,e58d19ed80082ed2,682.3565398338567,64.00000000000045,1.0,0.0,1.0,1.0,1.0,"(5, 2)","[p(2, 2)_cs(1.0)_ws(1.0)]_[p(5, 2)_cs(1.0)_ws(1.0)]"
638,tomato_salad,pick up,Counter_32,Counter,32,pick up tomato_salad from counter,player_2d83b3bc,encouraged_division_of_labor,e58d19ed80082ed2,730.3565398338569,48.00000000000023,1.0,0.0,1.0,1.0,1.0,"(5, 2)","[p(2, 2)_cs(1.0)_ws(1.0)]_[p(5, 2)_cs(1.0)_ws(1.0)]"
653,tomato_salad,deliver,Delivery_63,Delivery,63,deliver tomato_salad,player_2d83b3bc,encouraged_division_of_labor,e58d19ed80082ed2,752.9839568318267,22.627416997969817,2.0,1.0,2.0,1.0,1.0,"(5, 2)","[p(2, 2)_cs(1.0)_ws(1.0)]_[p(5, 2)_cs(1.0)_ws(1.0)]"
714,tomato,pick up,Dispenser_40,Dispenser,40,pick up tomato from dispenser,player_2d83b3bc,encouraged_division_of_labor,e58d19ed80082ed2,887.3952166718539,134.41125984002713,2.0,0.0,2.0,1.0,1.0,"(5, 2)","[p(2, 2)_cs(1.0)_ws(1.0)]_[p(5, 2)_cs(1.0)_ws(1.0)]"
733,tomato,put down,Counter_32,Counter,32,put down tomato on counter,player_2d83b3bc,encouraged_division_of_labor,e58d19ed80082ed2,903.3952166718541,16.000000000000227,2.0,0.0,2.0,1.0,1.0,"(5, 2)","[p(2, 2)_cs(1.0)_ws(1.0)]_[p(5, 2)_cs(1.0)_ws(1.0)]"
764,tomato_salad,pick up,Counter_33,Counter,33,pick up tomato_salad from counter,player_2d83b3bc,encouraged_division_of_labor,e58d19ed80082ed2,919.3952166718543,16.000000000000227,2.0,0.0,2.0,1.0,1.0,"(5, 2)","[p(2, 2)_cs(1.0)_ws(1.0)]_[p(5, 2)_cs(1.0)_ws(1.0)]"
774,tomato_salad,deliver,Delivery_63,Delivery,63,deliver tomato_salad,player_2d83b3bc,encouraged_division_of_labor,e58d19ed80082ed2,935.3952166718543,16.0,3.0,1.0,3.0,1.0,1.0,"(5, 2)","[p(2, 2)_cs(1.0)_ws(1.0)]_[p(5, 2)_cs(1.0)_ws(1.0)]"
802,plate,pick up,Dispenser_60,Dispenser,60,pick up plate from dispenser,player_2d83b3bc,encouraged_division_of_labor,e58d19ed80082ed2,973.8064765118805,38.41125984002622,3.0,0.0,3.0,1.0,1.0,"(5, 2)","[p(2, 2)_cs(1.0)_ws(1.0)]_[p(5, 2)_cs(1.0)_ws(1.0)]"
828,plate,put down,Counter_32,Counter,32,put down plate on counter,player_2d83b3bc,encouraged_division_of_labor,e58d19ed80082ed2,1012.2135391786453,38.40706266676477,3.0,0.0,3.0,1.0,1.0,"(5, 2)","[p(2, 2)_cs(1.0)_ws(1.0)]_[p(5, 2)_cs(1.0)_ws(1.0)]"
864,plate,pick up,Dispenser_71,Dispenser,71,pick up plate from dispenser,player_2d83b3bc,encouraged_division_of_labor,e58d19ed80082ed2,1050.6206018454097,38.40706266676443,3.0,0.0,3.0,1.0,1.0,"(5, 2)","[p(2, 2)_cs(1.0)_ws(1.0)]_[p(5, 2)_cs(1.0)_ws(1.0)]"
895,plate,put down,Counter_33,Counter,33,put down plate on counter,player_2d83b3bc,encouraged_division_of_labor,e58d19ed80082ed2,1095.8754358413476,45.254833995937815,3.0,0.0,3.0,1.0,1.0,"(5, 2)","[p(2, 2)_cs(1.0)_ws(1.0)]_[p(5, 2)_cs(1.0)_ws(1.0)]"
918,tomato,pick up,Dispenser_40,Dispenser,40,pick up tomato from dispenser,player_2d83b3bc,encouraged_division_of_labor,e58d19ed80082ed2,1127.8754358413466,31.99999999999909,3.0,0.0,3.0,1.0,1.0,"(5, 2)","[p(2, 2)_cs(1.0)_ws(1.0)]_[p(5, 2)_cs(1.0)_ws(1.0)]"
948,tomato,put down,Counter_34,Counter,34,put down tomato on counter,player_2d83b3bc,encouraged_division_of_labor,e58d19ed80082ed2,1175.8754358413448,47.99999999999818,3.0,0.0,3.0,1.0,1.0,"(5, 2)","[p(2, 2)_cs(1.0)_ws(1.0)]_[p(5, 2)_cs(1.0)_ws(1.0)]"
970,tomato_salad,pick up,Counter_32,Counter,32,pick up tomato_salad from counter,player_2d83b3bc,encouraged_division_of_labor,e58d19ed80082ed2,1207.875435841344,31.99999999999909,3.0,0.0,3.0,1.0,1.0,"(5, 2)","[p(2, 2)_cs(1.0)_ws(1.0)]_[p(5, 2)_cs(1.0)_ws(1.0)]"
986,tomato_salad,deliver,Delivery_63,Delivery,63,deliver tomato_salad,player_2d83b3bc,encouraged_division_of_labor,e58d19ed80082ed2,1230.502852839313,22.62741699796902,4.0,1.0,4.0,1.0,1.0,"(5, 2)","[p(2, 2)_cs(1.0)_ws(1.0)]_[p(5, 2)_cs(1.0)_ws(1.0)]"
1030,tomato,pick up,Dispenser_40,Dispenser,40,pick up tomato from dispenser,player_2d83b3bc,encouraged_division_of_labor,e58d19ed80082ed2,1295.0279580691592,64.5251052298463,4.0,0.0,4.0,1.0,1.0,"(5, 2)","[p(2, 2)_cs(1.0)_ws(1.0)]_[p(5, 2)_cs(1.0)_ws(1.0)]"
1047,tomato,put down,Counter_32,Counter,32,put down tomato on counter,player_2d83b3bc,encouraged_division_of_labor,e58d19ed80082ed2,1311.0279580691588,15.999999999999545,4.0,0.0,4.0,1.0,1.0,"(5, 2)","[p(2, 2)_cs(1.0)_ws(1.0)]_[p(5, 2)_cs(1.0)_ws(1.0)]"
1141,tomato_salad,pick up,Counter_33,Counter,33,pick up tomato_salad from counter,player_2d83b3bc,encouraged_division_of_labor,e58d19ed80082ed2,1327.0279580691583,15.999999999999545,4.0,0.0,4.0,1.0,1.0,"(5, 2)","[p(2, 2)_cs(1.0)_ws(1.0)]_[p(5, 2)_cs(1.0)_ws(1.0)]"
1157,tomato_salad,deliver,Delivery_63,Delivery,63,deliver tomato_salad,player_2d83b3bc,encouraged_division_of_labor,e58d19ed80082ed2,1343.0279580691579,15.999999999999545,5.0,1.0,5.0,1.0,1.0,"(5, 2)","[p(2, 2)_cs(1.0)_ws(1.0)]_[p(5, 2)_cs(1.0)_ws(1.0)]"
1181,plate,pick up,Dispenser_60,Dispenser,60,pick up plate from dispenser,player_2d83b3bc,encouraged_division_of_labor,e58d19ed80082ed2,1381.4392179091835,38.41125984002565,5.0,0.0,5.0,1.0,1.0,"(5, 2)","[p(2, 2)_cs(1.0)_ws(1.0)]_[p(5, 2)_cs(1.0)_ws(1.0)]"
1208,plate,put down,Counter_32,Counter,32,put down plate on counter,player_2d83b3bc,encouraged_division_of_labor,e58d19ed80082ed2,1419.8462805759477,38.407062666764205,5.0,0.0,5.0,1.0,1.0,"(5, 2)","[p(2, 2)_cs(1.0)_ws(1.0)]_[p(5, 2)_cs(1.0)_ws(1.0)]"
1234,plate,pick up,Dispenser_60,Dispenser,60,pick up plate from dispenser,player_2d83b3bc,encouraged_division_of_labor,e58d19ed80082ed2,1458.2533432427115,38.40706266676375,5.0,0.0,5.0,1.0,1.0,"(5, 2)","[p(2, 2)_cs(1.0)_ws(1.0)]_[p(5, 2)_cs(1.0)_ws(1.0)]"
1262,plate,put down,Counter_33,Counter,33,put down plate on counter,player_2d83b3bc,encouraged_division_of_labor,e58d19ed80082ed2,1503.5081772386493,45.254833995937815,5.0,0.0,5.0,1.0,1.0,"(5, 2)","[p(2, 2)_cs(1.0)_ws(1.0)]_[p(5, 2)_cs(1.0)_ws(1.0)]"
1286,tomato,pick up,Dispenser_40,Dispenser,40,pick up tomato from dispenser,player_2d83b3bc,encouraged_division_of_labor,e58d19ed80082ed2,1535.5081772386484,31.99999999999909,5.0,0.0,5.0,1.0,1.0,"(5, 2)","[p(2, 2)_cs(1.0)_ws(1.0)]_[p(5, 2)_cs(1.0)_ws(1.0)]"
1348,tomato,put down,Counter_34,Counter,34,put down tomato on counter,player_2d83b3bc,encouraged_division_of_labor,e58d19ed80082ed2,1657.108778223665,121.60060098501663,5.0,0.0,5.0,1.0,1.0,"(5, 2)","[p(2, 2)_cs(1.0)_ws(1.0)]_[p(5, 2)_cs(1.0)_ws(1.0)]"
1374,tomato_salad,pick up,Counter_32,Counter,32,pick up tomato_salad from counter,player_2d83b3bc,encouraged_division_of_labor,e58d19ed80082ed2,1689.108778223664,31.99999999999909,5.0,0.0,5.0,1.0,1.0,"(5, 2)","[p(2, 2)_cs(1.0)_ws(1.0)]_[p(5, 2)_cs(1.0)_ws(1.0)]"
1393,tomato_salad,deliver,Delivery_63,Delivery,63,deliver tomato_salad,player_2d83b3bc,encouraged_division_of_labor,e58d19ed80082ed2,1711.7361952216331,22.62741699796902,6.0,1.0,6.0,1.0,1.0,"(5, 2)","[p(2, 2)_cs(1.0)_ws(1.0)]_[p(5, 2)_cs(1.0)_ws(1.0)]"
1420,tomato,pick up,Dispenser_40,Dispenser,40,pick up tomato from dispenser,player_2d83b3bc,encouraged_division_of_labor,e58d19ed80082ed2,1750.1474550616588,38.41125984002565,6.0,0.0,6.0,1.0,1.0,"(5, 2)","[p(2, 2)_cs(1.0)_ws(1.0)]_[p(5, 2)_cs(1.0)_ws(1.0)]"
1438,tomato,put down,Counter_32,Counter,32,put down tomato on counter,player_2d83b3bc,encouraged_division_of_labor,e58d19ed80082ed2,1766.1474550616583,15.999999999999545,6.0,0.0,6.0,1.0,1.0,"(5, 2)","[p(2, 2)_cs(1.0)_ws(1.0)]_[p(5, 2)_cs(1.0)_ws(1.0)]"
1454,tomato_salad,pick up,Counter_33,Counter,33,pick up tomato_salad from counter,player_2d83b3bc,encouraged_division_of_labor,e58d19ed80082ed2,1782.1474550616579,15.999999999999545,6.0,0.0,6.0,1.0,1.0,"(5, 2)","[p(2, 2)_cs(1.0)_ws(1.0)]_[p(5, 2)_cs(1.0)_ws(1.0)]"
1469,tomato_salad,deliver,Delivery_63,Delivery,63,deliver tomato_salad,player_2d83b3bc,encouraged_division_of_labor,e58d19ed80082ed2,1798.1474550616574,15.999999999999545,7.0,1.0,7.0,1.0,1.0,"(5, 2)","[p(2, 2)_cs(1.0)_ws(1.0)]_[p(5, 2)_cs(1.0)_ws(1.0)]"
1494,plate,pick up,Dispenser_60,Dispenser,60,pick up plate from dispenser,player_2d83b3bc,encouraged_division_of_labor,e58d19ed80082ed2,1836.558714901683,38.41125984002565,7.0,0.0,7.0,1.0,1.0,"(5, 2)","[p(2, 2)_cs(1.0)_ws(1.0)]_[p(5, 2)_cs(1.0)_ws(1.0)]"
1523,plate,put down,Counter_33,Counter,33,put down plate on counter,player_2d83b3bc,encouraged_division_of_labor,e58d19ed80082ed2,1881.8135488976209,45.254833995937815,7.0,0.0,7.0,1.0,1.0,"(5, 2)","[p(2, 2)_cs(1.0)_ws(1.0)]_[p(5, 2)_cs(1.0)_ws(1.0)]"
1565,tomato_salad,pick up,Counter_33,Counter,33,pick up tomato_salad from counter,player_2d83b3bc,encouraged_division_of_labor,e58d19ed80082ed2,1881.8135488976209,0.0,7.0,0.0,7.0,1.0,1.0,"(5, 2)","[p(2, 2)_cs(1.0)_ws(1.0)]_[p(5, 2)_cs(1.0)_ws(1.0)]"
1582,tomato_salad,deliver,Delivery_63,Delivery,63,deliver tomato_salad,player_2d83b3bc,encouraged_division_of_labor,e58d19ed80082ed2,1897.8135488976202,15.999999999999318,8.0,1.0,8.0,1.0,1.0,"(5, 2)","[p(2, 2)_cs(1.0)_ws(1.0)]_[p(5, 2)_cs(1.0)_ws(1.0)]"
1609,plate,pick up,Dispenser_60,Dispenser,60,pick up plate from dispenser,player_2d83b3bc,encouraged_division_of_labor,e58d19ed80082ed2,1936.2248087376458,38.41125984002565,8.0,0.0,8.0,1.0,1.0,"(5, 2)","[p(2, 2)_cs(1.0)_ws(1.0)]_[p(5, 2)_cs(1.0)_ws(1.0)]"
1633,plate,put down,Counter_32,Counter,32,put down plate on counter,player_2d83b3bc,encouraged_division_of_labor,e58d19ed80082ed2,1974.63187140441,38.407062666764205,8.0,0.0,8.0,1.0,1.0,"(5, 2)","[p(2, 2)_cs(1.0)_ws(1.0)]_[p(5, 2)_cs(1.0)_ws(1.0)]"
1652,tomato,pick up,Dispenser_40,Dispenser,40,pick up tomato from dispenser,player_2d83b3bc,encouraged_division_of_labor,e58d19ed80082ed2,1990.6318714044096,15.999999999999545,8.0,0.0,8.0,1.0,1.0,"(5, 2)","[p(2, 2)_cs(1.0)_ws(1.0)]_[p(5, 2)_cs(1.0)_ws(1.0)]"
1674,tomato,put down,Counter_33,Counter,33,put down tomato on counter,player_2d83b3bc,encouraged_division_of_labor,e58d19ed80082ed2,2022.6318714044087,31.99999999999909,8.0,0.0,8.0,1.0,1.0,"(5, 2)","[p(2, 2)_cs(1.0)_ws(1.0)]_[p(5, 2)_cs(1.0)_ws(1.0)]"
1697,tomato,pick up,Dispenser_40,Dispenser,40,pick up tomato from dispenser,player_2d83b3bc,encouraged_division_of_labor,e58d19ed80082ed2,2054.6318714044082,31.999999999999545,8.0,0.0,8.0,1.0,1.0,"(5, 2)","[p(2, 2)_cs(1.0)_ws(1.0)]_[p(5, 2)_cs(1.0)_ws(1.0)]"
1726,tomato,put down,Counter_34,Counter,34,put down tomato on counter,player_2d83b3bc,encouraged_division_of_labor,e58d19ed80082ed2,2102.63187140441,48.00000000000182,8.0,0.0,8.0,1.0,1.0,"(5, 2)","[p(2, 2)_cs(1.0)_ws(1.0)]_[p(5, 2)_cs(1.0)_ws(1.0)]"
1748,tomato_salad,pick up,Counter_32,Counter,32,pick up tomato_salad from counter,player_2d83b3bc,encouraged_division_of_labor,e58d19ed80082ed2,2134.631871404411,32.00000000000091,8.0,0.0,8.0,1.0,1.0,"(5, 2)","[p(2, 2)_cs(1.0)_ws(1.0)]_[p(5, 2)_cs(1.0)_ws(1.0)]"
1768,tomato_salad,deliver,Delivery_63,Delivery,63,deliver tomato_salad,player_2d83b3bc,encouraged_division_of_labor,e58d19ed80082ed2,2157.2592884023798,22.627416997968794,9.0,1.0,9.0,1.0,1.0,"(5, 2)","[p(2, 2)_cs(1.0)_ws(1.0)]_[p(5, 2)_cs(1.0)_ws(1.0)]"
1795,plate,pick up,Dispenser_71,Dispenser,71,pick up plate from dispenser,player_2d83b3bc,encouraged_division_of_labor,e58d19ed80082ed2,2195.6705482424068,38.411259840027014,9.0,0.0,9.0,1.0,1.0,"(5, 2)","[p(2, 2)_cs(1.0)_ws(1.0)]_[p(5, 2)_cs(1.0)_ws(1.0)]"
1821,plate,put down,Counter_32,Counter,32,put down plate on counter,player_2d83b3bc,encouraged_division_of_labor,e58d19ed80082ed2,2234.0776109091707,38.40706266676398,9.0,0.0,9.0,1.0,1.0,"(5, 2)","[p(2, 2)_cs(1.0)_ws(1.0)]_[p(5, 2)_cs(1.0)_ws(1.0)]"
1847,plate,pick up,Dispenser_60,Dispenser,60,pick up plate from dispenser,player_2d83b3bc,encouraged_division_of_labor,e58d19ed80082ed2,2272.4846735759347,38.40706266676398,9.0,0.0,9.0,1.0,1.0,"(5, 2)","[p(2, 2)_cs(1.0)_ws(1.0)]_[p(5, 2)_cs(1.0)_ws(1.0)]"
1876,plate,put down,Counter_33,Counter,33,put down plate on counter,player_2d83b3bc,encouraged_division_of_labor,e58d19ed80082ed2,2317.7395075718728,45.25483399593804,9.0,0.0,9.0,1.0,1.0,"(5, 2)","[p(2, 2)_cs(1.0)_ws(1.0)]_[p(5, 2)_cs(1.0)_ws(1.0)]"
1902,tomato,pick up,Dispenser_40,Dispenser,40,pick up tomato from dispenser,player_2d83b3bc,encouraged_division_of_labor,e58d19ed80082ed2,2349.7395075718746,32.00000000000182,9.0,0.0,9.0,1.0,1.0,"(5, 2)","[p(2, 2)_cs(1.0)_ws(1.0)]_[p(5, 2)_cs(1.0)_ws(1.0)]"
1933,tomato,put down,Counter_34,Counter,34,put down tomato on counter,player_2d83b3bc,encouraged_division_of_labor,e58d19ed80082ed2,2397.7395075718764,48.00000000000182,9.0,0.0,9.0,1.0,1.0,"(5, 2)","[p(2, 2)_cs(1.0)_ws(1.0)]_[p(5, 2)_cs(1.0)_ws(1.0)]"
1956,tomato_salad,pick up,Counter_32,Counter,32,pick up tomato_salad from counter,player_2d83b3bc,encouraged_division_of_labor,e58d19ed80082ed2,2429.7395075718773,32.00000000000091,9.0,0.0,9.0,1.0,1.0,"(5, 2)","[p(2, 2)_cs(1.0)_ws(1.0)]_[p(5, 2)_cs(1.0)_ws(1.0)]"
1972,tomato_salad,deliver,Delivery_63,Delivery,63,deliver tomato_salad,player_2d83b3bc,encouraged_division_of_labor,e58d19ed80082ed2,2452.366924569846,22.627416997968794,10.0,1.0,10.0,1.0,1.0,"(5, 2)","[p(2, 2)_cs(1.0)_ws(1.0)]_[p(5, 2)_cs(1.0)_ws(1.0)]"
1997,plate,pick up,Dispenser_71,Dispenser,71,pick up plate from dispenser,player_2d83b3bc,encouraged_division_of_labor,e58d19ed80082ed2,2490.778184409873,38.411259840027014,10.0,0.0,10.0,1.0,1.0,"(5, 2)","[p(2, 2)_cs(1.0)_ws(1.0)]_[p(5, 2)_cs(1.0)_ws(1.0)]"
2026,plate,put down,Counter_32,Counter,32,put down plate on counter,player_2d83b3bc,encouraged_division_of_labor,e58d19ed80082ed2,2529.185247076637,38.40706266676398,10.0,0.0,10.0,1.0,1.0,"(5, 2)","[p(2, 2)_cs(1.0)_ws(1.0)]_[p(5, 2)_cs(1.0)_ws(1.0)]"
2043,tomato_salad,pick up,Counter_33,Counter,33,pick up tomato_salad from counter,player_2d83b3bc,encouraged_division_of_labor,e58d19ed80082ed2,2545.185247076638,16.00000000000091,10.0,0.0,10.0,1.0,1.0,"(5, 2)","[p(2, 2)_cs(1.0)_ws(1.0)]_[p(5, 2)_cs(1.0)_ws(1.0)]"
2056,tomato_salad,deliver,Delivery_63,Delivery,63,deliver tomato_salad,player_2d83b3bc,encouraged_division_of_labor,e58d19ed80082ed2,2561.185247076637,15.99999999999909,11.0,1.0,11.0,1.0,1.0,"(5, 2)","[p(2, 2)_cs(1.0)_ws(1.0)]_[p(5, 2)_cs(1.0)_ws(1.0)]"
2083,tomato,pick up,Dispenser_40,Dispenser,40,pick up tomato from dispenser,player_2d83b3bc,encouraged_division_of_labor,e58d19ed80082ed2,2599.596506916664,38.411259840027014,11.0,0.0,11.0,1.0,1.0,"(5, 2)","[p(2, 2)_cs(1.0)_ws(1.0)]_[p(5, 2)_cs(1.0)_ws(1.0)]"
2106,tomato,put down,Counter_33,Counter,33,put down tomato on counter,player_2d83b3bc,encouraged_division_of_labor,e58d19ed80082ed2,2631.596506916666,32.00000000000182,11.0,0.0,11.0,1.0,1.0,"(5, 2)","[p(2, 2)_cs(1.0)_ws(1.0)]_[p(5, 2)_cs(1.0)_ws(1.0)]"
2124,tomato_salad,pick up,Counter_32,Counter,32,pick up tomato_salad from counter,player_2d83b3bc,encouraged_division_of_labor,e58d19ed80082ed2,2647.596506916667,16.00000000000091,11.0,0.0,11.0,1.0,1.0,"(5, 2)","[p(2, 2)_cs(1.0)_ws(1.0)]_[p(5, 2)_cs(1.0)_ws(1.0)]"
2138,tomato_salad,deliver,Delivery_63,Delivery,63,deliver tomato_salad,player_2d83b3bc,encouraged_division_of_labor,e58d19ed80082ed2,2670.2239239146356,22.627416997968794,12.0,1.0,12.0,1.0,1.0,"(5, 2)","[p(2, 2)_cs(1.0)_ws(1.0)]_[p(5, 2)_cs(1.0)_ws(1.0)]"
