{"agents": {"player_76a1a1e8": {"initial_state": {"agent_id": "player_76a1a1e8", "x": 40, "y": 40, "item": null, "url_params": {"gameType": ["tomatoSaladOnly"], "PROLIFIC_PID": ["653fb726d2b45b03e76d0c42"], "map": ["encouraged_division_of_labor"], "cutting_speed_p1": ["1"], "walking_speed_p1": ["0.5"], "cutting_speed_p2": ["0.5"], "walking_speed_p2": ["1"], "slot_x_p1": ["2"], "slot_y_p1": ["2"], "slot_x_p2": ["5"], "slot_y_p2": ["2"], "EIO": ["4"], "transport": ["polling"], "t": ["PZz9i3r"]}, "cut_speed": 1.0, "walk_speed": 15.0, "player_nr": 1}, "player_score": 5.0, "total_actions": 46, "first_action_tick": 231, "last_action_tick": 2146}, "player_7ed9d3aa": {"initial_state": {"agent_id": "player_7ed9d3aa", "x": 88, "y": 40, "item": null, "url_params": {"gameType": ["tomatoSaladOnly"], "PROLIFIC_PID": ["6640be7edc706d4622dbab1c"], "map": ["encouraged_division_of_labor"], "cutting_speed_p1": ["1"], "walking_speed_p1": ["0.5"], "cutting_speed_p2": ["0.5"], "walking_speed_p2": ["1"], "slot_x_p1": ["2"], "slot_y_p1": ["2"], "slot_x_p2": ["5"], "slot_y_p2": ["2"], "EIO": ["4"], "transport": ["polling"], "t": ["PZz9t9B"]}, "cut_speed": 0.5, "walk_speed": 30.0, "player_nr": 2}, "player_score": 5.0, "total_actions": 45, "first_action_tick": 64, "last_action_tick": 2151}}, "map_name": "baseline_division_of_labor", "final_score": 10.0}