tick,item,action,target,target_type,target_position,action_long,player_id,map_name,game_id,distance_walked,distance_walked_since_last_action,overall_score,player_score_change,player_score,walking_speed,cutting_speed,start_pos,condition
64,tomato,pick up,Dispenser_40,Dispenser,40,pick up tomato from dispenser,player_7ed9d3aa,baseline_division_of_labor,04117a7d153f15ba,22.62741699796952,0.0,0.0,0.0,0.0,1.0,0.5,"(5, 2)","[p(2, 2)_cs(1.0)_ws(0.5)]_[p(5, 2)_cs(0.5)_ws(1.0)]"
158,tomato,start cutting,CuttingBoard_20,CuttingBoard,20,start cutting tomato,player_7ed9d3aa,baseline_division_of_labor,04117a7d153f15ba,86.6274169979695,63.999999999999986,0.0,0.0,0.0,1.0,0.5,"(5, 2)","[p(2, 2)_cs(1.0)_ws(0.5)]_[p(5, 2)_cs(0.5)_ws(1.0)]"
259,tomato_cut,pick up,CuttingBoard_20,CuttingBoard,20,pick up tomato_cut from cuttingboard,player_7ed9d3aa,baseline_division_of_labor,04117a7d153f15ba,86.6274169979695,0.0,0.0,0.0,0.0,1.0,0.5,"(5, 2)","[p(2, 2)_cs(1.0)_ws(0.5)]_[p(5, 2)_cs(0.5)_ws(1.0)]"
351,tomato_cut,put down,Dispenser_60,Dispenser,60,put down tomato_cut on dispenser,player_7ed9d3aa,baseline_division_of_labor,04117a7d153f15ba,150.6274169979695,64.0,0.0,0.0,0.0,1.0,0.5,"(5, 2)","[p(2, 2)_cs(1.0)_ws(0.5)]_[p(5, 2)_cs(0.5)_ws(1.0)]"
351,plate,pick up,Dispenser_60,Dispenser,60,pick up plate from dispenser,player_7ed9d3aa,baseline_division_of_labor,04117a7d153f15ba,150.6274169979695,0.0,0.0,0.0,0.0,1.0,0.5,"(5, 2)","[p(2, 2)_cs(1.0)_ws(0.5)]_[p(5, 2)_cs(0.5)_ws(1.0)]"
478,plate,put down,Counter_34,Counter,34,put down plate on counter,player_7ed9d3aa,baseline_division_of_labor,04117a7d153f15ba,333.7146247989854,183.08720780101592,0.0,0.0,0.0,1.0,0.5,"(5, 2)","[p(2, 2)_cs(1.0)_ws(0.5)]_[p(5, 2)_cs(0.5)_ws(1.0)]"
521,tomato,pick up,Dispenser_50,Dispenser,50,pick up tomato from dispenser,player_7ed9d3aa,baseline_division_of_labor,04117a7d153f15ba,388.1339964422345,54.419371643249065,0.0,0.0,0.0,1.0,0.5,"(5, 2)","[p(2, 2)_cs(1.0)_ws(0.5)]_[p(5, 2)_cs(0.5)_ws(1.0)]"
571,tomato,start cutting,CuttingBoard_20,CuttingBoard,20,start cutting tomato,player_7ed9d3aa,baseline_division_of_labor,04117a7d153f15ba,436.1339964422348,48.000000000000284,0.0,0.0,0.0,1.0,0.5,"(5, 2)","[p(2, 2)_cs(1.0)_ws(0.5)]_[p(5, 2)_cs(0.5)_ws(1.0)]"
654,tomato_cut,pick up,CuttingBoard_20,CuttingBoard,20,pick up tomato_cut from cuttingboard,player_7ed9d3aa,baseline_division_of_labor,04117a7d153f15ba,436.1339964422348,0.0,1.0,0.0,0.0,1.0,0.5,"(5, 2)","[p(2, 2)_cs(1.0)_ws(0.5)]_[p(5, 2)_cs(0.5)_ws(1.0)]"
691,tomato_cut,assemble salad,Counter_34,Counter,34,assemble salad,player_7ed9d3aa,baseline_division_of_labor,04117a7d153f15ba,484.13399644223523,48.000000000000455,1.0,0.0,0.0,1.0,0.5,"(5, 2)","[p(2, 2)_cs(1.0)_ws(0.5)]_[p(5, 2)_cs(0.5)_ws(1.0)]"
710,tomato_salad,pick up,Counter_34,Counter,34,pick up tomato_salad from counter,player_7ed9d3aa,baseline_division_of_labor,04117a7d153f15ba,484.13399644223523,0.0,1.0,0.0,0.0,1.0,0.5,"(5, 2)","[p(2, 2)_cs(1.0)_ws(0.5)]_[p(5, 2)_cs(0.5)_ws(1.0)]"
755,tomato_salad,deliver,Delivery_64,Delivery,64,deliver tomato_salad,player_7ed9d3aa,baseline_division_of_labor,04117a7d153f15ba,566.9094359455803,82.77543950334507,2.0,1.0,1.0,1.0,0.5,"(5, 2)","[p(2, 2)_cs(1.0)_ws(0.5)]_[p(5, 2)_cs(0.5)_ws(1.0)]"
792,plate,pick up,Dispenser_60,Dispenser,60,pick up plate from dispenser,player_7ed9d3aa,baseline_division_of_labor,04117a7d153f15ba,621.3288075888292,54.41937164324895,2.0,0.0,1.0,1.0,0.5,"(5, 2)","[p(2, 2)_cs(1.0)_ws(0.5)]_[p(5, 2)_cs(0.5)_ws(1.0)]"
832,plate,put down,Counter_34,Counter,34,put down plate on counter,player_7ed9d3aa,baseline_division_of_labor,04117a7d153f15ba,682.2449944913676,60.91618690253836,2.0,0.0,1.0,1.0,0.5,"(5, 2)","[p(2, 2)_cs(1.0)_ws(0.5)]_[p(5, 2)_cs(0.5)_ws(1.0)]"
872,plate,pick up,Dispenser_71,Dispenser,71,pick up plate from dispenser,player_7ed9d3aa,baseline_division_of_labor,04117a7d153f15ba,743.1611813939056,60.916186902538016,2.0,0.0,1.0,1.0,0.5,"(5, 2)","[p(2, 2)_cs(1.0)_ws(0.5)]_[p(5, 2)_cs(0.5)_ws(1.0)]"
915,plate,put down,Counter_35,Counter,35,put down plate on counter,player_7ed9d3aa,baseline_division_of_labor,04117a7d153f15ba,820.0952858244758,76.93410443057019,3.0,0.0,1.0,1.0,0.5,"(5, 2)","[p(2, 2)_cs(1.0)_ws(0.5)]_[p(5, 2)_cs(0.5)_ws(1.0)]"
957,tomato,pick up,Dispenser_50,Dispenser,50,pick up tomato from dispenser,player_7ed9d3aa,baseline_division_of_labor,04117a7d153f15ba,890.5871983484028,70.491912523927,3.0,0.0,1.0,1.0,0.5,"(5, 2)","[p(2, 2)_cs(1.0)_ws(0.5)]_[p(5, 2)_cs(0.5)_ws(1.0)]"
991,tomato,start cutting,CuttingBoard_20,CuttingBoard,20,start cutting tomato,player_7ed9d3aa,baseline_division_of_labor,04117a7d153f15ba,938.587198348403,48.00000000000023,3.0,0.0,1.0,1.0,0.5,"(5, 2)","[p(2, 2)_cs(1.0)_ws(0.5)]_[p(5, 2)_cs(0.5)_ws(1.0)]"
1085,tomato_cut,pick up,CuttingBoard_20,CuttingBoard,20,pick up tomato_cut from cuttingboard,player_7ed9d3aa,baseline_division_of_labor,04117a7d153f15ba,938.587198348403,0.0,3.0,0.0,1.0,1.0,0.5,"(5, 2)","[p(2, 2)_cs(1.0)_ws(0.5)]_[p(5, 2)_cs(0.5)_ws(1.0)]"
1127,tomato_cut,assemble salad,Counter_35,Counter,35,assemble salad,player_7ed9d3aa,baseline_division_of_labor,04117a7d153f15ba,1002.5871983484035,64.00000000000045,3.0,0.0,1.0,1.0,0.5,"(5, 2)","[p(2, 2)_cs(1.0)_ws(0.5)]_[p(5, 2)_cs(0.5)_ws(1.0)]"
1145,tomato_salad,pick up,Counter_35,Counter,35,pick up tomato_salad from counter,player_7ed9d3aa,baseline_division_of_labor,04117a7d153f15ba,1002.5871983484035,0.0,3.0,0.0,1.0,1.0,0.5,"(5, 2)","[p(2, 2)_cs(1.0)_ws(0.5)]_[p(5, 2)_cs(0.5)_ws(1.0)]"
1183,tomato_salad,deliver,Delivery_64,Delivery,64,deliver tomato_salad,player_7ed9d3aa,baseline_division_of_labor,04117a7d153f15ba,1070.0503096110356,67.46311126263208,4.0,1.0,2.0,1.0,0.5,"(5, 2)","[p(2, 2)_cs(1.0)_ws(0.5)]_[p(5, 2)_cs(0.5)_ws(1.0)]"
1229,tomato,pick up,Dispenser_40,Dispenser,40,pick up tomato from dispenser,player_7ed9d3aa,baseline_division_of_labor,04117a7d153f15ba,1124.469681254283,54.41937164324736,4.0,0.0,2.0,1.0,0.5,"(5, 2)","[p(2, 2)_cs(1.0)_ws(0.5)]_[p(5, 2)_cs(0.5)_ws(1.0)]"
1256,tomato,start cutting,CuttingBoard_20,CuttingBoard,20,start cutting tomato,player_7ed9d3aa,baseline_division_of_labor,04117a7d153f15ba,1156.469681254282,31.99999999999909,4.0,0.0,2.0,1.0,0.5,"(5, 2)","[p(2, 2)_cs(1.0)_ws(0.5)]_[p(5, 2)_cs(0.5)_ws(1.0)]"
1344,tomato_cut,pick up,CuttingBoard_20,CuttingBoard,20,pick up tomato_cut from cuttingboard,player_7ed9d3aa,baseline_division_of_labor,04117a7d153f15ba,1156.469681254282,0.0,4.0,0.0,2.0,1.0,0.5,"(5, 2)","[p(2, 2)_cs(1.0)_ws(0.5)]_[p(5, 2)_cs(0.5)_ws(1.0)]"
1378,tomato_cut,assemble salad,Counter_34,Counter,34,assemble salad,player_7ed9d3aa,baseline_division_of_labor,04117a7d153f15ba,1204.4696812542802,47.99999999999818,4.0,0.0,2.0,1.0,0.5,"(5, 2)","[p(2, 2)_cs(1.0)_ws(0.5)]_[p(5, 2)_cs(0.5)_ws(1.0)]"
1392,tomato_salad,pick up,Counter_34,Counter,34,pick up tomato_salad from counter,player_7ed9d3aa,baseline_division_of_labor,04117a7d153f15ba,1204.4696812542802,0.0,4.0,0.0,2.0,1.0,0.5,"(5, 2)","[p(2, 2)_cs(1.0)_ws(0.5)]_[p(5, 2)_cs(0.5)_ws(1.0)]"
1433,tomato_salad,deliver,Delivery_64,Delivery,64,deliver tomato_salad,player_7ed9d3aa,baseline_division_of_labor,04117a7d153f15ba,1287.2451207576248,82.77543950334461,5.0,1.0,3.0,1.0,0.5,"(5, 2)","[p(2, 2)_cs(1.0)_ws(0.5)]_[p(5, 2)_cs(0.5)_ws(1.0)]"
1471,plate,pick up,Dispenser_71,Dispenser,71,pick up plate from dispenser,player_7ed9d3aa,baseline_division_of_labor,04117a7d153f15ba,1341.6644924008724,54.41937164324759,5.0,0.0,3.0,1.0,0.5,"(5, 2)","[p(2, 2)_cs(1.0)_ws(0.5)]_[p(5, 2)_cs(0.5)_ws(1.0)]"
1513,plate,put down,Counter_35,Counter,35,put down plate on counter,player_7ed9d3aa,baseline_division_of_labor,04117a7d153f15ba,1418.598596831441,76.9341044305686,6.0,0.0,3.0,1.0,0.5,"(5, 2)","[p(2, 2)_cs(1.0)_ws(0.5)]_[p(5, 2)_cs(0.5)_ws(1.0)]"
1555,plate,pick up,Dispenser_60,Dispenser,60,pick up plate from dispenser,player_7ed9d3aa,baseline_division_of_labor,04117a7d153f15ba,1495.532701262009,76.93410443056791,7.0,0.0,3.0,1.0,0.5,"(5, 2)","[p(2, 2)_cs(1.0)_ws(0.5)]_[p(5, 2)_cs(0.5)_ws(1.0)]"
1596,plate,put down,Counter_34,Counter,34,put down plate on counter,player_7ed9d3aa,baseline_division_of_labor,04117a7d153f15ba,1556.4488881645457,60.916186902536765,7.0,0.0,3.0,1.0,0.5,"(5, 2)","[p(2, 2)_cs(1.0)_ws(0.5)]_[p(5, 2)_cs(0.5)_ws(1.0)]"
1631,tomato,pick up,Dispenser_50,Dispenser,50,pick up tomato from dispenser,player_7ed9d3aa,baseline_division_of_labor,04117a7d153f15ba,1610.868259807793,54.41937164324736,7.0,0.0,3.0,1.0,0.5,"(5, 2)","[p(2, 2)_cs(1.0)_ws(0.5)]_[p(5, 2)_cs(0.5)_ws(1.0)]"
1662,tomato,start cutting,CuttingBoard_20,CuttingBoard,20,start cutting tomato,player_7ed9d3aa,baseline_division_of_labor,04117a7d153f15ba,1658.8682598077912,47.99999999999818,7.0,0.0,3.0,1.0,0.5,"(5, 2)","[p(2, 2)_cs(1.0)_ws(0.5)]_[p(5, 2)_cs(0.5)_ws(1.0)]"
1757,tomato_cut,pick up,CuttingBoard_20,CuttingBoard,20,pick up tomato_cut from cuttingboard,player_7ed9d3aa,baseline_division_of_labor,04117a7d153f15ba,1658.8682598077912,0.0,7.0,0.0,3.0,1.0,0.5,"(5, 2)","[p(2, 2)_cs(1.0)_ws(0.5)]_[p(5, 2)_cs(0.5)_ws(1.0)]"
1799,tomato_cut,assemble salad,Counter_35,Counter,35,assemble salad,player_7ed9d3aa,baseline_division_of_labor,04117a7d153f15ba,1722.868259807789,63.999999999997726,7.0,0.0,3.0,1.0,0.5,"(5, 2)","[p(2, 2)_cs(1.0)_ws(0.5)]_[p(5, 2)_cs(0.5)_ws(1.0)]"
1857,tomato,pick up,Dispenser_50,Dispenser,50,pick up tomato from dispenser,player_7ed9d3aa,baseline_division_of_labor,04117a7d153f15ba,1825.203716492404,102.33545668461511,7.0,0.0,3.0,1.0,0.5,"(5, 2)","[p(2, 2)_cs(1.0)_ws(0.5)]_[p(5, 2)_cs(0.5)_ws(1.0)]"
1898,tomato,start cutting,CuttingBoard_10,CuttingBoard,10,start cutting tomato,player_7ed9d3aa,baseline_division_of_labor,04117a7d153f15ba,1889.2037164924018,63.999999999997726,7.0,0.0,3.0,1.0,0.5,"(5, 2)","[p(2, 2)_cs(1.0)_ws(0.5)]_[p(5, 2)_cs(0.5)_ws(1.0)]"
1994,tomato_cut,pick up,CuttingBoard_10,CuttingBoard,10,pick up tomato_cut from cuttingboard,player_7ed9d3aa,baseline_division_of_labor,04117a7d153f15ba,1889.2037164924018,0.0,7.0,0.0,3.0,1.0,0.5,"(5, 2)","[p(2, 2)_cs(1.0)_ws(0.5)]_[p(5, 2)_cs(0.5)_ws(1.0)]"
2023,tomato_cut,assemble salad,Counter_34,Counter,34,assemble salad,player_7ed9d3aa,baseline_division_of_labor,04117a7d153f15ba,1943.6334739666734,54.42975747427158,7.0,0.0,3.0,1.0,0.5,"(5, 2)","[p(2, 2)_cs(1.0)_ws(0.5)]_[p(5, 2)_cs(0.5)_ws(1.0)]"
2045,tomato_salad,pick up,Counter_35,Counter,35,pick up tomato_salad from counter,player_7ed9d3aa,baseline_division_of_labor,04117a7d153f15ba,1959.633473966673,15.999999999999545,7.0,0.0,3.0,1.0,0.5,"(5, 2)","[p(2, 2)_cs(1.0)_ws(0.5)]_[p(5, 2)_cs(0.5)_ws(1.0)]"
2076,tomato_salad,deliver,Delivery_64,Delivery,64,deliver tomato_salad,player_7ed9d3aa,baseline_division_of_labor,04117a7d153f15ba,2027.096585229304,67.46311126263117,8.0,1.0,4.0,1.0,0.5,"(5, 2)","[p(2, 2)_cs(1.0)_ws(0.5)]_[p(5, 2)_cs(0.5)_ws(1.0)]"
2098,tomato_salad,pick up,Counter_34,Counter,34,pick up tomato_salad from counter,player_7ed9d3aa,baseline_division_of_labor,04117a7d153f15ba,2043.0965852293036,15.999999999999545,8.0,0.0,4.0,1.0,0.5,"(5, 2)","[p(2, 2)_cs(1.0)_ws(0.5)]_[p(5, 2)_cs(0.5)_ws(1.0)]"
2116,tomato_salad,deliver,Delivery_64,Delivery,64,deliver tomato_salad,player_7ed9d3aa,baseline_division_of_labor,04117a7d153f15ba,2059.096585229303,15.999999999999318,9.0,1.0,5.0,1.0,0.5,"(5, 2)","[p(2, 2)_cs(1.0)_ws(0.5)]_[p(5, 2)_cs(0.5)_ws(1.0)]"
2151,plate,pick up,Dispenser_71,Dispenser,71,pick up plate from dispenser,player_7ed9d3aa,baseline_division_of_labor,04117a7d153f15ba,2113.515956872552,54.41937164324918,10.0,0.0,5.0,1.0,0.5,"(5, 2)","[p(2, 2)_cs(1.0)_ws(0.5)]_[p(5, 2)_cs(0.5)_ws(1.0)]"
