tick,item,action,target,target_type,target_position,action_long,player_id,map_name,game_id,distance_walked,distance_walked_since_last_action,overall_score,player_score_change,player_score,walking_speed,cutting_speed,start_pos,condition
231,plate,pick up,Dispenser_60,Dispenser,60,pick up plate from dispenser,player_76a1a1e8,baseline_division_of_labor,04117a7d153f15ba,112.17400621388119,0.0,0.0,0.0,0.0,0.5,1.0,"(2, 2)","[p(2, 2)_cs(1.0)_ws(0.5)]_[p(5, 2)_cs(0.5)_ws(1.0)]"
276,plate,put down,Counter_32,Counter,32,put down plate on counter,player_76a1a1e8,baseline_division_of_labor,04117a7d153f15ba,150.65722929965372,38.483223085772536,0.0,0.0,0.0,0.5,1.0,"(2, 2)","[p(2, 2)_cs(1.0)_ws(0.5)]_[p(5, 2)_cs(0.5)_ws(1.0)]"
340,plate,pick up,Dispenser_60,Dispenser,60,pick up plate from dispenser,player_76a1a1e8,baseline_division_of_labor,04117a7d153f15ba,189.14045238542622,38.483223085772494,0.0,0.0,0.0,0.5,1.0,"(2, 2)","[p(2, 2)_cs(1.0)_ws(0.5)]_[p(5, 2)_cs(0.5)_ws(1.0)]"
392,plate,put down,Counter_33,Counter,33,put down plate on counter,player_76a1a1e8,baseline_division_of_labor,04117a7d153f15ba,234.39528638136497,45.25483399593875,0.0,0.0,0.0,0.5,1.0,"(2, 2)","[p(2, 2)_cs(1.0)_ws(0.5)]_[p(5, 2)_cs(0.5)_ws(1.0)]"
433,tomato,pick up,Dispenser_40,Dispenser,40,pick up tomato from dispenser,player_76a1a1e8,baseline_division_of_labor,04117a7d153f15ba,266.395286381365,32.00000000000003,0.0,0.0,0.0,0.5,1.0,"(2, 2)","[p(2, 2)_cs(1.0)_ws(0.5)]_[p(5, 2)_cs(0.5)_ws(1.0)]"
468,tomato,start cutting,CuttingBoard_20,CuttingBoard,20,start cutting tomato,player_76a1a1e8,baseline_division_of_labor,04117a7d153f15ba,298.395286381365,32.0,0.0,0.0,0.0,0.5,1.0,"(2, 2)","[p(2, 2)_cs(1.0)_ws(0.5)]_[p(5, 2)_cs(0.5)_ws(1.0)]"
515,tomato_cut,pick up,CuttingBoard_20,CuttingBoard,20,pick up tomato_cut from cuttingboard,player_76a1a1e8,baseline_division_of_labor,04117a7d153f15ba,298.395286381365,0.0,0.0,0.0,0.0,0.5,1.0,"(2, 2)","[p(2, 2)_cs(1.0)_ws(0.5)]_[p(5, 2)_cs(0.5)_ws(1.0)]"
535,tomato_cut,assemble salad,Counter_32,Counter,32,assemble salad,player_76a1a1e8,baseline_division_of_labor,04117a7d153f15ba,314.395286381365,16.0,0.0,0.0,0.0,0.5,1.0,"(2, 2)","[p(2, 2)_cs(1.0)_ws(0.5)]_[p(5, 2)_cs(0.5)_ws(1.0)]"
545,tomato_salad,pick up,Counter_32,Counter,32,pick up tomato_salad from counter,player_76a1a1e8,baseline_division_of_labor,04117a7d153f15ba,314.395286381365,0.0,0.0,0.0,0.0,0.5,1.0,"(2, 2)","[p(2, 2)_cs(1.0)_ws(0.5)]_[p(5, 2)_cs(0.5)_ws(1.0)]"
591,tomato_salad,deliver,Delivery_63,Delivery,63,deliver tomato_salad,player_76a1a1e8,baseline_division_of_labor,04117a7d153f15ba,359.65012037730475,45.25483399593975,1.0,1.0,1.0,0.5,1.0,"(2, 2)","[p(2, 2)_cs(1.0)_ws(0.5)]_[p(5, 2)_cs(0.5)_ws(1.0)]"
636,tomato,pick up,Dispenser_40,Dispenser,40,pick up tomato from dispenser,player_76a1a1e8,baseline_division_of_labor,04117a7d153f15ba,398.1333434630768,38.48322308577207,1.0,0.0,1.0,0.5,1.0,"(2, 2)","[p(2, 2)_cs(1.0)_ws(0.5)]_[p(5, 2)_cs(0.5)_ws(1.0)]"
687,tomato,start cutting,CuttingBoard_10,CuttingBoard,10,start cutting tomato,player_76a1a1e8,baseline_division_of_labor,04117a7d153f15ba,446.1333434630769,48.000000000000114,1.0,0.0,1.0,0.5,1.0,"(2, 2)","[p(2, 2)_cs(1.0)_ws(0.5)]_[p(5, 2)_cs(0.5)_ws(1.0)]"
741,tomato_cut,pick up,CuttingBoard_10,CuttingBoard,10,pick up tomato_cut from cuttingboard,player_76a1a1e8,baseline_division_of_labor,04117a7d153f15ba,446.1333434630769,0.0,1.0,0.0,1.0,0.5,1.0,"(2, 2)","[p(2, 2)_cs(1.0)_ws(0.5)]_[p(5, 2)_cs(0.5)_ws(1.0)]"
782,tomato_cut,assemble salad,Counter_33,Counter,33,assemble salad,player_76a1a1e8,baseline_division_of_labor,04117a7d153f15ba,484.6165665488489,38.483223085771954,2.0,0.0,1.0,0.5,1.0,"(2, 2)","[p(2, 2)_cs(1.0)_ws(0.5)]_[p(5, 2)_cs(0.5)_ws(1.0)]"
800,tomato_salad,pick up,Counter_33,Counter,33,pick up tomato_salad from counter,player_76a1a1e8,baseline_division_of_labor,04117a7d153f15ba,484.6165665488489,0.0,2.0,0.0,1.0,0.5,1.0,"(2, 2)","[p(2, 2)_cs(1.0)_ws(0.5)]_[p(5, 2)_cs(0.5)_ws(1.0)]"
873,tomato_salad,deliver,Delivery_63,Delivery,63,deliver tomato_salad,player_76a1a1e8,baseline_division_of_labor,04117a7d153f15ba,567.755341627735,83.13877507888611,3.0,1.0,2.0,0.5,1.0,"(2, 2)","[p(2, 2)_cs(1.0)_ws(0.5)]_[p(5, 2)_cs(0.5)_ws(1.0)]"
958,plate,pick up,Dispenser_71,Dispenser,71,pick up plate from dispenser,player_76a1a1e8,baseline_division_of_labor,04117a7d153f15ba,649.9418878231394,82.18654619540439,3.0,0.0,2.0,0.5,1.0,"(2, 2)","[p(2, 2)_cs(1.0)_ws(0.5)]_[p(5, 2)_cs(0.5)_ws(1.0)]"
1006,plate,put down,Counter_33,Counter,33,put down plate on counter,player_76a1a1e8,baseline_division_of_labor,04117a7d153f15ba,695.1967218190772,45.254833995937815,3.0,0.0,2.0,0.5,1.0,"(2, 2)","[p(2, 2)_cs(1.0)_ws(0.5)]_[p(5, 2)_cs(0.5)_ws(1.0)]"
1051,plate,pick up,Dispenser_71,Dispenser,71,pick up plate from dispenser,player_76a1a1e8,baseline_division_of_labor,04117a7d153f15ba,740.451555815015,45.254833995937815,3.0,0.0,2.0,0.5,1.0,"(2, 2)","[p(2, 2)_cs(1.0)_ws(0.5)]_[p(5, 2)_cs(0.5)_ws(1.0)]"
1088,plate,put down,Counter_32,Counter,32,put down plate on counter,player_76a1a1e8,baseline_division_of_labor,04117a7d153f15ba,778.9347789007871,38.483223085772124,3.0,0.0,2.0,0.5,1.0,"(2, 2)","[p(2, 2)_cs(1.0)_ws(0.5)]_[p(5, 2)_cs(0.5)_ws(1.0)]"
1114,tomato,pick up,Dispenser_40,Dispenser,40,pick up tomato from dispenser,player_76a1a1e8,baseline_division_of_labor,04117a7d153f15ba,794.9347789007868,15.999999999999659,3.0,0.0,2.0,0.5,1.0,"(2, 2)","[p(2, 2)_cs(1.0)_ws(0.5)]_[p(5, 2)_cs(0.5)_ws(1.0)]"
1153,tomato,start cutting,CuttingBoard_20,CuttingBoard,20,start cutting tomato,player_76a1a1e8,baseline_division_of_labor,04117a7d153f15ba,826.9347789007854,31.999999999998636,3.0,0.0,2.0,0.5,1.0,"(2, 2)","[p(2, 2)_cs(1.0)_ws(0.5)]_[p(5, 2)_cs(0.5)_ws(1.0)]"
1203,tomato_cut,pick up,CuttingBoard_20,CuttingBoard,20,pick up tomato_cut from cuttingboard,player_76a1a1e8,baseline_division_of_labor,04117a7d153f15ba,826.9347789007854,0.0,4.0,0.0,2.0,0.5,1.0,"(2, 2)","[p(2, 2)_cs(1.0)_ws(0.5)]_[p(5, 2)_cs(0.5)_ws(1.0)]"
1222,tomato_cut,assemble salad,Counter_32,Counter,32,assemble salad,player_76a1a1e8,baseline_division_of_labor,04117a7d153f15ba,842.9347789007847,15.999999999999318,4.0,0.0,2.0,0.5,1.0,"(2, 2)","[p(2, 2)_cs(1.0)_ws(0.5)]_[p(5, 2)_cs(0.5)_ws(1.0)]"
1249,tomato,pick up,Dispenser_40,Dispenser,40,pick up tomato from dispenser,player_76a1a1e8,baseline_division_of_labor,04117a7d153f15ba,858.9347789007841,15.999999999999318,4.0,0.0,2.0,0.5,1.0,"(2, 2)","[p(2, 2)_cs(1.0)_ws(0.5)]_[p(5, 2)_cs(0.5)_ws(1.0)]"
1302,tomato,start cutting,CuttingBoard_10,CuttingBoard,10,start cutting tomato,player_76a1a1e8,baseline_division_of_labor,04117a7d153f15ba,906.934778900782,47.999999999997954,4.0,0.0,2.0,0.5,1.0,"(2, 2)","[p(2, 2)_cs(1.0)_ws(0.5)]_[p(5, 2)_cs(0.5)_ws(1.0)]"
1348,tomato_cut,pick up,CuttingBoard_10,CuttingBoard,10,pick up tomato_cut from cuttingboard,player_76a1a1e8,baseline_division_of_labor,04117a7d153f15ba,906.934778900782,0.0,4.0,0.0,2.0,0.5,1.0,"(2, 2)","[p(2, 2)_cs(1.0)_ws(0.5)]_[p(5, 2)_cs(0.5)_ws(1.0)]"
1395,tomato_cut,assemble salad,Counter_33,Counter,33,assemble salad,player_76a1a1e8,baseline_division_of_labor,04117a7d153f15ba,945.4180019865528,38.48322308577076,4.0,0.0,2.0,0.5,1.0,"(2, 2)","[p(2, 2)_cs(1.0)_ws(0.5)]_[p(5, 2)_cs(0.5)_ws(1.0)]"
1413,tomato_salad,pick up,Counter_33,Counter,33,pick up tomato_salad from counter,player_76a1a1e8,baseline_division_of_labor,04117a7d153f15ba,945.4180019865528,0.0,4.0,0.0,2.0,0.5,1.0,"(2, 2)","[p(2, 2)_cs(1.0)_ws(0.5)]_[p(5, 2)_cs(0.5)_ws(1.0)]"
1489,tomato_salad,deliver,Delivery_63,Delivery,63,deliver tomato_salad,player_76a1a1e8,baseline_division_of_labor,04117a7d153f15ba,1028.5567770654384,83.1387750788856,6.0,1.0,3.0,0.5,1.0,"(2, 2)","[p(2, 2)_cs(1.0)_ws(0.5)]_[p(5, 2)_cs(0.5)_ws(1.0)]"
1516,tomato_salad,pick up,Counter_32,Counter,32,pick up tomato_salad from counter,player_76a1a1e8,baseline_division_of_labor,04117a7d153f15ba,1051.1841940634072,22.627416997968794,6.0,0.0,3.0,0.5,1.0,"(2, 2)","[p(2, 2)_cs(1.0)_ws(0.5)]_[p(5, 2)_cs(0.5)_ws(1.0)]"
1543,tomato_salad,deliver,Delivery_63,Delivery,63,deliver tomato_salad,player_76a1a1e8,baseline_division_of_labor,04117a7d153f15ba,1073.811611061376,22.627416997968794,7.0,1.0,4.0,0.5,1.0,"(2, 2)","[p(2, 2)_cs(1.0)_ws(0.5)]_[p(5, 2)_cs(0.5)_ws(1.0)]"
1585,plate,pick up,Dispenser_71,Dispenser,71,pick up plate from dispenser,player_76a1a1e8,baseline_division_of_labor,04117a7d153f15ba,1112.2948341471474,38.48322308577144,7.0,0.0,4.0,0.5,1.0,"(2, 2)","[p(2, 2)_cs(1.0)_ws(0.5)]_[p(5, 2)_cs(0.5)_ws(1.0)]"
1627,plate,put down,Counter_32,Counter,32,put down plate on counter,player_76a1a1e8,baseline_division_of_labor,04117a7d153f15ba,1150.7780572329175,38.48322308577008,7.0,0.0,4.0,0.5,1.0,"(2, 2)","[p(2, 2)_cs(1.0)_ws(0.5)]_[p(5, 2)_cs(0.5)_ws(1.0)]"
1676,plate,pick up,Dispenser_71,Dispenser,71,pick up plate from dispenser,player_76a1a1e8,baseline_division_of_labor,04117a7d153f15ba,1189.261280318688,38.48322308577053,7.0,0.0,4.0,0.5,1.0,"(2, 2)","[p(2, 2)_cs(1.0)_ws(0.5)]_[p(5, 2)_cs(0.5)_ws(1.0)]"
1722,plate,put down,Counter_33,Counter,33,put down plate on counter,player_76a1a1e8,baseline_division_of_labor,04117a7d153f15ba,1234.5161143146258,45.254833995937815,7.0,0.0,4.0,0.5,1.0,"(2, 2)","[p(2, 2)_cs(1.0)_ws(0.5)]_[p(5, 2)_cs(0.5)_ws(1.0)]"
1761,tomato,pick up,Dispenser_40,Dispenser,40,pick up tomato from dispenser,player_76a1a1e8,baseline_division_of_labor,04117a7d153f15ba,1266.5161143146252,31.999999999999318,7.0,0.0,4.0,0.5,1.0,"(2, 2)","[p(2, 2)_cs(1.0)_ws(0.5)]_[p(5, 2)_cs(0.5)_ws(1.0)]"
1797,tomato,start cutting,CuttingBoard_20,CuttingBoard,20,start cutting tomato,player_76a1a1e8,baseline_division_of_labor,04117a7d153f15ba,1298.5161143146238,31.999999999998636,7.0,0.0,4.0,0.5,1.0,"(2, 2)","[p(2, 2)_cs(1.0)_ws(0.5)]_[p(5, 2)_cs(0.5)_ws(1.0)]"
1848,tomato_cut,pick up,CuttingBoard_20,CuttingBoard,20,pick up tomato_cut from cuttingboard,player_76a1a1e8,baseline_division_of_labor,04117a7d153f15ba,1298.5161143146238,0.0,7.0,0.0,4.0,0.5,1.0,"(2, 2)","[p(2, 2)_cs(1.0)_ws(0.5)]_[p(5, 2)_cs(0.5)_ws(1.0)]"
1878,tomato_cut,assemble salad,Counter_32,Counter,32,assemble salad,player_76a1a1e8,baseline_division_of_labor,04117a7d153f15ba,1314.516114314623,15.999999999999318,7.0,0.0,4.0,0.5,1.0,"(2, 2)","[p(2, 2)_cs(1.0)_ws(0.5)]_[p(5, 2)_cs(0.5)_ws(1.0)]"
1906,tomato,pick up,Dispenser_40,Dispenser,40,pick up tomato from dispenser,player_76a1a1e8,baseline_division_of_labor,04117a7d153f15ba,1330.5161143146224,15.999999999999318,7.0,0.0,4.0,0.5,1.0,"(2, 2)","[p(2, 2)_cs(1.0)_ws(0.5)]_[p(5, 2)_cs(0.5)_ws(1.0)]"
1948,tomato,start cutting,CuttingBoard_20,CuttingBoard,20,start cutting tomato,player_76a1a1e8,baseline_division_of_labor,04117a7d153f15ba,1362.516114314621,31.999999999998636,7.0,0.0,4.0,0.5,1.0,"(2, 2)","[p(2, 2)_cs(1.0)_ws(0.5)]_[p(5, 2)_cs(0.5)_ws(1.0)]"
1994,tomato_cut,pick up,CuttingBoard_20,CuttingBoard,20,pick up tomato_cut from cuttingboard,player_76a1a1e8,baseline_division_of_labor,04117a7d153f15ba,1362.516114314621,0.0,7.0,0.0,4.0,0.5,1.0,"(2, 2)","[p(2, 2)_cs(1.0)_ws(0.5)]_[p(5, 2)_cs(0.5)_ws(1.0)]"
2050,tomato_cut,assemble salad,Counter_33,Counter,33,assemble salad,player_76a1a1e8,baseline_division_of_labor,04117a7d153f15ba,1394.5161143146206,31.999999999999545,7.0,0.0,4.0,0.5,1.0,"(2, 2)","[p(2, 2)_cs(1.0)_ws(0.5)]_[p(5, 2)_cs(0.5)_ws(1.0)]"
2069,tomato_salad,pick up,Counter_33,Counter,33,pick up tomato_salad from counter,player_76a1a1e8,baseline_division_of_labor,04117a7d153f15ba,1394.5161143146206,0.0,7.0,0.0,4.0,0.5,1.0,"(2, 2)","[p(2, 2)_cs(1.0)_ws(0.5)]_[p(5, 2)_cs(0.5)_ws(1.0)]"
2146,tomato_salad,deliver,Delivery_63,Delivery,63,deliver tomato_salad,player_76a1a1e8,baseline_division_of_labor,04117a7d153f15ba,1477.6548893935087,83.1387750788881,10.0,1.0,5.0,0.5,1.0,"(2, 2)","[p(2, 2)_cs(1.0)_ws(0.5)]_[p(5, 2)_cs(0.5)_ws(1.0)]"
