{"agents": {"player_8849472f": {"initial_state": {"agent_id": "player_8849472f", "x": 40, "y": 40, "item": null, "url_params": {"gameType": ["tomatoSaladOnly"], "PROLIFIC_PID": ["6735456e8034ea7e61eac785"], "map": ["baseline_division_of_labor"], "cutting_speed_p1": ["1"], "walking_speed_p1": ["1"], "cutting_speed_p2": ["1"], "walking_speed_p2": ["1"], "slot_x_p1": ["2"], "slot_y_p1": ["2"], "slot_x_p2": ["5"], "slot_y_p2": ["2"], "EIO": ["4"], "transport": ["polling"], "t": ["PZKhpeu"]}, "cut_speed": 1.0, "walk_speed": 30.0, "player_nr": 1}, "player_score": 8.0, "total_actions": 52, "first_action_tick": 70, "last_action_tick": 2134}, "player_b6120801": {"initial_state": {"agent_id": "player_b6120801", "x": 88, "y": 40, "item": null, "url_params": {"gameType": ["tomatoSaladOnly"], "PROLIFIC_PID": ["5fa4c21a04bc5912180291bc"], "map": ["baseline_division_of_labor"], "cutting_speed_p1": ["1"], "walking_speed_p1": ["1"], "cutting_speed_p2": ["1"], "walking_speed_p2": ["1"], "slot_x_p1": ["2"], "slot_y_p1": ["2"], "slot_x_p2": ["5"], "slot_y_p2": ["2"], "EIO": ["4"], "transport": ["polling"], "t": ["PZKhrcU"]}, "cut_speed": 1.0, "walk_speed": 30.0, "player_nr": 2}, "player_score": 2.0, "total_actions": 52, "first_action_tick": 114, "last_action_tick": 2096}}, "map_name": "baseline_division_of_labor", "final_score": 10.0}