tick,item,action,target,target_type,target_position,action_long,player_id,map_name,game_id,distance_walked,distance_walked_since_last_action,overall_score,player_score_change,player_score,walking_speed,cutting_speed,start_pos,condition
114,tomato,pick up,Dispenser_50,Dispenser,50,pick up tomato from dispenser,player_b6120801,baseline_division_of_labor,0caffda129f72a0e,16.0,0.0,0.0,0.0,0.0,1.0,1.0,"(5, 2)","[p(2, 2)_cs(1.0)_ws(1.0)]_[p(5, 2)_cs(1.0)_ws(1.0)]"
227,tomato,put down,Dispenser_60,Dispenser,60,put down tomato on dispenser,player_b6120801,baseline_division_of_labor,0caffda129f72a0e,108.82251968005195,92.82251968005195,0.0,0.0,0.0,1.0,1.0,"(5, 2)","[p(2, 2)_cs(1.0)_ws(1.0)]_[p(5, 2)_cs(1.0)_ws(1.0)]"
227,plate,pick up,Dispenser_60,Dispenser,60,pick up plate from dispenser,player_b6120801,baseline_division_of_labor,0caffda129f72a0e,108.82251968005195,0.0,0.0,0.0,0.0,1.0,1.0,"(5, 2)","[p(2, 2)_cs(1.0)_ws(1.0)]_[p(5, 2)_cs(1.0)_ws(1.0)]"
255,plate,put down,Counter_34,Counter,34,put down plate on counter,player_b6120801,baseline_division_of_labor,0caffda129f72a0e,169.73870658259023,60.91618690253827,0.0,0.0,0.0,1.0,1.0,"(5, 2)","[p(2, 2)_cs(1.0)_ws(1.0)]_[p(5, 2)_cs(1.0)_ws(1.0)]"
289,plate,pick up,Dispenser_71,Dispenser,71,pick up plate from dispenser,player_b6120801,baseline_division_of_labor,0caffda129f72a0e,230.654893485128,60.91618690253779,0.0,0.0,0.0,1.0,1.0,"(5, 2)","[p(2, 2)_cs(1.0)_ws(1.0)]_[p(5, 2)_cs(1.0)_ws(1.0)]"
332,plate,put down,Counter_35,Counter,35,put down plate on counter,player_b6120801,baseline_division_of_labor,0caffda129f72a0e,307.58899791569775,76.93410443056973,0.0,0.0,0.0,1.0,1.0,"(5, 2)","[p(2, 2)_cs(1.0)_ws(1.0)]_[p(5, 2)_cs(1.0)_ws(1.0)]"
384,tomato,pick up,Dispenser_40,Dispenser,40,pick up tomato from dispenser,player_b6120801,baseline_division_of_labor,0caffda129f72a0e,371.58899791569814,64.0000000000004,0.0,0.0,0.0,1.0,1.0,"(5, 2)","[p(2, 2)_cs(1.0)_ws(1.0)]_[p(5, 2)_cs(1.0)_ws(1.0)]"
423,tomato,put down,Counter_33,Counter,33,put down tomato on counter,player_b6120801,baseline_division_of_labor,0caffda129f72a0e,403.5889979156984,32.000000000000284,0.0,0.0,0.0,1.0,1.0,"(5, 2)","[p(2, 2)_cs(1.0)_ws(1.0)]_[p(5, 2)_cs(1.0)_ws(1.0)]"
477,plate,pick up,Counter_32,Counter,32,pick up plate from counter,player_b6120801,baseline_division_of_labor,0caffda129f72a0e,473.75738474433166,70.16838682863323,0.0,0.0,0.0,1.0,1.0,"(5, 2)","[p(2, 2)_cs(1.0)_ws(1.0)]_[p(5, 2)_cs(1.0)_ws(1.0)]"
498,plate,put down,Counter_32,Counter,32,put down plate on counter,player_b6120801,baseline_division_of_labor,0caffda129f72a0e,473.75738474433166,0.0,0.0,0.0,0.0,1.0,1.0,"(5, 2)","[p(2, 2)_cs(1.0)_ws(1.0)]_[p(5, 2)_cs(1.0)_ws(1.0)]"
521,tomato_cut,pick up,CuttingBoard_20,CuttingBoard,20,pick up tomato_cut from cuttingboard,player_b6120801,baseline_division_of_labor,0caffda129f72a0e,489.7573847443318,16.000000000000114,0.0,0.0,0.0,1.0,1.0,"(5, 2)","[p(2, 2)_cs(1.0)_ws(1.0)]_[p(5, 2)_cs(1.0)_ws(1.0)]"
540,tomato_cut,assemble salad,Counter_32,Counter,32,assemble salad,player_b6120801,baseline_division_of_labor,0caffda129f72a0e,505.7573847443319,16.000000000000114,0.0,0.0,0.0,1.0,1.0,"(5, 2)","[p(2, 2)_cs(1.0)_ws(1.0)]_[p(5, 2)_cs(1.0)_ws(1.0)]"
569,tomato,pick up,Counter_33,Counter,33,pick up tomato from counter,player_b6120801,baseline_division_of_labor,0caffda129f72a0e,544.2643114692288,38.506926724896914,0.0,0.0,0.0,1.0,1.0,"(5, 2)","[p(2, 2)_cs(1.0)_ws(1.0)]_[p(5, 2)_cs(1.0)_ws(1.0)]"
591,tomato,start cutting,CuttingBoard_20,CuttingBoard,20,start cutting tomato,player_b6120801,baseline_division_of_labor,0caffda129f72a0e,576.2643114692291,32.00000000000034,0.0,0.0,0.0,1.0,1.0,"(5, 2)","[p(2, 2)_cs(1.0)_ws(1.0)]_[p(5, 2)_cs(1.0)_ws(1.0)]"
636,tomato,pick up,Dispenser_40,Dispenser,40,pick up tomato from dispenser,player_b6120801,baseline_division_of_labor,0caffda129f72a0e,608.2643114692294,32.00000000000023,1.0,0.0,0.0,1.0,1.0,"(5, 2)","[p(2, 2)_cs(1.0)_ws(1.0)]_[p(5, 2)_cs(1.0)_ws(1.0)]"
666,tomato,put down,Counter_33,Counter,33,put down tomato on counter,player_b6120801,baseline_division_of_labor,0caffda129f72a0e,640.2643114692297,32.00000000000034,1.0,0.0,0.0,1.0,1.0,"(5, 2)","[p(2, 2)_cs(1.0)_ws(1.0)]_[p(5, 2)_cs(1.0)_ws(1.0)]"
736,plate,pick up,Dispenser_60,Dispenser,60,pick up plate from dispenser,player_b6120801,baseline_division_of_labor,0caffda129f72a0e,712.9350223383475,72.67071086911778,2.0,0.0,0.0,1.0,1.0,"(5, 2)","[p(2, 2)_cs(1.0)_ws(1.0)]_[p(5, 2)_cs(1.0)_ws(1.0)]"
778,plate,put down,Counter_32,Counter,32,put down plate on counter,player_b6120801,baseline_division_of_labor,0caffda129f72a0e,751.3420850051123,38.40706266676477,2.0,0.0,0.0,1.0,1.0,"(5, 2)","[p(2, 2)_cs(1.0)_ws(1.0)]_[p(5, 2)_cs(1.0)_ws(1.0)]"
814,tomato_cut,pick up,CuttingBoard_20,CuttingBoard,20,pick up tomato_cut from cuttingboard,player_b6120801,baseline_division_of_labor,0caffda129f72a0e,789.8490117300091,38.50692672489686,2.0,0.0,0.0,1.0,1.0,"(5, 2)","[p(2, 2)_cs(1.0)_ws(1.0)]_[p(5, 2)_cs(1.0)_ws(1.0)]"
832,tomato_cut,assemble salad,Counter_32,Counter,32,assemble salad,player_b6120801,baseline_division_of_labor,0caffda129f72a0e,805.8490117300094,16.000000000000227,2.0,0.0,0.0,1.0,1.0,"(5, 2)","[p(2, 2)_cs(1.0)_ws(1.0)]_[p(5, 2)_cs(1.0)_ws(1.0)]"
851,tomato,pick up,Dispenser_40,Dispenser,40,pick up tomato from dispenser,player_b6120801,baseline_division_of_labor,0caffda129f72a0e,821.8490117300095,16.000000000000114,2.0,0.0,0.0,1.0,1.0,"(5, 2)","[p(2, 2)_cs(1.0)_ws(1.0)]_[p(5, 2)_cs(1.0)_ws(1.0)]"
890,tomato,start cutting,CuttingBoard_10,CuttingBoard,10,start cutting tomato,player_b6120801,baseline_division_of_labor,0caffda129f72a0e,869.8490117300098,48.00000000000034,2.0,0.0,0.0,1.0,1.0,"(5, 2)","[p(2, 2)_cs(1.0)_ws(1.0)]_[p(5, 2)_cs(1.0)_ws(1.0)]"
957,plate,pick up,Counter_34,Counter,34,pick up plate from counter,player_b6120801,baseline_division_of_labor,0caffda129f72a0e,924.2787692042825,54.42975747427272,3.0,0.0,0.0,1.0,1.0,"(5, 2)","[p(2, 2)_cs(1.0)_ws(1.0)]_[p(5, 2)_cs(1.0)_ws(1.0)]"
978,plate,put down,Counter_34,Counter,34,put down plate on counter,player_b6120801,baseline_division_of_labor,0caffda129f72a0e,924.2787692042825,0.0,3.0,0.0,0.0,1.0,1.0,"(5, 2)","[p(2, 2)_cs(1.0)_ws(1.0)]_[p(5, 2)_cs(1.0)_ws(1.0)]"
1012,tomato_cut,pick up,CuttingBoard_10,CuttingBoard,10,pick up tomato_cut from cuttingboard,player_b6120801,baseline_division_of_labor,0caffda129f72a0e,978.6981408475316,54.419371643249065,3.0,0.0,0.0,1.0,1.0,"(5, 2)","[p(2, 2)_cs(1.0)_ws(1.0)]_[p(5, 2)_cs(1.0)_ws(1.0)]"
1041,tomato_cut,assemble salad,Counter_32,Counter,32,assemble salad,player_b6120801,baseline_division_of_labor,0caffda129f72a0e,1001.3255578455012,22.62741699796959,3.0,0.0,0.0,1.0,1.0,"(5, 2)","[p(2, 2)_cs(1.0)_ws(1.0)]_[p(5, 2)_cs(1.0)_ws(1.0)]"
1168,tomato,pick up,Dispenser_40,Dispenser,40,pick up tomato from dispenser,player_b6120801,baseline_division_of_labor,0caffda129f72a0e,1116.5014352351784,115.17587738967723,4.0,0.0,0.0,1.0,1.0,"(5, 2)","[p(2, 2)_cs(1.0)_ws(1.0)]_[p(5, 2)_cs(1.0)_ws(1.0)]"
1189,tomato,put down,Counter_32,Counter,32,put down tomato on counter,player_b6120801,baseline_division_of_labor,0caffda129f72a0e,1132.5014352351782,15.999999999999773,4.0,0.0,0.0,1.0,1.0,"(5, 2)","[p(2, 2)_cs(1.0)_ws(1.0)]_[p(5, 2)_cs(1.0)_ws(1.0)]"
1222,tomato,pick up,Dispenser_50,Dispenser,50,pick up tomato from dispenser,player_b6120801,baseline_division_of_labor,0caffda129f72a0e,1164.5014352351773,31.99999999999909,4.0,0.0,0.0,1.0,1.0,"(5, 2)","[p(2, 2)_cs(1.0)_ws(1.0)]_[p(5, 2)_cs(1.0)_ws(1.0)]"
1241,tomato,put down,Counter_33,Counter,33,put down tomato on counter,player_b6120801,baseline_division_of_labor,0caffda129f72a0e,1202.912695075203,38.41125984002565,4.0,0.0,0.0,1.0,1.0,"(5, 2)","[p(2, 2)_cs(1.0)_ws(1.0)]_[p(5, 2)_cs(1.0)_ws(1.0)]"
1276,plate,pick up,Dispenser_60,Dispenser,60,pick up plate from dispenser,player_b6120801,baseline_division_of_labor,0caffda129f72a0e,1248.1675290711407,45.254833995937815,4.0,0.0,0.0,1.0,1.0,"(5, 2)","[p(2, 2)_cs(1.0)_ws(1.0)]_[p(5, 2)_cs(1.0)_ws(1.0)]"
1314,plate,put down,Counter_34,Counter,34,put down plate on counter,player_b6120801,baseline_division_of_labor,0caffda129f72a0e,1309.0837159736775,60.916186902536765,5.0,0.0,0.0,1.0,1.0,"(5, 2)","[p(2, 2)_cs(1.0)_ws(1.0)]_[p(5, 2)_cs(1.0)_ws(1.0)]"
1349,plate,pick up,Dispenser_71,Dispenser,71,pick up plate from dispenser,player_b6120801,baseline_division_of_labor,0caffda129f72a0e,1369.9999028762143,60.916186902536765,5.0,0.0,0.0,1.0,1.0,"(5, 2)","[p(2, 2)_cs(1.0)_ws(1.0)]_[p(5, 2)_cs(1.0)_ws(1.0)]"
1400,plate,put down,Counter_35,Counter,35,put down plate on counter,player_b6120801,baseline_division_of_labor,0caffda129f72a0e,1446.9340073067829,76.9341044305686,5.0,0.0,0.0,1.0,1.0,"(5, 2)","[p(2, 2)_cs(1.0)_ws(1.0)]_[p(5, 2)_cs(1.0)_ws(1.0)]"
1438,tomato,pick up,Counter_32,Counter,32,pick up tomato from counter,player_b6120801,baseline_division_of_labor,0caffda129f72a0e,1494.934007306781,47.99999999999818,5.0,0.0,0.0,1.0,1.0,"(5, 2)","[p(2, 2)_cs(1.0)_ws(1.0)]_[p(5, 2)_cs(1.0)_ws(1.0)]"
1464,tomato,start cutting,CuttingBoard_20,CuttingBoard,20,start cutting tomato,player_b6120801,baseline_division_of_labor,0caffda129f72a0e,1532.8882541615449,37.954246854763824,5.0,0.0,0.0,1.0,1.0,"(5, 2)","[p(2, 2)_cs(1.0)_ws(1.0)]_[p(5, 2)_cs(1.0)_ws(1.0)]"
1509,tomato_cut,pick up,CuttingBoard_20,CuttingBoard,20,pick up tomato_cut from cuttingboard,player_b6120801,baseline_division_of_labor,0caffda129f72a0e,1532.8882541615449,0.0,5.0,0.0,0.0,1.0,1.0,"(5, 2)","[p(2, 2)_cs(1.0)_ws(1.0)]_[p(5, 2)_cs(1.0)_ws(1.0)]"
1552,tomato_cut,assemble salad,Counter_35,Counter,35,assemble salad,player_b6120801,baseline_division_of_labor,0caffda129f72a0e,1596.8882541615426,63.999999999997726,5.0,0.0,0.0,1.0,1.0,"(5, 2)","[p(2, 2)_cs(1.0)_ws(1.0)]_[p(5, 2)_cs(1.0)_ws(1.0)]"
1572,tomato_salad,pick up,Counter_34,Counter,34,pick up tomato_salad from counter,player_b6120801,baseline_division_of_labor,0caffda129f72a0e,1612.888254161542,15.999999999999318,5.0,0.0,0.0,1.0,1.0,"(5, 2)","[p(2, 2)_cs(1.0)_ws(1.0)]_[p(5, 2)_cs(1.0)_ws(1.0)]"
1577,tomato_salad,put down,Counter_34,Counter,34,put down tomato_salad on counter,player_b6120801,baseline_division_of_labor,0caffda129f72a0e,1612.888254161542,0.0,5.0,0.0,0.0,1.0,1.0,"(5, 2)","[p(2, 2)_cs(1.0)_ws(1.0)]_[p(5, 2)_cs(1.0)_ws(1.0)]"
1599,tomato_salad,pick up,Counter_34,Counter,34,pick up tomato_salad from counter,player_b6120801,baseline_division_of_labor,0caffda129f72a0e,1612.888254161542,0.0,5.0,0.0,0.0,1.0,1.0,"(5, 2)","[p(2, 2)_cs(1.0)_ws(1.0)]_[p(5, 2)_cs(1.0)_ws(1.0)]"
1649,tomato_salad,deliver,Delivery_63,Delivery,63,deliver tomato_salad,player_b6120801,baseline_division_of_labor,0caffda129f72a0e,1711.2189716151113,98.33071745356938,6.0,1.0,1.0,1.0,1.0,"(5, 2)","[p(2, 2)_cs(1.0)_ws(1.0)]_[p(5, 2)_cs(1.0)_ws(1.0)]"
1681,tomato_salad,pick up,Counter_35,Counter,35,pick up tomato_salad from counter,player_b6120801,baseline_division_of_labor,0caffda129f72a0e,1749.6260342818746,38.407062666763295,6.0,0.0,1.0,1.0,1.0,"(5, 2)","[p(2, 2)_cs(1.0)_ws(1.0)]_[p(5, 2)_cs(1.0)_ws(1.0)]"
1700,tomato_salad,deliver,Delivery_64,Delivery,64,deliver tomato_salad,player_b6120801,baseline_division_of_labor,0caffda129f72a0e,1772.2534512798436,22.62741699796902,7.0,1.0,2.0,1.0,1.0,"(5, 2)","[p(2, 2)_cs(1.0)_ws(1.0)]_[p(5, 2)_cs(1.0)_ws(1.0)]"
1755,plate,pick up,Dispenser_60,Dispenser,60,pick up plate from dispenser,player_b6120801,baseline_division_of_labor,0caffda129f72a0e,1826.6728229230912,54.41937164324759,7.0,0.0,2.0,1.0,1.0,"(5, 2)","[p(2, 2)_cs(1.0)_ws(1.0)]_[p(5, 2)_cs(1.0)_ws(1.0)]"
1788,plate,put down,Counter_34,Counter,34,put down plate on counter,player_b6120801,baseline_division_of_labor,0caffda129f72a0e,1887.589009825628,60.916186902536765,7.0,0.0,2.0,1.0,1.0,"(5, 2)","[p(2, 2)_cs(1.0)_ws(1.0)]_[p(5, 2)_cs(1.0)_ws(1.0)]"
1878,tomato,pick up,Dispenser_40,Dispenser,40,pick up tomato from dispenser,player_b6120801,baseline_division_of_labor,0caffda129f72a0e,1989.7793314872347,102.19032166160673,8.0,0.0,2.0,1.0,1.0,"(5, 2)","[p(2, 2)_cs(1.0)_ws(1.0)]_[p(5, 2)_cs(1.0)_ws(1.0)]"
1909,tomato,start cutting,CuttingBoard_20,CuttingBoard,20,start cutting tomato,player_b6120801,baseline_division_of_labor,0caffda129f72a0e,2021.7793314872338,31.99999999999909,8.0,0.0,2.0,1.0,1.0,"(5, 2)","[p(2, 2)_cs(1.0)_ws(1.0)]_[p(5, 2)_cs(1.0)_ws(1.0)]"
1950,plate,pick up,Dispenser_60,Dispenser,60,pick up plate from dispenser,player_b6120801,baseline_division_of_labor,0caffda129f72a0e,2085.7793314872315,63.999999999997726,8.0,0.0,2.0,1.0,1.0,"(5, 2)","[p(2, 2)_cs(1.0)_ws(1.0)]_[p(5, 2)_cs(1.0)_ws(1.0)]"
1982,plate,put down,Counter_33,Counter,33,put down plate on counter,player_b6120801,baseline_division_of_labor,0caffda129f72a0e,2131.0341654831695,45.25483399593804,8.0,0.0,2.0,1.0,1.0,"(5, 2)","[p(2, 2)_cs(1.0)_ws(1.0)]_[p(5, 2)_cs(1.0)_ws(1.0)]"
2060,tomato_cut,pick up,CuttingBoard_20,CuttingBoard,20,pick up tomato_cut from cuttingboard,player_b6120801,baseline_division_of_labor,0caffda129f72a0e,2185.202552311803,54.16838682863363,8.0,0.0,2.0,1.0,1.0,"(5, 2)","[p(2, 2)_cs(1.0)_ws(1.0)]_[p(5, 2)_cs(1.0)_ws(1.0)]"
2096,tomato_cut,assemble salad,Counter_34,Counter,34,assemble salad,player_b6120801,baseline_division_of_labor,0caffda129f72a0e,2233.202552311805,48.00000000000182,9.0,0.0,2.0,1.0,1.0,"(5, 2)","[p(2, 2)_cs(1.0)_ws(1.0)]_[p(5, 2)_cs(1.0)_ws(1.0)]"
