tick,item,action,target,target_type,target_position,action_long,player_id,map_name,game_id,distance_walked,distance_walked_since_last_action,overall_score,player_score_change,player_score,walking_speed,cutting_speed,start_pos,condition
70,tomato,pick up,Dispenser_40,Dispenser,40,pick up tomato from dispenser,player_8849472f,baseline_division_of_labor,0caffda129f72a0e,38.50692672489653,0.0,0.0,0.0,0.0,1.0,1.0,"(2, 2)","[p(2, 2)_cs(1.0)_ws(1.0)]_[p(5, 2)_cs(1.0)_ws(1.0)]"
92,tomato,put down,Counter_32,Counter,32,put down tomato on counter,player_8849472f,baseline_division_of_labor,0caffda129f72a0e,54.50692672489653,16.0,0.0,0.0,0.0,1.0,1.0,"(2, 2)","[p(2, 2)_cs(1.0)_ws(1.0)]_[p(5, 2)_cs(1.0)_ws(1.0)]"
116,tomato,pick up,Dispenser_40,Dispenser,40,pick up tomato from dispenser,player_8849472f,baseline_division_of_labor,0caffda129f72a0e,70.50692672489653,16.0,0.0,0.0,0.0,1.0,1.0,"(2, 2)","[p(2, 2)_cs(1.0)_ws(1.0)]_[p(5, 2)_cs(1.0)_ws(1.0)]"
133,tomato,put down,Counter_33,Counter,33,put down tomato on counter,player_8849472f,baseline_division_of_labor,0caffda129f72a0e,102.50692672489653,32.0,0.0,0.0,0.0,1.0,1.0,"(2, 2)","[p(2, 2)_cs(1.0)_ws(1.0)]_[p(5, 2)_cs(1.0)_ws(1.0)]"
191,tomato,pick up,Counter_32,Counter,32,pick up tomato from counter,player_8849472f,baseline_division_of_labor,0caffda129f72a0e,171.44407482772564,68.93714810282911,0.0,0.0,0.0,1.0,1.0,"(2, 2)","[p(2, 2)_cs(1.0)_ws(1.0)]_[p(5, 2)_cs(1.0)_ws(1.0)]"
211,tomato,start cutting,CuttingBoard_20,CuttingBoard,20,start cutting tomato,player_8849472f,baseline_division_of_labor,0caffda129f72a0e,187.44407482772564,16.0,0.0,0.0,0.0,1.0,1.0,"(2, 2)","[p(2, 2)_cs(1.0)_ws(1.0)]_[p(5, 2)_cs(1.0)_ws(1.0)]"
291,plate,pick up,Dispenser_60,Dispenser,60,pick up plate from dispenser,player_8849472f,baseline_division_of_labor,0caffda129f72a0e,274.44407482772453,86.99999999999889,0.0,0.0,0.0,1.0,1.0,"(2, 2)","[p(2, 2)_cs(1.0)_ws(1.0)]_[p(5, 2)_cs(1.0)_ws(1.0)]"
321,plate,put down,Counter_32,Counter,32,put down plate on counter,player_8849472f,baseline_division_of_labor,0caffda129f72a0e,312.85113749448954,38.407062666765,0.0,0.0,0.0,1.0,1.0,"(2, 2)","[p(2, 2)_cs(1.0)_ws(1.0)]_[p(5, 2)_cs(1.0)_ws(1.0)]"
389,tomato,pick up,Counter_33,Counter,33,pick up tomato from counter,player_8849472f,baseline_division_of_labor,0caffda129f72a0e,383.3580642193865,70.50692672489697,0.0,0.0,0.0,1.0,1.0,"(2, 2)","[p(2, 2)_cs(1.0)_ws(1.0)]_[p(5, 2)_cs(1.0)_ws(1.0)]"
465,tomato,start cutting,CuttingBoard_10,CuttingBoard,10,start cutting tomato,player_8849472f,baseline_division_of_labor,0caffda129f72a0e,421.7693240594127,38.41125984002622,0.0,0.0,0.0,1.0,1.0,"(2, 2)","[p(2, 2)_cs(1.0)_ws(1.0)]_[p(5, 2)_cs(1.0)_ws(1.0)]"
519,tomato_cut,pick up,CuttingBoard_10,CuttingBoard,10,pick up tomato_cut from cuttingboard,player_8849472f,baseline_division_of_labor,0caffda129f72a0e,421.7693240594127,0.0,0.0,0.0,0.0,1.0,1.0,"(2, 2)","[p(2, 2)_cs(1.0)_ws(1.0)]_[p(5, 2)_cs(1.0)_ws(1.0)]"
560,tomato_cut,assemble salad,Counter_35,Counter,35,assemble salad,player_8849472f,baseline_division_of_labor,0caffda129f72a0e,492.2627086346729,70.49338457526017,0.0,0.0,0.0,1.0,1.0,"(2, 2)","[p(2, 2)_cs(1.0)_ws(1.0)]_[p(5, 2)_cs(1.0)_ws(1.0)]"
573,tomato_salad,pick up,Counter_35,Counter,35,pick up tomato_salad from counter,player_8849472f,baseline_division_of_labor,0caffda129f72a0e,492.2627086346729,0.0,0.0,0.0,0.0,1.0,1.0,"(2, 2)","[p(2, 2)_cs(1.0)_ws(1.0)]_[p(5, 2)_cs(1.0)_ws(1.0)]"
611,tomato_salad,deliver,Delivery_64,Delivery,64,deliver tomato_salad,player_8849472f,baseline_division_of_labor,0caffda129f72a0e,559.7258198973045,67.46311126263163,1.0,1.0,1.0,1.0,1.0,"(2, 2)","[p(2, 2)_cs(1.0)_ws(1.0)]_[p(5, 2)_cs(1.0)_ws(1.0)]"
645,tomato_salad,pick up,Counter_32,Counter,32,pick up tomato_salad from counter,player_8849472f,baseline_division_of_labor,0caffda129f72a0e,598.1328825640688,38.40706266676432,1.0,0.0,1.0,1.0,1.0,"(2, 2)","[p(2, 2)_cs(1.0)_ws(1.0)]_[p(5, 2)_cs(1.0)_ws(1.0)]"
677,tomato_salad,deliver,Delivery_64,Delivery,64,deliver tomato_salad,player_8849472f,baseline_division_of_labor,0caffda129f72a0e,636.544142404095,38.41125984002622,2.0,1.0,2.0,1.0,1.0,"(2, 2)","[p(2, 2)_cs(1.0)_ws(1.0)]_[p(5, 2)_cs(1.0)_ws(1.0)]"
790,plate,pick up,Counter_34,Counter,34,pick up plate from counter,player_8849472f,baseline_division_of_labor,0caffda129f72a0e,761.2138458032628,124.6697033991677,2.0,0.0,2.0,1.0,1.0,"(2, 2)","[p(2, 2)_cs(1.0)_ws(1.0)]_[p(5, 2)_cs(1.0)_ws(1.0)]"
815,plate,put down,Counter_34,Counter,34,put down plate on counter,player_8849472f,baseline_division_of_labor,0caffda129f72a0e,761.2138458032628,0.0,2.0,0.0,2.0,1.0,1.0,"(2, 2)","[p(2, 2)_cs(1.0)_ws(1.0)]_[p(5, 2)_cs(1.0)_ws(1.0)]"
845,tomato,pick up,Counter_33,Counter,33,pick up tomato from counter,player_8849472f,baseline_division_of_labor,0caffda129f72a0e,777.2138458032629,16.000000000000114,2.0,0.0,2.0,1.0,1.0,"(2, 2)","[p(2, 2)_cs(1.0)_ws(1.0)]_[p(5, 2)_cs(1.0)_ws(1.0)]"
872,tomato,start cutting,CuttingBoard_20,CuttingBoard,20,start cutting tomato,player_8849472f,baseline_division_of_labor,0caffda129f72a0e,809.2138458032632,32.00000000000034,2.0,0.0,2.0,1.0,1.0,"(2, 2)","[p(2, 2)_cs(1.0)_ws(1.0)]_[p(5, 2)_cs(1.0)_ws(1.0)]"
914,tomato_salad,pick up,Counter_32,Counter,32,pick up tomato_salad from counter,player_8849472f,baseline_division_of_labor,0caffda129f72a0e,825.2138458032634,16.000000000000227,2.0,0.0,2.0,1.0,1.0,"(2, 2)","[p(2, 2)_cs(1.0)_ws(1.0)]_[p(5, 2)_cs(1.0)_ws(1.0)]"
943,tomato_salad,deliver,Delivery_63,Delivery,63,deliver tomato_salad,player_8849472f,baseline_division_of_labor,0caffda129f72a0e,870.4686797992031,45.254833995939634,3.0,1.0,3.0,1.0,1.0,"(2, 2)","[p(2, 2)_cs(1.0)_ws(1.0)]_[p(5, 2)_cs(1.0)_ws(1.0)]"
976,plate,pick up,Dispenser_71,Dispenser,71,pick up plate from dispenser,player_8849472f,baseline_division_of_labor,0caffda129f72a0e,908.8799396392293,38.41125984002622,3.0,0.0,3.0,1.0,1.0,"(2, 2)","[p(2, 2)_cs(1.0)_ws(1.0)]_[p(5, 2)_cs(1.0)_ws(1.0)]"
1006,plate,put down,Counter_32,Counter,32,put down plate on counter,player_8849472f,baseline_division_of_labor,0caffda129f72a0e,947.2870023059941,38.40706266676477,3.0,0.0,3.0,1.0,1.0,"(2, 2)","[p(2, 2)_cs(1.0)_ws(1.0)]_[p(5, 2)_cs(1.0)_ws(1.0)]"
1034,tomato,pick up,Dispenser_40,Dispenser,40,pick up tomato from dispenser,player_8849472f,baseline_division_of_labor,0caffda129f72a0e,963.2870023059943,16.000000000000227,3.0,0.0,3.0,1.0,1.0,"(2, 2)","[p(2, 2)_cs(1.0)_ws(1.0)]_[p(5, 2)_cs(1.0)_ws(1.0)]"
1058,tomato,start cutting,CuttingBoard_10,CuttingBoard,10,start cutting tomato,player_8849472f,baseline_division_of_labor,0caffda129f72a0e,1011.2870023059947,48.000000000000455,3.0,0.0,3.0,1.0,1.0,"(2, 2)","[p(2, 2)_cs(1.0)_ws(1.0)]_[p(5, 2)_cs(1.0)_ws(1.0)]"
1080,tomato_salad,pick up,Counter_32,Counter,32,pick up tomato_salad from counter,player_8849472f,baseline_division_of_labor,0caffda129f72a0e,1033.9144193039642,22.627416997969476,3.0,0.0,3.0,1.0,1.0,"(2, 2)","[p(2, 2)_cs(1.0)_ws(1.0)]_[p(5, 2)_cs(1.0)_ws(1.0)]"
1124,tomato_salad,deliver,Delivery_63,Delivery,63,deliver tomato_salad,player_8849472f,baseline_division_of_labor,0caffda129f72a0e,1101.3775305665981,67.4631112626339,4.0,1.0,4.0,1.0,1.0,"(2, 2)","[p(2, 2)_cs(1.0)_ws(1.0)]_[p(5, 2)_cs(1.0)_ws(1.0)]"
1204,tomato_cut,pick up,CuttingBoard_20,CuttingBoard,20,pick up tomato_cut from cuttingboard,player_8849472f,baseline_division_of_labor,0caffda129f72a0e,1162.5445650692639,61.16703450266573,4.0,0.0,4.0,1.0,1.0,"(2, 2)","[p(2, 2)_cs(1.0)_ws(1.0)]_[p(5, 2)_cs(1.0)_ws(1.0)]"
1239,tomato_cut,assemble salad,Counter_34,Counter,34,assemble salad,player_8849472f,baseline_division_of_labor,0caffda129f72a0e,1210.5445650692623,47.99999999999841,4.0,0.0,4.0,1.0,1.0,"(2, 2)","[p(2, 2)_cs(1.0)_ws(1.0)]_[p(5, 2)_cs(1.0)_ws(1.0)]"
1255,tomato_salad,pick up,Counter_34,Counter,34,pick up tomato_salad from counter,player_8849472f,baseline_division_of_labor,0caffda129f72a0e,1210.5445650692623,0.0,4.0,0.0,4.0,1.0,1.0,"(2, 2)","[p(2, 2)_cs(1.0)_ws(1.0)]_[p(5, 2)_cs(1.0)_ws(1.0)]"
1300,tomato_salad,deliver,Delivery_64,Delivery,64,deliver tomato_salad,player_8849472f,baseline_division_of_labor,0caffda129f72a0e,1293.3200045726069,82.77543950334461,5.0,1.0,5.0,1.0,1.0,"(2, 2)","[p(2, 2)_cs(1.0)_ws(1.0)]_[p(5, 2)_cs(1.0)_ws(1.0)]"
1390,tomato_cut,pick up,CuttingBoard_10,CuttingBoard,10,pick up tomato_cut from cuttingboard,player_8849472f,baseline_division_of_labor,0caffda129f72a0e,1385.989662004122,92.66965743151513,5.0,0.0,5.0,1.0,1.0,"(2, 2)","[p(2, 2)_cs(1.0)_ws(1.0)]_[p(5, 2)_cs(1.0)_ws(1.0)]"
1428,tomato_cut,assemble salad,Counter_34,Counter,34,assemble salad,player_8849472f,baseline_division_of_labor,0caffda129f72a0e,1440.4194194783936,54.42975747427158,5.0,0.0,5.0,1.0,1.0,"(2, 2)","[p(2, 2)_cs(1.0)_ws(1.0)]_[p(5, 2)_cs(1.0)_ws(1.0)]"
1496,tomato,pick up,Counter_33,Counter,33,pick up tomato from counter,player_8849472f,baseline_division_of_labor,0caffda129f72a0e,1533.2419391584451,92.82251968005153,5.0,0.0,5.0,1.0,1.0,"(2, 2)","[p(2, 2)_cs(1.0)_ws(1.0)]_[p(5, 2)_cs(1.0)_ws(1.0)]"
1526,tomato,start cutting,CuttingBoard_10,CuttingBoard,10,start cutting tomato,player_8849472f,baseline_division_of_labor,0caffda129f72a0e,1571.653198998471,38.41125984002588,5.0,0.0,5.0,1.0,1.0,"(2, 2)","[p(2, 2)_cs(1.0)_ws(1.0)]_[p(5, 2)_cs(1.0)_ws(1.0)]"
1591,tomato_cut,pick up,CuttingBoard_10,CuttingBoard,10,pick up tomato_cut from cuttingboard,player_8849472f,baseline_division_of_labor,0caffda129f72a0e,1571.653198998471,0.0,5.0,0.0,5.0,1.0,1.0,"(2, 2)","[p(2, 2)_cs(1.0)_ws(1.0)]_[p(5, 2)_cs(1.0)_ws(1.0)]"
1664,tomato_cut,put down,Counter_32,Counter,32,put down tomato_cut on counter,player_8849472f,baseline_division_of_labor,0caffda129f72a0e,1594.2806159964407,22.627416997969704,6.0,0.0,5.0,1.0,1.0,"(2, 2)","[p(2, 2)_cs(1.0)_ws(1.0)]_[p(5, 2)_cs(1.0)_ws(1.0)]"
1714,plate,pick up,Dispenser_60,Dispenser,60,pick up plate from dispenser,player_8849472f,baseline_division_of_labor,0caffda129f72a0e,1664.7874882699598,70.5068722735191,7.0,0.0,5.0,1.0,1.0,"(2, 2)","[p(2, 2)_cs(1.0)_ws(1.0)]_[p(5, 2)_cs(1.0)_ws(1.0)]"
1745,plate,put down,Counter_33,Counter,33,put down plate on counter,player_8849472f,baseline_division_of_labor,0caffda129f72a0e,1710.0423222658976,45.254833995937815,7.0,0.0,5.0,1.0,1.0,"(2, 2)","[p(2, 2)_cs(1.0)_ws(1.0)]_[p(5, 2)_cs(1.0)_ws(1.0)]"
1766,tomato_cut,pick up,Counter_32,Counter,32,pick up tomato_cut from counter,player_8849472f,baseline_division_of_labor,0caffda129f72a0e,1726.0423222658972,15.999999999999545,7.0,0.0,5.0,1.0,1.0,"(2, 2)","[p(2, 2)_cs(1.0)_ws(1.0)]_[p(5, 2)_cs(1.0)_ws(1.0)]"
1782,tomato_cut,assemble salad,Counter_33,Counter,33,assemble salad,player_8849472f,baseline_division_of_labor,0caffda129f72a0e,1742.0423222658967,15.999999999999545,7.0,0.0,5.0,1.0,1.0,"(2, 2)","[p(2, 2)_cs(1.0)_ws(1.0)]_[p(5, 2)_cs(1.0)_ws(1.0)]"
1795,tomato_salad,pick up,Counter_33,Counter,33,pick up tomato_salad from counter,player_8849472f,baseline_division_of_labor,0caffda129f72a0e,1742.0423222658967,0.0,7.0,0.0,5.0,1.0,1.0,"(2, 2)","[p(2, 2)_cs(1.0)_ws(1.0)]_[p(5, 2)_cs(1.0)_ws(1.0)]"
1811,tomato_salad,deliver,Delivery_63,Delivery,63,deliver tomato_salad,player_8849472f,baseline_division_of_labor,0caffda129f72a0e,1758.0423222658962,15.999999999999545,8.0,1.0,6.0,1.0,1.0,"(2, 2)","[p(2, 2)_cs(1.0)_ws(1.0)]_[p(5, 2)_cs(1.0)_ws(1.0)]"
1844,tomato,pick up,Dispenser_50,Dispenser,50,pick up tomato from dispenser,player_8849472f,baseline_division_of_labor,0caffda129f72a0e,1790.042322265895,31.999999999998863,8.0,0.0,6.0,1.0,1.0,"(2, 2)","[p(2, 2)_cs(1.0)_ws(1.0)]_[p(5, 2)_cs(1.0)_ws(1.0)]"
1893,tomato,start cutting,CuttingBoard_10,CuttingBoard,10,start cutting tomato,player_8849472f,baseline_division_of_labor,0caffda129f72a0e,1854.0423222658928,63.999999999997726,8.0,0.0,6.0,1.0,1.0,"(2, 2)","[p(2, 2)_cs(1.0)_ws(1.0)]_[p(5, 2)_cs(1.0)_ws(1.0)]"
1980,tomato_cut,pick up,CuttingBoard_10,CuttingBoard,10,pick up tomato_cut from cuttingboard,player_8849472f,baseline_division_of_labor,0caffda129f72a0e,1854.0423222658928,0.0,8.0,0.0,6.0,1.0,1.0,"(2, 2)","[p(2, 2)_cs(1.0)_ws(1.0)]_[p(5, 2)_cs(1.0)_ws(1.0)]"
2015,tomato_cut,assemble salad,Counter_33,Counter,33,assemble salad,player_8849472f,baseline_division_of_labor,0caffda129f72a0e,1892.453582105919,38.411259840026105,8.0,0.0,6.0,1.0,1.0,"(2, 2)","[p(2, 2)_cs(1.0)_ws(1.0)]_[p(5, 2)_cs(1.0)_ws(1.0)]"
2029,tomato_salad,pick up,Counter_33,Counter,33,pick up tomato_salad from counter,player_8849472f,baseline_division_of_labor,0caffda129f72a0e,1892.453582105919,0.0,8.0,0.0,6.0,1.0,1.0,"(2, 2)","[p(2, 2)_cs(1.0)_ws(1.0)]_[p(5, 2)_cs(1.0)_ws(1.0)]"
2075,tomato_salad,deliver,Delivery_63,Delivery,63,deliver tomato_salad,player_8849472f,baseline_division_of_labor,0caffda129f72a0e,1975.2270398966855,82.77345779076654,9.0,1.0,7.0,1.0,1.0,"(2, 2)","[p(2, 2)_cs(1.0)_ws(1.0)]_[p(5, 2)_cs(1.0)_ws(1.0)]"
2111,tomato_salad,pick up,Counter_34,Counter,34,pick up tomato_salad from counter,player_8849472f,baseline_division_of_labor,0caffda129f72a0e,1997.8544568946545,22.62741699796902,9.0,0.0,7.0,1.0,1.0,"(2, 2)","[p(2, 2)_cs(1.0)_ws(1.0)]_[p(5, 2)_cs(1.0)_ws(1.0)]"
2134,tomato_salad,deliver,Delivery_64,Delivery,64,deliver tomato_salad,player_8849472f,baseline_division_of_labor,0caffda129f72a0e,2013.8544568946538,15.999999999999318,10.0,1.0,8.0,1.0,1.0,"(2, 2)","[p(2, 2)_cs(1.0)_ws(1.0)]_[p(5, 2)_cs(1.0)_ws(1.0)]"
