tick,item,action,target,target_type,target_position,action_long,player_id,map_name,game_id,distance_walked,distance_walked_since_last_action,overall_score,player_score_change,player_score,walking_speed,cutting_speed,start_pos,condition,source,last_touched,touched_list,tomato_history,plate_history,is_exchange_collaboration
79,plate,pick up,Dispenser_71,Dispenser,71,pick up plate from dispenser,player_42c92151,baseline_division_of_labor,331248cc181d512a,22.62741699796952,0.0,0.0,0.0,0.0,1.0,1.0,"(5, 2)","[p(2, 2)_cs(1.0)_ws(1.0)]_[p(5, 2)_cs(1.0)_ws(1.0)]",player_42c92151_actions,,[],,,
112,plate,put down,Counter_32,Counter,32,put down plate on counter,player_42c92151,baseline_division_of_labor,331248cc181d512a,61.03447966473449,38.40706266676497,0.0,0.0,0.0,1.0,1.0,"(5, 2)","[p(2, 2)_cs(1.0)_ws(1.0)]_[p(5, 2)_cs(1.0)_ws(1.0)]",player_42c92151_actions,player_42c92151,['player_42c92151'],,,
145,tomato,pick up,Dispenser_50,Dispenser,50,pick up tomato from dispenser,player_42c92151,baseline_division_of_labor,331248cc181d512a,83.66189666270401,22.62741699796952,0.0,0.0,0.0,1.0,1.0,"(5, 2)","[p(2, 2)_cs(1.0)_ws(1.0)]_[p(5, 2)_cs(1.0)_ws(1.0)]",player_42c92151_actions,,[],,,
196,tomato,start cutting,CuttingBoard_10,CuttingBoard,10,start cutting tomato,player_42c92151,baseline_division_of_labor,331248cc181d512a,147.661896662704,64.0,0.0,0.0,0.0,1.0,1.0,"(5, 2)","[p(2, 2)_cs(1.0)_ws(1.0)]_[p(5, 2)_cs(1.0)_ws(1.0)]",player_42c92151_actions,player_42c92151,['player_42c92151'],,,
242,tomato,pick up,Dispenser_40,Dispenser,40,pick up tomato from dispenser,player_2526ea7a,baseline_division_of_labor,331248cc181d512a,80.0,0.0,0.0,0.0,0.0,1.0,1.0,"(2, 2)","[p(2, 2)_cs(1.0)_ws(1.0)]_[p(5, 2)_cs(1.0)_ws(1.0)]",player_2526ea7a_actions,,[],,,
257,plate,pick up,Counter_32,Counter,32,pick up plate from counter,player_42c92151,baseline_division_of_labor,331248cc181d512a,170.28931366067354,22.627416997969533,0.0,0.0,0.0,1.0,1.0,"(5, 2)","[p(2, 2)_cs(1.0)_ws(1.0)]_[p(5, 2)_cs(1.0)_ws(1.0)]",player_42c92151_actions,player_42c92151,['player_42c92151'],,,False
281,plate,put down,Counter_32,Counter,32,put down plate on counter,player_42c92151,baseline_division_of_labor,331248cc181d512a,170.28931366067354,0.0,0.0,0.0,0.0,1.0,1.0,"(5, 2)","[p(2, 2)_cs(1.0)_ws(1.0)]_[p(5, 2)_cs(1.0)_ws(1.0)]",player_42c92151_actions,player_42c92151,"['player_42c92151', 'player_42c92151']",,,
283,tomato,start cutting,CuttingBoard_20,CuttingBoard,20,start cutting tomato,player_2526ea7a,baseline_division_of_labor,331248cc181d512a,112.0,32.0,0.0,0.0,0.0,1.0,1.0,"(2, 2)","[p(2, 2)_cs(1.0)_ws(1.0)]_[p(5, 2)_cs(1.0)_ws(1.0)]",player_2526ea7a_actions,player_2526ea7a,['player_2526ea7a'],,,
289,plate,pick up,Counter_32,Counter,32,pick up plate from counter,player_42c92151,baseline_division_of_labor,331248cc181d512a,170.28931366067354,0.0,0.0,0.0,0.0,1.0,1.0,"(5, 2)","[p(2, 2)_cs(1.0)_ws(1.0)]_[p(5, 2)_cs(1.0)_ws(1.0)]",player_42c92151_actions,player_42c92151,"['player_42c92151', 'player_42c92151']",,,False
307,plate,put down,CuttingBoard_10,CuttingBoard,10,put down plate on cuttingboard,player_42c92151,baseline_division_of_labor,331248cc181d512a,192.91673065864308,22.627416997969533,0.0,0.0,0.0,1.0,1.0,"(5, 2)","[p(2, 2)_cs(1.0)_ws(1.0)]_[p(5, 2)_cs(1.0)_ws(1.0)]",player_42c92151_actions,player_42c92151,"['player_42c92151', 'player_42c92151', 'player_42c92151']",,,
307,tomato_cut,pick up,CuttingBoard_10,CuttingBoard,10,pick up tomato_cut from cuttingboard,player_42c92151,baseline_division_of_labor,331248cc181d512a,192.91673065864308,0.0,0.0,0.0,0.0,1.0,1.0,"(5, 2)","[p(2, 2)_cs(1.0)_ws(1.0)]_[p(5, 2)_cs(1.0)_ws(1.0)]",player_42c92151_actions,player_42c92151,"['player_42c92151', 'player_42c92151', 'player_42c92151']",,,False
345,plate,pick up,Dispenser_60,Dispenser,60,pick up plate from dispenser,player_2526ea7a,baseline_division_of_labor,331248cc181d512a,176.0,64.0,0.0,0.0,0.0,1.0,1.0,"(2, 2)","[p(2, 2)_cs(1.0)_ws(1.0)]_[p(5, 2)_cs(1.0)_ws(1.0)]",player_2526ea7a_actions,,[],,,
388,plate,put down,Counter_32,Counter,32,put down plate on counter,player_2526ea7a,baseline_division_of_labor,331248cc181d512a,214.40706266676497,38.40706266676497,0.0,0.0,0.0,1.0,1.0,"(2, 2)","[p(2, 2)_cs(1.0)_ws(1.0)]_[p(5, 2)_cs(1.0)_ws(1.0)]",player_2526ea7a_actions,player_2526ea7a,['player_2526ea7a'],,,
422,plate,pick up,Dispenser_71,Dispenser,71,pick up plate from dispenser,player_2526ea7a,baseline_division_of_labor,331248cc181d512a,252.81412533352992,38.40706266676494,0.0,0.0,0.0,1.0,1.0,"(2, 2)","[p(2, 2)_cs(1.0)_ws(1.0)]_[p(5, 2)_cs(1.0)_ws(1.0)]",player_2526ea7a_actions,,[],,,
426,tomato_cut,assemble salad,Counter_32,Counter,32,assemble salad,player_42c92151,baseline_division_of_labor,331248cc181d512a,324.38095648152614,131.4642258228831,0.0,0.0,0.0,1.0,1.0,"(5, 2)","[p(2, 2)_cs(1.0)_ws(1.0)]_[p(5, 2)_cs(1.0)_ws(1.0)]",player_42c92151_actions,player_2526ea7a,['player_42c92151'],"['player_42c92151', 'player_42c92151', 'player_42c92151', 'player_42c92151']",['player_2526ea7a'],True
446,tomato_salad,pick up,Counter_32,Counter,32,pick up tomato_salad from counter,player_42c92151,baseline_division_of_labor,331248cc181d512a,324.38095648152614,0.0,0.0,0.0,0.0,1.0,1.0,"(5, 2)","[p(2, 2)_cs(1.0)_ws(1.0)]_[p(5, 2)_cs(1.0)_ws(1.0)]",player_42c92151_actions,player_42c92151,['player_42c92151'],"['player_42c92151', 'player_42c92151', 'player_42c92151', 'player_42c92151']",['player_2526ea7a'],False
461,plate,put down,Counter_33,Counter,33,put down plate on counter,player_2526ea7a,baseline_division_of_labor,331248cc181d512a,298.06895932946884,45.25483399593893,0.0,0.0,0.0,1.0,1.0,"(2, 2)","[p(2, 2)_cs(1.0)_ws(1.0)]_[p(5, 2)_cs(1.0)_ws(1.0)]",player_2526ea7a_actions,player_2526ea7a,['player_2526ea7a'],,,
472,tomato_salad,deliver,Delivery_63,Delivery,63,deliver tomato_salad,player_42c92151,baseline_division_of_labor,331248cc181d512a,347.00837347949556,22.62741699796942,1.0,1.0,1.0,1.0,1.0,"(5, 2)","[p(2, 2)_cs(1.0)_ws(1.0)]_[p(5, 2)_cs(1.0)_ws(1.0)]",player_42c92151_actions,player_42c92151,"['player_42c92151', 'player_42c92151']","['player_42c92151', 'player_42c92151', 'player_42c92151', 'player_42c92151']",['player_2526ea7a'],
499,plate,pick up,Dispenser_71,Dispenser,71,pick up plate from dispenser,player_2526ea7a,baseline_division_of_labor,331248cc181d512a,343.3237933254077,45.25483399593884,1.0,0.0,0.0,1.0,1.0,"(2, 2)","[p(2, 2)_cs(1.0)_ws(1.0)]_[p(5, 2)_cs(1.0)_ws(1.0)]",player_2526ea7a_actions,,[],,,
527,plate,put down,Counter_32,Counter,32,put down plate on counter,player_2526ea7a,baseline_division_of_labor,331248cc181d512a,381.7308559921727,38.407062666765,1.0,0.0,0.0,1.0,1.0,"(2, 2)","[p(2, 2)_cs(1.0)_ws(1.0)]_[p(5, 2)_cs(1.0)_ws(1.0)]",player_2526ea7a_actions,player_2526ea7a,['player_2526ea7a'],,,
552,tomato,pick up,Dispenser_40,Dispenser,40,pick up tomato from dispenser,player_2526ea7a,baseline_division_of_labor,331248cc181d512a,397.7308559921729,16.00000000000017,1.0,0.0,0.0,1.0,1.0,"(2, 2)","[p(2, 2)_cs(1.0)_ws(1.0)]_[p(5, 2)_cs(1.0)_ws(1.0)]",player_2526ea7a_actions,,[],,,
591,tomato,start cutting,CuttingBoard_10,CuttingBoard,10,start cutting tomato,player_2526ea7a,baseline_division_of_labor,331248cc181d512a,445.7308559921733,48.0000000000004,1.0,0.0,0.0,1.0,1.0,"(2, 2)","[p(2, 2)_cs(1.0)_ws(1.0)]_[p(5, 2)_cs(1.0)_ws(1.0)]",player_2526ea7a_actions,player_2526ea7a,['player_2526ea7a'],,,
608,plate,pick up,Dispenser_71,Dispenser,71,pick up plate from dispenser,player_42c92151,baseline_division_of_labor,331248cc181d512a,493.88627559884554,146.87790211934998,1.0,0.0,1.0,1.0,1.0,"(5, 2)","[p(2, 2)_cs(1.0)_ws(1.0)]_[p(5, 2)_cs(1.0)_ws(1.0)]",player_42c92151_actions,,[],,,
639,tomato_cut,pick up,CuttingBoard_20,CuttingBoard,20,pick up tomato_cut from cuttingboard,player_2526ea7a,baseline_division_of_labor,331248cc181d512a,461.7308559921734,16.00000000000017,1.0,0.0,0.0,1.0,1.0,"(2, 2)","[p(2, 2)_cs(1.0)_ws(1.0)]_[p(5, 2)_cs(1.0)_ws(1.0)]",player_2526ea7a_actions,player_2526ea7a,['player_2526ea7a'],,,False
650,plate,put down,Counter_34,Counter,34,put down plate on counter,player_42c92151,baseline_division_of_labor,331248cc181d512a,554.8024625013837,60.916186902538186,1.0,0.0,1.0,1.0,1.0,"(5, 2)","[p(2, 2)_cs(1.0)_ws(1.0)]_[p(5, 2)_cs(1.0)_ws(1.0)]",player_42c92151_actions,player_42c92151,['player_42c92151'],,,
672,tomato_cut,assemble salad,Counter_32,Counter,32,assemble salad,player_2526ea7a,baseline_division_of_labor,331248cc181d512a,477.73085599217353,16.000000000000114,1.0,0.0,0.0,1.0,1.0,"(2, 2)","[p(2, 2)_cs(1.0)_ws(1.0)]_[p(5, 2)_cs(1.0)_ws(1.0)]",player_2526ea7a_actions,player_2526ea7a,['player_2526ea7a'],"['player_2526ea7a', 'player_2526ea7a']",['player_2526ea7a'],False
690,tomato_salad,pick up,Counter_32,Counter,32,pick up tomato_salad from counter,player_2526ea7a,baseline_division_of_labor,331248cc181d512a,477.73085599217353,0.0,1.0,0.0,0.0,1.0,1.0,"(2, 2)","[p(2, 2)_cs(1.0)_ws(1.0)]_[p(5, 2)_cs(1.0)_ws(1.0)]",player_2526ea7a_actions,player_2526ea7a,['player_2526ea7a'],"['player_2526ea7a', 'player_2526ea7a']",['player_2526ea7a'],False
691,plate,pick up,Dispenser_71,Dispenser,71,pick up plate from dispenser,player_42c92151,baseline_division_of_labor,331248cc181d512a,615.7186494039217,60.916186902538016,1.0,0.0,1.0,1.0,1.0,"(5, 2)","[p(2, 2)_cs(1.0)_ws(1.0)]_[p(5, 2)_cs(1.0)_ws(1.0)]",player_42c92151_actions,,[],,,
728,plate,put down,Counter_32,Counter,32,put down plate on counter,player_42c92151,baseline_division_of_labor,331248cc181d512a,654.1257120706865,38.40706266676477,1.0,0.0,1.0,1.0,1.0,"(5, 2)","[p(2, 2)_cs(1.0)_ws(1.0)]_[p(5, 2)_cs(1.0)_ws(1.0)]",player_42c92151_actions,player_42c92151,['player_42c92151'],,,
729,tomato_salad,deliver,Delivery_63,Delivery,63,deliver tomato_salad,player_2526ea7a,baseline_division_of_labor,331248cc181d512a,522.9856899881127,45.25483399593912,2.0,1.0,1.0,1.0,1.0,"(2, 2)","[p(2, 2)_cs(1.0)_ws(1.0)]_[p(5, 2)_cs(1.0)_ws(1.0)]",player_2526ea7a_actions,player_2526ea7a,"['player_2526ea7a', 'player_2526ea7a']","['player_2526ea7a', 'player_2526ea7a']",['player_2526ea7a'],
751,tomato,pick up,Dispenser_40,Dispenser,40,pick up tomato from dispenser,player_42c92151,baseline_division_of_labor,331248cc181d512a,670.1257120706866,16.000000000000114,2.0,0.0,1.0,1.0,1.0,"(5, 2)","[p(2, 2)_cs(1.0)_ws(1.0)]_[p(5, 2)_cs(1.0)_ws(1.0)]",player_42c92151_actions,,[],,,
771,tomato,start cutting,CuttingBoard_20,CuttingBoard,20,start cutting tomato,player_42c92151,baseline_division_of_labor,331248cc181d512a,702.1257120706869,32.00000000000023,2.0,0.0,1.0,1.0,1.0,"(5, 2)","[p(2, 2)_cs(1.0)_ws(1.0)]_[p(5, 2)_cs(1.0)_ws(1.0)]",player_42c92151_actions,player_42c92151,['player_42c92151'],,,
794,plate,pick up,Counter_32,Counter,32,pick up plate from counter,player_42c92151,baseline_division_of_labor,331248cc181d512a,718.1257120706871,16.000000000000227,2.0,0.0,1.0,1.0,1.0,"(5, 2)","[p(2, 2)_cs(1.0)_ws(1.0)]_[p(5, 2)_cs(1.0)_ws(1.0)]",player_42c92151_actions,player_42c92151,['player_42c92151'],,,False
814,plate,put down,Counter_32,Counter,32,put down plate on counter,player_42c92151,baseline_division_of_labor,331248cc181d512a,718.1257120706871,0.0,2.0,0.0,1.0,1.0,1.0,"(5, 2)","[p(2, 2)_cs(1.0)_ws(1.0)]_[p(5, 2)_cs(1.0)_ws(1.0)]",player_42c92151_actions,player_42c92151,"['player_42c92151', 'player_42c92151']",,,
845,tomato_cut,pick up,CuttingBoard_10,CuttingBoard,10,pick up tomato_cut from cuttingboard,player_2526ea7a,baseline_division_of_labor,331248cc181d512a,600.1526665319091,77.16697654379641,2.0,0.0,1.0,1.0,1.0,"(2, 2)","[p(2, 2)_cs(1.0)_ws(1.0)]_[p(5, 2)_cs(1.0)_ws(1.0)]",player_2526ea7a_actions,player_2526ea7a,['player_2526ea7a'],,,False
876,tomato_cut,pick up,CuttingBoard_20,CuttingBoard,20,pick up tomato_cut from cuttingboard,player_42c92151,baseline_division_of_labor,331248cc181d512a,734.1257120706873,16.000000000000227,2.0,0.0,1.0,1.0,1.0,"(5, 2)","[p(2, 2)_cs(1.0)_ws(1.0)]_[p(5, 2)_cs(1.0)_ws(1.0)]",player_42c92151_actions,player_42c92151,['player_42c92151'],,,False
878,tomato_cut,assemble salad,Counter_33,Counter,33,assemble salad,player_2526ea7a,baseline_division_of_labor,331248cc181d512a,638.563926371935,38.41125984002599,2.0,0.0,1.0,1.0,1.0,"(2, 2)","[p(2, 2)_cs(1.0)_ws(1.0)]_[p(5, 2)_cs(1.0)_ws(1.0)]",player_2526ea7a_actions,player_2526ea7a,['player_2526ea7a'],"['player_2526ea7a', 'player_2526ea7a']",['player_2526ea7a'],False
891,tomato_cut,assemble salad,Counter_32,Counter,32,assemble salad,player_42c92151,baseline_division_of_labor,331248cc181d512a,750.1257120706875,16.000000000000227,2.0,0.0,1.0,1.0,1.0,"(5, 2)","[p(2, 2)_cs(1.0)_ws(1.0)]_[p(5, 2)_cs(1.0)_ws(1.0)]",player_42c92151_actions,player_42c92151,['player_42c92151'],"['player_42c92151', 'player_42c92151']","['player_42c92151', 'player_42c92151']",False
908,tomato_salad,pick up,Counter_32,Counter,32,pick up tomato_salad from counter,player_42c92151,baseline_division_of_labor,331248cc181d512a,750.1257120706875,0.0,2.0,0.0,1.0,1.0,1.0,"(5, 2)","[p(2, 2)_cs(1.0)_ws(1.0)]_[p(5, 2)_cs(1.0)_ws(1.0)]",player_42c92151_actions,player_42c92151,['player_42c92151'],"['player_42c92151', 'player_42c92151']","['player_42c92151', 'player_42c92151']",False
932,tomato,pick up,Dispenser_40,Dispenser,40,pick up tomato from dispenser,player_2526ea7a,baseline_division_of_labor,331248cc181d512a,692.7323132005682,54.168386828633174,2.0,0.0,1.0,1.0,1.0,"(2, 2)","[p(2, 2)_cs(1.0)_ws(1.0)]_[p(5, 2)_cs(1.0)_ws(1.0)]",player_2526ea7a_actions,,[],,,
948,tomato_salad,deliver,Delivery_63,Delivery,63,deliver tomato_salad,player_42c92151,baseline_division_of_labor,331248cc181d512a,795.3805460666272,45.254833995939634,3.0,1.0,2.0,1.0,1.0,"(5, 2)","[p(2, 2)_cs(1.0)_ws(1.0)]_[p(5, 2)_cs(1.0)_ws(1.0)]",player_42c92151_actions,player_42c92151,"['player_42c92151', 'player_42c92151']","['player_42c92151', 'player_42c92151']","['player_42c92151', 'player_42c92151']",
965,tomato,start cutting,CuttingBoard_20,CuttingBoard,20,start cutting tomato,player_2526ea7a,baseline_division_of_labor,331248cc181d512a,724.7323132005685,32.00000000000023,3.0,0.0,1.0,1.0,1.0,"(2, 2)","[p(2, 2)_cs(1.0)_ws(1.0)]_[p(5, 2)_cs(1.0)_ws(1.0)]",player_2526ea7a_actions,player_2526ea7a,['player_2526ea7a'],,,
978,tomato_salad,pick up,Counter_33,Counter,33,pick up tomato_salad from counter,player_42c92151,baseline_division_of_labor,331248cc181d512a,811.3805460666272,16.0,3.0,0.0,2.0,1.0,1.0,"(5, 2)","[p(2, 2)_cs(1.0)_ws(1.0)]_[p(5, 2)_cs(1.0)_ws(1.0)]",player_42c92151_actions,player_2526ea7a,['player_2526ea7a'],"['player_2526ea7a', 'player_2526ea7a']",['player_2526ea7a'],True
985,tomato_salad,put down,Counter_33,Counter,33,put down tomato_salad on counter,player_42c92151,baseline_division_of_labor,331248cc181d512a,811.3805460666272,0.0,3.0,0.0,2.0,1.0,1.0,"(5, 2)","[p(2, 2)_cs(1.0)_ws(1.0)]_[p(5, 2)_cs(1.0)_ws(1.0)]",player_42c92151_actions,player_42c92151,"['player_2526ea7a', 'player_42c92151']","['player_2526ea7a', 'player_2526ea7a']",['player_2526ea7a'],
1013,tomato_salad,pick up,Counter_33,Counter,33,pick up tomato_salad from counter,player_42c92151,baseline_division_of_labor,331248cc181d512a,843.3805460666272,32.0,3.0,0.0,2.0,1.0,1.0,"(5, 2)","[p(2, 2)_cs(1.0)_ws(1.0)]_[p(5, 2)_cs(1.0)_ws(1.0)]",player_42c92151_actions,player_42c92151,"['player_2526ea7a', 'player_42c92151']","['player_2526ea7a', 'player_2526ea7a']",['player_2526ea7a'],False
1021,tomato_cut,pick up,CuttingBoard_20,CuttingBoard,20,pick up tomato_cut from cuttingboard,player_2526ea7a,baseline_division_of_labor,331248cc181d512a,724.7323132005685,0.0,3.0,0.0,1.0,1.0,1.0,"(2, 2)","[p(2, 2)_cs(1.0)_ws(1.0)]_[p(5, 2)_cs(1.0)_ws(1.0)]",player_2526ea7a_actions,player_2526ea7a,['player_2526ea7a'],,,False
1036,tomato_salad,deliver,Delivery_63,Delivery,63,deliver tomato_salad,player_42c92151,baseline_division_of_labor,331248cc181d512a,859.3805460666272,16.0,4.0,1.0,3.0,1.0,1.0,"(5, 2)","[p(2, 2)_cs(1.0)_ws(1.0)]_[p(5, 2)_cs(1.0)_ws(1.0)]",player_42c92151_actions,player_42c92151,"['player_2526ea7a', 'player_42c92151', 'player_42c92151']","['player_2526ea7a', 'player_2526ea7a']",['player_2526ea7a'],
1067,tomato_cut,assemble salad,Counter_34,Counter,34,assemble salad,player_2526ea7a,baseline_division_of_labor,331248cc181d512a,772.7323132005689,48.000000000000455,4.0,0.0,1.0,1.0,1.0,"(2, 2)","[p(2, 2)_cs(1.0)_ws(1.0)]_[p(5, 2)_cs(1.0)_ws(1.0)]",player_2526ea7a_actions,player_42c92151,['player_2526ea7a'],"['player_2526ea7a', 'player_2526ea7a']",['player_42c92151'],True
1078,plate,pick up,Dispenser_60,Dispenser,60,pick up plate from dispenser,player_42c92151,baseline_division_of_labor,331248cc181d512a,897.7918059066534,38.41125984002622,4.0,0.0,3.0,1.0,1.0,"(5, 2)","[p(2, 2)_cs(1.0)_ws(1.0)]_[p(5, 2)_cs(1.0)_ws(1.0)]",player_42c92151_actions,,[],,,
1080,tomato_salad,pick up,Counter_34,Counter,34,pick up tomato_salad from counter,player_2526ea7a,baseline_division_of_labor,331248cc181d512a,772.7323132005689,0.0,4.0,0.0,1.0,1.0,1.0,"(2, 2)","[p(2, 2)_cs(1.0)_ws(1.0)]_[p(5, 2)_cs(1.0)_ws(1.0)]",player_2526ea7a_actions,player_2526ea7a,['player_2526ea7a'],"['player_2526ea7a', 'player_2526ea7a']",['player_42c92151'],False
1111,plate,put down,Counter_32,Counter,32,put down plate on counter,player_42c92151,baseline_division_of_labor,331248cc181d512a,936.1988685734182,38.40706266676477,4.0,0.0,3.0,1.0,1.0,"(5, 2)","[p(2, 2)_cs(1.0)_ws(1.0)]_[p(5, 2)_cs(1.0)_ws(1.0)]",player_42c92151_actions,player_42c92151,['player_42c92151'],,,
1143,plate,pick up,Dispenser_71,Dispenser,71,pick up plate from dispenser,player_42c92151,baseline_division_of_labor,331248cc181d512a,974.6059312401832,38.407062666765114,4.0,0.0,3.0,1.0,1.0,"(5, 2)","[p(2, 2)_cs(1.0)_ws(1.0)]_[p(5, 2)_cs(1.0)_ws(1.0)]",player_42c92151_actions,,[],,,
1157,tomato_salad,deliver,Delivery_64,Delivery,64,deliver tomato_salad,player_2526ea7a,baseline_division_of_labor,331248cc181d512a,855.507752703914,82.77543950334507,5.0,1.0,2.0,1.0,1.0,"(2, 2)","[p(2, 2)_cs(1.0)_ws(1.0)]_[p(5, 2)_cs(1.0)_ws(1.0)]",player_2526ea7a_actions,player_2526ea7a,"['player_2526ea7a', 'player_2526ea7a']","['player_2526ea7a', 'player_2526ea7a']",['player_42c92151'],
1173,plate,put down,Counter_33,Counter,33,put down plate on counter,player_42c92151,baseline_division_of_labor,331248cc181d512a,1019.8607652361228,45.254833995939634,5.0,0.0,3.0,1.0,1.0,"(5, 2)","[p(2, 2)_cs(1.0)_ws(1.0)]_[p(5, 2)_cs(1.0)_ws(1.0)]",player_42c92151_actions,player_42c92151,['player_42c92151'],,,
1203,tomato,pick up,Dispenser_50,Dispenser,50,pick up tomato from dispenser,player_2526ea7a,baseline_division_of_labor,331248cc181d512a,903.5077527039144,48.000000000000455,5.0,0.0,2.0,1.0,1.0,"(2, 2)","[p(2, 2)_cs(1.0)_ws(1.0)]_[p(5, 2)_cs(1.0)_ws(1.0)]",player_2526ea7a_actions,,[],,,
1207,plate,pick up,Dispenser_60,Dispenser,60,pick up plate from dispenser,player_42c92151,baseline_division_of_labor,331248cc181d512a,1065.115599232061,45.25483399593804,5.0,0.0,3.0,1.0,1.0,"(5, 2)","[p(2, 2)_cs(1.0)_ws(1.0)]_[p(5, 2)_cs(1.0)_ws(1.0)]",player_42c92151_actions,,[],,,
1230,tomato,put down,Counter_32,Counter,32,put down tomato on counter,player_2526ea7a,baseline_division_of_labor,331248cc181d512a,926.135169701884,22.627416997969704,5.0,0.0,2.0,1.0,1.0,"(2, 2)","[p(2, 2)_cs(1.0)_ws(1.0)]_[p(5, 2)_cs(1.0)_ws(1.0)]",player_2526ea7a_actions,player_2526ea7a,['player_2526ea7a'],,,
1230,plate,pick up,Counter_32,Counter,32,pick up plate from counter,player_2526ea7a,baseline_division_of_labor,331248cc181d512a,926.135169701884,0.0,5.0,0.0,2.0,1.0,1.0,"(2, 2)","[p(2, 2)_cs(1.0)_ws(1.0)]_[p(5, 2)_cs(1.0)_ws(1.0)]",player_2526ea7a_actions,player_2526ea7a,['player_2526ea7a'],,,False
1245,plate,put down,Counter_32,Counter,32,put down plate on counter,player_2526ea7a,baseline_division_of_labor,331248cc181d512a,926.135169701884,0.0,5.0,0.0,2.0,1.0,1.0,"(2, 2)","[p(2, 2)_cs(1.0)_ws(1.0)]_[p(5, 2)_cs(1.0)_ws(1.0)]",player_2526ea7a_actions,player_2526ea7a,"['player_2526ea7a', 'player_2526ea7a']",,,
1245,tomato,pick up,Counter_32,Counter,32,pick up tomato from counter,player_2526ea7a,baseline_division_of_labor,331248cc181d512a,926.135169701884,0.0,5.0,0.0,2.0,1.0,1.0,"(2, 2)","[p(2, 2)_cs(1.0)_ws(1.0)]_[p(5, 2)_cs(1.0)_ws(1.0)]",player_2526ea7a_actions,player_2526ea7a,"['player_2526ea7a', 'player_2526ea7a']",,,False
1250,plate,put down,Counter_34,Counter,34,put down plate on counter,player_42c92151,baseline_division_of_labor,331248cc181d512a,1126.0317861345975,60.916186902536765,5.0,0.0,3.0,1.0,1.0,"(5, 2)","[p(2, 2)_cs(1.0)_ws(1.0)]_[p(5, 2)_cs(1.0)_ws(1.0)]",player_42c92151_actions,player_42c92151,['player_42c92151'],,,
1268,tomato,put down,Counter_32,Counter,32,put down tomato on counter,player_2526ea7a,baseline_division_of_labor,331248cc181d512a,926.135169701884,0.0,5.0,0.0,2.0,1.0,1.0,"(2, 2)","[p(2, 2)_cs(1.0)_ws(1.0)]_[p(5, 2)_cs(1.0)_ws(1.0)]",player_2526ea7a_actions,player_2526ea7a,"['player_2526ea7a', 'player_2526ea7a', 'player_2526ea7a']",,,
1268,plate,pick up,Counter_32,Counter,32,pick up plate from counter,player_2526ea7a,baseline_division_of_labor,331248cc181d512a,926.135169701884,0.0,5.0,0.0,2.0,1.0,1.0,"(2, 2)","[p(2, 2)_cs(1.0)_ws(1.0)]_[p(5, 2)_cs(1.0)_ws(1.0)]",player_2526ea7a_actions,player_2526ea7a,"['player_2526ea7a', 'player_2526ea7a', 'player_2526ea7a']",,,False
1287,plate,put down,Counter_32,Counter,32,put down plate on counter,player_2526ea7a,baseline_division_of_labor,331248cc181d512a,926.135169701884,0.0,5.0,0.0,2.0,1.0,1.0,"(2, 2)","[p(2, 2)_cs(1.0)_ws(1.0)]_[p(5, 2)_cs(1.0)_ws(1.0)]",player_2526ea7a_actions,player_2526ea7a,"['player_2526ea7a', 'player_2526ea7a', 'player_2526ea7a', 'player_2526ea7a']",,,
1287,tomato,pick up,Counter_32,Counter,32,pick up tomato from counter,player_2526ea7a,baseline_division_of_labor,331248cc181d512a,926.135169701884,0.0,5.0,0.0,2.0,1.0,1.0,"(2, 2)","[p(2, 2)_cs(1.0)_ws(1.0)]_[p(5, 2)_cs(1.0)_ws(1.0)]",player_2526ea7a_actions,player_2526ea7a,"['player_2526ea7a', 'player_2526ea7a', 'player_2526ea7a', 'player_2526ea7a']",,,False
1292,plate,pick up,Dispenser_71,Dispenser,71,pick up plate from dispenser,player_42c92151,baseline_division_of_labor,331248cc181d512a,1186.9479730371345,60.916186902536765,5.0,0.0,3.0,1.0,1.0,"(5, 2)","[p(2, 2)_cs(1.0)_ws(1.0)]_[p(5, 2)_cs(1.0)_ws(1.0)]",player_42c92151_actions,,[],,,
1327,tomato,start cutting,CuttingBoard_20,CuttingBoard,20,start cutting tomato,player_2526ea7a,baseline_division_of_labor,331248cc181d512a,964.642096426781,38.50692672489686,5.0,0.0,2.0,1.0,1.0,"(2, 2)","[p(2, 2)_cs(1.0)_ws(1.0)]_[p(5, 2)_cs(1.0)_ws(1.0)]",player_2526ea7a_actions,player_2526ea7a,"['player_2526ea7a', 'player_2526ea7a', 'player_2526ea7a', 'player_2526ea7a', 'player_2526ea7a']",,,
1355,plate,put down,Counter_35,Counter,35,put down plate on counter,player_42c92151,baseline_division_of_labor,331248cc181d512a,1263.882077467703,76.9341044305686,5.0,0.0,3.0,1.0,1.0,"(5, 2)","[p(2, 2)_cs(1.0)_ws(1.0)]_[p(5, 2)_cs(1.0)_ws(1.0)]",player_42c92151_actions,player_42c92151,['player_42c92151'],,,
1355,tomato,pick up,Dispenser_40,Dispenser,40,pick up tomato from dispenser,player_2526ea7a,baseline_division_of_labor,331248cc181d512a,996.6420964267812,32.00000000000023,5.0,0.0,2.0,1.0,1.0,"(2, 2)","[p(2, 2)_cs(1.0)_ws(1.0)]_[p(5, 2)_cs(1.0)_ws(1.0)]",player_2526ea7a_actions,,[],,,
1389,tomato,start cutting,CuttingBoard_10,CuttingBoard,10,start cutting tomato,player_2526ea7a,baseline_division_of_labor,331248cc181d512a,1044.6420964267809,47.99999999999943,5.0,0.0,2.0,1.0,1.0,"(2, 2)","[p(2, 2)_cs(1.0)_ws(1.0)]_[p(5, 2)_cs(1.0)_ws(1.0)]",player_2526ea7a_actions,player_2526ea7a,['player_2526ea7a'],,,
1435,tomato_cut,pick up,CuttingBoard_10,CuttingBoard,10,pick up tomato_cut from cuttingboard,player_2526ea7a,baseline_division_of_labor,331248cc181d512a,1044.6420964267809,0.0,5.0,0.0,2.0,1.0,1.0,"(2, 2)","[p(2, 2)_cs(1.0)_ws(1.0)]_[p(5, 2)_cs(1.0)_ws(1.0)]",player_2526ea7a_actions,player_2526ea7a,['player_2526ea7a'],,,False
1469,plate,pick up,Counter_32,Counter,32,pick up plate from counter,player_42c92151,baseline_division_of_labor,331248cc181d512a,1398.2175341523175,134.33545668461443,5.0,0.0,3.0,1.0,1.0,"(5, 2)","[p(2, 2)_cs(1.0)_ws(1.0)]_[p(5, 2)_cs(1.0)_ws(1.0)]",player_42c92151_actions,player_2526ea7a,"['player_2526ea7a', 'player_2526ea7a', 'player_2526ea7a', 'player_2526ea7a', 'player_2526ea7a']",,,True
1470,tomato_cut,assemble salad,Counter_33,Counter,33,assemble salad,player_2526ea7a,baseline_division_of_labor,331248cc181d512a,1083.0533562668068,38.411259840026105,5.0,0.0,2.0,1.0,1.0,"(2, 2)","[p(2, 2)_cs(1.0)_ws(1.0)]_[p(5, 2)_cs(1.0)_ws(1.0)]",player_2526ea7a_actions,player_42c92151,['player_2526ea7a'],"['player_2526ea7a', 'player_2526ea7a']",['player_42c92151'],True
1481,tomato_salad,pick up,Counter_33,Counter,33,pick up tomato_salad from counter,player_2526ea7a,baseline_division_of_labor,331248cc181d512a,1083.0533562668068,0.0,5.0,0.0,2.0,1.0,1.0,"(2, 2)","[p(2, 2)_cs(1.0)_ws(1.0)]_[p(5, 2)_cs(1.0)_ws(1.0)]",player_2526ea7a_actions,player_2526ea7a,['player_2526ea7a'],"['player_2526ea7a', 'player_2526ea7a']",['player_42c92151'],False
1491,plate,put down,Counter_32,Counter,32,put down plate on counter,player_42c92151,baseline_division_of_labor,331248cc181d512a,1398.2175341523175,0.0,5.0,0.0,3.0,1.0,1.0,"(5, 2)","[p(2, 2)_cs(1.0)_ws(1.0)]_[p(5, 2)_cs(1.0)_ws(1.0)]",player_42c92151_actions,player_42c92151,"['player_2526ea7a', 'player_2526ea7a', 'player_2526ea7a', 'player_2526ea7a', 'player_2526ea7a', 'player_42c92151']",,,
1533,tomato_salad,deliver,Delivery_64,Delivery,64,deliver tomato_salad,player_2526ea7a,baseline_division_of_labor,331248cc181d512a,1181.3818243390722,98.32846807226542,6.0,1.0,3.0,1.0,1.0,"(2, 2)","[p(2, 2)_cs(1.0)_ws(1.0)]_[p(5, 2)_cs(1.0)_ws(1.0)]",player_2526ea7a_actions,player_2526ea7a,"['player_2526ea7a', 'player_2526ea7a']","['player_2526ea7a', 'player_2526ea7a']",['player_42c92151'],
1545,plate,pick up,Counter_32,Counter,32,pick up plate from counter,player_42c92151,baseline_division_of_labor,331248cc181d512a,1430.2175341523166,31.99999999999909,6.0,0.0,3.0,1.0,1.0,"(5, 2)","[p(2, 2)_cs(1.0)_ws(1.0)]_[p(5, 2)_cs(1.0)_ws(1.0)]",player_42c92151_actions,player_42c92151,"['player_2526ea7a', 'player_2526ea7a', 'player_2526ea7a', 'player_2526ea7a', 'player_2526ea7a', 'player_42c92151']",,,False
1563,plate,put down,Counter_32,Counter,32,put down plate on counter,player_42c92151,baseline_division_of_labor,331248cc181d512a,1430.2175341523166,0.0,6.0,0.0,3.0,1.0,1.0,"(5, 2)","[p(2, 2)_cs(1.0)_ws(1.0)]_[p(5, 2)_cs(1.0)_ws(1.0)]",player_42c92151_actions,player_42c92151,"['player_2526ea7a', 'player_2526ea7a', 'player_2526ea7a', 'player_2526ea7a', 'player_2526ea7a', 'player_42c92151', 'player_42c92151']",,,
1574,tomato,pick up,Dispenser_40,Dispenser,40,pick up tomato from dispenser,player_2526ea7a,baseline_division_of_labor,331248cc181d512a,1235.8011959823198,54.41937164324759,6.0,0.0,3.0,1.0,1.0,"(2, 2)","[p(2, 2)_cs(1.0)_ws(1.0)]_[p(5, 2)_cs(1.0)_ws(1.0)]",player_2526ea7a_actions,,[],,,
1583,tomato,pick up,Dispenser_40,Dispenser,40,pick up tomato from dispenser,player_42c92151,baseline_division_of_labor,331248cc181d512a,1446.2175341523164,15.999999999999773,6.0,0.0,3.0,1.0,1.0,"(5, 2)","[p(2, 2)_cs(1.0)_ws(1.0)]_[p(5, 2)_cs(1.0)_ws(1.0)]",player_42c92151_actions,,[],,,
1610,tomato,start cutting,CuttingBoard_20,CuttingBoard,20,start cutting tomato,player_42c92151,baseline_division_of_labor,331248cc181d512a,1478.2175341523157,31.99999999999932,6.0,0.0,3.0,1.0,1.0,"(5, 2)","[p(2, 2)_cs(1.0)_ws(1.0)]_[p(5, 2)_cs(1.0)_ws(1.0)]",player_42c92151_actions,player_42c92151,['player_42c92151'],,,
1610,tomato_cut,pick up,CuttingBoard_20,CuttingBoard,20,pick up tomato_cut from cuttingboard,player_42c92151,baseline_division_of_labor,331248cc181d512a,1478.2175341523157,0.0,6.0,0.0,3.0,1.0,1.0,"(5, 2)","[p(2, 2)_cs(1.0)_ws(1.0)]_[p(5, 2)_cs(1.0)_ws(1.0)]",player_42c92151_actions,player_42c92151,['player_42c92151'],,,False
1613,tomato,put down,Counter_34,Counter,34,put down tomato on counter,player_2526ea7a,baseline_division_of_labor,331248cc181d512a,1283.801195982318,47.99999999999818,6.0,0.0,3.0,1.0,1.0,"(2, 2)","[p(2, 2)_cs(1.0)_ws(1.0)]_[p(5, 2)_cs(1.0)_ws(1.0)]",player_2526ea7a_actions,player_2526ea7a,['player_2526ea7a'],,,
1613,plate,pick up,Counter_34,Counter,34,pick up plate from counter,player_2526ea7a,baseline_division_of_labor,331248cc181d512a,1283.801195982318,0.0,6.0,0.0,3.0,1.0,1.0,"(2, 2)","[p(2, 2)_cs(1.0)_ws(1.0)]_[p(5, 2)_cs(1.0)_ws(1.0)]",player_2526ea7a_actions,player_2526ea7a,['player_2526ea7a'],,,False
1647,plate,put down,Counter_33,Counter,33,put down plate on counter,player_2526ea7a,baseline_division_of_labor,331248cc181d512a,1299.8011959823175,15.999999999999543,6.0,0.0,3.0,1.0,1.0,"(2, 2)","[p(2, 2)_cs(1.0)_ws(1.0)]_[p(5, 2)_cs(1.0)_ws(1.0)]",player_2526ea7a_actions,player_2526ea7a,"['player_2526ea7a', 'player_2526ea7a']",,,
1668,tomato,pick up,Counter_34,Counter,34,pick up tomato from counter,player_2526ea7a,baseline_division_of_labor,331248cc181d512a,1315.8011959823173,15.999999999999773,6.0,0.0,3.0,1.0,1.0,"(2, 2)","[p(2, 2)_cs(1.0)_ws(1.0)]_[p(5, 2)_cs(1.0)_ws(1.0)]",player_2526ea7a_actions,player_2526ea7a,"['player_2526ea7a', 'player_2526ea7a']",,,False
1721,tomato,start cutting,CuttingBoard_10,CuttingBoard,10,start cutting tomato,player_2526ea7a,baseline_division_of_labor,331248cc181d512a,1401.991486419996,86.19029043767864,6.0,0.0,3.0,1.0,1.0,"(2, 2)","[p(2, 2)_cs(1.0)_ws(1.0)]_[p(5, 2)_cs(1.0)_ws(1.0)]",player_2526ea7a_actions,player_2526ea7a,"['player_2526ea7a', 'player_2526ea7a', 'player_2526ea7a']",,,
1766,tomato_cut,pick up,CuttingBoard_10,CuttingBoard,10,pick up tomato_cut from cuttingboard,player_2526ea7a,baseline_division_of_labor,331248cc181d512a,1401.991486419996,0.0,6.0,0.0,3.0,1.0,1.0,"(2, 2)","[p(2, 2)_cs(1.0)_ws(1.0)]_[p(5, 2)_cs(1.0)_ws(1.0)]",player_2526ea7a_actions,player_2526ea7a,"['player_2526ea7a', 'player_2526ea7a', 'player_2526ea7a']",,,False
1775,tomato_cut,assemble salad,Counter_32,Counter,32,assemble salad,player_42c92151,baseline_division_of_labor,331248cc181d512a,1526.2175341523143,47.99999999999864,6.0,0.0,3.0,1.0,1.0,"(5, 2)","[p(2, 2)_cs(1.0)_ws(1.0)]_[p(5, 2)_cs(1.0)_ws(1.0)]",player_42c92151_actions,player_42c92151,['player_42c92151'],"['player_42c92151', 'player_42c92151']","['player_2526ea7a', 'player_2526ea7a', 'player_2526ea7a', 'player_2526ea7a', 'player_2526ea7a', 'player_42c92151', 'player_42c92151']",False
1800,tomato_cut,assemble salad,Counter_33,Counter,33,assemble salad,player_2526ea7a,baseline_division_of_labor,331248cc181d512a,1440.402746260022,38.411259840026105,6.0,0.0,3.0,1.0,1.0,"(2, 2)","[p(2, 2)_cs(1.0)_ws(1.0)]_[p(5, 2)_cs(1.0)_ws(1.0)]",player_2526ea7a_actions,player_2526ea7a,['player_2526ea7a'],"['player_2526ea7a', 'player_2526ea7a', 'player_2526ea7a', 'player_2526ea7a']","['player_2526ea7a', 'player_2526ea7a', 'player_2526ea7a']",False
1802,tomato_salad,pick up,Counter_32,Counter,32,pick up tomato_salad from counter,player_42c92151,baseline_division_of_labor,331248cc181d512a,1526.2175341523143,0.0,6.0,0.0,3.0,1.0,1.0,"(5, 2)","[p(2, 2)_cs(1.0)_ws(1.0)]_[p(5, 2)_cs(1.0)_ws(1.0)]",player_42c92151_actions,player_42c92151,['player_42c92151'],"['player_42c92151', 'player_42c92151']","['player_2526ea7a', 'player_2526ea7a', 'player_2526ea7a', 'player_2526ea7a', 'player_2526ea7a', 'player_42c92151', 'player_42c92151']",False
1813,tomato_salad,pick up,Counter_33,Counter,33,pick up tomato_salad from counter,player_2526ea7a,baseline_division_of_labor,331248cc181d512a,1440.402746260022,0.0,6.0,0.0,3.0,1.0,1.0,"(2, 2)","[p(2, 2)_cs(1.0)_ws(1.0)]_[p(5, 2)_cs(1.0)_ws(1.0)]",player_2526ea7a_actions,player_2526ea7a,['player_2526ea7a'],"['player_2526ea7a', 'player_2526ea7a', 'player_2526ea7a', 'player_2526ea7a']","['player_2526ea7a', 'player_2526ea7a', 'player_2526ea7a']",False
1829,tomato_salad,deliver,Delivery_63,Delivery,63,deliver tomato_salad,player_42c92151,baseline_division_of_labor,331248cc181d512a,1571.4723681482524,45.25483399593804,7.0,1.0,4.0,1.0,1.0,"(5, 2)","[p(2, 2)_cs(1.0)_ws(1.0)]_[p(5, 2)_cs(1.0)_ws(1.0)]",player_42c92151_actions,player_42c92151,"['player_42c92151', 'player_42c92151']","['player_42c92151', 'player_42c92151']","['player_2526ea7a', 'player_2526ea7a', 'player_2526ea7a', 'player_2526ea7a', 'player_2526ea7a', 'player_42c92151', 'player_42c92151']",
1860,tomato_salad,deliver,Delivery_63,Delivery,63,deliver tomato_salad,player_2526ea7a,baseline_division_of_labor,331248cc181d512a,1523.1762040507886,82.77345779076654,8.0,1.0,4.0,1.0,1.0,"(2, 2)","[p(2, 2)_cs(1.0)_ws(1.0)]_[p(5, 2)_cs(1.0)_ws(1.0)]",player_2526ea7a_actions,player_2526ea7a,"['player_2526ea7a', 'player_2526ea7a']","['player_2526ea7a', 'player_2526ea7a', 'player_2526ea7a', 'player_2526ea7a']","['player_2526ea7a', 'player_2526ea7a', 'player_2526ea7a']",
1897,plate,pick up,Dispenser_60,Dispenser,60,pick up plate from dispenser,player_2526ea7a,baseline_division_of_labor,331248cc181d512a,1561.5874638908142,38.41125984002565,8.0,0.0,4.0,1.0,1.0,"(2, 2)","[p(2, 2)_cs(1.0)_ws(1.0)]_[p(5, 2)_cs(1.0)_ws(1.0)]",player_2526ea7a_actions,,[],,,
1938,plate,put down,Counter_32,Counter,32,put down plate on counter,player_2526ea7a,baseline_division_of_labor,331248cc181d512a,1599.9945265575784,38.407062666764205,8.0,0.0,4.0,1.0,1.0,"(2, 2)","[p(2, 2)_cs(1.0)_ws(1.0)]_[p(5, 2)_cs(1.0)_ws(1.0)]",player_2526ea7a_actions,player_2526ea7a,['player_2526ea7a'],,,
1960,tomato,pick up,Dispenser_40,Dispenser,40,pick up tomato from dispenser,player_2526ea7a,baseline_division_of_labor,331248cc181d512a,1615.994526557578,15.999999999999543,8.0,0.0,4.0,1.0,1.0,"(2, 2)","[p(2, 2)_cs(1.0)_ws(1.0)]_[p(5, 2)_cs(1.0)_ws(1.0)]",player_2526ea7a_actions,,[],,,
1995,tomato_cut,pick up,CuttingBoard_20,CuttingBoard,20,pick up tomato_cut from cuttingboard,player_42c92151,baseline_division_of_labor,331248cc181d512a,1664.6394026509172,93.16703450266482,8.0,0.0,4.0,1.0,1.0,"(5, 2)","[p(2, 2)_cs(1.0)_ws(1.0)]_[p(5, 2)_cs(1.0)_ws(1.0)]",player_42c92151_actions,player_42c92151,['player_42c92151'],,,False
1998,tomato,start cutting,CuttingBoard_10,CuttingBoard,10,start cutting tomato,player_2526ea7a,baseline_division_of_labor,331248cc181d512a,1663.9945265575764,47.99999999999841,8.0,0.0,4.0,1.0,1.0,"(2, 2)","[p(2, 2)_cs(1.0)_ws(1.0)]_[p(5, 2)_cs(1.0)_ws(1.0)]",player_2526ea7a_actions,player_2526ea7a,['player_2526ea7a'],,,
2011,tomato_cut,assemble salad,Counter_32,Counter,32,assemble salad,player_42c92151,baseline_division_of_labor,331248cc181d512a,1680.6394026509167,15.999999999999543,8.0,0.0,4.0,1.0,1.0,"(5, 2)","[p(2, 2)_cs(1.0)_ws(1.0)]_[p(5, 2)_cs(1.0)_ws(1.0)]",player_42c92151_actions,player_2526ea7a,['player_42c92151'],"['player_42c92151', 'player_42c92151']",['player_2526ea7a'],True
2028,tomato_salad,pick up,Counter_32,Counter,32,pick up tomato_salad from counter,player_42c92151,baseline_division_of_labor,331248cc181d512a,1680.6394026509167,0.0,8.0,0.0,4.0,1.0,1.0,"(5, 2)","[p(2, 2)_cs(1.0)_ws(1.0)]_[p(5, 2)_cs(1.0)_ws(1.0)]",player_42c92151_actions,player_42c92151,['player_42c92151'],"['player_42c92151', 'player_42c92151']",['player_2526ea7a'],False
2049,tomato_salad,deliver,Delivery_63,Delivery,63,deliver tomato_salad,player_42c92151,baseline_division_of_labor,331248cc181d512a,1725.8942366468548,45.25483399593804,9.0,1.0,5.0,1.0,1.0,"(5, 2)","[p(2, 2)_cs(1.0)_ws(1.0)]_[p(5, 2)_cs(1.0)_ws(1.0)]",player_42c92151_actions,player_42c92151,"['player_42c92151', 'player_42c92151']","['player_42c92151', 'player_42c92151']",['player_2526ea7a'],
2077,tomato_cut,pick up,CuttingBoard_10,CuttingBoard,10,pick up tomato_cut from cuttingboard,player_2526ea7a,baseline_division_of_labor,331248cc181d512a,1763.348357979732,99.35383142215574,9.0,0.0,4.0,1.0,1.0,"(2, 2)","[p(2, 2)_cs(1.0)_ws(1.0)]_[p(5, 2)_cs(1.0)_ws(1.0)]",player_2526ea7a_actions,player_2526ea7a,['player_2526ea7a'],,,False
2124,tomato_cut,assemble salad,Counter_35,Counter,35,assemble salad,player_2526ea7a,baseline_division_of_labor,331248cc181d512a,1833.8417425549903,70.49338457525823,9.0,0.0,4.0,1.0,1.0,"(2, 2)","[p(2, 2)_cs(1.0)_ws(1.0)]_[p(5, 2)_cs(1.0)_ws(1.0)]",player_2526ea7a_actions,player_42c92151,['player_2526ea7a'],"['player_2526ea7a', 'player_2526ea7a']",['player_42c92151'],True
2134,tomato_salad,pick up,Counter_35,Counter,35,pick up tomato_salad from counter,player_2526ea7a,baseline_division_of_labor,331248cc181d512a,1833.8417425549903,0.0,9.0,0.0,4.0,1.0,1.0,"(2, 2)","[p(2, 2)_cs(1.0)_ws(1.0)]_[p(5, 2)_cs(1.0)_ws(1.0)]",player_2526ea7a_actions,player_2526ea7a,['player_2526ea7a'],"['player_2526ea7a', 'player_2526ea7a']",['player_42c92151'],False
