{"agents": {"player_2526ea7a": {"initial_state": {"agent_id": "player_2526ea7a", "x": 40, "y": 40, "item": null, "url_params": {"gameType": ["tomatoSaladOnly"], "PROLIFIC_PID": ["672c33aafed3be2f2a6ccfa0"], "map": ["baseline_division_of_labor"], "cutting_speed_p1": ["1"], "walking_speed_p1": ["1"], "cutting_speed_p2": ["1"], "walking_speed_p2": ["1"], "slot_x_p1": ["2"], "slot_y_p1": ["2"], "slot_x_p2": ["5"], "slot_y_p2": ["2"], "EIO": ["4"], "transport": ["polling"], "t": ["PZx_lMO"]}, "cut_speed": 1.0, "walk_speed": 30.0, "player_nr": 1}, "player_score": 4.0, "total_actions": 55, "first_action_tick": 242, "last_action_tick": 2134}, "player_42c92151": {"initial_state": {"agent_id": "player_42c92151", "x": 88, "y": 40, "item": null, "url_params": {"gameType": ["tomatoSaladOnly"], "PROLIFIC_PID": ["5c37cc733acfeb000154bd6b"], "map": ["baseline_division_of_labor"], "cutting_speed_p1": ["1"], "walking_speed_p1": ["1"], "cutting_speed_p2": ["1"], "walking_speed_p2": ["1"], "slot_x_p1": ["2"], "slot_y_p1": ["2"], "slot_x_p2": ["5"], "slot_y_p2": ["2"], "EIO": ["4"], "transport": ["polling"], "t": ["PZx_oIY"]}, "cut_speed": 1.0, "walk_speed": 30.0, "player_nr": 2}, "player_score": 5.0, "total_actions": 50, "first_action_tick": 79, "last_action_tick": 2049}}, "map_name": "baseline_division_of_labor", "final_score": 9.0}