tick,item,action,target,target_type,target_position,action_long,player_id,map_name,game_id,distance_walked,distance_walked_since_last_action,overall_score,player_score_change,player_score,walking_speed,cutting_speed,start_pos,condition,source,last_touched,touched_list,tomato_history,plate_history,is_exchange_collaboration
98,tomato,pick up,Dispenser_40,Dispenser,40,pick up tomato from dispenser,player_2dd80bee,baseline_division_of_labor,1adec5744e05e2c2,38.509231746308544,0.0,0.0,0.0,0.0,0.5,1.0,"(2, 2)","[p(2, 2)_cs(1.0)_ws(0.5)]_[p(5, 2)_cs(0.5)_ws(1.0)]",player_2dd80bee_actions,,[],,,
125,tomato,put down,Counter_32,Counter,32,put down tomato on counter,player_2dd80bee,baseline_division_of_labor,1adec5744e05e2c2,54.509231746308544,16.0,0.0,0.0,0.0,0.5,1.0,"(2, 2)","[p(2, 2)_cs(1.0)_ws(0.5)]_[p(5, 2)_cs(0.5)_ws(1.0)]",player_2dd80bee_actions,player_2dd80bee,['player_2dd80bee'],,,
150,tomato,pick up,Dispenser_40,Dispenser,40,pick up tomato from dispenser,player_2dd80bee,baseline_division_of_labor,1adec5744e05e2c2,70.50923174630854,16.0,0.0,0.0,0.0,0.5,1.0,"(2, 2)","[p(2, 2)_cs(1.0)_ws(0.5)]_[p(5, 2)_cs(0.5)_ws(1.0)]",player_2dd80bee_actions,,[],,,
176,tomato,pick up,Dispenser_50,Dispenser,50,pick up tomato from dispenser,player_83f4392d,baseline_division_of_labor,1adec5744e05e2c2,16.0,0.0,0.0,0.0,0.0,1.0,0.5,"(5, 2)","[p(2, 2)_cs(1.0)_ws(0.5)]_[p(5, 2)_cs(0.5)_ws(1.0)]",player_83f4392d_actions,,[],,,
181,tomato,put down,Counter_33,Counter,33,put down tomato on counter,player_2dd80bee,baseline_division_of_labor,1adec5744e05e2c2,102.50923174630854,32.0,0.0,0.0,0.0,0.5,1.0,"(2, 2)","[p(2, 2)_cs(1.0)_ws(0.5)]_[p(5, 2)_cs(0.5)_ws(1.0)]",player_2dd80bee_actions,player_2dd80bee,['player_2dd80bee'],,,
212,tomato,pick up,Counter_32,Counter,32,pick up tomato from counter,player_2dd80bee,baseline_division_of_labor,1adec5744e05e2c2,118.50923174630854,16.0,0.0,0.0,0.0,0.5,1.0,"(2, 2)","[p(2, 2)_cs(1.0)_ws(0.5)]_[p(5, 2)_cs(0.5)_ws(1.0)]",player_2dd80bee_actions,player_2dd80bee,['player_2dd80bee'],,,False
233,tomato,put down,Counter_01,Counter,1,put down tomato on counter,player_83f4392d,baseline_division_of_labor,1adec5744e05e2c2,80.0,64.0,0.0,0.0,0.0,1.0,0.5,"(5, 2)","[p(2, 2)_cs(1.0)_ws(0.5)]_[p(5, 2)_cs(0.5)_ws(1.0)]",player_83f4392d_actions,player_83f4392d,['player_83f4392d'],,,
252,tomato,start cutting,CuttingBoard_20,CuttingBoard,20,start cutting tomato,player_2dd80bee,baseline_division_of_labor,1adec5744e05e2c2,157.01846349261703,38.50923174630849,0.0,0.0,0.0,0.5,1.0,"(2, 2)","[p(2, 2)_cs(1.0)_ws(0.5)]_[p(5, 2)_cs(0.5)_ws(1.0)]",player_2dd80bee_actions,player_2dd80bee,"['player_2dd80bee', 'player_2dd80bee']",,,
272,tomato,pick up,Dispenser_40,Dispenser,40,pick up tomato from dispenser,player_83f4392d,baseline_division_of_labor,1adec5744e05e2c2,128.0,48.0,0.0,0.0,0.0,1.0,0.5,"(5, 2)","[p(2, 2)_cs(1.0)_ws(0.5)]_[p(5, 2)_cs(0.5)_ws(1.0)]",player_83f4392d_actions,,[],,,
333,plate,pick up,Dispenser_60,Dispenser,60,pick up plate from dispenser,player_2dd80bee,baseline_division_of_labor,1adec5744e05e2c2,221.01846349261703,64.0,0.0,0.0,0.0,0.5,1.0,"(2, 2)","[p(2, 2)_cs(1.0)_ws(0.5)]_[p(5, 2)_cs(0.5)_ws(1.0)]",player_2dd80bee_actions,,[],,,
343,tomato,start cutting,CuttingBoard_10,CuttingBoard,10,start cutting tomato,player_83f4392d,baseline_division_of_labor,1adec5744e05e2c2,176.0,48.0,0.0,0.0,0.0,1.0,0.5,"(5, 2)","[p(2, 2)_cs(1.0)_ws(0.5)]_[p(5, 2)_cs(0.5)_ws(1.0)]",player_83f4392d_actions,player_83f4392d,['player_83f4392d'],,,
373,plate,put down,Counter_32,Counter,32,put down plate on counter,player_2dd80bee,baseline_division_of_labor,1adec5744e05e2c2,259.5016865783895,38.483223085772494,0.0,0.0,0.0,0.5,1.0,"(2, 2)","[p(2, 2)_cs(1.0)_ws(0.5)]_[p(5, 2)_cs(0.5)_ws(1.0)]",player_2dd80bee_actions,player_2dd80bee,['player_2dd80bee'],,,
438,tomato_cut,pick up,CuttingBoard_20,CuttingBoard,20,pick up tomato_cut from cuttingboard,player_2dd80bee,baseline_division_of_labor,1adec5744e05e2c2,298.01091832469876,38.50923174630924,0.0,0.0,0.0,0.5,1.0,"(2, 2)","[p(2, 2)_cs(1.0)_ws(0.5)]_[p(5, 2)_cs(0.5)_ws(1.0)]",player_2dd80bee_actions,player_2dd80bee,"['player_2dd80bee', 'player_2dd80bee']",,,False
467,tomato_cut,assemble salad,Counter_32,Counter,32,assemble salad,player_2dd80bee,baseline_division_of_labor,1adec5744e05e2c2,314.01091832469876,16.0,0.0,0.0,0.0,0.5,1.0,"(2, 2)","[p(2, 2)_cs(1.0)_ws(0.5)]_[p(5, 2)_cs(0.5)_ws(1.0)]",player_2dd80bee_actions,player_2dd80bee,['player_2dd80bee'],"['player_2dd80bee', 'player_2dd80bee', 'player_2dd80bee']",['player_2dd80bee'],False
477,tomato_salad,pick up,Counter_32,Counter,32,pick up tomato_salad from counter,player_2dd80bee,baseline_division_of_labor,1adec5744e05e2c2,314.01091832469876,0.0,0.0,0.0,0.0,0.5,1.0,"(2, 2)","[p(2, 2)_cs(1.0)_ws(0.5)]_[p(5, 2)_cs(0.5)_ws(1.0)]",player_2dd80bee_actions,player_2dd80bee,['player_2dd80bee'],"['player_2dd80bee', 'player_2dd80bee', 'player_2dd80bee']",['player_2dd80bee'],False
488,tomato,pick up,Counter_01,Counter,1,pick up tomato from counter,player_83f4392d,baseline_division_of_labor,1adec5744e05e2c2,176.0,0.0,0.0,0.0,0.0,1.0,0.5,"(5, 2)","[p(2, 2)_cs(1.0)_ws(0.5)]_[p(5, 2)_cs(0.5)_ws(1.0)]",player_83f4392d_actions,player_83f4392d,['player_83f4392d'],,,False
523,tomato,start cutting,CuttingBoard_20,CuttingBoard,20,start cutting tomato,player_83f4392d,baseline_division_of_labor,1adec5744e05e2c2,192.0,16.0,1.0,0.0,0.0,1.0,0.5,"(5, 2)","[p(2, 2)_cs(1.0)_ws(0.5)]_[p(5, 2)_cs(0.5)_ws(1.0)]",player_83f4392d_actions,player_83f4392d,"['player_83f4392d', 'player_83f4392d']",,,
523,tomato_salad,deliver,Delivery_63,Delivery,63,deliver tomato_salad,player_2dd80bee,baseline_division_of_labor,1adec5744e05e2c2,359.2657523206385,45.25483399593975,1.0,1.0,1.0,0.5,1.0,"(2, 2)","[p(2, 2)_cs(1.0)_ws(0.5)]_[p(5, 2)_cs(0.5)_ws(1.0)]",player_2dd80bee_actions,player_2dd80bee,"['player_2dd80bee', 'player_2dd80bee']","['player_2dd80bee', 'player_2dd80bee', 'player_2dd80bee']",['player_2dd80bee'],
563,tomato,pick up,Dispenser_40,Dispenser,40,pick up tomato from dispenser,player_2dd80bee,baseline_division_of_labor,1adec5744e05e2c2,397.7489754064106,38.48322308577207,1.0,0.0,1.0,0.5,1.0,"(2, 2)","[p(2, 2)_cs(1.0)_ws(0.5)]_[p(5, 2)_cs(0.5)_ws(1.0)]",player_2dd80bee_actions,,[],,,
587,tomato,put down,Counter_32,Counter,32,put down tomato on counter,player_2dd80bee,baseline_division_of_labor,1adec5744e05e2c2,413.7489754064106,16.0,1.0,0.0,1.0,0.5,1.0,"(2, 2)","[p(2, 2)_cs(1.0)_ws(0.5)]_[p(5, 2)_cs(0.5)_ws(1.0)]",player_2dd80bee_actions,player_2dd80bee,['player_2dd80bee'],,,
606,plate,pick up,Dispenser_71,Dispenser,71,pick up plate from dispenser,player_83f4392d,baseline_division_of_labor,1adec5744e05e2c2,256.0,64.0,1.0,0.0,0.0,1.0,0.5,"(5, 2)","[p(2, 2)_cs(1.0)_ws(0.5)]_[p(5, 2)_cs(0.5)_ws(1.0)]",player_83f4392d_actions,,[],,,
649,plate,pick up,Dispenser_60,Dispenser,60,pick up plate from dispenser,player_2dd80bee,baseline_division_of_labor,1adec5744e05e2c2,461.7489754064106,48.0,1.0,0.0,1.0,0.5,1.0,"(2, 2)","[p(2, 2)_cs(1.0)_ws(0.5)]_[p(5, 2)_cs(0.5)_ws(1.0)]",player_2dd80bee_actions,,[],,,
721,plate,put down,Counter_01,Counter,1,put down plate on counter,player_2dd80bee,baseline_division_of_labor,1adec5744e05e2c2,541.7489754064094,79.9999999999988,1.0,0.0,1.0,0.5,1.0,"(2, 2)","[p(2, 2)_cs(1.0)_ws(0.5)]_[p(5, 2)_cs(0.5)_ws(1.0)]",player_2dd80bee_actions,player_2dd80bee,['player_2dd80bee'],,,
731,tomato_cut,pick up,CuttingBoard_10,CuttingBoard,10,pick up tomato_cut from cuttingboard,player_2dd80bee,baseline_division_of_labor,1adec5744e05e2c2,541.7489754064094,0.0,1.0,0.0,1.0,0.5,1.0,"(2, 2)","[p(2, 2)_cs(1.0)_ws(0.5)]_[p(5, 2)_cs(0.5)_ws(1.0)]",player_2dd80bee_actions,player_83f4392d,['player_83f4392d'],,,True
732,plate,put down,Counter_34,Counter,34,put down plate on counter,player_83f4392d,baseline_division_of_labor,1adec5744e05e2c2,316.4873404662276,60.48734046622758,1.0,0.0,0.0,1.0,0.5,"(5, 2)","[p(2, 2)_cs(1.0)_ws(0.5)]_[p(5, 2)_cs(0.5)_ws(1.0)]",player_83f4392d_actions,player_83f4392d,['player_83f4392d'],,,
745,tomato_cut,assemble salad,Counter_01,Counter,1,assemble salad,player_2dd80bee,baseline_division_of_labor,1adec5744e05e2c2,541.7489754064094,0.0,1.0,0.0,1.0,0.5,1.0,"(2, 2)","[p(2, 2)_cs(1.0)_ws(0.5)]_[p(5, 2)_cs(0.5)_ws(1.0)]",player_2dd80bee_actions,player_2dd80bee,['player_2dd80bee'],"['player_83f4392d', 'player_2dd80bee']",['player_2dd80bee'],False
754,tomato_salad,pick up,Counter_01,Counter,1,pick up tomato_salad from counter,player_2dd80bee,baseline_division_of_labor,1adec5744e05e2c2,541.7489754064094,0.0,1.0,0.0,1.0,0.5,1.0,"(2, 2)","[p(2, 2)_cs(1.0)_ws(0.5)]_[p(5, 2)_cs(0.5)_ws(1.0)]",player_2dd80bee_actions,player_2dd80bee,['player_2dd80bee'],"['player_83f4392d', 'player_2dd80bee']",['player_2dd80bee'],False
776,plate,pick up,Dispenser_71,Dispenser,71,pick up plate from dispenser,player_83f4392d,baseline_division_of_labor,1adec5744e05e2c2,377.40352736876537,60.91618690253779,1.0,0.0,0.0,1.0,0.5,"(5, 2)","[p(2, 2)_cs(1.0)_ws(0.5)]_[p(5, 2)_cs(0.5)_ws(1.0)]",player_83f4392d_actions,,[],,,
823,plate,put down,Counter_35,Counter,35,put down plate on counter,player_83f4392d,baseline_division_of_labor,1adec5744e05e2c2,454.3376317993352,76.93410443056979,1.0,0.0,0.0,1.0,0.5,"(5, 2)","[p(2, 2)_cs(1.0)_ws(0.5)]_[p(5, 2)_cs(0.5)_ws(1.0)]",player_83f4392d_actions,player_83f4392d,['player_83f4392d'],,,
827,tomato_salad,deliver,Delivery_63,Delivery,63,deliver tomato_salad,player_2dd80bee,baseline_division_of_labor,1adec5744e05e2c2,618.8533910529175,77.10441564650807,2.0,1.0,2.0,0.5,1.0,"(2, 2)","[p(2, 2)_cs(1.0)_ws(0.5)]_[p(5, 2)_cs(0.5)_ws(1.0)]",player_2dd80bee_actions,player_2dd80bee,"['player_2dd80bee', 'player_2dd80bee']","['player_83f4392d', 'player_2dd80bee']",['player_2dd80bee'],
856,tomato,pick up,Counter_32,Counter,32,pick up tomato from counter,player_2dd80bee,baseline_division_of_labor,1adec5744e05e2c2,641.4808080508864,22.627416997968908,2.0,0.0,2.0,0.5,1.0,"(2, 2)","[p(2, 2)_cs(1.0)_ws(0.5)]_[p(5, 2)_cs(0.5)_ws(1.0)]",player_2dd80bee_actions,player_2dd80bee,['player_2dd80bee'],,,False
908,tomato,start cutting,CuttingBoard_10,CuttingBoard,10,start cutting tomato,player_2dd80bee,baseline_division_of_labor,1adec5744e05e2c2,695.9900060348247,54.50919798393829,2.0,0.0,2.0,0.5,1.0,"(2, 2)","[p(2, 2)_cs(1.0)_ws(0.5)]_[p(5, 2)_cs(0.5)_ws(1.0)]",player_2dd80bee_actions,player_2dd80bee,"['player_2dd80bee', 'player_2dd80bee']",,,
935,plate,pick up,Counter_34,Counter,34,pick up plate from counter,player_83f4392d,baseline_division_of_labor,1adec5744e05e2c2,588.6731443251347,134.33551252579952,2.0,0.0,0.0,1.0,0.5,"(5, 2)","[p(2, 2)_cs(1.0)_ws(0.5)]_[p(5, 2)_cs(0.5)_ws(1.0)]",player_83f4392d_actions,player_83f4392d,['player_83f4392d'],,,False
956,plate,put down,Counter_34,Counter,34,put down plate on counter,player_83f4392d,baseline_division_of_labor,1adec5744e05e2c2,588.6731443251347,0.0,2.0,0.0,0.0,1.0,0.5,"(5, 2)","[p(2, 2)_cs(1.0)_ws(0.5)]_[p(5, 2)_cs(0.5)_ws(1.0)]",player_83f4392d_actions,player_83f4392d,"['player_83f4392d', 'player_83f4392d']",,,
957,tomato_cut,pick up,CuttingBoard_10,CuttingBoard,10,pick up tomato_cut from cuttingboard,player_2dd80bee,baseline_division_of_labor,1adec5744e05e2c2,695.9900060348247,0.0,2.0,0.0,2.0,0.5,1.0,"(2, 2)","[p(2, 2)_cs(1.0)_ws(0.5)]_[p(5, 2)_cs(0.5)_ws(1.0)]",player_2dd80bee_actions,player_2dd80bee,"['player_2dd80bee', 'player_2dd80bee']",,,False
996,tomato_cut,pick up,CuttingBoard_20,CuttingBoard,20,pick up tomato_cut from cuttingboard,player_83f4392d,baseline_division_of_labor,1adec5744e05e2c2,636.6731443251351,48.000000000000455,2.0,0.0,0.0,1.0,0.5,"(5, 2)","[p(2, 2)_cs(1.0)_ws(0.5)]_[p(5, 2)_cs(0.5)_ws(1.0)]",player_83f4392d_actions,player_83f4392d,"['player_83f4392d', 'player_83f4392d']",,,False
1030,tomato_cut,assemble salad,Counter_35,Counter,35,assemble salad,player_2dd80bee,baseline_division_of_labor,1adec5744e05e2c2,766.4916737304209,70.50166769559621,2.0,0.0,2.0,0.5,1.0,"(2, 2)","[p(2, 2)_cs(1.0)_ws(0.5)]_[p(5, 2)_cs(0.5)_ws(1.0)]",player_2dd80bee_actions,player_83f4392d,['player_2dd80bee'],"['player_2dd80bee', 'player_2dd80bee', 'player_2dd80bee']",['player_83f4392d'],True
1040,tomato_salad,pick up,Counter_35,Counter,35,pick up tomato_salad from counter,player_2dd80bee,baseline_division_of_labor,1adec5744e05e2c2,766.4916737304209,0.0,2.0,0.0,2.0,0.5,1.0,"(2, 2)","[p(2, 2)_cs(1.0)_ws(0.5)]_[p(5, 2)_cs(0.5)_ws(1.0)]",player_2dd80bee_actions,player_2dd80bee,['player_2dd80bee'],"['player_2dd80bee', 'player_2dd80bee', 'player_2dd80bee']",['player_83f4392d'],False
1046,tomato_cut,assemble salad,Counter_34,Counter,34,assemble salad,player_83f4392d,baseline_division_of_labor,1adec5744e05e2c2,684.6731443251356,48.000000000000455,2.0,0.0,0.0,1.0,0.5,"(5, 2)","[p(2, 2)_cs(1.0)_ws(0.5)]_[p(5, 2)_cs(0.5)_ws(1.0)]",player_83f4392d_actions,player_83f4392d,['player_83f4392d'],"['player_83f4392d', 'player_83f4392d', 'player_83f4392d']","['player_83f4392d', 'player_83f4392d']",False
1102,tomato_salad,deliver,Delivery_64,Delivery,64,deliver tomato_salad,player_2dd80bee,baseline_division_of_labor,1adec5744e05e2c2,833.9601715246334,67.46849779421257,3.0,1.0,3.0,0.5,1.0,"(2, 2)","[p(2, 2)_cs(1.0)_ws(0.5)]_[p(5, 2)_cs(0.5)_ws(1.0)]",player_2dd80bee_actions,player_2dd80bee,"['player_2dd80bee', 'player_2dd80bee']","['player_2dd80bee', 'player_2dd80bee', 'player_2dd80bee']",['player_83f4392d'],
1105,tomato_salad,pick up,Counter_34,Counter,34,pick up tomato_salad from counter,player_83f4392d,baseline_division_of_labor,1adec5744e05e2c2,684.6731443251356,0.0,3.0,0.0,0.0,1.0,0.5,"(5, 2)","[p(2, 2)_cs(1.0)_ws(0.5)]_[p(5, 2)_cs(0.5)_ws(1.0)]",player_83f4392d_actions,player_83f4392d,['player_83f4392d'],"['player_83f4392d', 'player_83f4392d', 'player_83f4392d']","['player_83f4392d', 'player_83f4392d']",False
1156,tomato,pick up,Dispenser_40,Dispenser,40,pick up tomato from dispenser,player_2dd80bee,baseline_division_of_labor,1adec5744e05e2c2,888.4371811081907,54.47700958355722,3.0,0.0,3.0,0.5,1.0,"(2, 2)","[p(2, 2)_cs(1.0)_ws(0.5)]_[p(5, 2)_cs(0.5)_ws(1.0)]",player_2dd80bee_actions,,[],,,
1161,tomato_salad,deliver,Delivery_63,Delivery,63,deliver tomato_salad,player_83f4392d,baseline_division_of_labor,1adec5744e05e2c2,783.0038617787066,98.33071745357095,4.0,1.0,1.0,1.0,0.5,"(5, 2)","[p(2, 2)_cs(1.0)_ws(0.5)]_[p(5, 2)_cs(0.5)_ws(1.0)]",player_83f4392d_actions,player_83f4392d,"['player_83f4392d', 'player_83f4392d']","['player_83f4392d', 'player_83f4392d', 'player_83f4392d']","['player_83f4392d', 'player_83f4392d']",
1176,tomato,put down,Counter_32,Counter,32,put down tomato on counter,player_2dd80bee,baseline_division_of_labor,1adec5744e05e2c2,904.43718110819,15.999999999999432,4.0,0.0,3.0,0.5,1.0,"(2, 2)","[p(2, 2)_cs(1.0)_ws(0.5)]_[p(5, 2)_cs(0.5)_ws(1.0)]",player_2dd80bee_actions,player_2dd80bee,['player_2dd80bee'],,,
1186,tomato,pick up,Counter_32,Counter,32,pick up tomato from counter,player_2dd80bee,baseline_division_of_labor,1adec5744e05e2c2,904.43718110819,0.0,4.0,0.0,3.0,0.5,1.0,"(2, 2)","[p(2, 2)_cs(1.0)_ws(0.5)]_[p(5, 2)_cs(0.5)_ws(1.0)]",player_2dd80bee_actions,player_2dd80bee,['player_2dd80bee'],,,False
1205,tomato,pick up,Dispenser_50,Dispenser,50,pick up tomato from dispenser,player_83f4392d,baseline_division_of_labor,1adec5744e05e2c2,815.0038617787069,32.00000000000034,4.0,0.0,1.0,1.0,0.5,"(5, 2)","[p(2, 2)_cs(1.0)_ws(0.5)]_[p(5, 2)_cs(0.5)_ws(1.0)]",player_83f4392d_actions,,[],,,
1210,tomato,start cutting,CuttingBoard_20,CuttingBoard,20,start cutting tomato,player_2dd80bee,baseline_division_of_labor,1adec5744e05e2c2,920.4371811081894,15.999999999999318,4.0,0.0,3.0,0.5,1.0,"(2, 2)","[p(2, 2)_cs(1.0)_ws(0.5)]_[p(5, 2)_cs(0.5)_ws(1.0)]",player_2dd80bee_actions,player_2dd80bee,"['player_2dd80bee', 'player_2dd80bee']",,,
1249,tomato,start cutting,CuttingBoard_10,CuttingBoard,10,start cutting tomato,player_83f4392d,baseline_division_of_labor,1adec5744e05e2c2,879.0038617787072,64.00000000000034,4.0,0.0,1.0,1.0,0.5,"(5, 2)","[p(2, 2)_cs(1.0)_ws(0.5)]_[p(5, 2)_cs(0.5)_ws(1.0)]",player_83f4392d_actions,player_83f4392d,['player_83f4392d'],,,
1311,plate,pick up,Dispenser_60,Dispenser,60,pick up plate from dispenser,player_2dd80bee,baseline_division_of_labor,1adec5744e05e2c2,984.4371811081865,63.99999999999704,4.0,0.0,3.0,0.5,1.0,"(2, 2)","[p(2, 2)_cs(1.0)_ws(0.5)]_[p(5, 2)_cs(0.5)_ws(1.0)]",player_2dd80bee_actions,,[],,,
1321,plate,pick up,Dispenser_71,Dispenser,71,pick up plate from dispenser,player_83f4392d,baseline_division_of_labor,1adec5744e05e2c2,959.0038617787076,80.00000000000045,4.0,0.0,1.0,1.0,0.5,"(5, 2)","[p(2, 2)_cs(1.0)_ws(0.5)]_[p(5, 2)_cs(0.5)_ws(1.0)]",player_83f4392d_actions,,[],,,
1383,plate,put down,Counter_34,Counter,34,put down plate on counter,player_2dd80bee,baseline_division_of_labor,1adec5744e05e2c2,1045.439442695966,61.00226158777946,4.0,0.0,3.0,0.5,1.0,"(2, 2)","[p(2, 2)_cs(1.0)_ws(0.5)]_[p(5, 2)_cs(0.5)_ws(1.0)]",player_2dd80bee_actions,player_2dd80bee,['player_2dd80bee'],,,
1396,plate,put down,Counter_32,Counter,32,put down plate on counter,player_83f4392d,baseline_division_of_labor,1adec5744e05e2c2,997.4109244454723,38.40706266676477,4.0,0.0,1.0,1.0,0.5,"(5, 2)","[p(2, 2)_cs(1.0)_ws(0.5)]_[p(5, 2)_cs(0.5)_ws(1.0)]",player_83f4392d_actions,player_83f4392d,['player_83f4392d'],,,
1455,tomato_cut,pick up,CuttingBoard_20,CuttingBoard,20,pick up tomato_cut from cuttingboard,player_2dd80bee,baseline_division_of_labor,1adec5744e05e2c2,1115.7451244666347,70.3056817706688,4.0,0.0,3.0,0.5,1.0,"(2, 2)","[p(2, 2)_cs(1.0)_ws(0.5)]_[p(5, 2)_cs(0.5)_ws(1.0)]",player_2dd80bee_actions,player_2dd80bee,"['player_2dd80bee', 'player_2dd80bee']",,,False
1476,plate,pick up,Counter_34,Counter,34,pick up plate from counter,player_83f4392d,baseline_division_of_labor,1adec5744e05e2c2,1104.4421027153014,107.03117826982896,4.0,0.0,1.0,1.0,0.5,"(5, 2)","[p(2, 2)_cs(1.0)_ws(0.5)]_[p(5, 2)_cs(0.5)_ws(1.0)]",player_83f4392d_actions,player_2dd80bee,['player_2dd80bee'],,,True
1490,tomato_cut,assemble salad,Counter_32,Counter,32,assemble salad,player_2dd80bee,baseline_division_of_labor,1adec5744e05e2c2,1131.745124466634,15.999999999999318,4.0,0.0,3.0,0.5,1.0,"(2, 2)","[p(2, 2)_cs(1.0)_ws(0.5)]_[p(5, 2)_cs(0.5)_ws(1.0)]",player_2dd80bee_actions,player_83f4392d,['player_2dd80bee'],"['player_2dd80bee', 'player_2dd80bee', 'player_2dd80bee']",['player_83f4392d'],True
1500,tomato_salad,pick up,Counter_32,Counter,32,pick up tomato_salad from counter,player_2dd80bee,baseline_division_of_labor,1adec5744e05e2c2,1131.745124466634,0.0,4.0,0.0,3.0,0.5,1.0,"(2, 2)","[p(2, 2)_cs(1.0)_ws(0.5)]_[p(5, 2)_cs(0.5)_ws(1.0)]",player_2dd80bee_actions,player_2dd80bee,['player_2dd80bee'],"['player_2dd80bee', 'player_2dd80bee', 'player_2dd80bee']",['player_83f4392d'],False
1501,plate,put down,Counter_34,Counter,34,put down plate on counter,player_83f4392d,baseline_division_of_labor,1adec5744e05e2c2,1104.4421027153014,0.0,4.0,0.0,1.0,1.0,0.5,"(5, 2)","[p(2, 2)_cs(1.0)_ws(0.5)]_[p(5, 2)_cs(0.5)_ws(1.0)]",player_83f4392d_actions,player_83f4392d,"['player_2dd80bee', 'player_83f4392d']",,,
1545,tomato_salad,deliver,Delivery_63,Delivery,63,deliver tomato_salad,player_2dd80bee,baseline_division_of_labor,1adec5744e05e2c2,1176.9999584625718,45.254833995937815,5.0,1.0,4.0,0.5,1.0,"(2, 2)","[p(2, 2)_cs(1.0)_ws(0.5)]_[p(5, 2)_cs(0.5)_ws(1.0)]",player_2dd80bee_actions,player_2dd80bee,"['player_2dd80bee', 'player_2dd80bee']","['player_2dd80bee', 'player_2dd80bee', 'player_2dd80bee']",['player_83f4392d'],
1574,tomato,pick up,Counter_33,Counter,33,pick up tomato from counter,player_2dd80bee,baseline_division_of_labor,1adec5744e05e2c2,1192.9999584625712,15.999999999999318,5.0,0.0,4.0,0.5,1.0,"(2, 2)","[p(2, 2)_cs(1.0)_ws(0.5)]_[p(5, 2)_cs(0.5)_ws(1.0)]",player_2dd80bee_actions,player_2dd80bee,['player_2dd80bee'],,,False
1604,tomato_cut,pick up,CuttingBoard_10,CuttingBoard,10,pick up tomato_cut from cuttingboard,player_83f4392d,baseline_division_of_labor,1adec5744e05e2c2,1158.861474358549,54.41937164324759,5.0,0.0,1.0,1.0,0.5,"(5, 2)","[p(2, 2)_cs(1.0)_ws(0.5)]_[p(5, 2)_cs(0.5)_ws(1.0)]",player_83f4392d_actions,player_83f4392d,['player_83f4392d'],,,False
1626,tomato,start cutting,CuttingBoard_20,CuttingBoard,20,start cutting tomato,player_2dd80bee,baseline_division_of_labor,1adec5744e05e2c2,1247.3180768584923,54.31811839592115,5.0,0.0,4.0,0.5,1.0,"(2, 2)","[p(2, 2)_cs(1.0)_ws(0.5)]_[p(5, 2)_cs(0.5)_ws(1.0)]",player_2dd80bee_actions,player_2dd80bee,"['player_2dd80bee', 'player_2dd80bee']",,,
1646,tomato_cut,assemble salad,Counter_34,Counter,34,assemble salad,player_83f4392d,baseline_division_of_labor,1adec5744e05e2c2,1213.2912318328206,54.42975747427158,5.0,0.0,1.0,1.0,0.5,"(5, 2)","[p(2, 2)_cs(1.0)_ws(0.5)]_[p(5, 2)_cs(0.5)_ws(1.0)]",player_83f4392d_actions,player_83f4392d,['player_83f4392d'],"['player_83f4392d', 'player_83f4392d']","['player_2dd80bee', 'player_83f4392d']",False
1667,tomato_salad,pick up,Counter_34,Counter,34,pick up tomato_salad from counter,player_83f4392d,baseline_division_of_labor,1adec5744e05e2c2,1213.2912318328206,0.0,5.0,0.0,1.0,1.0,0.5,"(5, 2)","[p(2, 2)_cs(1.0)_ws(0.5)]_[p(5, 2)_cs(0.5)_ws(1.0)]",player_83f4392d_actions,player_83f4392d,['player_83f4392d'],"['player_83f4392d', 'player_83f4392d']","['player_2dd80bee', 'player_83f4392d']",False
1698,tomato,pick up,Dispenser_40,Dispenser,40,pick up tomato from dispenser,player_2dd80bee,baseline_division_of_labor,1adec5744e05e2c2,1279.318076858491,31.999999999998636,5.0,0.0,4.0,0.5,1.0,"(2, 2)","[p(2, 2)_cs(1.0)_ws(0.5)]_[p(5, 2)_cs(0.5)_ws(1.0)]",player_2dd80bee_actions,,[],,,
1721,tomato_salad,deliver,Delivery_64,Delivery,64,deliver tomato_salad,player_83f4392d,baseline_division_of_labor,1adec5744e05e2c2,1296.0666713361654,82.77543950334484,6.0,1.0,2.0,1.0,0.5,"(5, 2)","[p(2, 2)_cs(1.0)_ws(0.5)]_[p(5, 2)_cs(0.5)_ws(1.0)]",player_83f4392d_actions,player_83f4392d,"['player_83f4392d', 'player_83f4392d']","['player_83f4392d', 'player_83f4392d']","['player_2dd80bee', 'player_83f4392d']",
1731,tomato,put down,Counter_33,Counter,33,put down tomato on counter,player_2dd80bee,baseline_division_of_labor,1adec5744e05e2c2,1311.3180768584905,31.999999999999545,6.0,0.0,4.0,0.5,1.0,"(2, 2)","[p(2, 2)_cs(1.0)_ws(0.5)]_[p(5, 2)_cs(0.5)_ws(1.0)]",player_2dd80bee_actions,player_2dd80bee,['player_2dd80bee'],,,
1772,tomato,pick up,Dispenser_40,Dispenser,40,pick up tomato from dispenser,player_2dd80bee,baseline_division_of_labor,1adec5744e05e2c2,1343.3180768584898,31.99999999999932,6.0,0.0,4.0,0.5,1.0,"(2, 2)","[p(2, 2)_cs(1.0)_ws(0.5)]_[p(5, 2)_cs(0.5)_ws(1.0)]",player_2dd80bee_actions,,[],,,
1774,tomato,pick up,Dispenser_50,Dispenser,50,pick up tomato from dispenser,player_83f4392d,baseline_division_of_labor,1adec5744e05e2c2,1344.066671336164,47.99999999999864,6.0,0.0,2.0,1.0,0.5,"(5, 2)","[p(2, 2)_cs(1.0)_ws(0.5)]_[p(5, 2)_cs(0.5)_ws(1.0)]",player_83f4392d_actions,,[],,,
1797,tomato,put down,Counter_32,Counter,32,put down tomato on counter,player_83f4392d,baseline_division_of_labor,1adec5744e05e2c2,1366.694088334133,22.62741699796902,6.0,0.0,2.0,1.0,0.5,"(5, 2)","[p(2, 2)_cs(1.0)_ws(0.5)]_[p(5, 2)_cs(0.5)_ws(1.0)]",player_83f4392d_actions,player_83f4392d,['player_83f4392d'],,,
1819,tomato,put down,Counter_34,Counter,34,put down tomato on counter,player_2dd80bee,baseline_division_of_labor,1adec5744e05e2c2,1391.3180768584884,47.99999999999864,6.0,0.0,4.0,0.5,1.0,"(2, 2)","[p(2, 2)_cs(1.0)_ws(0.5)]_[p(5, 2)_cs(0.5)_ws(1.0)]",player_2dd80bee_actions,player_2dd80bee,['player_2dd80bee'],,,
1835,tomato,pick up,Dispenser_50,Dispenser,50,pick up tomato from dispenser,player_83f4392d,baseline_division_of_labor,1adec5744e05e2c2,1389.321505332102,22.62741699796902,6.0,0.0,2.0,1.0,0.5,"(5, 2)","[p(2, 2)_cs(1.0)_ws(0.5)]_[p(5, 2)_cs(0.5)_ws(1.0)]",player_83f4392d_actions,,[],,,
1882,tomato,put down,Counter_35,Counter,35,put down tomato on counter,player_83f4392d,baseline_division_of_labor,1adec5744e05e2c2,1459.8148899073603,70.49338457525823,6.0,0.0,2.0,1.0,0.5,"(5, 2)","[p(2, 2)_cs(1.0)_ws(0.5)]_[p(5, 2)_cs(0.5)_ws(1.0)]",player_83f4392d_actions,player_83f4392d,['player_83f4392d'],,,
1884,plate,pick up,Dispenser_60,Dispenser,60,pick up plate from dispenser,player_2dd80bee,baseline_division_of_labor,1adec5744e05e2c2,1452.3203384462693,61.00226158778082,6.0,0.0,4.0,0.5,1.0,"(2, 2)","[p(2, 2)_cs(1.0)_ws(0.5)]_[p(5, 2)_cs(0.5)_ws(1.0)]",player_2dd80bee_actions,,[],,,
1938,tomato_cut,pick up,CuttingBoard_20,CuttingBoard,20,pick up tomato_cut from cuttingboard,player_83f4392d,baseline_division_of_labor,1adec5744e05e2c2,1546.1504024331578,86.33551252579741,6.0,0.0,2.0,1.0,0.5,"(5, 2)","[p(2, 2)_cs(1.0)_ws(0.5)]_[p(5, 2)_cs(0.5)_ws(1.0)]",player_83f4392d_actions,player_2dd80bee,"['player_2dd80bee', 'player_2dd80bee']",,,True
1956,plate,put down,Counter_01,Counter,1,put down plate on counter,player_2dd80bee,baseline_division_of_labor,1adec5744e05e2c2,1532.3203384462663,79.99999999999727,6.0,0.0,4.0,0.5,1.0,"(2, 2)","[p(2, 2)_cs(1.0)_ws(0.5)]_[p(5, 2)_cs(0.5)_ws(1.0)]",player_2dd80bee_actions,player_2dd80bee,['player_2dd80bee'],,,
1991,tomato,pick up,Counter_32,Counter,32,pick up tomato from counter,player_2dd80bee,baseline_division_of_labor,1adec5744e05e2c2,1554.947755444235,22.62741699796879,6.0,0.0,4.0,0.5,1.0,"(2, 2)","[p(2, 2)_cs(1.0)_ws(0.5)]_[p(5, 2)_cs(0.5)_ws(1.0)]",player_2dd80bee_actions,player_83f4392d,['player_83f4392d'],,,True
2017,tomato,start cutting,CuttingBoard_10,CuttingBoard,10,start cutting tomato,player_2dd80bee,baseline_division_of_labor,1adec5744e05e2c2,1577.575172442204,22.62741699796879,6.0,0.0,4.0,0.5,1.0,"(2, 2)","[p(2, 2)_cs(1.0)_ws(0.5)]_[p(5, 2)_cs(0.5)_ws(1.0)]",player_2dd80bee_actions,player_2dd80bee,"['player_83f4392d', 'player_2dd80bee']",,,
2052,tomato_cut,put down,Dispenser_40,Dispenser,40,put down tomato_cut on dispenser,player_83f4392d,baseline_division_of_labor,1adec5744e05e2c2,1578.150402433157,31.99999999999932,6.0,0.0,2.0,1.0,0.5,"(5, 2)","[p(2, 2)_cs(1.0)_ws(0.5)]_[p(5, 2)_cs(0.5)_ws(1.0)]",player_83f4392d_actions,player_83f4392d,"['player_2dd80bee', 'player_2dd80bee', 'player_83f4392d']",,,
2052,tomato,pick up,Dispenser_40,Dispenser,40,pick up tomato from dispenser,player_83f4392d,baseline_division_of_labor,1adec5744e05e2c2,1578.150402433157,0.0,6.0,0.0,2.0,1.0,0.5,"(5, 2)","[p(2, 2)_cs(1.0)_ws(0.5)]_[p(5, 2)_cs(0.5)_ws(1.0)]",player_83f4392d_actions,,[],,,
2063,tomato_cut,pick up,CuttingBoard_10,CuttingBoard,10,pick up tomato_cut from cuttingboard,player_2dd80bee,baseline_division_of_labor,1adec5744e05e2c2,1577.575172442204,0.0,6.0,0.0,4.0,0.5,1.0,"(2, 2)","[p(2, 2)_cs(1.0)_ws(0.5)]_[p(5, 2)_cs(0.5)_ws(1.0)]",player_2dd80bee_actions,player_2dd80bee,"['player_83f4392d', 'player_2dd80bee']",,,False
2098,tomato_cut,assemble salad,Counter_01,Counter,1,assemble salad,player_2dd80bee,baseline_division_of_labor,1adec5744e05e2c2,1577.575172442204,0.0,6.0,0.0,4.0,0.5,1.0,"(2, 2)","[p(2, 2)_cs(1.0)_ws(0.5)]_[p(5, 2)_cs(0.5)_ws(1.0)]",player_2dd80bee_actions,player_2dd80bee,['player_2dd80bee'],"['player_83f4392d', 'player_2dd80bee', 'player_2dd80bee']",['player_2dd80bee'],False
2102,tomato,put down,Counter_32,Counter,32,put down tomato on counter,player_83f4392d,baseline_division_of_labor,1adec5744e05e2c2,1594.1504024331566,15.999999999999543,6.0,0.0,2.0,1.0,0.5,"(5, 2)","[p(2, 2)_cs(1.0)_ws(0.5)]_[p(5, 2)_cs(0.5)_ws(1.0)]",player_83f4392d_actions,player_83f4392d,['player_83f4392d'],,,
2115,tomato_salad,pick up,Counter_01,Counter,1,pick up tomato_salad from counter,player_2dd80bee,baseline_division_of_labor,1adec5744e05e2c2,1577.575172442204,0.0,6.0,0.0,4.0,0.5,1.0,"(2, 2)","[p(2, 2)_cs(1.0)_ws(0.5)]_[p(5, 2)_cs(0.5)_ws(1.0)]",player_2dd80bee_actions,player_2dd80bee,['player_2dd80bee'],"['player_83f4392d', 'player_2dd80bee', 'player_2dd80bee']",['player_2dd80bee'],False
