{"agents": {"player_2dd80bee": {"initial_state": {"agent_id": "player_2dd80bee", "x": 40, "y": 40, "item": null, "url_params": {"gameType": ["tomatoSaladOnly"], "PROLIFIC_PID": ["66ba9cd5343e159bdc8691ad"], "map": ["baseline_division_of_labor"], "cutting_speed_p1": ["1"], "walking_speed_p1": ["0.5"], "cutting_speed_p2": ["0.5"], "walking_speed_p2": ["1"], "slot_x_p1": ["2"], "slot_y_p1": ["2"], "slot_x_p2": ["5"], "slot_y_p2": ["2"], "EIO": ["4"], "transport": ["polling"], "t": ["PZyu8JU"]}, "cut_speed": 1.0, "walk_speed": 15.0, "player_nr": 1}, "player_score": 4.0, "total_actions": 49, "first_action_tick": 98, "last_action_tick": 2115}, "player_83f4392d": {"initial_state": {"agent_id": "player_83f4392d", "x": 88, "y": 40, "item": null, "url_params": {"gameType": ["tomatoSaladOnly"], "PROLIFIC_PID": ["674e450b1a4a8e2d4e8d7e7c"], "map": ["baseline_division_of_labor"], "cutting_speed_p1": ["1"], "walking_speed_p1": ["0.5"], "cutting_speed_p2": ["0.5"], "walking_speed_p2": ["1"], "slot_x_p1": ["2"], "slot_y_p1": ["2"], "slot_x_p2": ["5"], "slot_y_p2": ["2"], "EIO": ["4"], "transport": ["polling"], "t": ["PZyu9sw"]}, "cut_speed": 0.5, "walk_speed": 30.0, "player_nr": 2}, "player_score": 2.0, "total_actions": 34, "first_action_tick": 176, "last_action_tick": 2102}}, "map_name": "baseline_division_of_labor", "final_score": 6.0}