{"agents": {"player_ad7d9408": {"initial_state": {"agent_id": "player_ad7d9408", "x": 40, "y": 40, "item": null, "url_params": {"gameType": ["tomatoSaladOnly"], "PROLIFIC_PID": ["55dbdc9d50a1f7001190d753"], "map": ["forced_division_of_labor"], "cutting_speed_p1": ["1"], "walking_speed_p1": ["1"], "cutting_speed_p2": ["1"], "walking_speed_p2": ["1"], "slot_x_p1": ["2"], "slot_y_p1": ["2"], "slot_x_p2": ["5"], "slot_y_p2": ["2"], "EIO": ["4"], "transport": ["polling"], "t": ["PZL1rMa"]}, "cut_speed": 1.0, "walk_speed": 30.0, "player_nr": 1}, "player_score": 0.0, "total_actions": 38, "first_action_tick": 296, "last_action_tick": 2146}, "player_89608565": {"initial_state": {"agent_id": "player_89608565", "x": 88, "y": 40, "item": null, "url_params": {"gameType": ["tomatoSaladOnly"], "PROLIFIC_PID": ["5f9556e826384e3aaa4f0f01"], "map": ["forced_division_of_labor"], "cutting_speed_p1": ["1"], "walking_speed_p1": ["1"], "cutting_speed_p2": ["1"], "walking_speed_p2": ["1"], "slot_x_p1": ["2"], "slot_y_p1": ["2"], "slot_x_p2": ["5"], "slot_y_p2": ["2"], "EIO": ["4"], "transport": ["polling"], "t": ["PZL1sTq"]}, "cut_speed": 1.0, "walk_speed": 30.0, "player_nr": 2}, "player_score": 8.0, "total_actions": 54, "first_action_tick": 224, "last_action_tick": 2111}}, "map_name": "forced_division_of_labor", "final_score": 8.0}