tick,item,action,target,target_type,target_position,action_long,player_id,map_name,game_id,distance_walked,distance_walked_since_last_action,overall_score,player_score_change,player_score,walking_speed,cutting_speed,start_pos,condition,source,last_touched,touched_list,tomato_history,plate_history,is_exchange_collaboration
72,tomato,pick up,Dispenser_40,Dispenser,40,pick up tomato from dispenser,player_50737fae,encouraged_division_of_labor,60737b5d592e93e1,22.62741699796952,0.0,0.0,0.0,0.0,1.0,1.0,"(5, 2)","[p(2, 2)_cs(1.0)_ws(1.0)]_[p(5, 2)_cs(1.0)_ws(1.0)]",player_50737fae_actions,,[],,,
160,tomato,pick up,Dispenser_40,Dispenser,40,pick up tomato from dispenser,player_f49a5fda,encouraged_division_of_labor,60737b5d592e93e1,255.56396791301256,0.0,0.0,0.0,0.0,1.0,1.0,"(2, 2)","[p(2, 2)_cs(1.0)_ws(1.0)]_[p(5, 2)_cs(1.0)_ws(1.0)]",player_f49a5fda_actions,,[],,,
166,tomato,start cutting,CuttingBoard_20,CuttingBoard,20,start cutting tomato,player_50737fae,encouraged_division_of_labor,60737b5d592e93e1,194.37065721283597,171.74324021486643,0.0,0.0,0.0,1.0,1.0,"(5, 2)","[p(2, 2)_cs(1.0)_ws(1.0)]_[p(5, 2)_cs(1.0)_ws(1.0)]",player_50737fae_actions,player_50737fae,['player_50737fae'],,,
214,tomato_cut,pick up,CuttingBoard_20,CuttingBoard,20,pick up tomato_cut from cuttingboard,player_50737fae,encouraged_division_of_labor,60737b5d592e93e1,194.37065721283597,0.0,0.0,0.0,0.0,1.0,1.0,"(5, 2)","[p(2, 2)_cs(1.0)_ws(1.0)]_[p(5, 2)_cs(1.0)_ws(1.0)]",player_50737fae_actions,player_50737fae,['player_50737fae'],,,False
229,tomato_cut,put down,Counter_32,Counter,32,put down tomato_cut on counter,player_50737fae,encouraged_division_of_labor,60737b5d592e93e1,210.37065721283597,16.0,0.0,0.0,0.0,1.0,1.0,"(5, 2)","[p(2, 2)_cs(1.0)_ws(1.0)]_[p(5, 2)_cs(1.0)_ws(1.0)]",player_50737fae_actions,player_50737fae,"['player_50737fae', 'player_50737fae']",,,
255,tomato,put down,Dispenser_71,Dispenser,71,put down tomato on dispenser,player_f49a5fda,encouraged_division_of_labor,60737b5d592e93e1,476.885985913183,221.32201800017043,0.0,0.0,0.0,1.0,1.0,"(2, 2)","[p(2, 2)_cs(1.0)_ws(1.0)]_[p(5, 2)_cs(1.0)_ws(1.0)]",player_f49a5fda_actions,player_f49a5fda,['player_f49a5fda'],,,
255,plate,pick up,Dispenser_71,Dispenser,71,pick up plate from dispenser,player_f49a5fda,encouraged_division_of_labor,60737b5d592e93e1,476.885985913183,0.0,0.0,0.0,0.0,1.0,1.0,"(2, 2)","[p(2, 2)_cs(1.0)_ws(1.0)]_[p(5, 2)_cs(1.0)_ws(1.0)]",player_f49a5fda_actions,,[],,,
317,plate,pick up,Dispenser_71,Dispenser,71,pick up plate from dispenser,player_50737fae,encouraged_division_of_labor,60737b5d592e93e1,379.92847884142986,169.5578216285939,0.0,0.0,0.0,1.0,1.0,"(5, 2)","[p(2, 2)_cs(1.0)_ws(1.0)]_[p(5, 2)_cs(1.0)_ws(1.0)]",player_50737fae_actions,,[],,,
348,plate,put down,Counter_33,Counter,33,put down plate on counter,player_50737fae,encouraged_division_of_labor,60737b5d592e93e1,425.1833128373688,45.254833995938895,0.0,0.0,0.0,1.0,1.0,"(5, 2)","[p(2, 2)_cs(1.0)_ws(1.0)]_[p(5, 2)_cs(1.0)_ws(1.0)]",player_50737fae_actions,player_50737fae,['player_50737fae'],,,
352,plate,assemble salad,Counter_32,Counter,32,assemble salad,player_f49a5fda,encouraged_division_of_labor,60737b5d592e93e1,515.2930485799479,38.40706266676494,0.0,0.0,0.0,1.0,1.0,"(2, 2)","[p(2, 2)_cs(1.0)_ws(1.0)]_[p(5, 2)_cs(1.0)_ws(1.0)]",player_f49a5fda_actions,player_50737fae,['player_f49a5fda'],"['player_50737fae', 'player_50737fae']",['player_f49a5fda'],True
358,tomato_salad,pick up,Counter_32,Counter,32,pick up tomato_salad from counter,player_f49a5fda,encouraged_division_of_labor,60737b5d592e93e1,515.2930485799479,0.0,0.0,0.0,0.0,1.0,1.0,"(2, 2)","[p(2, 2)_cs(1.0)_ws(1.0)]_[p(5, 2)_cs(1.0)_ws(1.0)]",player_f49a5fda_actions,player_f49a5fda,['player_f49a5fda'],"['player_50737fae', 'player_50737fae']",['player_f49a5fda'],False
373,plate,pick up,Counter_33,Counter,33,pick up plate from counter,player_50737fae,encouraged_division_of_labor,60737b5d592e93e1,457.183312837369,32.00000000000023,0.0,0.0,0.0,1.0,1.0,"(5, 2)","[p(2, 2)_cs(1.0)_ws(1.0)]_[p(5, 2)_cs(1.0)_ws(1.0)]",player_50737fae_actions,player_50737fae,['player_50737fae'],,,False
385,tomato_salad,put down,Dispenser_40,Dispenser,40,put down tomato_salad on dispenser,player_f49a5fda,encouraged_division_of_labor,60737b5d592e93e1,531.2930485799482,16.000000000000227,0.0,0.0,0.0,1.0,1.0,"(2, 2)","[p(2, 2)_cs(1.0)_ws(1.0)]_[p(5, 2)_cs(1.0)_ws(1.0)]",player_f49a5fda_actions,player_f49a5fda,"['player_f49a5fda', 'player_f49a5fda']","['player_50737fae', 'player_50737fae']",['player_f49a5fda'],
385,tomato,pick up,Dispenser_40,Dispenser,40,pick up tomato from dispenser,player_f49a5fda,encouraged_division_of_labor,60737b5d592e93e1,531.2930485799482,0.0,0.0,0.0,0.0,1.0,1.0,"(2, 2)","[p(2, 2)_cs(1.0)_ws(1.0)]_[p(5, 2)_cs(1.0)_ws(1.0)]",player_f49a5fda_actions,,[],,,
397,plate,put down,Counter_33,Counter,33,put down plate on counter,player_50737fae,encouraged_division_of_labor,60737b5d592e93e1,457.183312837369,0.0,0.0,0.0,0.0,1.0,1.0,"(5, 2)","[p(2, 2)_cs(1.0)_ws(1.0)]_[p(5, 2)_cs(1.0)_ws(1.0)]",player_50737fae_actions,player_50737fae,"['player_50737fae', 'player_50737fae']",,,
421,tomato,pick up,Dispenser_50,Dispenser,50,pick up tomato from dispenser,player_50737fae,encouraged_division_of_labor,60737b5d592e93e1,495.5945726773951,38.411259840026105,0.0,0.0,0.0,1.0,1.0,"(5, 2)","[p(2, 2)_cs(1.0)_ws(1.0)]_[p(5, 2)_cs(1.0)_ws(1.0)]",player_50737fae_actions,,[],,,
456,tomato,put down,Counter_32,Counter,32,put down tomato on counter,player_50737fae,encouraged_division_of_labor,60737b5d592e93e1,518.2219896753646,22.627416997969533,0.0,0.0,0.0,1.0,1.0,"(5, 2)","[p(2, 2)_cs(1.0)_ws(1.0)]_[p(5, 2)_cs(1.0)_ws(1.0)]",player_50737fae_actions,player_50737fae,['player_50737fae'],,,
527,tomato,put down,Counter_33,Counter,33,put down tomato on counter,player_f49a5fda,encouraged_division_of_labor,60737b5d592e93e1,693.5457375229821,162.25268894303397,0.0,0.0,0.0,1.0,1.0,"(2, 2)","[p(2, 2)_cs(1.0)_ws(1.0)]_[p(5, 2)_cs(1.0)_ws(1.0)]",player_f49a5fda_actions,player_f49a5fda,['player_f49a5fda'],,,
527,plate,pick up,Counter_33,Counter,33,pick up plate from counter,player_f49a5fda,encouraged_division_of_labor,60737b5d592e93e1,693.5457375229821,0.0,0.0,0.0,0.0,1.0,1.0,"(2, 2)","[p(2, 2)_cs(1.0)_ws(1.0)]_[p(5, 2)_cs(1.0)_ws(1.0)]",player_f49a5fda_actions,player_f49a5fda,['player_f49a5fda'],,,False
568,tomato,pick up,Counter_32,Counter,32,pick up tomato from counter,player_50737fae,encouraged_division_of_labor,60737b5d592e93e1,690.6699882981195,172.44799862275488,0.0,0.0,0.0,1.0,1.0,"(5, 2)","[p(2, 2)_cs(1.0)_ws(1.0)]_[p(5, 2)_cs(1.0)_ws(1.0)]",player_50737fae_actions,player_50737fae,['player_50737fae'],,,False
577,plate,put down,Counter_32,Counter,32,put down plate on counter,player_f49a5fda,encouraged_division_of_labor,60737b5d592e93e1,741.5457375229826,48.000000000000455,0.0,0.0,0.0,1.0,1.0,"(2, 2)","[p(2, 2)_cs(1.0)_ws(1.0)]_[p(5, 2)_cs(1.0)_ws(1.0)]",player_f49a5fda_actions,player_f49a5fda,"['player_f49a5fda', 'player_f49a5fda']",,,
591,tomato,start cutting,CuttingBoard_10,CuttingBoard,10,start cutting tomato,player_50737fae,encouraged_division_of_labor,60737b5d592e93e1,713.2974052960892,22.627416997969704,0.0,0.0,0.0,1.0,1.0,"(5, 2)","[p(2, 2)_cs(1.0)_ws(1.0)]_[p(5, 2)_cs(1.0)_ws(1.0)]",player_50737fae_actions,player_50737fae,"['player_50737fae', 'player_50737fae']",,,
624,plate,pick up,Counter_32,Counter,32,pick up plate from counter,player_f49a5fda,encouraged_division_of_labor,60737b5d592e93e1,786.8005715189219,45.25483399593929,0.0,0.0,0.0,1.0,1.0,"(2, 2)","[p(2, 2)_cs(1.0)_ws(1.0)]_[p(5, 2)_cs(1.0)_ws(1.0)]",player_f49a5fda_actions,player_f49a5fda,"['player_f49a5fda', 'player_f49a5fda']",,,False
628,tomato_cut,pick up,CuttingBoard_10,CuttingBoard,10,pick up tomato_cut from cuttingboard,player_50737fae,encouraged_division_of_labor,60737b5d592e93e1,713.2974052960892,0.0,0.0,0.0,0.0,1.0,1.0,"(5, 2)","[p(2, 2)_cs(1.0)_ws(1.0)]_[p(5, 2)_cs(1.0)_ws(1.0)]",player_50737fae_actions,player_50737fae,"['player_50737fae', 'player_50737fae']",,,False
634,plate,put down,Counter_32,Counter,32,put down plate on counter,player_f49a5fda,encouraged_division_of_labor,60737b5d592e93e1,786.8005715189219,0.0,0.0,0.0,0.0,1.0,1.0,"(2, 2)","[p(2, 2)_cs(1.0)_ws(1.0)]_[p(5, 2)_cs(1.0)_ws(1.0)]",player_f49a5fda_actions,player_f49a5fda,"['player_f49a5fda', 'player_f49a5fda', 'player_f49a5fda']",,,
660,tomato_cut,assemble salad,Counter_32,Counter,32,assemble salad,player_50737fae,encouraged_division_of_labor,60737b5d592e93e1,735.9248222940588,22.62741699796959,0.0,0.0,0.0,1.0,1.0,"(5, 2)","[p(2, 2)_cs(1.0)_ws(1.0)]_[p(5, 2)_cs(1.0)_ws(1.0)]",player_50737fae_actions,player_f49a5fda,['player_50737fae'],"['player_50737fae', 'player_50737fae', 'player_50737fae']","['player_f49a5fda', 'player_f49a5fda', 'player_f49a5fda']",True
670,tomato_salad,pick up,Counter_32,Counter,32,pick up tomato_salad from counter,player_f49a5fda,encouraged_division_of_labor,60737b5d592e93e1,786.8005715189219,0.0,0.0,0.0,0.0,1.0,1.0,"(2, 2)","[p(2, 2)_cs(1.0)_ws(1.0)]_[p(5, 2)_cs(1.0)_ws(1.0)]",player_f49a5fda_actions,player_50737fae,['player_50737fae'],"['player_50737fae', 'player_50737fae', 'player_50737fae']","['player_f49a5fda', 'player_f49a5fda', 'player_f49a5fda']",True
679,tomato,pick up,Counter_33,Counter,33,pick up tomato from counter,player_50737fae,encouraged_division_of_labor,60737b5d592e93e1,751.9248222940589,16.000000000000114,0.0,0.0,0.0,1.0,1.0,"(5, 2)","[p(2, 2)_cs(1.0)_ws(1.0)]_[p(5, 2)_cs(1.0)_ws(1.0)]",player_50737fae_actions,player_50737fae,['player_50737fae'],"['player_50737fae', 'player_50737fae', 'player_50737fae']","['player_f49a5fda', 'player_f49a5fda', 'player_f49a5fda']",False
709,tomato,start cutting,CuttingBoard_10,CuttingBoard,10,start cutting tomato,player_50737fae,encouraged_division_of_labor,60737b5d592e93e1,790.3360821340849,38.41125984002599,0.0,0.0,0.0,1.0,1.0,"(5, 2)","[p(2, 2)_cs(1.0)_ws(1.0)]_[p(5, 2)_cs(1.0)_ws(1.0)]",player_50737fae_actions,player_50737fae,"['player_50737fae', 'player_50737fae']","['player_50737fae', 'player_50737fae', 'player_50737fae']","['player_f49a5fda', 'player_f49a5fda', 'player_f49a5fda']",
746,tomato_salad,put down,CuttingBoard_10,CuttingBoard,10,put down tomato_salad on cuttingboard,player_f49a5fda,encouraged_division_of_labor,60737b5d592e93e1,809.4279885168916,22.627416997969704,0.0,0.0,0.0,1.0,1.0,"(2, 2)","[p(2, 2)_cs(1.0)_ws(1.0)]_[p(5, 2)_cs(1.0)_ws(1.0)]",player_f49a5fda_actions,player_f49a5fda,"['player_50737fae', 'player_50737fae', 'player_f49a5fda']","['player_50737fae', 'player_50737fae', 'player_50737fae']","['player_f49a5fda', 'player_f49a5fda', 'player_f49a5fda']",
746,tomato_cut,pick up,CuttingBoard_10,CuttingBoard,10,pick up tomato_cut from cuttingboard,player_f49a5fda,encouraged_division_of_labor,60737b5d592e93e1,809.4279885168916,0.0,0.0,0.0,0.0,1.0,1.0,"(2, 2)","[p(2, 2)_cs(1.0)_ws(1.0)]_[p(5, 2)_cs(1.0)_ws(1.0)]",player_f49a5fda_actions,player_f49a5fda,"['player_50737fae', 'player_50737fae', 'player_f49a5fda']","['player_50737fae', 'player_50737fae', 'player_50737fae']","['player_f49a5fda', 'player_f49a5fda', 'player_f49a5fda']",False
843,tomato,pick up,Dispenser_50,Dispenser,50,pick up tomato from dispenser,player_50737fae,encouraged_division_of_labor,60737b5d592e93e1,975.648737113637,185.31265497955212,0.0,0.0,0.0,1.0,1.0,"(5, 2)","[p(2, 2)_cs(1.0)_ws(1.0)]_[p(5, 2)_cs(1.0)_ws(1.0)]",player_50737fae_actions,,[],,,
857,tomato_cut,put down,Dispenser_40,Dispenser,40,put down tomato_cut on dispenser,player_f49a5fda,encouraged_division_of_labor,60737b5d592e93e1,1000.7095490527582,191.28156053586667,0.0,0.0,0.0,1.0,1.0,"(2, 2)","[p(2, 2)_cs(1.0)_ws(1.0)]_[p(5, 2)_cs(1.0)_ws(1.0)]",player_f49a5fda_actions,player_f49a5fda,"['player_50737fae', 'player_50737fae', 'player_f49a5fda', 'player_f49a5fda']","['player_50737fae', 'player_50737fae', 'player_50737fae']","['player_f49a5fda', 'player_f49a5fda', 'player_f49a5fda']",
857,tomato,pick up,Dispenser_40,Dispenser,40,pick up tomato from dispenser,player_f49a5fda,encouraged_division_of_labor,60737b5d592e93e1,1000.7095490527582,0.0,0.0,0.0,0.0,1.0,1.0,"(2, 2)","[p(2, 2)_cs(1.0)_ws(1.0)]_[p(5, 2)_cs(1.0)_ws(1.0)]",player_f49a5fda_actions,,[],,,
942,tomato,start cutting,CuttingBoard_20,CuttingBoard,20,start cutting tomato,player_50737fae,encouraged_division_of_labor,60737b5d592e93e1,1154.5406325571732,178.8918954435362,0.0,0.0,0.0,1.0,1.0,"(5, 2)","[p(2, 2)_cs(1.0)_ws(1.0)]_[p(5, 2)_cs(1.0)_ws(1.0)]",player_50737fae_actions,player_50737fae,['player_50737fae'],,,
1042,tomato,put down,Dispenser_60,Dispenser,60,put down tomato on dispenser,player_f49a5fda,encouraged_division_of_labor,60737b5d592e93e1,1357.239652310576,356.5301032578178,0.0,0.0,0.0,1.0,1.0,"(2, 2)","[p(2, 2)_cs(1.0)_ws(1.0)]_[p(5, 2)_cs(1.0)_ws(1.0)]",player_f49a5fda_actions,player_f49a5fda,['player_f49a5fda'],,,
1042,plate,pick up,Dispenser_60,Dispenser,60,pick up plate from dispenser,player_f49a5fda,encouraged_division_of_labor,60737b5d592e93e1,1357.239652310576,0.0,0.0,0.0,0.0,1.0,1.0,"(2, 2)","[p(2, 2)_cs(1.0)_ws(1.0)]_[p(5, 2)_cs(1.0)_ws(1.0)]",player_f49a5fda_actions,,[],,,
1044,plate,pick up,Dispenser_71,Dispenser,71,pick up plate from dispenser,player_50737fae,encouraged_division_of_labor,60737b5d592e93e1,1339.3274956001271,184.78686304295388,0.0,0.0,0.0,1.0,1.0,"(5, 2)","[p(2, 2)_cs(1.0)_ws(1.0)]_[p(5, 2)_cs(1.0)_ws(1.0)]",player_50737fae_actions,,[],,,
1075,plate,put down,Counter_32,Counter,32,put down plate on counter,player_50737fae,encouraged_division_of_labor,60737b5d592e93e1,1377.734558266891,38.407062666764205,0.0,0.0,0.0,1.0,1.0,"(5, 2)","[p(2, 2)_cs(1.0)_ws(1.0)]_[p(5, 2)_cs(1.0)_ws(1.0)]",player_50737fae_actions,player_50737fae,['player_50737fae'],,,
1105,tomato,pick up,Dispenser_40,Dispenser,40,pick up tomato from dispenser,player_50737fae,encouraged_division_of_labor,60737b5d592e93e1,1393.7345582668909,15.999999999999543,0.0,0.0,0.0,1.0,1.0,"(5, 2)","[p(2, 2)_cs(1.0)_ws(1.0)]_[p(5, 2)_cs(1.0)_ws(1.0)]",player_50737fae_actions,,[],,,
1117,plate,put down,Dispenser_40,Dispenser,40,put down plate on dispenser,player_f49a5fda,encouraged_division_of_labor,60737b5d592e93e1,1478.8325593730167,121.59290706244064,0.0,0.0,0.0,1.0,1.0,"(2, 2)","[p(2, 2)_cs(1.0)_ws(1.0)]_[p(5, 2)_cs(1.0)_ws(1.0)]",player_f49a5fda_actions,player_f49a5fda,['player_f49a5fda'],,,
1117,tomato,pick up,Dispenser_40,Dispenser,40,pick up tomato from dispenser,player_f49a5fda,encouraged_division_of_labor,60737b5d592e93e1,1478.8325593730167,0.0,0.0,0.0,0.0,1.0,1.0,"(2, 2)","[p(2, 2)_cs(1.0)_ws(1.0)]_[p(5, 2)_cs(1.0)_ws(1.0)]",player_f49a5fda_actions,,[],,,
1194,tomato,start cutting,CuttingBoard_10,CuttingBoard,10,start cutting tomato,player_50737fae,encouraged_division_of_labor,60737b5d592e93e1,1571.8809977839453,178.14643951705443,0.0,0.0,0.0,1.0,1.0,"(5, 2)","[p(2, 2)_cs(1.0)_ws(1.0)]_[p(5, 2)_cs(1.0)_ws(1.0)]",player_50737fae_actions,player_50737fae,['player_50737fae'],,,
1240,tomato_cut,pick up,CuttingBoard_20,CuttingBoard,20,pick up tomato_cut from cuttingboard,player_50737fae,encouraged_division_of_labor,60737b5d592e93e1,1587.8809977839448,15.999999999999543,0.0,0.0,0.0,1.0,1.0,"(5, 2)","[p(2, 2)_cs(1.0)_ws(1.0)]_[p(5, 2)_cs(1.0)_ws(1.0)]",player_50737fae_actions,player_50737fae,['player_50737fae'],,,False
1243,tomato,put down,Counter_32,Counter,32,put down tomato on counter,player_f49a5fda,encouraged_division_of_labor,60737b5d592e93e1,1683.1780000251083,204.34544065209184,0.0,0.0,0.0,1.0,1.0,"(2, 2)","[p(2, 2)_cs(1.0)_ws(1.0)]_[p(5, 2)_cs(1.0)_ws(1.0)]",player_f49a5fda_actions,player_f49a5fda,['player_f49a5fda'],,,
1243,plate,pick up,Counter_32,Counter,32,pick up plate from counter,player_f49a5fda,encouraged_division_of_labor,60737b5d592e93e1,1683.1780000251083,0.0,0.0,0.0,0.0,1.0,1.0,"(2, 2)","[p(2, 2)_cs(1.0)_ws(1.0)]_[p(5, 2)_cs(1.0)_ws(1.0)]",player_f49a5fda_actions,player_f49a5fda,['player_f49a5fda'],,,False
1249,plate,put down,Counter_32,Counter,32,put down plate on counter,player_f49a5fda,encouraged_division_of_labor,60737b5d592e93e1,1683.1780000251083,0.0,0.0,0.0,0.0,1.0,1.0,"(2, 2)","[p(2, 2)_cs(1.0)_ws(1.0)]_[p(5, 2)_cs(1.0)_ws(1.0)]",player_f49a5fda_actions,player_f49a5fda,"['player_f49a5fda', 'player_f49a5fda']",,,
1249,tomato,pick up,Counter_32,Counter,32,pick up tomato from counter,player_f49a5fda,encouraged_division_of_labor,60737b5d592e93e1,1683.1780000251083,0.0,0.0,0.0,0.0,1.0,1.0,"(2, 2)","[p(2, 2)_cs(1.0)_ws(1.0)]_[p(5, 2)_cs(1.0)_ws(1.0)]",player_f49a5fda_actions,player_f49a5fda,"['player_f49a5fda', 'player_f49a5fda']",,,False
1264,tomato,start cutting,CuttingBoard_20,CuttingBoard,20,start cutting tomato,player_f49a5fda,encouraged_division_of_labor,60737b5d592e93e1,1699.178000025108,15.999999999999543,0.0,0.0,0.0,1.0,1.0,"(2, 2)","[p(2, 2)_cs(1.0)_ws(1.0)]_[p(5, 2)_cs(1.0)_ws(1.0)]",player_f49a5fda_actions,player_f49a5fda,"['player_f49a5fda', 'player_f49a5fda', 'player_f49a5fda']",,,
1270,tomato_cut,assemble salad,Counter_32,Counter,32,assemble salad,player_50737fae,encouraged_division_of_labor,60737b5d592e93e1,1603.8809977839444,15.999999999999543,0.0,0.0,0.0,1.0,1.0,"(5, 2)","[p(2, 2)_cs(1.0)_ws(1.0)]_[p(5, 2)_cs(1.0)_ws(1.0)]",player_50737fae_actions,player_f49a5fda,['player_50737fae'],"['player_50737fae', 'player_50737fae']","['player_f49a5fda', 'player_f49a5fda', 'player_f49a5fda']",True
1282,tomato_salad,pick up,Counter_32,Counter,32,pick up tomato_salad from counter,player_50737fae,encouraged_division_of_labor,60737b5d592e93e1,1603.8809977839444,0.0,0.0,0.0,0.0,1.0,1.0,"(5, 2)","[p(2, 2)_cs(1.0)_ws(1.0)]_[p(5, 2)_cs(1.0)_ws(1.0)]",player_50737fae_actions,player_50737fae,['player_50737fae'],"['player_50737fae', 'player_50737fae']","['player_f49a5fda', 'player_f49a5fda', 'player_f49a5fda']",False
1352,tomato_salad,deliver,Delivery_63,Delivery,63,deliver tomato_salad,player_50737fae,encouraged_division_of_labor,60737b5d592e93e1,1734.9290560724442,131.04805828849976,1.0,1.0,1.0,1.0,1.0,"(5, 2)","[p(2, 2)_cs(1.0)_ws(1.0)]_[p(5, 2)_cs(1.0)_ws(1.0)]",player_50737fae_actions,player_50737fae,"['player_50737fae', 'player_50737fae']","['player_50737fae', 'player_50737fae']","['player_f49a5fda', 'player_f49a5fda', 'player_f49a5fda']",
1402,tomato,pick up,Dispenser_50,Dispenser,50,pick up tomato from dispenser,player_f49a5fda,encouraged_division_of_labor,60737b5d592e93e1,1878.3769441887976,179.19894416368948,1.0,0.0,0.0,1.0,1.0,"(2, 2)","[p(2, 2)_cs(1.0)_ws(1.0)]_[p(5, 2)_cs(1.0)_ws(1.0)]",player_f49a5fda_actions,,[],,,
1408,plate,pick up,Dispenser_71,Dispenser,71,pick up plate from dispenser,player_50737fae,encouraged_division_of_labor,60737b5d592e93e1,1773.3403159124698,38.41125984002565,1.0,0.0,1.0,1.0,1.0,"(5, 2)","[p(2, 2)_cs(1.0)_ws(1.0)]_[p(5, 2)_cs(1.0)_ws(1.0)]",player_50737fae_actions,,[],,,
1438,plate,put down,Counter_32,Counter,32,put down plate on counter,player_50737fae,encouraged_division_of_labor,60737b5d592e93e1,1811.747378579234,38.407062666764205,1.0,0.0,1.0,1.0,1.0,"(5, 2)","[p(2, 2)_cs(1.0)_ws(1.0)]_[p(5, 2)_cs(1.0)_ws(1.0)]",player_50737fae_actions,player_50737fae,['player_50737fae'],,,
1438,tomato,put down,Counter_32,Counter,32,put down tomato on counter,player_f49a5fda,encouraged_division_of_labor,60737b5d592e93e1,1932.784006855561,54.40706266676352,1.0,0.0,0.0,1.0,1.0,"(2, 2)","[p(2, 2)_cs(1.0)_ws(1.0)]_[p(5, 2)_cs(1.0)_ws(1.0)]",player_f49a5fda_actions,player_f49a5fda,['player_f49a5fda'],,,
1438,tomato,pick up,Counter_32,Counter,32,pick up tomato from counter,player_50737fae,encouraged_division_of_labor,60737b5d592e93e1,1811.747378579234,0.0,1.0,0.0,1.0,1.0,1.0,"(5, 2)","[p(2, 2)_cs(1.0)_ws(1.0)]_[p(5, 2)_cs(1.0)_ws(1.0)]",player_50737fae_actions,player_f49a5fda,['player_f49a5fda'],,,True
1447,plate,pick up,Counter_32,Counter,32,pick up plate from counter,player_f49a5fda,encouraged_division_of_labor,60737b5d592e93e1,1932.784006855561,0.0,1.0,0.0,0.0,1.0,1.0,"(2, 2)","[p(2, 2)_cs(1.0)_ws(1.0)]_[p(5, 2)_cs(1.0)_ws(1.0)]",player_f49a5fda_actions,player_f49a5fda,['player_f49a5fda'],,,False
1468,tomato,put down,Dispenser_71,Dispenser,71,put down tomato on dispenser,player_50737fae,encouraged_division_of_labor,60737b5d592e93e1,1850.1544412459975,38.40706266676375,1.0,0.0,1.0,1.0,1.0,"(5, 2)","[p(2, 2)_cs(1.0)_ws(1.0)]_[p(5, 2)_cs(1.0)_ws(1.0)]",player_50737fae_actions,player_50737fae,"['player_f49a5fda', 'player_50737fae']",,,
1468,plate,pick up,Dispenser_71,Dispenser,71,pick up plate from dispenser,player_50737fae,encouraged_division_of_labor,60737b5d592e93e1,1850.1544412459975,0.0,1.0,0.0,1.0,1.0,1.0,"(5, 2)","[p(2, 2)_cs(1.0)_ws(1.0)]_[p(5, 2)_cs(1.0)_ws(1.0)]",player_50737fae_actions,,[],,,
1498,plate,put down,Counter_32,Counter,32,put down plate on counter,player_50737fae,encouraged_division_of_labor,60737b5d592e93e1,1888.561503912762,38.407062666764205,1.0,0.0,1.0,1.0,1.0,"(5, 2)","[p(2, 2)_cs(1.0)_ws(1.0)]_[p(5, 2)_cs(1.0)_ws(1.0)]",player_50737fae_actions,player_50737fae,['player_50737fae'],,,
1528,plate,put down,Dispenser_40,Dispenser,40,put down plate on dispenser,player_f49a5fda,encouraged_division_of_labor,60737b5d592e93e1,2038.7840068555645,106.00000000000318,1.0,0.0,0.0,1.0,1.0,"(2, 2)","[p(2, 2)_cs(1.0)_ws(1.0)]_[p(5, 2)_cs(1.0)_ws(1.0)]",player_f49a5fda_actions,player_f49a5fda,"['player_f49a5fda', 'player_50737fae', 'player_f49a5fda']",,,
1528,tomato,pick up,Dispenser_40,Dispenser,40,pick up tomato from dispenser,player_f49a5fda,encouraged_division_of_labor,60737b5d592e93e1,2038.7840068555645,0.0,1.0,0.0,0.0,1.0,1.0,"(2, 2)","[p(2, 2)_cs(1.0)_ws(1.0)]_[p(5, 2)_cs(1.0)_ws(1.0)]",player_f49a5fda_actions,,[],,,
1606,tomato,put down,Counter_32,Counter,32,put down tomato on counter,player_f49a5fda,encouraged_division_of_labor,60737b5d592e93e1,2097.784006855562,58.999999999997726,1.0,0.0,0.0,1.0,1.0,"(2, 2)","[p(2, 2)_cs(1.0)_ws(1.0)]_[p(5, 2)_cs(1.0)_ws(1.0)]",player_f49a5fda_actions,player_f49a5fda,['player_f49a5fda'],,,
1606,plate,pick up,Counter_32,Counter,32,pick up plate from counter,player_f49a5fda,encouraged_division_of_labor,60737b5d592e93e1,2097.784006855562,0.0,1.0,0.0,0.0,1.0,1.0,"(2, 2)","[p(2, 2)_cs(1.0)_ws(1.0)]_[p(5, 2)_cs(1.0)_ws(1.0)]",player_f49a5fda_actions,player_f49a5fda,['player_f49a5fda'],,,False
1609,tomato_cut,pick up,CuttingBoard_20,CuttingBoard,20,pick up tomato_cut from cuttingboard,player_50737fae,encouraged_division_of_labor,60737b5d592e93e1,2045.0095025355145,156.4479986227525,1.0,0.0,1.0,1.0,1.0,"(5, 2)","[p(2, 2)_cs(1.0)_ws(1.0)]_[p(5, 2)_cs(1.0)_ws(1.0)]",player_50737fae_actions,player_50737fae,['player_50737fae'],"['player_50737fae', 'player_50737fae']","['player_f49a5fda', 'player_f49a5fda', 'player_f49a5fda']",False
1612,plate,put down,Counter_32,Counter,32,put down plate on counter,player_f49a5fda,encouraged_division_of_labor,60737b5d592e93e1,2097.784006855562,0.0,1.0,0.0,0.0,1.0,1.0,"(2, 2)","[p(2, 2)_cs(1.0)_ws(1.0)]_[p(5, 2)_cs(1.0)_ws(1.0)]",player_f49a5fda_actions,player_f49a5fda,"['player_f49a5fda', 'player_f49a5fda']",,,
1612,tomato,pick up,Counter_32,Counter,32,pick up tomato from counter,player_f49a5fda,encouraged_division_of_labor,60737b5d592e93e1,2097.784006855562,0.0,1.0,0.0,0.0,1.0,1.0,"(2, 2)","[p(2, 2)_cs(1.0)_ws(1.0)]_[p(5, 2)_cs(1.0)_ws(1.0)]",player_f49a5fda_actions,player_f49a5fda,"['player_f49a5fda', 'player_f49a5fda']",,,False
1618,tomato,put down,Counter_32,Counter,32,put down tomato on counter,player_f49a5fda,encouraged_division_of_labor,60737b5d592e93e1,2097.784006855562,0.0,1.0,0.0,0.0,1.0,1.0,"(2, 2)","[p(2, 2)_cs(1.0)_ws(1.0)]_[p(5, 2)_cs(1.0)_ws(1.0)]",player_f49a5fda_actions,player_f49a5fda,"['player_f49a5fda', 'player_f49a5fda', 'player_f49a5fda']",,,
1618,plate,pick up,Counter_32,Counter,32,pick up plate from counter,player_f49a5fda,encouraged_division_of_labor,60737b5d592e93e1,2097.784006855562,0.0,1.0,0.0,0.0,1.0,1.0,"(2, 2)","[p(2, 2)_cs(1.0)_ws(1.0)]_[p(5, 2)_cs(1.0)_ws(1.0)]",player_f49a5fda_actions,player_f49a5fda,"['player_f49a5fda', 'player_f49a5fda', 'player_f49a5fda']",,,False
1636,tomato_cut,put down,Counter_32,Counter,32,put down tomato_cut on counter,player_50737fae,encouraged_division_of_labor,60737b5d592e93e1,2061.009502535515,16.000000000000455,1.0,0.0,1.0,1.0,1.0,"(5, 2)","[p(2, 2)_cs(1.0)_ws(1.0)]_[p(5, 2)_cs(1.0)_ws(1.0)]",player_50737fae_actions,player_50737fae,"['player_50737fae', 'player_50737fae']","['player_50737fae', 'player_50737fae']","['player_f49a5fda', 'player_f49a5fda', 'player_f49a5fda']",
1636,tomato,pick up,Counter_32,Counter,32,pick up tomato from counter,player_50737fae,encouraged_division_of_labor,60737b5d592e93e1,2061.009502535515,0.0,1.0,0.0,1.0,1.0,1.0,"(5, 2)","[p(2, 2)_cs(1.0)_ws(1.0)]_[p(5, 2)_cs(1.0)_ws(1.0)]",player_50737fae_actions,player_50737fae,"['player_50737fae', 'player_50737fae']","['player_50737fae', 'player_50737fae']","['player_f49a5fda', 'player_f49a5fda', 'player_f49a5fda']",False
1732,plate,assemble salad,Counter_32,Counter,32,assemble salad,player_f49a5fda,encouraged_division_of_labor,60737b5d592e93e1,2097.784006855562,0.0,1.0,0.0,0.0,1.0,1.0,"(2, 2)","[p(2, 2)_cs(1.0)_ws(1.0)]_[p(5, 2)_cs(1.0)_ws(1.0)]",player_f49a5fda_actions,player_50737fae,['player_f49a5fda'],"['player_50737fae', 'player_50737fae']","['player_f49a5fda', 'player_f49a5fda', 'player_f49a5fda', 'player_f49a5fda']",True
1736,tomato,put down,Dispenser_71,Dispenser,71,put down tomato on dispenser,player_50737fae,encouraged_division_of_labor,60737b5d592e93e1,2230.5673241641075,169.5578216285926,1.0,0.0,1.0,1.0,1.0,"(5, 2)","[p(2, 2)_cs(1.0)_ws(1.0)]_[p(5, 2)_cs(1.0)_ws(1.0)]",player_50737fae_actions,player_50737fae,"['player_f49a5fda', 'player_50737fae']","['player_50737fae', 'player_50737fae']","['player_f49a5fda', 'player_f49a5fda', 'player_f49a5fda', 'player_f49a5fda']",
1736,plate,pick up,Dispenser_71,Dispenser,71,pick up plate from dispenser,player_50737fae,encouraged_division_of_labor,60737b5d592e93e1,2230.5673241641075,0.0,1.0,0.0,1.0,1.0,1.0,"(5, 2)","[p(2, 2)_cs(1.0)_ws(1.0)]_[p(5, 2)_cs(1.0)_ws(1.0)]",player_50737fae_actions,,[],,,
1774,plate,put down,Counter_32,Counter,32,put down plate on counter,player_50737fae,encouraged_division_of_labor,60737b5d592e93e1,2268.9743868308715,38.40706266676398,1.0,0.0,1.0,1.0,1.0,"(5, 2)","[p(2, 2)_cs(1.0)_ws(1.0)]_[p(5, 2)_cs(1.0)_ws(1.0)]",player_50737fae_actions,player_50737fae,['player_50737fae'],,,
1774,tomato_salad,pick up,Counter_32,Counter,32,pick up tomato_salad from counter,player_50737fae,encouraged_division_of_labor,60737b5d592e93e1,2268.9743868308715,0.0,1.0,0.0,1.0,1.0,1.0,"(5, 2)","[p(2, 2)_cs(1.0)_ws(1.0)]_[p(5, 2)_cs(1.0)_ws(1.0)]",player_50737fae_actions,player_50737fae,['player_50737fae'],,,False
1807,tomato_salad,deliver,Delivery_63,Delivery,63,deliver tomato_salad,player_50737fae,encouraged_division_of_labor,60737b5d592e93e1,2291.6018038288403,22.62741699796879,2.0,1.0,2.0,1.0,1.0,"(5, 2)","[p(2, 2)_cs(1.0)_ws(1.0)]_[p(5, 2)_cs(1.0)_ws(1.0)]",player_50737fae_actions,player_50737fae,"['player_50737fae', 'player_50737fae']",,,
1837,tomato,pick up,Dispenser_40,Dispenser,40,pick up tomato from dispenser,player_50737fae,encouraged_division_of_labor,60737b5d592e93e1,2330.0130636688673,38.411259840027014,2.0,0.0,2.0,1.0,1.0,"(5, 2)","[p(2, 2)_cs(1.0)_ws(1.0)]_[p(5, 2)_cs(1.0)_ws(1.0)]",player_50737fae_actions,,[],,,
1851,plate,pick up,Counter_32,Counter,32,pick up plate from counter,player_f49a5fda,encouraged_division_of_labor,60737b5d592e93e1,2143.0388408514996,45.25483399593759,2.0,0.0,0.0,1.0,1.0,"(2, 2)","[p(2, 2)_cs(1.0)_ws(1.0)]_[p(5, 2)_cs(1.0)_ws(1.0)]",player_f49a5fda_actions,player_50737fae,['player_50737fae'],,,True
1927,plate,put down,Counter_32,Counter,32,put down plate on counter,player_f49a5fda,encouraged_division_of_labor,60737b5d592e93e1,2297.899317173624,154.8604763221242,2.0,0.0,0.0,1.0,1.0,"(2, 2)","[p(2, 2)_cs(1.0)_ws(1.0)]_[p(5, 2)_cs(1.0)_ws(1.0)]",player_f49a5fda_actions,player_f49a5fda,"['player_50737fae', 'player_f49a5fda']",,,
1935,plate,pick up,Counter_32,Counter,32,pick up plate from counter,player_f49a5fda,encouraged_division_of_labor,60737b5d592e93e1,2297.899317173624,0.0,2.0,0.0,0.0,1.0,1.0,"(2, 2)","[p(2, 2)_cs(1.0)_ws(1.0)]_[p(5, 2)_cs(1.0)_ws(1.0)]",player_f49a5fda_actions,player_f49a5fda,"['player_50737fae', 'player_f49a5fda']",,,False
1983,tomato,start cutting,CuttingBoard_20,CuttingBoard,20,start cutting tomato,player_50737fae,encouraged_division_of_labor,60737b5d592e93e1,2501.756303883738,171.74324021487064,2.0,0.0,2.0,1.0,1.0,"(5, 2)","[p(2, 2)_cs(1.0)_ws(1.0)]_[p(5, 2)_cs(1.0)_ws(1.0)]",player_50737fae_actions,player_50737fae,['player_50737fae'],,,
2035,tomato_cut,pick up,CuttingBoard_20,CuttingBoard,20,pick up tomato_cut from cuttingboard,player_50737fae,encouraged_division_of_labor,60737b5d592e93e1,2501.756303883738,0.0,2.0,0.0,2.0,1.0,1.0,"(5, 2)","[p(2, 2)_cs(1.0)_ws(1.0)]_[p(5, 2)_cs(1.0)_ws(1.0)]",player_50737fae_actions,player_50737fae,['player_50737fae'],,,False
2050,tomato_cut,put down,Counter_32,Counter,32,put down tomato_cut on counter,player_50737fae,encouraged_division_of_labor,60737b5d592e93e1,2517.756303883739,16.00000000000091,2.0,0.0,2.0,1.0,1.0,"(5, 2)","[p(2, 2)_cs(1.0)_ws(1.0)]_[p(5, 2)_cs(1.0)_ws(1.0)]",player_50737fae_actions,player_50737fae,"['player_50737fae', 'player_50737fae']",,,
2052,plate,assemble salad,Counter_32,Counter,32,assemble salad,player_f49a5fda,encouraged_division_of_labor,60737b5d592e93e1,2343.154151169562,45.25483399593804,2.0,0.0,0.0,1.0,1.0,"(2, 2)","[p(2, 2)_cs(1.0)_ws(1.0)]_[p(5, 2)_cs(1.0)_ws(1.0)]",player_f49a5fda_actions,player_50737fae,['player_f49a5fda'],"['player_50737fae', 'player_50737fae']","['player_50737fae', 'player_f49a5fda', 'player_f49a5fda']",True
2098,tomato_salad,pick up,Counter_32,Counter,32,pick up tomato_salad from counter,player_f49a5fda,encouraged_division_of_labor,60737b5d592e93e1,2343.154151169562,0.0,2.0,0.0,0.0,1.0,1.0,"(2, 2)","[p(2, 2)_cs(1.0)_ws(1.0)]_[p(5, 2)_cs(1.0)_ws(1.0)]",player_f49a5fda_actions,player_f49a5fda,['player_f49a5fda'],"['player_50737fae', 'player_50737fae']","['player_50737fae', 'player_f49a5fda', 'player_f49a5fda']",False
2143,plate,pick up,Dispenser_71,Dispenser,71,pick up plate from dispenser,player_50737fae,encouraged_division_of_labor,60737b5d592e93e1,2687.314125512331,169.5578216285926,2.0,0.0,2.0,1.0,1.0,"(5, 2)","[p(2, 2)_cs(1.0)_ws(1.0)]_[p(5, 2)_cs(1.0)_ws(1.0)]",player_50737fae_actions,,[],,,
