{"agents": {"player_f49a5fda": {"initial_state": {"agent_id": "player_f49a5fda", "x": 40, "y": 40, "item": null, "url_params": {"gameType": ["tomatoSaladOnly"], "PROLIFIC_PID": ["5e121701dc79bd8a1a22ca99"], "gameId": ["0r1jq"], "player": ["p1"], "map": ["encouraged_division_of_labor"], "cutting_speed": ["1"], "walking_speed": ["1"], "slot_x": ["2"], "slot_y": ["2"], "EIO": ["4"], "transport": ["polling"], "t": ["PZItl9_"]}, "cut_speed": 1.0, "walk_speed": 30.0}, "player_score": 0.0, "total_actions": 43, "first_action_tick": 160, "last_action_tick": 2098}, "player_50737fae": {"initial_state": {"agent_id": "player_50737fae", "x": 88, "y": 40, "item": null, "url_params": {"gameType": ["tomatoSaladOnly"], "PROLIFIC_PID": ["65f8caa8238a933fdf42f4c3"], "gameId": ["0r1jq"], "player": ["p2"], "map": ["encouraged_division_of_labor"], "cutting_speed": ["1"], "walking_speed": ["1"], "slot_x": ["5"], "slot_y": ["2"], "EIO": ["4"], "transport": ["polling"], "t": ["PZItl9Q"]}, "cut_speed": 1.0, "walk_speed": 30.0}, "player_score": 2.0, "total_actions": 45, "first_action_tick": 72, "last_action_tick": 2143}}, "map_name": "encouraged_division_of_labor", "final_score": 2.0}