tick,item,action,target,target_type,target_position,action_long,player_id,map_name,game_id,distance_walked,distance_walked_since_last_action,overall_score,player_score_change,player_score,walking_speed,cutting_speed,start_pos,condition
160,tomato,pick up,Dispenser_40,Dispenser,40,pick up tomato from dispenser,player_f49a5fda,encouraged_division_of_labor,60737b5d592e93e1,255.56396791301256,0.0,0.0,0.0,0.0,1.0,1.0,"(2, 2)","[p(2, 2)_cs(1.0)_ws(1.0)]_[p(5, 2)_cs(1.0)_ws(1.0)]"
255,tomato,put down,Dispenser_71,Dispenser,71,put down tomato on dispenser,player_f49a5fda,encouraged_division_of_labor,60737b5d592e93e1,476.885985913183,221.32201800017043,0.0,0.0,0.0,1.0,1.0,"(2, 2)","[p(2, 2)_cs(1.0)_ws(1.0)]_[p(5, 2)_cs(1.0)_ws(1.0)]"
255,plate,pick up,Dispenser_71,Dispenser,71,pick up plate from dispenser,player_f49a5fda,encouraged_division_of_labor,60737b5d592e93e1,476.885985913183,0.0,0.0,0.0,0.0,1.0,1.0,"(2, 2)","[p(2, 2)_cs(1.0)_ws(1.0)]_[p(5, 2)_cs(1.0)_ws(1.0)]"
352,plate,assemble salad,Counter_32,Counter,32,assemble salad,player_f49a5fda,encouraged_division_of_labor,60737b5d592e93e1,515.2930485799479,38.40706266676494,0.0,0.0,0.0,1.0,1.0,"(2, 2)","[p(2, 2)_cs(1.0)_ws(1.0)]_[p(5, 2)_cs(1.0)_ws(1.0)]"
358,tomato_salad,pick up,Counter_32,Counter,32,pick up tomato_salad from counter,player_f49a5fda,encouraged_division_of_labor,60737b5d592e93e1,515.2930485799479,0.0,0.0,0.0,0.0,1.0,1.0,"(2, 2)","[p(2, 2)_cs(1.0)_ws(1.0)]_[p(5, 2)_cs(1.0)_ws(1.0)]"
385,tomato_salad,put down,Dispenser_40,Dispenser,40,put down tomato_salad on dispenser,player_f49a5fda,encouraged_division_of_labor,60737b5d592e93e1,531.2930485799482,16.000000000000227,0.0,0.0,0.0,1.0,1.0,"(2, 2)","[p(2, 2)_cs(1.0)_ws(1.0)]_[p(5, 2)_cs(1.0)_ws(1.0)]"
385,tomato,pick up,Dispenser_40,Dispenser,40,pick up tomato from dispenser,player_f49a5fda,encouraged_division_of_labor,60737b5d592e93e1,531.2930485799482,0.0,0.0,0.0,0.0,1.0,1.0,"(2, 2)","[p(2, 2)_cs(1.0)_ws(1.0)]_[p(5, 2)_cs(1.0)_ws(1.0)]"
527,tomato,put down,Counter_33,Counter,33,put down tomato on counter,player_f49a5fda,encouraged_division_of_labor,60737b5d592e93e1,693.5457375229821,162.25268894303395,0.0,0.0,0.0,1.0,1.0,"(2, 2)","[p(2, 2)_cs(1.0)_ws(1.0)]_[p(5, 2)_cs(1.0)_ws(1.0)]"
527,plate,pick up,Counter_33,Counter,33,pick up plate from counter,player_f49a5fda,encouraged_division_of_labor,60737b5d592e93e1,693.5457375229821,0.0,0.0,0.0,0.0,1.0,1.0,"(2, 2)","[p(2, 2)_cs(1.0)_ws(1.0)]_[p(5, 2)_cs(1.0)_ws(1.0)]"
577,plate,put down,Counter_32,Counter,32,put down plate on counter,player_f49a5fda,encouraged_division_of_labor,60737b5d592e93e1,741.5457375229826,48.000000000000455,0.0,0.0,0.0,1.0,1.0,"(2, 2)","[p(2, 2)_cs(1.0)_ws(1.0)]_[p(5, 2)_cs(1.0)_ws(1.0)]"
624,plate,pick up,Counter_32,Counter,32,pick up plate from counter,player_f49a5fda,encouraged_division_of_labor,60737b5d592e93e1,786.8005715189219,45.25483399593929,0.0,0.0,0.0,1.0,1.0,"(2, 2)","[p(2, 2)_cs(1.0)_ws(1.0)]_[p(5, 2)_cs(1.0)_ws(1.0)]"
634,plate,put down,Counter_32,Counter,32,put down plate on counter,player_f49a5fda,encouraged_division_of_labor,60737b5d592e93e1,786.8005715189219,0.0,0.0,0.0,0.0,1.0,1.0,"(2, 2)","[p(2, 2)_cs(1.0)_ws(1.0)]_[p(5, 2)_cs(1.0)_ws(1.0)]"
670,tomato_salad,pick up,Counter_32,Counter,32,pick up tomato_salad from counter,player_f49a5fda,encouraged_division_of_labor,60737b5d592e93e1,786.8005715189219,0.0,0.0,0.0,0.0,1.0,1.0,"(2, 2)","[p(2, 2)_cs(1.0)_ws(1.0)]_[p(5, 2)_cs(1.0)_ws(1.0)]"
746,tomato_salad,put down,CuttingBoard_10,CuttingBoard,10,put down tomato_salad on cuttingboard,player_f49a5fda,encouraged_division_of_labor,60737b5d592e93e1,809.4279885168916,22.627416997969704,0.0,0.0,0.0,1.0,1.0,"(2, 2)","[p(2, 2)_cs(1.0)_ws(1.0)]_[p(5, 2)_cs(1.0)_ws(1.0)]"
746,tomato_cut,pick up,CuttingBoard_10,CuttingBoard,10,pick up tomato_cut from cuttingboard,player_f49a5fda,encouraged_division_of_labor,60737b5d592e93e1,809.4279885168916,0.0,0.0,0.0,0.0,1.0,1.0,"(2, 2)","[p(2, 2)_cs(1.0)_ws(1.0)]_[p(5, 2)_cs(1.0)_ws(1.0)]"
857,tomato_cut,put down,Dispenser_40,Dispenser,40,put down tomato_cut on dispenser,player_f49a5fda,encouraged_division_of_labor,60737b5d592e93e1,1000.7095490527582,191.28156053586667,0.0,0.0,0.0,1.0,1.0,"(2, 2)","[p(2, 2)_cs(1.0)_ws(1.0)]_[p(5, 2)_cs(1.0)_ws(1.0)]"
857,tomato,pick up,Dispenser_40,Dispenser,40,pick up tomato from dispenser,player_f49a5fda,encouraged_division_of_labor,60737b5d592e93e1,1000.7095490527582,0.0,0.0,0.0,0.0,1.0,1.0,"(2, 2)","[p(2, 2)_cs(1.0)_ws(1.0)]_[p(5, 2)_cs(1.0)_ws(1.0)]"
1042,tomato,put down,Dispenser_60,Dispenser,60,put down tomato on dispenser,player_f49a5fda,encouraged_division_of_labor,60737b5d592e93e1,1357.239652310576,356.5301032578178,0.0,0.0,0.0,1.0,1.0,"(2, 2)","[p(2, 2)_cs(1.0)_ws(1.0)]_[p(5, 2)_cs(1.0)_ws(1.0)]"
1042,plate,pick up,Dispenser_60,Dispenser,60,pick up plate from dispenser,player_f49a5fda,encouraged_division_of_labor,60737b5d592e93e1,1357.239652310576,0.0,0.0,0.0,0.0,1.0,1.0,"(2, 2)","[p(2, 2)_cs(1.0)_ws(1.0)]_[p(5, 2)_cs(1.0)_ws(1.0)]"
1117,plate,put down,Dispenser_40,Dispenser,40,put down plate on dispenser,player_f49a5fda,encouraged_division_of_labor,60737b5d592e93e1,1478.8325593730167,121.59290706244064,0.0,0.0,0.0,1.0,1.0,"(2, 2)","[p(2, 2)_cs(1.0)_ws(1.0)]_[p(5, 2)_cs(1.0)_ws(1.0)]"
1117,tomato,pick up,Dispenser_40,Dispenser,40,pick up tomato from dispenser,player_f49a5fda,encouraged_division_of_labor,60737b5d592e93e1,1478.8325593730167,0.0,0.0,0.0,0.0,1.0,1.0,"(2, 2)","[p(2, 2)_cs(1.0)_ws(1.0)]_[p(5, 2)_cs(1.0)_ws(1.0)]"
1243,tomato,put down,Counter_32,Counter,32,put down tomato on counter,player_f49a5fda,encouraged_division_of_labor,60737b5d592e93e1,1683.1780000251085,204.34544065209184,0.0,0.0,0.0,1.0,1.0,"(2, 2)","[p(2, 2)_cs(1.0)_ws(1.0)]_[p(5, 2)_cs(1.0)_ws(1.0)]"
1243,plate,pick up,Counter_32,Counter,32,pick up plate from counter,player_f49a5fda,encouraged_division_of_labor,60737b5d592e93e1,1683.1780000251085,0.0,0.0,0.0,0.0,1.0,1.0,"(2, 2)","[p(2, 2)_cs(1.0)_ws(1.0)]_[p(5, 2)_cs(1.0)_ws(1.0)]"
1249,plate,put down,Counter_32,Counter,32,put down plate on counter,player_f49a5fda,encouraged_division_of_labor,60737b5d592e93e1,1683.1780000251085,0.0,0.0,0.0,0.0,1.0,1.0,"(2, 2)","[p(2, 2)_cs(1.0)_ws(1.0)]_[p(5, 2)_cs(1.0)_ws(1.0)]"
1249,tomato,pick up,Counter_32,Counter,32,pick up tomato from counter,player_f49a5fda,encouraged_division_of_labor,60737b5d592e93e1,1683.1780000251085,0.0,0.0,0.0,0.0,1.0,1.0,"(2, 2)","[p(2, 2)_cs(1.0)_ws(1.0)]_[p(5, 2)_cs(1.0)_ws(1.0)]"
1264,tomato,start cutting,CuttingBoard_20,CuttingBoard,20,start cutting tomato,player_f49a5fda,encouraged_division_of_labor,60737b5d592e93e1,1699.178000025108,15.999999999999545,0.0,0.0,0.0,1.0,1.0,"(2, 2)","[p(2, 2)_cs(1.0)_ws(1.0)]_[p(5, 2)_cs(1.0)_ws(1.0)]"
1402,tomato,pick up,Dispenser_50,Dispenser,50,pick up tomato from dispenser,player_f49a5fda,encouraged_division_of_labor,60737b5d592e93e1,1878.3769441887976,179.19894416368948,1.0,0.0,0.0,1.0,1.0,"(2, 2)","[p(2, 2)_cs(1.0)_ws(1.0)]_[p(5, 2)_cs(1.0)_ws(1.0)]"
1438,tomato,put down,Counter_32,Counter,32,put down tomato on counter,player_f49a5fda,encouraged_division_of_labor,60737b5d592e93e1,1932.784006855561,54.40706266676352,1.0,0.0,0.0,1.0,1.0,"(2, 2)","[p(2, 2)_cs(1.0)_ws(1.0)]_[p(5, 2)_cs(1.0)_ws(1.0)]"
1447,plate,pick up,Counter_32,Counter,32,pick up plate from counter,player_f49a5fda,encouraged_division_of_labor,60737b5d592e93e1,1932.784006855561,0.0,1.0,0.0,0.0,1.0,1.0,"(2, 2)","[p(2, 2)_cs(1.0)_ws(1.0)]_[p(5, 2)_cs(1.0)_ws(1.0)]"
1528,plate,put down,Dispenser_40,Dispenser,40,put down plate on dispenser,player_f49a5fda,encouraged_division_of_labor,60737b5d592e93e1,2038.7840068555643,106.00000000000318,1.0,0.0,0.0,1.0,1.0,"(2, 2)","[p(2, 2)_cs(1.0)_ws(1.0)]_[p(5, 2)_cs(1.0)_ws(1.0)]"
1528,tomato,pick up,Dispenser_40,Dispenser,40,pick up tomato from dispenser,player_f49a5fda,encouraged_division_of_labor,60737b5d592e93e1,2038.7840068555643,0.0,1.0,0.0,0.0,1.0,1.0,"(2, 2)","[p(2, 2)_cs(1.0)_ws(1.0)]_[p(5, 2)_cs(1.0)_ws(1.0)]"
1606,tomato,put down,Counter_32,Counter,32,put down tomato on counter,player_f49a5fda,encouraged_division_of_labor,60737b5d592e93e1,2097.784006855562,58.999999999997726,1.0,0.0,0.0,1.0,1.0,"(2, 2)","[p(2, 2)_cs(1.0)_ws(1.0)]_[p(5, 2)_cs(1.0)_ws(1.0)]"
1606,plate,pick up,Counter_32,Counter,32,pick up plate from counter,player_f49a5fda,encouraged_division_of_labor,60737b5d592e93e1,2097.784006855562,0.0,1.0,0.0,0.0,1.0,1.0,"(2, 2)","[p(2, 2)_cs(1.0)_ws(1.0)]_[p(5, 2)_cs(1.0)_ws(1.0)]"
1612,plate,put down,Counter_32,Counter,32,put down plate on counter,player_f49a5fda,encouraged_division_of_labor,60737b5d592e93e1,2097.784006855562,0.0,1.0,0.0,0.0,1.0,1.0,"(2, 2)","[p(2, 2)_cs(1.0)_ws(1.0)]_[p(5, 2)_cs(1.0)_ws(1.0)]"
1612,tomato,pick up,Counter_32,Counter,32,pick up tomato from counter,player_f49a5fda,encouraged_division_of_labor,60737b5d592e93e1,2097.784006855562,0.0,1.0,0.0,0.0,1.0,1.0,"(2, 2)","[p(2, 2)_cs(1.0)_ws(1.0)]_[p(5, 2)_cs(1.0)_ws(1.0)]"
1618,tomato,put down,Counter_32,Counter,32,put down tomato on counter,player_f49a5fda,encouraged_division_of_labor,60737b5d592e93e1,2097.784006855562,0.0,1.0,0.0,0.0,1.0,1.0,"(2, 2)","[p(2, 2)_cs(1.0)_ws(1.0)]_[p(5, 2)_cs(1.0)_ws(1.0)]"
1618,plate,pick up,Counter_32,Counter,32,pick up plate from counter,player_f49a5fda,encouraged_division_of_labor,60737b5d592e93e1,2097.784006855562,0.0,1.0,0.0,0.0,1.0,1.0,"(2, 2)","[p(2, 2)_cs(1.0)_ws(1.0)]_[p(5, 2)_cs(1.0)_ws(1.0)]"
1732,plate,assemble salad,Counter_32,Counter,32,assemble salad,player_f49a5fda,encouraged_division_of_labor,60737b5d592e93e1,2097.784006855562,0.0,1.0,0.0,0.0,1.0,1.0,"(2, 2)","[p(2, 2)_cs(1.0)_ws(1.0)]_[p(5, 2)_cs(1.0)_ws(1.0)]"
1851,plate,pick up,Counter_32,Counter,32,pick up plate from counter,player_f49a5fda,encouraged_division_of_labor,60737b5d592e93e1,2143.0388408514996,45.25483399593759,2.0,0.0,0.0,1.0,1.0,"(2, 2)","[p(2, 2)_cs(1.0)_ws(1.0)]_[p(5, 2)_cs(1.0)_ws(1.0)]"
1927,plate,put down,Counter_32,Counter,32,put down plate on counter,player_f49a5fda,encouraged_division_of_labor,60737b5d592e93e1,2297.899317173624,154.8604763221242,2.0,0.0,0.0,1.0,1.0,"(2, 2)","[p(2, 2)_cs(1.0)_ws(1.0)]_[p(5, 2)_cs(1.0)_ws(1.0)]"
1935,plate,pick up,Counter_32,Counter,32,pick up plate from counter,player_f49a5fda,encouraged_division_of_labor,60737b5d592e93e1,2297.899317173624,0.0,2.0,0.0,0.0,1.0,1.0,"(2, 2)","[p(2, 2)_cs(1.0)_ws(1.0)]_[p(5, 2)_cs(1.0)_ws(1.0)]"
2052,plate,assemble salad,Counter_32,Counter,32,assemble salad,player_f49a5fda,encouraged_division_of_labor,60737b5d592e93e1,2343.154151169562,45.25483399593804,2.0,0.0,0.0,1.0,1.0,"(2, 2)","[p(2, 2)_cs(1.0)_ws(1.0)]_[p(5, 2)_cs(1.0)_ws(1.0)]"
2098,tomato_salad,pick up,Counter_32,Counter,32,pick up tomato_salad from counter,player_f49a5fda,encouraged_division_of_labor,60737b5d592e93e1,2343.154151169562,0.0,2.0,0.0,0.0,1.0,1.0,"(2, 2)","[p(2, 2)_cs(1.0)_ws(1.0)]_[p(5, 2)_cs(1.0)_ws(1.0)]"
