{"agents": {"player_9f2e0e45": {"initial_state": {"agent_id": "player_9f2e0e45", "x": 40, "y": 40, "item": null, "url_params": {"gameType": ["tomatoSaladOnly"], "PROLIFIC_PID": ["669ed78c9c9a103bc2a0e5c5"], "map": ["baseline_division_of_labor"], "cutting_speed_p1": ["1"], "walking_speed_p1": ["1"], "cutting_speed_p2": ["1"], "walking_speed_p2": ["1"], "slot_x_p1": ["2"], "slot_y_p1": ["2"], "slot_x_p2": ["5"], "slot_y_p2": ["2"], "EIO": ["4"], "transport": ["polling"], "t": ["PZuF0yi"]}, "cut_speed": 1.0, "walk_speed": 30.0, "player_nr": 1}, "player_score": 5.0, "total_actions": 50, "first_action_tick": 91, "last_action_tick": 2082}, "player_fb16c91d": {"initial_state": {"agent_id": "player_fb16c91d", "x": 88, "y": 40, "item": null, "url_params": {"gameType": ["tomatoSaladOnly"], "PROLIFIC_PID": ["56c3cf0511e0940006d43f99"], "map": ["baseline_division_of_labor"], "cutting_speed_p1": ["1"], "walking_speed_p1": ["1"], "cutting_speed_p2": ["1"], "walking_speed_p2": ["1"], "slot_x_p1": ["2"], "slot_y_p1": ["2"], "slot_x_p2": ["5"], "slot_y_p2": ["2"], "EIO": ["4"], "transport": ["polling"], "t": ["PZuF17d"]}, "cut_speed": 1.0, "walk_speed": 30.0, "player_nr": 2}, "player_score": 5.0, "total_actions": 57, "first_action_tick": 54, "last_action_tick": 2152}}, "map_name": "baseline_division_of_labor", "final_score": 10.0}