tick,item,action,target,target_type,target_position,action_long,player_id,map_name,game_id,distance_walked,distance_walked_since_last_action,overall_score,player_score_change,player_score,walking_speed,cutting_speed,start_pos,condition
54,tomato,pick up,Dispenser_50,Dispenser,50,pick up tomato from dispenser,player_fb16c91d,baseline_division_of_labor,e64d527733b8214b,16.0,0.0,0.0,0.0,0.0,1.0,1.0,"(5, 2)","[p(2, 2)_cs(1.0)_ws(1.0)]_[p(5, 2)_cs(1.0)_ws(1.0)]"
106,tomato,start cutting,CuttingBoard_20,CuttingBoard,20,start cutting tomato,player_fb16c91d,baseline_division_of_labor,e64d527733b8214b,64.0,48.0,0.0,0.0,0.0,1.0,1.0,"(5, 2)","[p(2, 2)_cs(1.0)_ws(1.0)]_[p(5, 2)_cs(1.0)_ws(1.0)]"
177,plate,pick up,Dispenser_71,Dispenser,71,pick up plate from dispenser,player_fb16c91d,baseline_division_of_labor,e64d527733b8214b,128.0,64.0,0.0,0.0,0.0,1.0,1.0,"(5, 2)","[p(2, 2)_cs(1.0)_ws(1.0)]_[p(5, 2)_cs(1.0)_ws(1.0)]"
217,plate,put down,Counter_33,Counter,33,put down plate on counter,player_fb16c91d,baseline_division_of_labor,e64d527733b8214b,173.25483399593912,45.25483399593912,0.0,0.0,0.0,1.0,1.0,"(5, 2)","[p(2, 2)_cs(1.0)_ws(1.0)]_[p(5, 2)_cs(1.0)_ws(1.0)]"
258,tomato_cut,pick up,CuttingBoard_20,CuttingBoard,20,pick up tomato_cut from cuttingboard,player_fb16c91d,baseline_division_of_labor,e64d527733b8214b,227.423220824572,54.16838682863289,0.0,0.0,0.0,1.0,1.0,"(5, 2)","[p(2, 2)_cs(1.0)_ws(1.0)]_[p(5, 2)_cs(1.0)_ws(1.0)]"
278,tomato_cut,assemble salad,Counter_32,Counter,32,assemble salad,player_fb16c91d,baseline_division_of_labor,e64d527733b8214b,243.423220824572,16.0,0.0,0.0,0.0,1.0,1.0,"(5, 2)","[p(2, 2)_cs(1.0)_ws(1.0)]_[p(5, 2)_cs(1.0)_ws(1.0)]"
314,plate,pick up,Dispenser_60,Dispenser,60,pick up plate from dispenser,player_fb16c91d,baseline_division_of_labor,e64d527733b8214b,291.423220824572,48.0,0.0,0.0,0.0,1.0,1.0,"(5, 2)","[p(2, 2)_cs(1.0)_ws(1.0)]_[p(5, 2)_cs(1.0)_ws(1.0)]"
349,plate,put down,Counter_34,Counter,34,put down plate on counter,player_fb16c91d,baseline_division_of_labor,e64d527733b8214b,352.3394077271105,60.91618690253847,0.0,0.0,0.0,1.0,1.0,"(5, 2)","[p(2, 2)_cs(1.0)_ws(1.0)]_[p(5, 2)_cs(1.0)_ws(1.0)]"
389,tomato,pick up,Dispenser_40,Dispenser,40,pick up tomato from dispenser,player_fb16c91d,baseline_division_of_labor,e64d527733b8214b,400.33940772711094,48.000000000000455,0.0,0.0,0.0,1.0,1.0,"(5, 2)","[p(2, 2)_cs(1.0)_ws(1.0)]_[p(5, 2)_cs(1.0)_ws(1.0)]"
417,tomato,start cutting,CuttingBoard_20,CuttingBoard,20,start cutting tomato,player_fb16c91d,baseline_division_of_labor,e64d527733b8214b,432.33940772711117,32.00000000000023,1.0,0.0,0.0,1.0,1.0,"(5, 2)","[p(2, 2)_cs(1.0)_ws(1.0)]_[p(5, 2)_cs(1.0)_ws(1.0)]"
469,tomato_salad,pick up,Counter_32,Counter,32,pick up tomato_salad from counter,player_fb16c91d,baseline_division_of_labor,e64d527733b8214b,448.33940772711134,16.00000000000017,1.0,0.0,0.0,1.0,1.0,"(5, 2)","[p(2, 2)_cs(1.0)_ws(1.0)]_[p(5, 2)_cs(1.0)_ws(1.0)]"
505,tomato_salad,deliver,Delivery_63,Delivery,63,deliver tomato_salad,player_fb16c91d,baseline_division_of_labor,e64d527733b8214b,493.59424172305023,45.254833995938895,2.0,1.0,1.0,1.0,1.0,"(5, 2)","[p(2, 2)_cs(1.0)_ws(1.0)]_[p(5, 2)_cs(1.0)_ws(1.0)]"
552,tomato_cut,pick up,CuttingBoard_20,CuttingBoard,20,pick up tomato_cut from cuttingboard,player_fb16c91d,baseline_division_of_labor,e64d527733b8214b,554.7612762257172,61.16703450266698,2.0,0.0,1.0,1.0,1.0,"(5, 2)","[p(2, 2)_cs(1.0)_ws(1.0)]_[p(5, 2)_cs(1.0)_ws(1.0)]"
581,tomato_cut,assemble salad,Counter_33,Counter,33,assemble salad,player_fb16c91d,baseline_division_of_labor,e64d527733b8214b,586.7612762257176,32.00000000000034,2.0,0.0,1.0,1.0,1.0,"(5, 2)","[p(2, 2)_cs(1.0)_ws(1.0)]_[p(5, 2)_cs(1.0)_ws(1.0)]"
656,plate,pick up,Dispenser_60,Dispenser,60,pick up plate from dispenser,player_fb16c91d,baseline_division_of_labor,e64d527733b8214b,681.1553654139376,94.39408918822005,2.0,0.0,1.0,1.0,1.0,"(5, 2)","[p(2, 2)_cs(1.0)_ws(1.0)]_[p(5, 2)_cs(1.0)_ws(1.0)]"
685,plate,put down,Counter_32,Counter,32,put down plate on counter,player_fb16c91d,baseline_division_of_labor,e64d527733b8214b,719.5624280807024,38.40706266676477,2.0,0.0,1.0,1.0,1.0,"(5, 2)","[p(2, 2)_cs(1.0)_ws(1.0)]_[p(5, 2)_cs(1.0)_ws(1.0)]"
704,tomato_salad,pick up,Counter_33,Counter,33,pick up tomato_salad from counter,player_fb16c91d,baseline_division_of_labor,e64d527733b8214b,735.5624280807026,16.000000000000227,2.0,0.0,1.0,1.0,1.0,"(5, 2)","[p(2, 2)_cs(1.0)_ws(1.0)]_[p(5, 2)_cs(1.0)_ws(1.0)]"
722,tomato_salad,deliver,Delivery_63,Delivery,63,deliver tomato_salad,player_fb16c91d,baseline_division_of_labor,e64d527733b8214b,751.5624280807026,16.0,3.0,1.0,2.0,1.0,1.0,"(5, 2)","[p(2, 2)_cs(1.0)_ws(1.0)]_[p(5, 2)_cs(1.0)_ws(1.0)]"
758,plate,pick up,Dispenser_60,Dispenser,60,pick up plate from dispenser,player_fb16c91d,baseline_division_of_labor,e64d527733b8214b,789.9736879207288,38.41125984002622,3.0,0.0,2.0,1.0,1.0,"(5, 2)","[p(2, 2)_cs(1.0)_ws(1.0)]_[p(5, 2)_cs(1.0)_ws(1.0)]"
791,plate,put down,Counter_33,Counter,33,put down plate on counter,player_fb16c91d,baseline_division_of_labor,e64d527733b8214b,835.2285219166685,45.254833995939634,4.0,0.0,2.0,1.0,1.0,"(5, 2)","[p(2, 2)_cs(1.0)_ws(1.0)]_[p(5, 2)_cs(1.0)_ws(1.0)]"
823,tomato,pick up,Dispenser_50,Dispenser,50,pick up tomato from dispenser,player_fb16c91d,baseline_division_of_labor,e64d527733b8214b,873.6397817566947,38.41125984002622,4.0,0.0,2.0,1.0,1.0,"(5, 2)","[p(2, 2)_cs(1.0)_ws(1.0)]_[p(5, 2)_cs(1.0)_ws(1.0)]"
871,tomato,start cutting,CuttingBoard_20,CuttingBoard,20,start cutting tomato,player_fb16c91d,baseline_division_of_labor,e64d527733b8214b,921.6397817566949,48.00000000000023,4.0,0.0,2.0,1.0,1.0,"(5, 2)","[p(2, 2)_cs(1.0)_ws(1.0)]_[p(5, 2)_cs(1.0)_ws(1.0)]"
924,tomato_cut,pick up,CuttingBoard_20,CuttingBoard,20,pick up tomato_cut from cuttingboard,player_fb16c91d,baseline_division_of_labor,e64d527733b8214b,921.6397817566949,0.0,4.0,0.0,2.0,1.0,1.0,"(5, 2)","[p(2, 2)_cs(1.0)_ws(1.0)]_[p(5, 2)_cs(1.0)_ws(1.0)]"
943,tomato_cut,assemble salad,Counter_32,Counter,32,assemble salad,player_fb16c91d,baseline_division_of_labor,e64d527733b8214b,937.6397817566951,16.000000000000227,4.0,0.0,2.0,1.0,1.0,"(5, 2)","[p(2, 2)_cs(1.0)_ws(1.0)]_[p(5, 2)_cs(1.0)_ws(1.0)]"
959,tomato_salad,pick up,Counter_32,Counter,32,pick up tomato_salad from counter,player_fb16c91d,baseline_division_of_labor,e64d527733b8214b,937.6397817566951,0.0,4.0,0.0,2.0,1.0,1.0,"(5, 2)","[p(2, 2)_cs(1.0)_ws(1.0)]_[p(5, 2)_cs(1.0)_ws(1.0)]"
985,tomato_salad,deliver,Delivery_63,Delivery,63,deliver tomato_salad,player_fb16c91d,baseline_division_of_labor,e64d527733b8214b,982.8946157526348,45.254833995939634,5.0,1.0,3.0,1.0,1.0,"(5, 2)","[p(2, 2)_cs(1.0)_ws(1.0)]_[p(5, 2)_cs(1.0)_ws(1.0)]"
1030,plate,pick up,Dispenser_60,Dispenser,60,pick up plate from dispenser,player_fb16c91d,baseline_division_of_labor,e64d527733b8214b,1021.305875592661,38.41125984002622,5.0,0.0,3.0,1.0,1.0,"(5, 2)","[p(2, 2)_cs(1.0)_ws(1.0)]_[p(5, 2)_cs(1.0)_ws(1.0)]"
1065,plate,put down,Counter_32,Counter,32,put down plate on counter,player_fb16c91d,baseline_division_of_labor,e64d527733b8214b,1059.7129382594253,38.40706266676432,5.0,0.0,3.0,1.0,1.0,"(5, 2)","[p(2, 2)_cs(1.0)_ws(1.0)]_[p(5, 2)_cs(1.0)_ws(1.0)]"
1129,tomato,pick up,Dispenser_40,Dispenser,40,pick up tomato from dispenser,player_fb16c91d,baseline_division_of_labor,e64d527733b8214b,1130.2198649843203,70.50692672489504,5.0,0.0,3.0,1.0,1.0,"(5, 2)","[p(2, 2)_cs(1.0)_ws(1.0)]_[p(5, 2)_cs(1.0)_ws(1.0)]"
1161,tomato,start cutting,CuttingBoard_20,CuttingBoard,20,start cutting tomato,player_fb16c91d,baseline_division_of_labor,e64d527733b8214b,1162.2198649843194,31.99999999999909,6.0,0.0,3.0,1.0,1.0,"(5, 2)","[p(2, 2)_cs(1.0)_ws(1.0)]_[p(5, 2)_cs(1.0)_ws(1.0)]"
1222,tomato_cut,pick up,CuttingBoard_20,CuttingBoard,20,pick up tomato_cut from cuttingboard,player_fb16c91d,baseline_division_of_labor,e64d527733b8214b,1162.2198649843194,0.0,6.0,0.0,3.0,1.0,1.0,"(5, 2)","[p(2, 2)_cs(1.0)_ws(1.0)]_[p(5, 2)_cs(1.0)_ws(1.0)]"
1237,tomato_cut,assemble salad,Counter_32,Counter,32,assemble salad,player_fb16c91d,baseline_division_of_labor,e64d527733b8214b,1178.219864984319,15.999999999999545,6.0,0.0,3.0,1.0,1.0,"(5, 2)","[p(2, 2)_cs(1.0)_ws(1.0)]_[p(5, 2)_cs(1.0)_ws(1.0)]"
1265,tomato,pick up,Dispenser_50,Dispenser,50,pick up tomato from dispenser,player_fb16c91d,baseline_division_of_labor,e64d527733b8214b,1210.219864984318,31.99999999999909,6.0,0.0,3.0,1.0,1.0,"(5, 2)","[p(2, 2)_cs(1.0)_ws(1.0)]_[p(5, 2)_cs(1.0)_ws(1.0)]"
1324,tomato,start cutting,CuttingBoard_20,CuttingBoard,20,start cutting tomato,player_fb16c91d,baseline_division_of_labor,e64d527733b8214b,1258.2198649843162,47.99999999999818,6.0,0.0,3.0,1.0,1.0,"(5, 2)","[p(2, 2)_cs(1.0)_ws(1.0)]_[p(5, 2)_cs(1.0)_ws(1.0)]"
1380,tomato_cut,pick up,CuttingBoard_20,CuttingBoard,20,pick up tomato_cut from cuttingboard,player_fb16c91d,baseline_division_of_labor,e64d527733b8214b,1258.2198649843162,0.0,7.0,0.0,3.0,1.0,1.0,"(5, 2)","[p(2, 2)_cs(1.0)_ws(1.0)]_[p(5, 2)_cs(1.0)_ws(1.0)]"
1400,tomato_cut,assemble salad,Counter_33,Counter,33,assemble salad,player_fb16c91d,baseline_division_of_labor,e64d527733b8214b,1290.2198649843153,31.99999999999909,7.0,0.0,3.0,1.0,1.0,"(5, 2)","[p(2, 2)_cs(1.0)_ws(1.0)]_[p(5, 2)_cs(1.0)_ws(1.0)]"
1441,tomato,pick up,Dispenser_40,Dispenser,40,pick up tomato from dispenser,player_fb16c91d,baseline_division_of_labor,e64d527733b8214b,1344.3882518129476,54.168386828632265,7.0,0.0,3.0,1.0,1.0,"(5, 2)","[p(2, 2)_cs(1.0)_ws(1.0)]_[p(5, 2)_cs(1.0)_ws(1.0)]"
1474,tomato,start cutting,CuttingBoard_20,CuttingBoard,20,start cutting tomato,player_fb16c91d,baseline_division_of_labor,e64d527733b8214b,1376.3882518129467,31.99999999999909,7.0,0.0,3.0,1.0,1.0,"(5, 2)","[p(2, 2)_cs(1.0)_ws(1.0)]_[p(5, 2)_cs(1.0)_ws(1.0)]"
1564,tomato_cut,pick up,CuttingBoard_20,CuttingBoard,20,pick up tomato_cut from cuttingboard,player_fb16c91d,baseline_division_of_labor,e64d527733b8214b,1408.3882518129458,31.99999999999909,7.0,0.0,3.0,1.0,1.0,"(5, 2)","[p(2, 2)_cs(1.0)_ws(1.0)]_[p(5, 2)_cs(1.0)_ws(1.0)]"
1576,tomato_cut,assemble salad,Counter_32,Counter,32,assemble salad,player_fb16c91d,baseline_division_of_labor,e64d527733b8214b,1424.3882518129453,15.999999999999545,7.0,0.0,3.0,1.0,1.0,"(5, 2)","[p(2, 2)_cs(1.0)_ws(1.0)]_[p(5, 2)_cs(1.0)_ws(1.0)]"
1596,tomato_salad,pick up,Counter_32,Counter,32,pick up tomato_salad from counter,player_fb16c91d,baseline_division_of_labor,e64d527733b8214b,1424.3882518129453,0.0,7.0,0.0,3.0,1.0,1.0,"(5, 2)","[p(2, 2)_cs(1.0)_ws(1.0)]_[p(5, 2)_cs(1.0)_ws(1.0)]"
1630,tomato_salad,deliver,Delivery_63,Delivery,63,deliver tomato_salad,player_fb16c91d,baseline_division_of_labor,e64d527733b8214b,1469.6430858088834,45.25483399593804,8.0,1.0,4.0,1.0,1.0,"(5, 2)","[p(2, 2)_cs(1.0)_ws(1.0)]_[p(5, 2)_cs(1.0)_ws(1.0)]"
1668,plate,pick up,Dispenser_60,Dispenser,60,pick up plate from dispenser,player_fb16c91d,baseline_division_of_labor,e64d527733b8214b,1508.054345648909,38.41125984002565,9.0,0.0,4.0,1.0,1.0,"(5, 2)","[p(2, 2)_cs(1.0)_ws(1.0)]_[p(5, 2)_cs(1.0)_ws(1.0)]"
1698,plate,put down,Counter_32,Counter,32,put down plate on counter,player_fb16c91d,baseline_division_of_labor,e64d527733b8214b,1546.461408315673,38.40706266676398,9.0,0.0,4.0,1.0,1.0,"(5, 2)","[p(2, 2)_cs(1.0)_ws(1.0)]_[p(5, 2)_cs(1.0)_ws(1.0)]"
1729,plate,pick up,Dispenser_60,Dispenser,60,pick up plate from dispenser,player_fb16c91d,baseline_division_of_labor,e64d527733b8214b,1584.8684709824367,38.40706266676375,9.0,0.0,4.0,1.0,1.0,"(5, 2)","[p(2, 2)_cs(1.0)_ws(1.0)]_[p(5, 2)_cs(1.0)_ws(1.0)]"
1780,plate,put down,Dispenser_50,Dispenser,50,put down plate on dispenser,player_fb16c91d,baseline_division_of_labor,e64d527733b8214b,1684.1123921215024,99.2439211390656,9.0,0.0,4.0,1.0,1.0,"(5, 2)","[p(2, 2)_cs(1.0)_ws(1.0)]_[p(5, 2)_cs(1.0)_ws(1.0)]"
1780,tomato,pick up,Dispenser_50,Dispenser,50,pick up tomato from dispenser,player_fb16c91d,baseline_division_of_labor,e64d527733b8214b,1684.1123921215024,0.0,9.0,0.0,4.0,1.0,1.0,"(5, 2)","[p(2, 2)_cs(1.0)_ws(1.0)]_[p(5, 2)_cs(1.0)_ws(1.0)]"
1830,tomato,put down,CuttingBoard_20,CuttingBoard,20,put down tomato on cuttingboard,player_fb16c91d,baseline_division_of_labor,e64d527733b8214b,1732.1123921215008,47.99999999999841,9.0,0.0,4.0,1.0,1.0,"(5, 2)","[p(2, 2)_cs(1.0)_ws(1.0)]_[p(5, 2)_cs(1.0)_ws(1.0)]"
1830,tomato_cut,pick up,CuttingBoard_20,CuttingBoard,20,pick up tomato_cut from cuttingboard,player_fb16c91d,baseline_division_of_labor,e64d527733b8214b,1732.1123921215008,0.0,9.0,0.0,4.0,1.0,1.0,"(5, 2)","[p(2, 2)_cs(1.0)_ws(1.0)]_[p(5, 2)_cs(1.0)_ws(1.0)]"
1910,tomato_cut,assemble salad,Counter_32,Counter,32,assemble salad,player_fb16c91d,baseline_division_of_labor,e64d527733b8214b,1748.1123921215003,15.999999999999545,9.0,0.0,4.0,1.0,1.0,"(5, 2)","[p(2, 2)_cs(1.0)_ws(1.0)]_[p(5, 2)_cs(1.0)_ws(1.0)]"
1924,tomato_salad,pick up,Counter_32,Counter,32,pick up tomato_salad from counter,player_fb16c91d,baseline_division_of_labor,e64d527733b8214b,1748.1123921215003,0.0,9.0,0.0,4.0,1.0,1.0,"(5, 2)","[p(2, 2)_cs(1.0)_ws(1.0)]_[p(5, 2)_cs(1.0)_ws(1.0)]"
1954,tomato_salad,deliver,Delivery_63,Delivery,63,deliver tomato_salad,player_fb16c91d,baseline_division_of_labor,e64d527733b8214b,1793.3672261174383,45.25483399593804,10.0,1.0,5.0,1.0,1.0,"(5, 2)","[p(2, 2)_cs(1.0)_ws(1.0)]_[p(5, 2)_cs(1.0)_ws(1.0)]"
1995,tomato,pick up,Dispenser_50,Dispenser,50,pick up tomato from dispenser,player_fb16c91d,baseline_division_of_labor,e64d527733b8214b,1825.3672261174374,31.99999999999909,10.0,0.0,5.0,1.0,1.0,"(5, 2)","[p(2, 2)_cs(1.0)_ws(1.0)]_[p(5, 2)_cs(1.0)_ws(1.0)]"
2019,tomato,put down,Counter_32,Counter,32,put down tomato on counter,player_fb16c91d,baseline_division_of_labor,e64d527733b8214b,1847.9946431154065,22.62741699796902,10.0,0.0,5.0,1.0,1.0,"(5, 2)","[p(2, 2)_cs(1.0)_ws(1.0)]_[p(5, 2)_cs(1.0)_ws(1.0)]"
2053,tomato,pick up,Counter_32,Counter,32,pick up tomato from counter,player_fb16c91d,baseline_division_of_labor,e64d527733b8214b,1915.4068414676212,67.41219835221477,10.0,0.0,5.0,1.0,1.0,"(5, 2)","[p(2, 2)_cs(1.0)_ws(1.0)]_[p(5, 2)_cs(1.0)_ws(1.0)]"
2080,tomato,start cutting,CuttingBoard_10,CuttingBoard,10,start cutting tomato,player_fb16c91d,baseline_division_of_labor,e64d527733b8214b,1947.4068414676203,31.99999999999909,10.0,0.0,5.0,1.0,1.0,"(5, 2)","[p(2, 2)_cs(1.0)_ws(1.0)]_[p(5, 2)_cs(1.0)_ws(1.0)]"
2152,tomato,pick up,Dispenser_40,Dispenser,40,pick up tomato from dispenser,player_fb16c91d,baseline_division_of_labor,e64d527733b8214b,1995.4068414676185,47.99999999999818,10.0,0.0,5.0,1.0,1.0,"(5, 2)","[p(2, 2)_cs(1.0)_ws(1.0)]_[p(5, 2)_cs(1.0)_ws(1.0)]"
