tick,item,action,target,target_type,target_position,action_long,player_id,map_name,game_id,distance_walked,distance_walked_since_last_action,overall_score,player_score_change,player_score,walking_speed,cutting_speed,start_pos,condition
91,plate,pick up,Dispenser_60,Dispenser,60,pick up plate from dispenser,player_9f2e0e45,baseline_division_of_labor,e64d527733b8214b,70.50687227351878,0.0,0.0,0.0,0.0,1.0,1.0,"(2, 2)","[p(2, 2)_cs(1.0)_ws(1.0)]_[p(5, 2)_cs(1.0)_ws(1.0)]"
156,plate,put down,Counter_32,Counter,32,put down plate on counter,player_9f2e0e45,baseline_division_of_labor,e64d527733b8214b,108.91393494028378,38.407062666765,0.0,0.0,0.0,1.0,1.0,"(2, 2)","[p(2, 2)_cs(1.0)_ws(1.0)]_[p(5, 2)_cs(1.0)_ws(1.0)]"
189,tomato,pick up,Dispenser_40,Dispenser,40,pick up tomato from dispenser,player_9f2e0e45,baseline_division_of_labor,e64d527733b8214b,124.91393494028378,16.0,0.0,0.0,0.0,1.0,1.0,"(2, 2)","[p(2, 2)_cs(1.0)_ws(1.0)]_[p(5, 2)_cs(1.0)_ws(1.0)]"
229,tomato,start cutting,CuttingBoard_10,CuttingBoard,10,start cutting tomato,player_9f2e0e45,baseline_division_of_labor,e64d527733b8214b,172.91393494028378,48.0,0.0,0.0,0.0,1.0,1.0,"(2, 2)","[p(2, 2)_cs(1.0)_ws(1.0)]_[p(5, 2)_cs(1.0)_ws(1.0)]"
286,tomato_cut,pick up,CuttingBoard_10,CuttingBoard,10,pick up tomato_cut from cuttingboard,player_9f2e0e45,baseline_division_of_labor,e64d527733b8214b,172.91393494028378,0.0,0.0,0.0,0.0,1.0,1.0,"(2, 2)","[p(2, 2)_cs(1.0)_ws(1.0)]_[p(5, 2)_cs(1.0)_ws(1.0)]"
312,tomato_cut,assemble salad,Counter_33,Counter,33,assemble salad,player_9f2e0e45,baseline_division_of_labor,e64d527733b8214b,211.3251947803098,38.41125984002602,0.0,0.0,0.0,1.0,1.0,"(2, 2)","[p(2, 2)_cs(1.0)_ws(1.0)]_[p(5, 2)_cs(1.0)_ws(1.0)]"
347,tomato_salad,pick up,Counter_33,Counter,33,pick up tomato_salad from counter,player_9f2e0e45,baseline_division_of_labor,e64d527733b8214b,211.3251947803098,0.0,0.0,0.0,0.0,1.0,1.0,"(2, 2)","[p(2, 2)_cs(1.0)_ws(1.0)]_[p(5, 2)_cs(1.0)_ws(1.0)]"
399,tomato_salad,deliver,Delivery_63,Delivery,63,deliver tomato_salad,player_9f2e0e45,baseline_division_of_labor,e64d527733b8214b,294.0986525710776,82.7734577907678,1.0,1.0,1.0,1.0,1.0,"(2, 2)","[p(2, 2)_cs(1.0)_ws(1.0)]_[p(5, 2)_cs(1.0)_ws(1.0)]"
455,plate,pick up,Dispenser_71,Dispenser,71,pick up plate from dispenser,player_9f2e0e45,baseline_division_of_labor,e64d527733b8214b,332.5099124111037,38.411259840026105,1.0,0.0,1.0,1.0,1.0,"(2, 2)","[p(2, 2)_cs(1.0)_ws(1.0)]_[p(5, 2)_cs(1.0)_ws(1.0)]"
488,plate,put down,Counter_33,Counter,33,put down plate on counter,player_9f2e0e45,baseline_division_of_labor,e64d527733b8214b,377.76474640704265,45.25483399593895,1.0,0.0,1.0,1.0,1.0,"(2, 2)","[p(2, 2)_cs(1.0)_ws(1.0)]_[p(5, 2)_cs(1.0)_ws(1.0)]"
537,tomato,pick up,Dispenser_40,Dispenser,40,pick up tomato from dispenser,player_9f2e0e45,baseline_division_of_labor,e64d527733b8214b,409.76474640704294,32.000000000000284,2.0,0.0,1.0,1.0,1.0,"(2, 2)","[p(2, 2)_cs(1.0)_ws(1.0)]_[p(5, 2)_cs(1.0)_ws(1.0)]"
574,tomato,start cutting,CuttingBoard_10,CuttingBoard,10,start cutting tomato,player_9f2e0e45,baseline_division_of_labor,e64d527733b8214b,457.7647464070434,48.000000000000455,2.0,0.0,1.0,1.0,1.0,"(2, 2)","[p(2, 2)_cs(1.0)_ws(1.0)]_[p(5, 2)_cs(1.0)_ws(1.0)]"
635,tomato_cut,pick up,CuttingBoard_10,CuttingBoard,10,pick up tomato_cut from cuttingboard,player_9f2e0e45,baseline_division_of_labor,e64d527733b8214b,457.7647464070434,0.0,2.0,0.0,1.0,1.0,1.0,"(2, 2)","[p(2, 2)_cs(1.0)_ws(1.0)]_[p(5, 2)_cs(1.0)_ws(1.0)]"
675,tomato_cut,assemble salad,Counter_34,Counter,34,assemble salad,player_9f2e0e45,baseline_division_of_labor,e64d527733b8214b,512.1945038813159,54.42975747427249,2.0,0.0,1.0,1.0,1.0,"(2, 2)","[p(2, 2)_cs(1.0)_ws(1.0)]_[p(5, 2)_cs(1.0)_ws(1.0)]"
691,tomato_salad,pick up,Counter_34,Counter,34,pick up tomato_salad from counter,player_9f2e0e45,baseline_division_of_labor,e64d527733b8214b,512.1945038813159,0.0,2.0,0.0,1.0,1.0,1.0,"(2, 2)","[p(2, 2)_cs(1.0)_ws(1.0)]_[p(5, 2)_cs(1.0)_ws(1.0)]"
782,tomato_salad,deliver,Delivery_64,Delivery,64,deliver tomato_salad,player_9f2e0e45,baseline_division_of_labor,e64d527733b8214b,594.969943384661,82.77543950334507,4.0,1.0,2.0,1.0,1.0,"(2, 2)","[p(2, 2)_cs(1.0)_ws(1.0)]_[p(5, 2)_cs(1.0)_ws(1.0)]"
830,tomato,pick up,Dispenser_50,Dispenser,50,pick up tomato from dispenser,player_9f2e0e45,baseline_division_of_labor,e64d527733b8214b,642.9699433846614,48.000000000000455,4.0,0.0,2.0,1.0,1.0,"(2, 2)","[p(2, 2)_cs(1.0)_ws(1.0)]_[p(5, 2)_cs(1.0)_ws(1.0)]"
874,tomato,start cutting,CuttingBoard_10,CuttingBoard,10,start cutting tomato,player_9f2e0e45,baseline_division_of_labor,e64d527733b8214b,706.9699433846617,64.00000000000034,4.0,0.0,2.0,1.0,1.0,"(2, 2)","[p(2, 2)_cs(1.0)_ws(1.0)]_[p(5, 2)_cs(1.0)_ws(1.0)]"
918,plate,pick up,Counter_33,Counter,33,pick up plate from counter,player_9f2e0e45,baseline_division_of_labor,e64d527733b8214b,745.3812032246877,38.41125984002599,4.0,0.0,2.0,1.0,1.0,"(2, 2)","[p(2, 2)_cs(1.0)_ws(1.0)]_[p(5, 2)_cs(1.0)_ws(1.0)]"
939,plate,put down,Counter_33,Counter,33,put down plate on counter,player_9f2e0e45,baseline_division_of_labor,e64d527733b8214b,745.3812032246877,0.0,4.0,0.0,2.0,1.0,1.0,"(2, 2)","[p(2, 2)_cs(1.0)_ws(1.0)]_[p(5, 2)_cs(1.0)_ws(1.0)]"
949,plate,pick up,Counter_33,Counter,33,pick up plate from counter,player_9f2e0e45,baseline_division_of_labor,e64d527733b8214b,745.3812032246877,0.0,4.0,0.0,2.0,1.0,1.0,"(2, 2)","[p(2, 2)_cs(1.0)_ws(1.0)]_[p(5, 2)_cs(1.0)_ws(1.0)]"
968,plate,put down,Counter_33,Counter,33,put down plate on counter,player_9f2e0e45,baseline_division_of_labor,e64d527733b8214b,745.3812032246877,0.0,4.0,0.0,2.0,1.0,1.0,"(2, 2)","[p(2, 2)_cs(1.0)_ws(1.0)]_[p(5, 2)_cs(1.0)_ws(1.0)]"
1030,tomato_cut,pick up,CuttingBoard_10,CuttingBoard,10,pick up tomato_cut from cuttingboard,player_9f2e0e45,baseline_division_of_labor,e64d527733b8214b,783.7924630647137,38.41125984002599,5.0,0.0,2.0,1.0,1.0,"(2, 2)","[p(2, 2)_cs(1.0)_ws(1.0)]_[p(5, 2)_cs(1.0)_ws(1.0)]"
1065,tomato_cut,assemble salad,Counter_33,Counter,33,assemble salad,player_9f2e0e45,baseline_division_of_labor,e64d527733b8214b,822.2037229047397,38.41125984002599,5.0,0.0,2.0,1.0,1.0,"(2, 2)","[p(2, 2)_cs(1.0)_ws(1.0)]_[p(5, 2)_cs(1.0)_ws(1.0)]"
1083,tomato_salad,pick up,Counter_33,Counter,33,pick up tomato_salad from counter,player_9f2e0e45,baseline_division_of_labor,e64d527733b8214b,822.2037229047397,0.0,5.0,0.0,2.0,1.0,1.0,"(2, 2)","[p(2, 2)_cs(1.0)_ws(1.0)]_[p(5, 2)_cs(1.0)_ws(1.0)]"
1134,tomato_salad,deliver,Delivery_63,Delivery,63,deliver tomato_salad,player_9f2e0e45,baseline_division_of_labor,e64d527733b8214b,904.9771806955077,82.77345779076802,6.0,1.0,3.0,1.0,1.0,"(2, 2)","[p(2, 2)_cs(1.0)_ws(1.0)]_[p(5, 2)_cs(1.0)_ws(1.0)]"
1244,plate,pick up,Dispenser_60,Dispenser,60,pick up plate from dispenser,player_9f2e0e45,baseline_division_of_labor,e64d527733b8214b,991.7456976073406,86.76851691183288,6.0,0.0,3.0,1.0,1.0,"(2, 2)","[p(2, 2)_cs(1.0)_ws(1.0)]_[p(5, 2)_cs(1.0)_ws(1.0)]"
1278,plate,put down,Counter_33,Counter,33,put down plate on counter,player_9f2e0e45,baseline_division_of_labor,e64d527733b8214b,1037.0005316032796,45.25483399593895,6.0,0.0,3.0,1.0,1.0,"(2, 2)","[p(2, 2)_cs(1.0)_ws(1.0)]_[p(5, 2)_cs(1.0)_ws(1.0)]"
1301,tomato_salad,pick up,Counter_32,Counter,32,pick up tomato_salad from counter,player_9f2e0e45,baseline_division_of_labor,e64d527733b8214b,1053.0005316032791,15.999999999999545,6.0,0.0,3.0,1.0,1.0,"(2, 2)","[p(2, 2)_cs(1.0)_ws(1.0)]_[p(5, 2)_cs(1.0)_ws(1.0)]"
1326,tomato_salad,deliver,Delivery_63,Delivery,63,deliver tomato_salad,player_9f2e0e45,baseline_division_of_labor,e64d527733b8214b,1075.6279486012481,22.62741699796902,7.0,1.0,4.0,1.0,1.0,"(2, 2)","[p(2, 2)_cs(1.0)_ws(1.0)]_[p(5, 2)_cs(1.0)_ws(1.0)]"
1363,plate,pick up,Dispenser_71,Dispenser,71,pick up plate from dispenser,player_9f2e0e45,baseline_division_of_labor,e64d527733b8214b,1114.0392084412738,38.41125984002565,7.0,0.0,4.0,1.0,1.0,"(2, 2)","[p(2, 2)_cs(1.0)_ws(1.0)]_[p(5, 2)_cs(1.0)_ws(1.0)]"
1395,plate,put down,Counter_32,Counter,32,put down plate on counter,player_9f2e0e45,baseline_division_of_labor,e64d527733b8214b,1152.4462711080378,38.40706266676398,7.0,0.0,4.0,1.0,1.0,"(2, 2)","[p(2, 2)_cs(1.0)_ws(1.0)]_[p(5, 2)_cs(1.0)_ws(1.0)]"
1428,tomato,pick up,Dispenser_50,Dispenser,50,pick up tomato from dispenser,player_9f2e0e45,baseline_division_of_labor,e64d527733b8214b,1175.0736881060068,22.62741699796902,7.0,0.0,4.0,1.0,1.0,"(2, 2)","[p(2, 2)_cs(1.0)_ws(1.0)]_[p(5, 2)_cs(1.0)_ws(1.0)]"
1507,tomato,put down,Counter_33,Counter,33,put down tomato on counter,player_9f2e0e45,baseline_division_of_labor,e64d527733b8214b,1255.0736881060043,79.9999999999975,7.0,0.0,4.0,1.0,1.0,"(2, 2)","[p(2, 2)_cs(1.0)_ws(1.0)]_[p(5, 2)_cs(1.0)_ws(1.0)]"
1507,tomato_salad,pick up,Counter_33,Counter,33,pick up tomato_salad from counter,player_9f2e0e45,baseline_division_of_labor,e64d527733b8214b,1255.0736881060043,0.0,7.0,0.0,4.0,1.0,1.0,"(2, 2)","[p(2, 2)_cs(1.0)_ws(1.0)]_[p(5, 2)_cs(1.0)_ws(1.0)]"
1531,tomato_salad,put down,Counter_33,Counter,33,put down tomato_salad on counter,player_9f2e0e45,baseline_division_of_labor,e64d527733b8214b,1255.0736881060043,0.0,7.0,0.0,4.0,1.0,1.0,"(2, 2)","[p(2, 2)_cs(1.0)_ws(1.0)]_[p(5, 2)_cs(1.0)_ws(1.0)]"
1531,tomato,pick up,Counter_33,Counter,33,pick up tomato from counter,player_9f2e0e45,baseline_division_of_labor,e64d527733b8214b,1255.0736881060043,0.0,7.0,0.0,4.0,1.0,1.0,"(2, 2)","[p(2, 2)_cs(1.0)_ws(1.0)]_[p(5, 2)_cs(1.0)_ws(1.0)]"
1567,tomato,put down,Counter_33,Counter,33,put down tomato on counter,player_9f2e0e45,baseline_division_of_labor,e64d527733b8214b,1255.0736881060043,0.0,7.0,0.0,4.0,1.0,1.0,"(2, 2)","[p(2, 2)_cs(1.0)_ws(1.0)]_[p(5, 2)_cs(1.0)_ws(1.0)]"
1567,tomato_salad,pick up,Counter_33,Counter,33,pick up tomato_salad from counter,player_9f2e0e45,baseline_division_of_labor,e64d527733b8214b,1255.0736881060043,0.0,7.0,0.0,4.0,1.0,1.0,"(2, 2)","[p(2, 2)_cs(1.0)_ws(1.0)]_[p(5, 2)_cs(1.0)_ws(1.0)]"
1631,tomato_salad,deliver,Delivery_63,Delivery,63,deliver tomato_salad,player_9f2e0e45,baseline_division_of_labor,e64d527733b8214b,1337.8471458967708,82.77345779076654,9.0,1.0,5.0,1.0,1.0,"(2, 2)","[p(2, 2)_cs(1.0)_ws(1.0)]_[p(5, 2)_cs(1.0)_ws(1.0)]"
1688,plate,pick up,Dispenser_60,Dispenser,60,pick up plate from dispenser,player_9f2e0e45,baseline_division_of_labor,e64d527733b8214b,1376.2584057367965,38.41125984002565,9.0,0.0,5.0,1.0,1.0,"(2, 2)","[p(2, 2)_cs(1.0)_ws(1.0)]_[p(5, 2)_cs(1.0)_ws(1.0)]"
1731,plate,put down,Counter_34,Counter,34,put down plate on counter,player_9f2e0e45,baseline_division_of_labor,e64d527733b8214b,1437.1745926393332,60.916186902536765,9.0,0.0,5.0,1.0,1.0,"(2, 2)","[p(2, 2)_cs(1.0)_ws(1.0)]_[p(5, 2)_cs(1.0)_ws(1.0)]"
1751,tomato,pick up,Counter_33,Counter,33,pick up tomato from counter,player_9f2e0e45,baseline_division_of_labor,e64d527733b8214b,1453.1745926393328,15.999999999999545,9.0,0.0,5.0,1.0,1.0,"(2, 2)","[p(2, 2)_cs(1.0)_ws(1.0)]_[p(5, 2)_cs(1.0)_ws(1.0)]"
1794,tomato,start cutting,CuttingBoard_20,CuttingBoard,20,start cutting tomato,player_9f2e0e45,baseline_division_of_labor,e64d527733b8214b,1507.342979467965,54.168386828632265,9.0,0.0,5.0,1.0,1.0,"(2, 2)","[p(2, 2)_cs(1.0)_ws(1.0)]_[p(5, 2)_cs(1.0)_ws(1.0)]"
1903,plate,pick up,Counter_34,Counter,34,pick up plate from counter,player_9f2e0e45,baseline_division_of_labor,e64d527733b8214b,1555.3429794679632,47.99999999999818,9.0,0.0,5.0,1.0,1.0,"(2, 2)","[p(2, 2)_cs(1.0)_ws(1.0)]_[p(5, 2)_cs(1.0)_ws(1.0)]"
1922,plate,put down,Counter_34,Counter,34,put down plate on counter,player_9f2e0e45,baseline_division_of_labor,e64d527733b8214b,1555.3429794679632,0.0,9.0,0.0,5.0,1.0,1.0,"(2, 2)","[p(2, 2)_cs(1.0)_ws(1.0)]_[p(5, 2)_cs(1.0)_ws(1.0)]"
1964,tomato,pick up,Dispenser_40,Dispenser,40,pick up tomato from dispenser,player_9f2e0e45,baseline_division_of_labor,e64d527733b8214b,1625.5333011295704,70.19032166160719,10.0,0.0,5.0,1.0,1.0,"(2, 2)","[p(2, 2)_cs(1.0)_ws(1.0)]_[p(5, 2)_cs(1.0)_ws(1.0)]"
1992,tomato,start cutting,CuttingBoard_20,CuttingBoard,20,start cutting tomato,player_9f2e0e45,baseline_division_of_labor,e64d527733b8214b,1657.5333011295697,31.999999999999318,10.0,0.0,5.0,1.0,1.0,"(2, 2)","[p(2, 2)_cs(1.0)_ws(1.0)]_[p(5, 2)_cs(1.0)_ws(1.0)]"
2043,tomato_cut,pick up,CuttingBoard_20,CuttingBoard,20,pick up tomato_cut from cuttingboard,player_9f2e0e45,baseline_division_of_labor,e64d527733b8214b,1657.5333011295697,0.0,10.0,0.0,5.0,1.0,1.0,"(2, 2)","[p(2, 2)_cs(1.0)_ws(1.0)]_[p(5, 2)_cs(1.0)_ws(1.0)]"
2082,tomato_cut,assemble salad,Counter_34,Counter,34,assemble salad,player_9f2e0e45,baseline_division_of_labor,e64d527733b8214b,1705.533301129568,47.99999999999818,10.0,0.0,5.0,1.0,1.0,"(2, 2)","[p(2, 2)_cs(1.0)_ws(1.0)]_[p(5, 2)_cs(1.0)_ws(1.0)]"
