tick,item,action,target,target_type,target_position,action_long,player_id,map_name,game_id,distance_walked,distance_walked_since_last_action,overall_score,player_score_change,player_score,walking_speed,cutting_speed,start_pos,condition,source,last_touched,touched_list,tomato_history,plate_history,is_exchange_collaboration
49,tomato,pick up,Dispenser_50,Dispenser,50,pick up tomato from dispenser,player_ba65bba2,baseline_division_of_labor,49560955301922db,16.0,0.0,0.0,0.0,0.0,1.0,1.0,"(5, 2)","[p(2, 2)_cs(1.0)_ws(1.0)]_[p(5, 2)_cs(1.0)_ws(1.0)]",player_ba65bba2_actions,,[],,,
57,tomato,pick up,Dispenser_40,Dispenser,40,pick up tomato from dispenser,player_d46911ed,baseline_division_of_labor,49560955301922db,37.95424685476448,0.0,0.0,0.0,0.0,1.0,1.0,"(2, 2)","[p(2, 2)_cs(1.0)_ws(1.0)]_[p(5, 2)_cs(1.0)_ws(1.0)]",player_d46911ed_actions,,[],,,
73,tomato,put down,Counter_32,Counter,32,put down tomato on counter,player_d46911ed,baseline_division_of_labor,49560955301922db,53.95424685476448,16.0,0.0,0.0,0.0,1.0,1.0,"(2, 2)","[p(2, 2)_cs(1.0)_ws(1.0)]_[p(5, 2)_cs(1.0)_ws(1.0)]",player_d46911ed_actions,player_d46911ed,['player_d46911ed'],,,
109,tomato,put down,Counter_33,Counter,33,put down tomato on counter,player_ba65bba2,baseline_division_of_labor,49560955301922db,54.41125984002598,38.41125984002598,0.0,0.0,0.0,1.0,1.0,"(5, 2)","[p(2, 2)_cs(1.0)_ws(1.0)]_[p(5, 2)_cs(1.0)_ws(1.0)]",player_ba65bba2_actions,player_ba65bba2,['player_ba65bba2'],,,
137,plate,pick up,Dispenser_60,Dispenser,60,pick up plate from dispenser,player_ba65bba2,baseline_division_of_labor,49560955301922db,99.666093835965,45.25483399593901,0.0,0.0,0.0,1.0,1.0,"(5, 2)","[p(2, 2)_cs(1.0)_ws(1.0)]_[p(5, 2)_cs(1.0)_ws(1.0)]",player_ba65bba2_actions,,[],,,
177,plate,put down,Counter_34,Counter,34,put down plate on counter,player_ba65bba2,baseline_division_of_labor,49560955301922db,160.58228073850327,60.916186902538286,0.0,0.0,0.0,1.0,1.0,"(5, 2)","[p(2, 2)_cs(1.0)_ws(1.0)]_[p(5, 2)_cs(1.0)_ws(1.0)]",player_ba65bba2_actions,player_ba65bba2,['player_ba65bba2'],,,
216,tomato,pick up,Dispenser_40,Dispenser,40,pick up tomato from dispenser,player_ba65bba2,baseline_division_of_labor,49560955301922db,208.58228073850327,48.0,0.0,0.0,0.0,1.0,1.0,"(5, 2)","[p(2, 2)_cs(1.0)_ws(1.0)]_[p(5, 2)_cs(1.0)_ws(1.0)]",player_ba65bba2_actions,,[],,,
238,tomato,start cutting,CuttingBoard_20,CuttingBoard,20,start cutting tomato,player_ba65bba2,baseline_division_of_labor,49560955301922db,240.58228073850327,32.0,0.0,0.0,0.0,1.0,1.0,"(5, 2)","[p(2, 2)_cs(1.0)_ws(1.0)]_[p(5, 2)_cs(1.0)_ws(1.0)]",player_ba65bba2_actions,player_ba65bba2,['player_ba65bba2'],,,
292,tomato_cut,pick up,CuttingBoard_20,CuttingBoard,20,pick up tomato_cut from cuttingboard,player_d46911ed,baseline_division_of_labor,49560955301922db,296.50663801243434,242.55239115766983,0.0,0.0,0.0,1.0,1.0,"(2, 2)","[p(2, 2)_cs(1.0)_ws(1.0)]_[p(5, 2)_cs(1.0)_ws(1.0)]",player_d46911ed_actions,player_ba65bba2,['player_ba65bba2'],,,True
304,plate,pick up,Counter_34,Counter,34,pick up plate from counter,player_ba65bba2,baseline_division_of_labor,49560955301922db,288.5822807385035,48.000000000000256,0.0,0.0,0.0,1.0,1.0,"(5, 2)","[p(2, 2)_cs(1.0)_ws(1.0)]_[p(5, 2)_cs(1.0)_ws(1.0)]",player_ba65bba2_actions,player_ba65bba2,['player_ba65bba2'],,,False
329,plate,put down,Counter_34,Counter,34,put down plate on counter,player_ba65bba2,baseline_division_of_labor,49560955301922db,288.5822807385035,0.0,0.0,0.0,0.0,1.0,1.0,"(5, 2)","[p(2, 2)_cs(1.0)_ws(1.0)]_[p(5, 2)_cs(1.0)_ws(1.0)]",player_ba65bba2_actions,player_ba65bba2,"['player_ba65bba2', 'player_ba65bba2']",,,
363,tomato_cut,assemble salad,Counter_34,Counter,34,assemble salad,player_d46911ed,baseline_division_of_labor,49560955301922db,344.5066380124348,48.000000000000455,0.0,0.0,0.0,1.0,1.0,"(2, 2)","[p(2, 2)_cs(1.0)_ws(1.0)]_[p(5, 2)_cs(1.0)_ws(1.0)]",player_d46911ed_actions,player_ba65bba2,['player_d46911ed'],"['player_ba65bba2', 'player_d46911ed']","['player_ba65bba2', 'player_ba65bba2']",True
370,tomato_salad,pick up,Counter_34,Counter,34,pick up tomato_salad from counter,player_d46911ed,baseline_division_of_labor,49560955301922db,344.5066380124348,0.0,0.0,0.0,0.0,1.0,1.0,"(2, 2)","[p(2, 2)_cs(1.0)_ws(1.0)]_[p(5, 2)_cs(1.0)_ws(1.0)]",player_d46911ed_actions,player_d46911ed,['player_d46911ed'],"['player_ba65bba2', 'player_d46911ed']","['player_ba65bba2', 'player_ba65bba2']",False
384,plate,pick up,Dispenser_71,Dispenser,71,pick up plate from dispenser,player_ba65bba2,baseline_division_of_labor,49560955301922db,390.77257116846425,102.19029042996073,0.0,0.0,0.0,1.0,1.0,"(5, 2)","[p(2, 2)_cs(1.0)_ws(1.0)]_[p(5, 2)_cs(1.0)_ws(1.0)]",player_ba65bba2_actions,,[],,,
416,tomato_salad,deliver,Delivery_64,Delivery,64,deliver tomato_salad,player_d46911ed,baseline_division_of_labor,49560955301922db,427.3287616285361,82.8221236161013,1.0,1.0,1.0,1.0,1.0,"(2, 2)","[p(2, 2)_cs(1.0)_ws(1.0)]_[p(5, 2)_cs(1.0)_ws(1.0)]",player_d46911ed_actions,player_d46911ed,"['player_d46911ed', 'player_d46911ed']","['player_ba65bba2', 'player_d46911ed']","['player_ba65bba2', 'player_ba65bba2']",
424,plate,put down,Counter_34,Counter,34,put down plate on counter,player_ba65bba2,baseline_division_of_labor,49560955301922db,451.6887580710027,60.91618690253847,1.0,0.0,0.0,1.0,1.0,"(5, 2)","[p(2, 2)_cs(1.0)_ws(1.0)]_[p(5, 2)_cs(1.0)_ws(1.0)]",player_ba65bba2_actions,player_ba65bba2,['player_ba65bba2'],,,
439,tomato,pick up,Counter_33,Counter,33,pick up tomato from counter,player_d46911ed,baseline_division_of_labor,49560955301922db,449.9561786265055,22.62741699796942,1.0,0.0,1.0,1.0,1.0,"(2, 2)","[p(2, 2)_cs(1.0)_ws(1.0)]_[p(5, 2)_cs(1.0)_ws(1.0)]",player_d46911ed_actions,player_ba65bba2,['player_ba65bba2'],,,True
460,plate,pick up,Dispenser_71,Dispenser,71,pick up plate from dispenser,player_ba65bba2,baseline_division_of_labor,49560955301922db,512.6049449735406,60.916186902537845,1.0,0.0,0.0,1.0,1.0,"(5, 2)","[p(2, 2)_cs(1.0)_ws(1.0)]_[p(5, 2)_cs(1.0)_ws(1.0)]",player_ba65bba2_actions,,[],,,
472,tomato,start cutting,CuttingBoard_20,CuttingBoard,20,start cutting tomato,player_d46911ed,baseline_division_of_labor,49560955301922db,500.1472356625217,50.19105703601622,1.0,0.0,1.0,1.0,1.0,"(2, 2)","[p(2, 2)_cs(1.0)_ws(1.0)]_[p(5, 2)_cs(1.0)_ws(1.0)]",player_d46911ed_actions,player_d46911ed,"['player_ba65bba2', 'player_d46911ed']",,,
488,plate,put down,Counter_33,Counter,33,put down plate on counter,player_ba65bba2,baseline_division_of_labor,49560955301922db,557.8597789694802,45.254833995939634,1.0,0.0,0.0,1.0,1.0,"(5, 2)","[p(2, 2)_cs(1.0)_ws(1.0)]_[p(5, 2)_cs(1.0)_ws(1.0)]",player_ba65bba2_actions,player_ba65bba2,['player_ba65bba2'],,,
515,plate,pick up,Dispenser_71,Dispenser,71,pick up plate from dispenser,player_ba65bba2,baseline_division_of_labor,49560955301922db,603.1146129654198,45.254833995939634,1.0,0.0,0.0,1.0,1.0,"(5, 2)","[p(2, 2)_cs(1.0)_ws(1.0)]_[p(5, 2)_cs(1.0)_ws(1.0)]",player_ba65bba2_actions,,[],,,
540,tomato_cut,pick up,CuttingBoard_20,CuttingBoard,20,pick up tomato_cut from cuttingboard,player_d46911ed,baseline_division_of_labor,49560955301922db,500.1472356625217,0.0,1.0,0.0,1.0,1.0,1.0,"(2, 2)","[p(2, 2)_cs(1.0)_ws(1.0)]_[p(5, 2)_cs(1.0)_ws(1.0)]",player_d46911ed_actions,player_d46911ed,"['player_ba65bba2', 'player_d46911ed']",,,False
566,plate,put down,Counter_35,Counter,35,put down plate on counter,player_ba65bba2,baseline_division_of_labor,49560955301922db,714.7868743226908,111.67226135727094,1.0,0.0,0.0,1.0,1.0,"(5, 2)","[p(2, 2)_cs(1.0)_ws(1.0)]_[p(5, 2)_cs(1.0)_ws(1.0)]",player_ba65bba2_actions,player_ba65bba2,['player_ba65bba2'],,,
567,tomato_cut,assemble salad,Counter_33,Counter,33,assemble salad,player_d46911ed,baseline_division_of_labor,49560955301922db,532.147235662522,32.000000000000284,1.0,0.0,1.0,1.0,1.0,"(2, 2)","[p(2, 2)_cs(1.0)_ws(1.0)]_[p(5, 2)_cs(1.0)_ws(1.0)]",player_d46911ed_actions,player_ba65bba2,['player_d46911ed'],"['player_ba65bba2', 'player_d46911ed', 'player_d46911ed']",['player_ba65bba2'],True
583,tomato,pick up,Counter_32,Counter,32,pick up tomato from counter,player_d46911ed,baseline_division_of_labor,49560955301922db,548.1472356625222,16.000000000000227,1.0,0.0,1.0,1.0,1.0,"(2, 2)","[p(2, 2)_cs(1.0)_ws(1.0)]_[p(5, 2)_cs(1.0)_ws(1.0)]",player_d46911ed_actions,player_d46911ed,['player_d46911ed'],,,False
592,tomato_salad,pick up,Counter_33,Counter,33,pick up tomato_salad from counter,player_ba65bba2,baseline_division_of_labor,49560955301922db,746.7868743226908,32.0,1.0,0.0,0.0,1.0,1.0,"(5, 2)","[p(2, 2)_cs(1.0)_ws(1.0)]_[p(5, 2)_cs(1.0)_ws(1.0)]",player_ba65bba2_actions,player_d46911ed,['player_d46911ed'],"['player_ba65bba2', 'player_d46911ed', 'player_d46911ed']",['player_ba65bba2'],True
607,tomato_salad,deliver,Delivery_63,Delivery,63,deliver tomato_salad,player_ba65bba2,baseline_division_of_labor,49560955301922db,762.7868743226908,16.0,2.0,1.0,1.0,1.0,1.0,"(5, 2)","[p(2, 2)_cs(1.0)_ws(1.0)]_[p(5, 2)_cs(1.0)_ws(1.0)]",player_ba65bba2_actions,player_ba65bba2,"['player_d46911ed', 'player_ba65bba2']","['player_ba65bba2', 'player_d46911ed', 'player_d46911ed']",['player_ba65bba2'],
615,tomato,start cutting,CuttingBoard_20,CuttingBoard,20,start cutting tomato,player_d46911ed,baseline_division_of_labor,49560955301922db,564.1472356625225,16.000000000000227,2.0,0.0,1.0,1.0,1.0,"(2, 2)","[p(2, 2)_cs(1.0)_ws(1.0)]_[p(5, 2)_cs(1.0)_ws(1.0)]",player_d46911ed_actions,player_d46911ed,"['player_d46911ed', 'player_d46911ed']",,,
633,tomato,pick up,Dispenser_40,Dispenser,40,pick up tomato from dispenser,player_ba65bba2,baseline_division_of_labor,49560955301922db,801.198134162717,38.41125984002622,2.0,0.0,1.0,1.0,1.0,"(5, 2)","[p(2, 2)_cs(1.0)_ws(1.0)]_[p(5, 2)_cs(1.0)_ws(1.0)]",player_ba65bba2_actions,,[],,,
655,tomato,put down,Counter_32,Counter,32,put down tomato on counter,player_ba65bba2,baseline_division_of_labor,49560955301922db,817.1981341627171,16.000000000000114,2.0,0.0,1.0,1.0,1.0,"(5, 2)","[p(2, 2)_cs(1.0)_ws(1.0)]_[p(5, 2)_cs(1.0)_ws(1.0)]",player_ba65bba2_actions,player_ba65bba2,['player_ba65bba2'],,,
687,plate,pick up,Dispenser_60,Dispenser,60,pick up plate from dispenser,player_ba65bba2,baseline_division_of_labor,49560955301922db,865.1981341627172,48.000000000000114,2.0,0.0,1.0,1.0,1.0,"(5, 2)","[p(2, 2)_cs(1.0)_ws(1.0)]_[p(5, 2)_cs(1.0)_ws(1.0)]",player_ba65bba2_actions,,[],,,
712,plate,put down,Counter_33,Counter,33,put down plate on counter,player_ba65bba2,baseline_division_of_labor,49560955301922db,910.4529681586567,45.254833995939634,2.0,0.0,1.0,1.0,1.0,"(5, 2)","[p(2, 2)_cs(1.0)_ws(1.0)]_[p(5, 2)_cs(1.0)_ws(1.0)]",player_ba65bba2_actions,player_ba65bba2,['player_ba65bba2'],,,
747,tomato_cut,pick up,CuttingBoard_20,CuttingBoard,20,pick up tomato_cut from cuttingboard,player_d46911ed,baseline_division_of_labor,49560955301922db,564.1472356625225,0.0,2.0,0.0,1.0,1.0,1.0,"(2, 2)","[p(2, 2)_cs(1.0)_ws(1.0)]_[p(5, 2)_cs(1.0)_ws(1.0)]",player_d46911ed_actions,player_d46911ed,"['player_d46911ed', 'player_d46911ed']",,,False
767,tomato_cut,assemble salad,Counter_33,Counter,33,assemble salad,player_d46911ed,baseline_division_of_labor,49560955301922db,596.1472356625228,32.00000000000034,2.0,0.0,1.0,1.0,1.0,"(2, 2)","[p(2, 2)_cs(1.0)_ws(1.0)]_[p(5, 2)_cs(1.0)_ws(1.0)]",player_d46911ed_actions,player_ba65bba2,['player_d46911ed'],"['player_d46911ed', 'player_d46911ed', 'player_d46911ed']",['player_ba65bba2'],True
778,tomato_salad,pick up,Counter_33,Counter,33,pick up tomato_salad from counter,player_ba65bba2,baseline_division_of_labor,49560955301922db,910.4529681586567,0.0,2.0,0.0,1.0,1.0,1.0,"(5, 2)","[p(2, 2)_cs(1.0)_ws(1.0)]_[p(5, 2)_cs(1.0)_ws(1.0)]",player_ba65bba2_actions,player_d46911ed,['player_d46911ed'],"['player_d46911ed', 'player_d46911ed', 'player_d46911ed']",['player_ba65bba2'],True
779,tomato,pick up,Counter_32,Counter,32,pick up tomato from counter,player_d46911ed,baseline_division_of_labor,49560955301922db,612.1472356625229,16.000000000000114,2.0,0.0,1.0,1.0,1.0,"(2, 2)","[p(2, 2)_cs(1.0)_ws(1.0)]_[p(5, 2)_cs(1.0)_ws(1.0)]",player_d46911ed_actions,player_ba65bba2,['player_ba65bba2'],,,True
790,tomato_salad,deliver,Delivery_63,Delivery,63,deliver tomato_salad,player_ba65bba2,baseline_division_of_labor,49560955301922db,926.4529681586567,16.0,3.0,1.0,2.0,1.0,1.0,"(5, 2)","[p(2, 2)_cs(1.0)_ws(1.0)]_[p(5, 2)_cs(1.0)_ws(1.0)]",player_ba65bba2_actions,player_ba65bba2,"['player_d46911ed', 'player_ba65bba2']","['player_d46911ed', 'player_d46911ed', 'player_d46911ed']",['player_ba65bba2'],
795,tomato,start cutting,CuttingBoard_20,CuttingBoard,20,start cutting tomato,player_d46911ed,baseline_division_of_labor,49560955301922db,628.1472356625231,16.000000000000227,3.0,0.0,1.0,1.0,1.0,"(2, 2)","[p(2, 2)_cs(1.0)_ws(1.0)]_[p(5, 2)_cs(1.0)_ws(1.0)]",player_d46911ed_actions,player_d46911ed,"['player_ba65bba2', 'player_d46911ed']",,,
807,plate,pick up,Counter_34,Counter,34,pick up plate from counter,player_ba65bba2,baseline_division_of_labor,49560955301922db,949.0803851566268,22.627416997969817,3.0,0.0,2.0,1.0,1.0,"(5, 2)","[p(2, 2)_cs(1.0)_ws(1.0)]_[p(5, 2)_cs(1.0)_ws(1.0)]",player_ba65bba2_actions,player_ba65bba2,['player_ba65bba2'],,,False
821,plate,put down,Counter_33,Counter,33,put down plate on counter,player_ba65bba2,baseline_division_of_labor,49560955301922db,965.0803851566268,16.000000000000114,3.0,0.0,2.0,1.0,1.0,"(5, 2)","[p(2, 2)_cs(1.0)_ws(1.0)]_[p(5, 2)_cs(1.0)_ws(1.0)]",player_ba65bba2_actions,player_ba65bba2,"['player_ba65bba2', 'player_ba65bba2']",,,
844,tomato,pick up,Dispenser_40,Dispenser,40,pick up tomato from dispenser,player_ba65bba2,baseline_division_of_labor,49560955301922db,997.0803851566272,32.00000000000034,3.0,0.0,2.0,1.0,1.0,"(5, 2)","[p(2, 2)_cs(1.0)_ws(1.0)]_[p(5, 2)_cs(1.0)_ws(1.0)]",player_ba65bba2_actions,,[],,,
852,tomato_cut,pick up,CuttingBoard_20,CuttingBoard,20,pick up tomato_cut from cuttingboard,player_d46911ed,baseline_division_of_labor,49560955301922db,628.1472356625231,0.0,3.0,0.0,1.0,1.0,1.0,"(2, 2)","[p(2, 2)_cs(1.0)_ws(1.0)]_[p(5, 2)_cs(1.0)_ws(1.0)]",player_d46911ed_actions,player_d46911ed,"['player_ba65bba2', 'player_d46911ed']",,,False
860,tomato,put down,Counter_32,Counter,32,put down tomato on counter,player_ba65bba2,baseline_division_of_labor,49560955301922db,1013.0803851566272,16.000000000000114,3.0,0.0,2.0,1.0,1.0,"(5, 2)","[p(2, 2)_cs(1.0)_ws(1.0)]_[p(5, 2)_cs(1.0)_ws(1.0)]",player_ba65bba2_actions,player_ba65bba2,['player_ba65bba2'],,,
873,tomato_cut,assemble salad,Counter_33,Counter,33,assemble salad,player_d46911ed,baseline_division_of_labor,49560955301922db,660.1472356625235,32.00000000000034,3.0,0.0,1.0,1.0,1.0,"(2, 2)","[p(2, 2)_cs(1.0)_ws(1.0)]_[p(5, 2)_cs(1.0)_ws(1.0)]",player_d46911ed_actions,player_ba65bba2,['player_d46911ed'],"['player_ba65bba2', 'player_d46911ed', 'player_d46911ed']","['player_ba65bba2', 'player_ba65bba2']",True
887,tomato,pick up,Counter_32,Counter,32,pick up tomato from counter,player_d46911ed,baseline_division_of_labor,49560955301922db,676.1472356625236,16.000000000000114,3.0,0.0,1.0,1.0,1.0,"(2, 2)","[p(2, 2)_cs(1.0)_ws(1.0)]_[p(5, 2)_cs(1.0)_ws(1.0)]",player_d46911ed_actions,player_ba65bba2,['player_ba65bba2'],,,True
899,tomato,start cutting,CuttingBoard_20,CuttingBoard,20,start cutting tomato,player_d46911ed,baseline_division_of_labor,49560955301922db,692.1472356625238,16.000000000000227,3.0,0.0,1.0,1.0,1.0,"(2, 2)","[p(2, 2)_cs(1.0)_ws(1.0)]_[p(5, 2)_cs(1.0)_ws(1.0)]",player_d46911ed_actions,player_d46911ed,"['player_ba65bba2', 'player_d46911ed']",,,
900,tomato_salad,pick up,Counter_33,Counter,33,pick up tomato_salad from counter,player_ba65bba2,baseline_division_of_labor,49560955301922db,1051.5873118815236,38.5069267248964,3.0,0.0,2.0,1.0,1.0,"(5, 2)","[p(2, 2)_cs(1.0)_ws(1.0)]_[p(5, 2)_cs(1.0)_ws(1.0)]",player_ba65bba2_actions,player_d46911ed,['player_d46911ed'],"['player_ba65bba2', 'player_d46911ed', 'player_d46911ed']","['player_ba65bba2', 'player_ba65bba2']",True
943,tomato_salad,deliver,Delivery_63,Delivery,63,deliver tomato_salad,player_ba65bba2,baseline_division_of_labor,49560955301922db,1134.3607696722902,82.77345779076654,4.0,1.0,3.0,1.0,1.0,"(5, 2)","[p(2, 2)_cs(1.0)_ws(1.0)]_[p(5, 2)_cs(1.0)_ws(1.0)]",player_ba65bba2_actions,player_ba65bba2,"['player_d46911ed', 'player_ba65bba2']","['player_ba65bba2', 'player_d46911ed', 'player_d46911ed']","['player_ba65bba2', 'player_ba65bba2']",
955,tomato_cut,pick up,CuttingBoard_20,CuttingBoard,20,pick up tomato_cut from cuttingboard,player_d46911ed,baseline_division_of_labor,49560955301922db,692.1472356625238,0.0,4.0,0.0,1.0,1.0,1.0,"(2, 2)","[p(2, 2)_cs(1.0)_ws(1.0)]_[p(5, 2)_cs(1.0)_ws(1.0)]",player_d46911ed_actions,player_d46911ed,"['player_ba65bba2', 'player_d46911ed']",,,False
968,plate,pick up,Dispenser_60,Dispenser,60,pick up plate from dispenser,player_ba65bba2,baseline_division_of_labor,49560955301922db,1172.7720295123158,38.41125984002565,4.0,0.0,3.0,1.0,1.0,"(5, 2)","[p(2, 2)_cs(1.0)_ws(1.0)]_[p(5, 2)_cs(1.0)_ws(1.0)]",player_ba65bba2_actions,,[],,,
990,tomato_cut,assemble salad,Counter_35,Counter,35,assemble salad,player_d46911ed,baseline_division_of_labor,49560955301922db,756.1472356625243,64.00000000000045,4.0,0.0,1.0,1.0,1.0,"(2, 2)","[p(2, 2)_cs(1.0)_ws(1.0)]_[p(5, 2)_cs(1.0)_ws(1.0)]",player_d46911ed_actions,player_ba65bba2,['player_d46911ed'],"['player_ba65bba2', 'player_d46911ed', 'player_d46911ed']",['player_ba65bba2'],True
999,plate,put down,Counter_33,Counter,33,put down plate on counter,player_ba65bba2,baseline_division_of_labor,49560955301922db,1225.1585182717422,52.38648875942635,4.0,0.0,3.0,1.0,1.0,"(5, 2)","[p(2, 2)_cs(1.0)_ws(1.0)]_[p(5, 2)_cs(1.0)_ws(1.0)]",player_ba65bba2_actions,player_ba65bba2,['player_ba65bba2'],,,
1022,tomato,pick up,Dispenser_40,Dispenser,40,pick up tomato from dispenser,player_ba65bba2,baseline_division_of_labor,49560955301922db,1257.1585182717413,31.99999999999909,4.0,0.0,3.0,1.0,1.0,"(5, 2)","[p(2, 2)_cs(1.0)_ws(1.0)]_[p(5, 2)_cs(1.0)_ws(1.0)]",player_ba65bba2_actions,,[],,,
1038,tomato,put down,Counter_32,Counter,32,put down tomato on counter,player_ba65bba2,baseline_division_of_labor,49560955301922db,1273.1585182717408,15.999999999999543,4.0,0.0,3.0,1.0,1.0,"(5, 2)","[p(2, 2)_cs(1.0)_ws(1.0)]_[p(5, 2)_cs(1.0)_ws(1.0)]",player_ba65bba2_actions,player_ba65bba2,['player_ba65bba2'],,,
1044,tomato,pick up,Counter_32,Counter,32,pick up tomato from counter,player_d46911ed,baseline_division_of_labor,49560955301922db,823.1286068586925,66.9813711961682,4.0,0.0,1.0,1.0,1.0,"(2, 2)","[p(2, 2)_cs(1.0)_ws(1.0)]_[p(5, 2)_cs(1.0)_ws(1.0)]",player_d46911ed_actions,player_ba65bba2,['player_ba65bba2'],,,True
1061,tomato,start cutting,CuttingBoard_20,CuttingBoard,20,start cutting tomato,player_d46911ed,baseline_division_of_labor,49560955301922db,839.1286068586926,16.000000000000114,4.0,0.0,1.0,1.0,1.0,"(2, 2)","[p(2, 2)_cs(1.0)_ws(1.0)]_[p(5, 2)_cs(1.0)_ws(1.0)]",player_d46911ed_actions,player_d46911ed,"['player_ba65bba2', 'player_d46911ed']",,,
1081,tomato_salad,pick up,Counter_35,Counter,35,pick up tomato_salad from counter,player_ba65bba2,baseline_division_of_labor,49560955301922db,1343.6653905452602,70.50687227351932,4.0,0.0,3.0,1.0,1.0,"(5, 2)","[p(2, 2)_cs(1.0)_ws(1.0)]_[p(5, 2)_cs(1.0)_ws(1.0)]",player_ba65bba2_actions,player_d46911ed,['player_d46911ed'],"['player_ba65bba2', 'player_d46911ed', 'player_d46911ed']",['player_ba65bba2'],True
1107,tomato_cut,pick up,CuttingBoard_20,CuttingBoard,20,pick up tomato_cut from cuttingboard,player_d46911ed,baseline_division_of_labor,49560955301922db,839.1286068586926,0.0,4.0,0.0,1.0,1.0,1.0,"(2, 2)","[p(2, 2)_cs(1.0)_ws(1.0)]_[p(5, 2)_cs(1.0)_ws(1.0)]",player_d46911ed_actions,player_d46911ed,"['player_ba65bba2', 'player_d46911ed']",,,False
1123,tomato_salad,deliver,Delivery_63,Delivery,63,deliver tomato_salad,player_ba65bba2,baseline_division_of_labor,49560955301922db,1426.766337158863,83.1009466136029,5.0,1.0,4.0,1.0,1.0,"(5, 2)","[p(2, 2)_cs(1.0)_ws(1.0)]_[p(5, 2)_cs(1.0)_ws(1.0)]",player_ba65bba2_actions,player_ba65bba2,"['player_d46911ed', 'player_ba65bba2']","['player_ba65bba2', 'player_d46911ed', 'player_d46911ed']",['player_ba65bba2'],
1127,tomato_cut,assemble salad,Counter_33,Counter,33,assemble salad,player_d46911ed,baseline_division_of_labor,49560955301922db,871.1286068586929,32.00000000000034,5.0,0.0,1.0,1.0,1.0,"(2, 2)","[p(2, 2)_cs(1.0)_ws(1.0)]_[p(5, 2)_cs(1.0)_ws(1.0)]",player_d46911ed_actions,player_ba65bba2,['player_d46911ed'],"['player_ba65bba2', 'player_d46911ed', 'player_d46911ed']",['player_ba65bba2'],True
1149,tomato,pick up,Dispenser_40,Dispenser,40,pick up tomato from dispenser,player_ba65bba2,baseline_division_of_labor,49560955301922db,1465.1775969988887,38.41125984002565,5.0,0.0,4.0,1.0,1.0,"(5, 2)","[p(2, 2)_cs(1.0)_ws(1.0)]_[p(5, 2)_cs(1.0)_ws(1.0)]",player_ba65bba2_actions,,[],,,
1154,tomato,pick up,Dispenser_40,Dispenser,40,pick up tomato from dispenser,player_d46911ed,baseline_division_of_labor,49560955301922db,925.296993687326,54.168386828633174,5.0,0.0,1.0,1.0,1.0,"(2, 2)","[p(2, 2)_cs(1.0)_ws(1.0)]_[p(5, 2)_cs(1.0)_ws(1.0)]",player_d46911ed_actions,,[],,,
1166,tomato,put down,Counter_32,Counter,32,put down tomato on counter,player_ba65bba2,baseline_division_of_labor,49560955301922db,1481.1775969988885,15.999999999999773,5.0,0.0,4.0,1.0,1.0,"(5, 2)","[p(2, 2)_cs(1.0)_ws(1.0)]_[p(5, 2)_cs(1.0)_ws(1.0)]",player_ba65bba2_actions,player_ba65bba2,['player_ba65bba2'],,,
1171,tomato,start cutting,CuttingBoard_20,CuttingBoard,20,start cutting tomato,player_d46911ed,baseline_division_of_labor,49560955301922db,957.2969936873264,32.00000000000023,5.0,0.0,1.0,1.0,1.0,"(2, 2)","[p(2, 2)_cs(1.0)_ws(1.0)]_[p(5, 2)_cs(1.0)_ws(1.0)]",player_d46911ed_actions,player_d46911ed,['player_d46911ed'],,,
1182,tomato,pick up,Counter_32,Counter,32,pick up tomato from counter,player_ba65bba2,baseline_division_of_labor,49560955301922db,1481.1775969988885,0.0,5.0,0.0,4.0,1.0,1.0,"(5, 2)","[p(2, 2)_cs(1.0)_ws(1.0)]_[p(5, 2)_cs(1.0)_ws(1.0)]",player_ba65bba2_actions,player_ba65bba2,['player_ba65bba2'],,,False
1188,tomato,pick up,Dispenser_40,Dispenser,40,pick up tomato from dispenser,player_d46911ed,baseline_division_of_labor,49560955301922db,989.2969936873266,32.00000000000023,5.0,0.0,1.0,1.0,1.0,"(2, 2)","[p(2, 2)_cs(1.0)_ws(1.0)]_[p(5, 2)_cs(1.0)_ws(1.0)]",player_d46911ed_actions,,[],,,
1213,tomato,start cutting,CuttingBoard_10,CuttingBoard,10,start cutting tomato,player_d46911ed,baseline_division_of_labor,49560955301922db,1037.2969936873264,47.999999999999886,5.0,0.0,1.0,1.0,1.0,"(2, 2)","[p(2, 2)_cs(1.0)_ws(1.0)]_[p(5, 2)_cs(1.0)_ws(1.0)]",player_d46911ed_actions,player_d46911ed,['player_d46911ed'],,,
1219,tomato,put down,Counter_34,Counter,34,put down tomato on counter,player_ba65bba2,baseline_division_of_labor,49560955301922db,1535.6844692796392,54.50687228075071,5.0,0.0,4.0,1.0,1.0,"(5, 2)","[p(2, 2)_cs(1.0)_ws(1.0)]_[p(5, 2)_cs(1.0)_ws(1.0)]",player_ba65bba2_actions,player_ba65bba2,"['player_ba65bba2', 'player_ba65bba2']",,,
1272,tomato_cut,pick up,CuttingBoard_10,CuttingBoard,10,pick up tomato_cut from cuttingboard,player_d46911ed,baseline_division_of_labor,49560955301922db,1037.2969936873264,0.0,5.0,0.0,1.0,1.0,1.0,"(2, 2)","[p(2, 2)_cs(1.0)_ws(1.0)]_[p(5, 2)_cs(1.0)_ws(1.0)]",player_d46911ed_actions,player_d46911ed,['player_d46911ed'],,,False
1273,plate,pick up,Dispenser_60,Dispenser,60,pick up plate from dispenser,player_ba65bba2,baseline_division_of_labor,49560955301922db,1637.8747597095987,102.19029042995952,5.0,0.0,4.0,1.0,1.0,"(5, 2)","[p(2, 2)_cs(1.0)_ws(1.0)]_[p(5, 2)_cs(1.0)_ws(1.0)]",player_ba65bba2_actions,,[],,,
1297,plate,put down,Counter_32,Counter,32,put down plate on counter,player_ba65bba2,baseline_division_of_labor,49560955301922db,1676.281822376363,38.407062666764205,5.0,0.0,4.0,1.0,1.0,"(5, 2)","[p(2, 2)_cs(1.0)_ws(1.0)]_[p(5, 2)_cs(1.0)_ws(1.0)]",player_ba65bba2_actions,player_ba65bba2,['player_ba65bba2'],,,
1312,tomato_cut,assemble salad,Counter_32,Counter,32,assemble salad,player_d46911ed,baseline_division_of_labor,49560955301922db,1059.9244106852962,22.627416997969704,5.0,0.0,1.0,1.0,1.0,"(2, 2)","[p(2, 2)_cs(1.0)_ws(1.0)]_[p(5, 2)_cs(1.0)_ws(1.0)]",player_d46911ed_actions,player_ba65bba2,['player_d46911ed'],"['player_d46911ed', 'player_d46911ed']",['player_ba65bba2'],True
1312,tomato_salad,pick up,Counter_33,Counter,33,pick up tomato_salad from counter,player_ba65bba2,baseline_division_of_labor,49560955301922db,1692.2818223763625,15.999999999999543,5.0,0.0,4.0,1.0,1.0,"(5, 2)","[p(2, 2)_cs(1.0)_ws(1.0)]_[p(5, 2)_cs(1.0)_ws(1.0)]",player_ba65bba2_actions,player_d46911ed,['player_d46911ed'],"['player_ba65bba2', 'player_d46911ed', 'player_d46911ed']",['player_ba65bba2'],True
1326,tomato_salad,pick up,Counter_32,Counter,32,pick up tomato_salad from counter,player_d46911ed,baseline_division_of_labor,49560955301922db,1059.9244106852962,0.0,5.0,0.0,1.0,1.0,1.0,"(2, 2)","[p(2, 2)_cs(1.0)_ws(1.0)]_[p(5, 2)_cs(1.0)_ws(1.0)]",player_d46911ed_actions,player_d46911ed,['player_d46911ed'],"['player_d46911ed', 'player_d46911ed']",['player_ba65bba2'],False
1328,tomato_salad,deliver,Delivery_63,Delivery,63,deliver tomato_salad,player_ba65bba2,baseline_division_of_labor,49560955301922db,1708.2818223763618,15.999999999999318,6.0,1.0,5.0,1.0,1.0,"(5, 2)","[p(2, 2)_cs(1.0)_ws(1.0)]_[p(5, 2)_cs(1.0)_ws(1.0)]",player_ba65bba2_actions,player_ba65bba2,"['player_d46911ed', 'player_ba65bba2']","['player_ba65bba2', 'player_d46911ed', 'player_d46911ed']",['player_ba65bba2'],
1338,tomato_salad,put down,Counter_32,Counter,32,put down tomato_salad on counter,player_d46911ed,baseline_division_of_labor,49560955301922db,1059.9244106852962,0.0,6.0,0.0,1.0,1.0,1.0,"(2, 2)","[p(2, 2)_cs(1.0)_ws(1.0)]_[p(5, 2)_cs(1.0)_ws(1.0)]",player_d46911ed_actions,player_d46911ed,"['player_d46911ed', 'player_d46911ed']","['player_d46911ed', 'player_d46911ed']",['player_ba65bba2'],
1346,tomato_salad,pick up,Counter_32,Counter,32,pick up tomato_salad from counter,player_ba65bba2,baseline_division_of_labor,49560955301922db,1730.9092393743308,22.62741699796902,6.0,0.0,5.0,1.0,1.0,"(5, 2)","[p(2, 2)_cs(1.0)_ws(1.0)]_[p(5, 2)_cs(1.0)_ws(1.0)]",player_ba65bba2_actions,player_d46911ed,"['player_d46911ed', 'player_d46911ed']","['player_d46911ed', 'player_d46911ed']",['player_ba65bba2'],True
1355,tomato_salad,put down,Counter_32,Counter,32,put down tomato_salad on counter,player_ba65bba2,baseline_division_of_labor,49560955301922db,1730.9092393743308,0.0,6.0,0.0,5.0,1.0,1.0,"(5, 2)","[p(2, 2)_cs(1.0)_ws(1.0)]_[p(5, 2)_cs(1.0)_ws(1.0)]",player_ba65bba2_actions,player_ba65bba2,"['player_d46911ed', 'player_d46911ed', 'player_ba65bba2']","['player_d46911ed', 'player_d46911ed']",['player_ba65bba2'],
1393,plate,pick up,Dispenser_71,Dispenser,71,pick up plate from dispenser,player_ba65bba2,baseline_division_of_labor,49560955301922db,1791.9479162123257,61.03867683799467,6.0,0.0,5.0,1.0,1.0,"(5, 2)","[p(2, 2)_cs(1.0)_ws(1.0)]_[p(5, 2)_cs(1.0)_ws(1.0)]",player_ba65bba2_actions,,[],,,
1407,tomato_cut,pick up,CuttingBoard_20,CuttingBoard,20,pick up tomato_cut from cuttingboard,player_d46911ed,baseline_division_of_labor,49560955301922db,1075.9244106852957,15.999999999999543,6.0,0.0,1.0,1.0,1.0,"(2, 2)","[p(2, 2)_cs(1.0)_ws(1.0)]_[p(5, 2)_cs(1.0)_ws(1.0)]",player_d46911ed_actions,player_d46911ed,['player_d46911ed'],,,False
1419,plate,put down,Counter_33,Counter,33,put down plate on counter,player_ba65bba2,baseline_division_of_labor,49560955301922db,1837.2027502082633,45.254833995937815,6.0,0.0,5.0,1.0,1.0,"(5, 2)","[p(2, 2)_cs(1.0)_ws(1.0)]_[p(5, 2)_cs(1.0)_ws(1.0)]",player_ba65bba2_actions,player_ba65bba2,['player_ba65bba2'],,,
1427,tomato_cut,assemble salad,Counter_33,Counter,33,assemble salad,player_d46911ed,baseline_division_of_labor,49560955301922db,1107.9244106852948,31.99999999999909,6.0,0.0,1.0,1.0,1.0,"(2, 2)","[p(2, 2)_cs(1.0)_ws(1.0)]_[p(5, 2)_cs(1.0)_ws(1.0)]",player_d46911ed_actions,player_ba65bba2,['player_d46911ed'],"['player_d46911ed', 'player_d46911ed']",['player_ba65bba2'],True
1434,tomato_salad,pick up,Counter_32,Counter,32,pick up tomato_salad from counter,player_ba65bba2,baseline_division_of_labor,49560955301922db,1853.2027502082628,15.999999999999543,6.0,0.0,5.0,1.0,1.0,"(5, 2)","[p(2, 2)_cs(1.0)_ws(1.0)]_[p(5, 2)_cs(1.0)_ws(1.0)]",player_ba65bba2_actions,player_ba65bba2,"['player_d46911ed', 'player_d46911ed', 'player_ba65bba2']","['player_d46911ed', 'player_d46911ed']",['player_ba65bba2'],False
1441,tomato,pick up,Counter_34,Counter,34,pick up tomato from counter,player_d46911ed,baseline_division_of_labor,49560955301922db,1123.9244106852946,15.999999999999773,6.0,0.0,1.0,1.0,1.0,"(2, 2)","[p(2, 2)_cs(1.0)_ws(1.0)]_[p(5, 2)_cs(1.0)_ws(1.0)]",player_d46911ed_actions,player_ba65bba2,"['player_ba65bba2', 'player_ba65bba2']",,,True
1451,tomato_salad,deliver,Delivery_63,Delivery,63,deliver tomato_salad,player_ba65bba2,baseline_division_of_labor,49560955301922db,1875.830167206232,22.62741699796902,7.0,1.0,6.0,1.0,1.0,"(5, 2)","[p(2, 2)_cs(1.0)_ws(1.0)]_[p(5, 2)_cs(1.0)_ws(1.0)]",player_ba65bba2_actions,player_ba65bba2,"['player_d46911ed', 'player_d46911ed', 'player_ba65bba2', 'player_ba65bba2']","['player_d46911ed', 'player_d46911ed']",['player_ba65bba2'],
1468,tomato,start cutting,CuttingBoard_20,CuttingBoard,20,start cutting tomato,player_d46911ed,baseline_division_of_labor,49560955301922db,1171.9244106852932,47.99999999999864,7.0,0.0,1.0,1.0,1.0,"(2, 2)","[p(2, 2)_cs(1.0)_ws(1.0)]_[p(5, 2)_cs(1.0)_ws(1.0)]",player_d46911ed_actions,player_d46911ed,"['player_ba65bba2', 'player_ba65bba2', 'player_d46911ed']",,,
1474,plate,pick up,Dispenser_60,Dispenser,60,pick up plate from dispenser,player_ba65bba2,baseline_division_of_labor,49560955301922db,1914.2414270462575,38.41125984002565,7.0,0.0,6.0,1.0,1.0,"(5, 2)","[p(2, 2)_cs(1.0)_ws(1.0)]_[p(5, 2)_cs(1.0)_ws(1.0)]",player_ba65bba2_actions,,[],,,
1500,plate,put down,Counter_32,Counter,32,put down plate on counter,player_ba65bba2,baseline_division_of_labor,49560955301922db,1952.6484897130215,38.407062666764205,7.0,0.0,6.0,1.0,1.0,"(5, 2)","[p(2, 2)_cs(1.0)_ws(1.0)]_[p(5, 2)_cs(1.0)_ws(1.0)]",player_ba65bba2_actions,player_ba65bba2,['player_ba65bba2'],,,
1509,tomato_cut,pick up,CuttingBoard_20,CuttingBoard,20,pick up tomato_cut from cuttingboard,player_d46911ed,baseline_division_of_labor,49560955301922db,1171.9244106852932,0.0,7.0,0.0,1.0,1.0,1.0,"(2, 2)","[p(2, 2)_cs(1.0)_ws(1.0)]_[p(5, 2)_cs(1.0)_ws(1.0)]",player_d46911ed_actions,player_d46911ed,"['player_ba65bba2', 'player_ba65bba2', 'player_d46911ed']",,,False
1513,tomato_salad,pick up,Counter_33,Counter,33,pick up tomato_salad from counter,player_ba65bba2,baseline_division_of_labor,49560955301922db,1968.6484897130213,15.999999999999543,7.0,0.0,6.0,1.0,1.0,"(5, 2)","[p(2, 2)_cs(1.0)_ws(1.0)]_[p(5, 2)_cs(1.0)_ws(1.0)]",player_ba65bba2_actions,player_d46911ed,['player_d46911ed'],"['player_d46911ed', 'player_d46911ed']",['player_ba65bba2'],True
1528,tomato_cut,assemble salad,Counter_32,Counter,32,assemble salad,player_d46911ed,baseline_division_of_labor,49560955301922db,1187.9244106852927,15.999999999999543,7.0,0.0,1.0,1.0,1.0,"(2, 2)","[p(2, 2)_cs(1.0)_ws(1.0)]_[p(5, 2)_cs(1.0)_ws(1.0)]",player_d46911ed_actions,player_ba65bba2,['player_d46911ed'],"['player_ba65bba2', 'player_ba65bba2', 'player_d46911ed', 'player_d46911ed']",['player_ba65bba2'],True
1530,tomato_salad,deliver,Delivery_63,Delivery,63,deliver tomato_salad,player_ba65bba2,baseline_division_of_labor,49560955301922db,1984.6484897130208,15.999999999999318,8.0,1.0,7.0,1.0,1.0,"(5, 2)","[p(2, 2)_cs(1.0)_ws(1.0)]_[p(5, 2)_cs(1.0)_ws(1.0)]",player_ba65bba2_actions,player_ba65bba2,"['player_d46911ed', 'player_ba65bba2']","['player_d46911ed', 'player_d46911ed']",['player_ba65bba2'],
1542,tomato,pick up,Dispenser_40,Dispenser,40,pick up tomato from dispenser,player_d46911ed,baseline_division_of_labor,49560955301922db,1203.9244106852923,15.999999999999543,8.0,0.0,1.0,1.0,1.0,"(2, 2)","[p(2, 2)_cs(1.0)_ws(1.0)]_[p(5, 2)_cs(1.0)_ws(1.0)]",player_d46911ed_actions,,[],,,
1561,plate,pick up,Dispenser_60,Dispenser,60,pick up plate from dispenser,player_ba65bba2,baseline_division_of_labor,49560955301922db,2023.0597495530465,38.41125984002565,8.0,0.0,7.0,1.0,1.0,"(5, 2)","[p(2, 2)_cs(1.0)_ws(1.0)]_[p(5, 2)_cs(1.0)_ws(1.0)]",player_ba65bba2_actions,,[],,,
1562,tomato,start cutting,CuttingBoard_20,CuttingBoard,20,start cutting tomato,player_d46911ed,baseline_division_of_labor,49560955301922db,1235.9244106852916,31.99999999999932,8.0,0.0,1.0,1.0,1.0,"(2, 2)","[p(2, 2)_cs(1.0)_ws(1.0)]_[p(5, 2)_cs(1.0)_ws(1.0)]",player_d46911ed_actions,player_d46911ed,['player_d46911ed'],,,
1579,tomato,pick up,Dispenser_40,Dispenser,40,pick up tomato from dispenser,player_d46911ed,baseline_division_of_labor,49560955301922db,1267.9244106852907,31.99999999999909,8.0,0.0,1.0,1.0,1.0,"(2, 2)","[p(2, 2)_cs(1.0)_ws(1.0)]_[p(5, 2)_cs(1.0)_ws(1.0)]",player_d46911ed_actions,,[],,,
1586,plate,put down,Counter_33,Counter,33,put down plate on counter,player_ba65bba2,baseline_division_of_labor,49560955301922db,2068.314583548984,45.254833995937815,8.0,0.0,7.0,1.0,1.0,"(5, 2)","[p(2, 2)_cs(1.0)_ws(1.0)]_[p(5, 2)_cs(1.0)_ws(1.0)]",player_ba65bba2_actions,player_ba65bba2,['player_ba65bba2'],,,
1603,tomato_salad,pick up,Counter_32,Counter,32,pick up tomato_salad from counter,player_ba65bba2,baseline_division_of_labor,49560955301922db,2084.314583548985,16.00000000000091,8.0,0.0,7.0,1.0,1.0,"(5, 2)","[p(2, 2)_cs(1.0)_ws(1.0)]_[p(5, 2)_cs(1.0)_ws(1.0)]",player_ba65bba2_actions,player_d46911ed,['player_d46911ed'],"['player_ba65bba2', 'player_ba65bba2', 'player_d46911ed', 'player_d46911ed']",['player_ba65bba2'],True
1605,tomato,start cutting,CuttingBoard_10,CuttingBoard,10,start cutting tomato,player_d46911ed,baseline_division_of_labor,49560955301922db,1315.924410685289,47.99999999999841,8.0,0.0,1.0,1.0,1.0,"(2, 2)","[p(2, 2)_cs(1.0)_ws(1.0)]_[p(5, 2)_cs(1.0)_ws(1.0)]",player_d46911ed_actions,player_d46911ed,['player_d46911ed'],,,
1619,tomato_salad,deliver,Delivery_63,Delivery,63,deliver tomato_salad,player_ba65bba2,baseline_division_of_labor,49560955301922db,2106.9420005469538,22.62741699796879,9.0,1.0,8.0,1.0,1.0,"(5, 2)","[p(2, 2)_cs(1.0)_ws(1.0)]_[p(5, 2)_cs(1.0)_ws(1.0)]",player_ba65bba2_actions,player_ba65bba2,"['player_d46911ed', 'player_ba65bba2']","['player_ba65bba2', 'player_ba65bba2', 'player_d46911ed', 'player_d46911ed']",['player_ba65bba2'],
1643,plate,pick up,Dispenser_60,Dispenser,60,pick up plate from dispenser,player_ba65bba2,baseline_division_of_labor,49560955301922db,2145.3532603869808,38.411259840027014,9.0,0.0,8.0,1.0,1.0,"(5, 2)","[p(2, 2)_cs(1.0)_ws(1.0)]_[p(5, 2)_cs(1.0)_ws(1.0)]",player_ba65bba2_actions,,[],,,
1667,plate,put down,Counter_32,Counter,32,put down plate on counter,player_ba65bba2,baseline_division_of_labor,49560955301922db,2183.7603230537447,38.40706266676398,9.0,0.0,8.0,1.0,1.0,"(5, 2)","[p(2, 2)_cs(1.0)_ws(1.0)]_[p(5, 2)_cs(1.0)_ws(1.0)]",player_ba65bba2_actions,player_ba65bba2,['player_ba65bba2'],,,
1687,tomato_cut,pick up,CuttingBoard_10,CuttingBoard,10,pick up tomato_cut from cuttingboard,player_d46911ed,baseline_division_of_labor,49560955301922db,1386.8957480917293,70.97133740644017,9.0,0.0,1.0,1.0,1.0,"(2, 2)","[p(2, 2)_cs(1.0)_ws(1.0)]_[p(5, 2)_cs(1.0)_ws(1.0)]",player_d46911ed_actions,player_d46911ed,['player_d46911ed'],,,False
1704,tomato_cut,assemble salad,Counter_32,Counter,32,assemble salad,player_d46911ed,baseline_division_of_labor,49560955301922db,1409.523165089699,22.627416997969704,9.0,0.0,1.0,1.0,1.0,"(2, 2)","[p(2, 2)_cs(1.0)_ws(1.0)]_[p(5, 2)_cs(1.0)_ws(1.0)]",player_d46911ed_actions,player_ba65bba2,['player_d46911ed'],"['player_d46911ed', 'player_d46911ed']",['player_ba65bba2'],True
1712,tomato_salad,pick up,Counter_32,Counter,32,pick up tomato_salad from counter,player_ba65bba2,baseline_division_of_labor,49560955301922db,2183.7603230537447,0.0,9.0,0.0,8.0,1.0,1.0,"(5, 2)","[p(2, 2)_cs(1.0)_ws(1.0)]_[p(5, 2)_cs(1.0)_ws(1.0)]",player_ba65bba2_actions,player_d46911ed,['player_d46911ed'],"['player_d46911ed', 'player_d46911ed']",['player_ba65bba2'],True
1729,tomato_salad,deliver,Delivery_63,Delivery,63,deliver tomato_salad,player_ba65bba2,baseline_division_of_labor,49560955301922db,2206.3877400517135,22.62741699796879,10.0,1.0,9.0,1.0,1.0,"(5, 2)","[p(2, 2)_cs(1.0)_ws(1.0)]_[p(5, 2)_cs(1.0)_ws(1.0)]",player_ba65bba2_actions,player_ba65bba2,"['player_d46911ed', 'player_ba65bba2']","['player_d46911ed', 'player_d46911ed']",['player_ba65bba2'],
1753,tomato,pick up,Dispenser_40,Dispenser,40,pick up tomato from dispenser,player_ba65bba2,baseline_division_of_labor,49560955301922db,2244.798999891741,38.411259840027014,10.0,0.0,9.0,1.0,1.0,"(5, 2)","[p(2, 2)_cs(1.0)_ws(1.0)]_[p(5, 2)_cs(1.0)_ws(1.0)]",player_ba65bba2_actions,,[],,,
1765,tomato_cut,pick up,CuttingBoard_20,CuttingBoard,20,pick up tomato_cut from cuttingboard,player_d46911ed,baseline_division_of_labor,49560955301922db,1425.5231650896983,15.999999999999543,10.0,0.0,1.0,1.0,1.0,"(2, 2)","[p(2, 2)_cs(1.0)_ws(1.0)]_[p(5, 2)_cs(1.0)_ws(1.0)]",player_d46911ed_actions,player_d46911ed,['player_d46911ed'],,,False
1769,tomato,put down,Counter_32,Counter,32,put down tomato on counter,player_ba65bba2,baseline_division_of_labor,49560955301922db,2260.798999891741,16.0,10.0,0.0,9.0,1.0,1.0,"(5, 2)","[p(2, 2)_cs(1.0)_ws(1.0)]_[p(5, 2)_cs(1.0)_ws(1.0)]",player_ba65bba2_actions,player_ba65bba2,['player_ba65bba2'],,,
1786,tomato_cut,assemble salad,Counter_33,Counter,33,assemble salad,player_d46911ed,baseline_division_of_labor,49560955301922db,1457.5231650896976,31.99999999999909,10.0,0.0,1.0,1.0,1.0,"(2, 2)","[p(2, 2)_cs(1.0)_ws(1.0)]_[p(5, 2)_cs(1.0)_ws(1.0)]",player_d46911ed_actions,player_ba65bba2,['player_d46911ed'],"['player_d46911ed', 'player_d46911ed']",['player_ba65bba2'],True
1799,tomato,pick up,Counter_32,Counter,32,pick up tomato from counter,player_d46911ed,baseline_division_of_labor,49560955301922db,1473.5231650896972,15.999999999999543,10.0,0.0,1.0,1.0,1.0,"(2, 2)","[p(2, 2)_cs(1.0)_ws(1.0)]_[p(5, 2)_cs(1.0)_ws(1.0)]",player_d46911ed_actions,player_ba65bba2,['player_ba65bba2'],,,True
1814,tomato_salad,pick up,Counter_33,Counter,33,pick up tomato_salad from counter,player_ba65bba2,baseline_division_of_labor,49560955301922db,2352.0743995726298,91.27539968088922,10.0,0.0,9.0,1.0,1.0,"(5, 2)","[p(2, 2)_cs(1.0)_ws(1.0)]_[p(5, 2)_cs(1.0)_ws(1.0)]",player_ba65bba2_actions,player_d46911ed,['player_d46911ed'],"['player_d46911ed', 'player_d46911ed']",['player_ba65bba2'],True
1814,tomato,start cutting,CuttingBoard_20,CuttingBoard,20,start cutting tomato,player_d46911ed,baseline_division_of_labor,49560955301922db,1489.5231650896967,15.999999999999543,10.0,0.0,1.0,1.0,1.0,"(2, 2)","[p(2, 2)_cs(1.0)_ws(1.0)]_[p(5, 2)_cs(1.0)_ws(1.0)]",player_d46911ed_actions,player_d46911ed,"['player_ba65bba2', 'player_d46911ed']",,,
1829,tomato_salad,deliver,Delivery_63,Delivery,63,deliver tomato_salad,player_ba65bba2,baseline_division_of_labor,49560955301922db,2368.074399572629,15.99999999999909,11.0,1.0,10.0,1.0,1.0,"(5, 2)","[p(2, 2)_cs(1.0)_ws(1.0)]_[p(5, 2)_cs(1.0)_ws(1.0)]",player_ba65bba2_actions,player_ba65bba2,"['player_d46911ed', 'player_ba65bba2']","['player_d46911ed', 'player_d46911ed']",['player_ba65bba2'],
1849,tomato,pick up,Dispenser_40,Dispenser,40,pick up tomato from dispenser,player_d46911ed,baseline_division_of_labor,49560955301922db,1521.5231650896958,31.99999999999909,11.0,0.0,1.0,1.0,1.0,"(2, 2)","[p(2, 2)_cs(1.0)_ws(1.0)]_[p(5, 2)_cs(1.0)_ws(1.0)]",player_d46911ed_actions,,[],,,
1849,plate,pick up,Dispenser_60,Dispenser,60,pick up plate from dispenser,player_ba65bba2,baseline_division_of_labor,49560955301922db,2406.485659412656,38.411259840027014,11.0,0.0,10.0,1.0,1.0,"(5, 2)","[p(2, 2)_cs(1.0)_ws(1.0)]_[p(5, 2)_cs(1.0)_ws(1.0)]",player_ba65bba2_actions,,[],,,
1872,plate,put down,Counter_32,Counter,32,put down plate on counter,player_ba65bba2,baseline_division_of_labor,49560955301922db,2444.89272207942,38.40706266676398,11.0,0.0,10.0,1.0,1.0,"(5, 2)","[p(2, 2)_cs(1.0)_ws(1.0)]_[p(5, 2)_cs(1.0)_ws(1.0)]",player_ba65bba2_actions,player_ba65bba2,['player_ba65bba2'],,,
1894,plate,pick up,Dispenser_60,Dispenser,60,pick up plate from dispenser,player_ba65bba2,baseline_division_of_labor,49560955301922db,2483.299784746184,38.40706266676398,11.0,0.0,10.0,1.0,1.0,"(5, 2)","[p(2, 2)_cs(1.0)_ws(1.0)]_[p(5, 2)_cs(1.0)_ws(1.0)]",player_ba65bba2_actions,,[],,,
1898,tomato,start cutting,CuttingBoard_10,CuttingBoard,10,start cutting tomato,player_d46911ed,baseline_division_of_labor,49560955301922db,1601.5231650896933,79.9999999999975,11.0,0.0,1.0,1.0,1.0,"(2, 2)","[p(2, 2)_cs(1.0)_ws(1.0)]_[p(5, 2)_cs(1.0)_ws(1.0)]",player_d46911ed_actions,player_d46911ed,['player_d46911ed'],,,
1922,plate,put down,Counter_33,Counter,33,put down plate on counter,player_ba65bba2,baseline_division_of_labor,49560955301922db,2528.554618742122,45.25483399593804,11.0,0.0,10.0,1.0,1.0,"(5, 2)","[p(2, 2)_cs(1.0)_ws(1.0)]_[p(5, 2)_cs(1.0)_ws(1.0)]",player_ba65bba2_actions,player_ba65bba2,['player_ba65bba2'],,,
1944,tomato,pick up,Dispenser_40,Dispenser,40,pick up tomato from dispenser,player_ba65bba2,baseline_division_of_labor,49560955301922db,2560.5546187421237,32.00000000000182,11.0,0.0,10.0,1.0,1.0,"(5, 2)","[p(2, 2)_cs(1.0)_ws(1.0)]_[p(5, 2)_cs(1.0)_ws(1.0)]",player_ba65bba2_actions,,[],,,
1946,tomato_cut,pick up,CuttingBoard_10,CuttingBoard,10,pick up tomato_cut from cuttingboard,player_d46911ed,baseline_division_of_labor,49560955301922db,1601.5231650896933,0.0,11.0,0.0,1.0,1.0,1.0,"(2, 2)","[p(2, 2)_cs(1.0)_ws(1.0)]_[p(5, 2)_cs(1.0)_ws(1.0)]",player_d46911ed_actions,player_d46911ed,['player_d46911ed'],,,False
1960,tomato_cut,assemble salad,Counter_32,Counter,32,assemble salad,player_d46911ed,baseline_division_of_labor,49560955301922db,1624.150582087663,22.627416997969704,11.0,0.0,1.0,1.0,1.0,"(2, 2)","[p(2, 2)_cs(1.0)_ws(1.0)]_[p(5, 2)_cs(1.0)_ws(1.0)]",player_d46911ed_actions,player_ba65bba2,['player_d46911ed'],"['player_d46911ed', 'player_d46911ed']",['player_ba65bba2'],True
1971,tomato,put down,Counter_01,Counter,1,put down tomato on counter,player_ba65bba2,baseline_division_of_labor,49560955301922db,2608.5546187421255,48.00000000000182,11.0,0.0,10.0,1.0,1.0,"(5, 2)","[p(2, 2)_cs(1.0)_ws(1.0)]_[p(5, 2)_cs(1.0)_ws(1.0)]",player_ba65bba2_actions,player_ba65bba2,['player_ba65bba2'],,,
1988,tomato_salad,pick up,Counter_32,Counter,32,pick up tomato_salad from counter,player_ba65bba2,baseline_division_of_labor,49560955301922db,2631.1820357400943,22.62741699796879,11.0,0.0,10.0,1.0,1.0,"(5, 2)","[p(2, 2)_cs(1.0)_ws(1.0)]_[p(5, 2)_cs(1.0)_ws(1.0)]",player_ba65bba2_actions,player_d46911ed,['player_d46911ed'],"['player_d46911ed', 'player_d46911ed']",['player_ba65bba2'],True
2005,tomato_cut,pick up,CuttingBoard_20,CuttingBoard,20,pick up tomato_cut from cuttingboard,player_d46911ed,baseline_division_of_labor,49560955301922db,1640.1505820876623,15.999999999999543,11.0,0.0,1.0,1.0,1.0,"(2, 2)","[p(2, 2)_cs(1.0)_ws(1.0)]_[p(5, 2)_cs(1.0)_ws(1.0)]",player_d46911ed_actions,player_d46911ed,"['player_ba65bba2', 'player_d46911ed']",,,False
2022,tomato_salad,deliver,Delivery_63,Delivery,63,deliver tomato_salad,player_ba65bba2,baseline_division_of_labor,49560955301922db,2698.645147002728,67.4631112626339,12.0,1.0,11.0,1.0,1.0,"(5, 2)","[p(2, 2)_cs(1.0)_ws(1.0)]_[p(5, 2)_cs(1.0)_ws(1.0)]",player_ba65bba2_actions,player_ba65bba2,"['player_d46911ed', 'player_ba65bba2']","['player_d46911ed', 'player_d46911ed']",['player_ba65bba2'],
2025,tomato_cut,assemble salad,Counter_33,Counter,33,assemble salad,player_d46911ed,baseline_division_of_labor,49560955301922db,1672.1505820876614,31.999999999998863,12.0,0.0,1.0,1.0,1.0,"(2, 2)","[p(2, 2)_cs(1.0)_ws(1.0)]_[p(5, 2)_cs(1.0)_ws(1.0)]",player_d46911ed_actions,player_ba65bba2,['player_d46911ed'],"['player_ba65bba2', 'player_d46911ed', 'player_d46911ed']",['player_ba65bba2'],True
2040,tomato_salad,pick up,Counter_33,Counter,33,pick up tomato_salad from counter,player_ba65bba2,baseline_division_of_labor,49560955301922db,2714.645147002728,15.999999999999543,12.0,0.0,11.0,1.0,1.0,"(5, 2)","[p(2, 2)_cs(1.0)_ws(1.0)]_[p(5, 2)_cs(1.0)_ws(1.0)]",player_ba65bba2_actions,player_d46911ed,['player_d46911ed'],"['player_ba65bba2', 'player_d46911ed', 'player_d46911ed']",['player_ba65bba2'],True
2048,tomato,pick up,Counter_01,Counter,1,pick up tomato from counter,player_d46911ed,baseline_division_of_labor,49560955301922db,1710.5618419276873,38.41125984002588,12.0,0.0,1.0,1.0,1.0,"(2, 2)","[p(2, 2)_cs(1.0)_ws(1.0)]_[p(5, 2)_cs(1.0)_ws(1.0)]",player_d46911ed_actions,player_ba65bba2,['player_ba65bba2'],,,True
2056,tomato_salad,deliver,Delivery_63,Delivery,63,deliver tomato_salad,player_ba65bba2,baseline_division_of_labor,49560955301922db,2730.645147002727,15.99999999999909,13.0,1.0,12.0,1.0,1.0,"(5, 2)","[p(2, 2)_cs(1.0)_ws(1.0)]_[p(5, 2)_cs(1.0)_ws(1.0)]",player_ba65bba2_actions,player_ba65bba2,"['player_d46911ed', 'player_ba65bba2']","['player_ba65bba2', 'player_d46911ed', 'player_d46911ed']",['player_ba65bba2'],
2059,tomato,start cutting,CuttingBoard_20,CuttingBoard,20,start cutting tomato,player_d46911ed,baseline_division_of_labor,49560955301922db,1726.5618419276868,15.999999999999543,13.0,0.0,1.0,1.0,1.0,"(2, 2)","[p(2, 2)_cs(1.0)_ws(1.0)]_[p(5, 2)_cs(1.0)_ws(1.0)]",player_d46911ed_actions,player_d46911ed,"['player_ba65bba2', 'player_d46911ed']",,,
2078,plate,pick up,Dispenser_60,Dispenser,60,pick up plate from dispenser,player_ba65bba2,baseline_division_of_labor,49560955301922db,2769.056406842754,38.411259840027014,13.0,0.0,12.0,1.0,1.0,"(5, 2)","[p(2, 2)_cs(1.0)_ws(1.0)]_[p(5, 2)_cs(1.0)_ws(1.0)]",player_ba65bba2_actions,,[],,,
2101,plate,put down,Counter_32,Counter,32,put down plate on counter,player_ba65bba2,baseline_division_of_labor,49560955301922db,2807.463469509518,38.40706266676398,13.0,0.0,12.0,1.0,1.0,"(5, 2)","[p(2, 2)_cs(1.0)_ws(1.0)]_[p(5, 2)_cs(1.0)_ws(1.0)]",player_ba65bba2_actions,player_ba65bba2,['player_ba65bba2'],,,
2115,tomato_cut,pick up,CuttingBoard_20,CuttingBoard,20,pick up tomato_cut from cuttingboard,player_d46911ed,baseline_division_of_labor,49560955301922db,1726.5618419276868,0.0,13.0,0.0,1.0,1.0,1.0,"(2, 2)","[p(2, 2)_cs(1.0)_ws(1.0)]_[p(5, 2)_cs(1.0)_ws(1.0)]",player_d46911ed_actions,player_d46911ed,"['player_ba65bba2', 'player_d46911ed']",,,False
2125,plate,pick up,Dispenser_60,Dispenser,60,pick up plate from dispenser,player_ba65bba2,baseline_division_of_labor,49560955301922db,2845.870532176282,38.40706266676398,13.0,0.0,12.0,1.0,1.0,"(5, 2)","[p(2, 2)_cs(1.0)_ws(1.0)]_[p(5, 2)_cs(1.0)_ws(1.0)]",player_ba65bba2_actions,,[],,,
2127,tomato_cut,assemble salad,Counter_32,Counter,32,assemble salad,player_d46911ed,baseline_division_of_labor,49560955301922db,1742.5618419276864,15.999999999999543,13.0,0.0,1.0,1.0,1.0,"(2, 2)","[p(2, 2)_cs(1.0)_ws(1.0)]_[p(5, 2)_cs(1.0)_ws(1.0)]",player_d46911ed_actions,player_ba65bba2,['player_d46911ed'],"['player_ba65bba2', 'player_d46911ed', 'player_d46911ed']",['player_ba65bba2'],True
2142,tomato,pick up,Dispenser_40,Dispenser,40,pick up tomato from dispenser,player_d46911ed,baseline_division_of_labor,49560955301922db,1758.561841927686,15.999999999999543,13.0,0.0,1.0,1.0,1.0,"(2, 2)","[p(2, 2)_cs(1.0)_ws(1.0)]_[p(5, 2)_cs(1.0)_ws(1.0)]",player_d46911ed_actions,,[],,,
2153,plate,put down,Counter_33,Counter,33,put down plate on counter,player_ba65bba2,baseline_division_of_labor,49560955301922db,2891.12536617222,45.25483399593804,13.0,0.0,12.0,1.0,1.0,"(5, 2)","[p(2, 2)_cs(1.0)_ws(1.0)]_[p(5, 2)_cs(1.0)_ws(1.0)]",player_ba65bba2_actions,player_ba65bba2,['player_ba65bba2'],,,
