{"agents": {"player_d46911ed": {"initial_state": {"agent_id": "player_d46911ed", "x": 40, "y": 40, "item": null, "url_params": {"gameType": ["tomatoSaladOnly"], "PROLIFIC_PID": ["66cb9eada758f957539eceab"], "map": ["baseline_division_of_labor"], "cutting_speed_p1": ["1"], "walking_speed_p1": ["1"], "cutting_speed_p2": ["1"], "walking_speed_p2": ["1"], "slot_x_p1": ["2"], "slot_y_p1": ["2"], "slot_x_p2": ["5"], "slot_y_p2": ["2"], "EIO": ["4"], "transport": ["polling"], "t": ["PZKh6GA"]}, "cut_speed": 1.0, "walk_speed": 30.0, "player_nr": 1}, "player_score": 1.0, "total_actions": 61, "first_action_tick": 57, "last_action_tick": 2142}, "player_ba65bba2": {"initial_state": {"agent_id": "player_ba65bba2", "x": 88, "y": 40, "item": null, "url_params": {"gameType": ["tomatoSaladOnly"], "PROLIFIC_PID": ["6723a24834fc355d0ae557ad"], "map": ["baseline_division_of_labor"], "cutting_speed_p1": ["1"], "walking_speed_p1": ["1"], "cutting_speed_p2": ["1"], "walking_speed_p2": ["1"], "slot_x_p1": ["2"], "slot_y_p1": ["2"], "slot_x_p2": ["5"], "slot_y_p2": ["2"], "EIO": ["4"], "transport": ["polling"], "t": ["PZKh6iu"]}, "cut_speed": 1.0, "walk_speed": 30.0, "player_nr": 2}, "player_score": 12.0, "total_actions": 78, "first_action_tick": 49, "last_action_tick": 2153}}, "map_name": "baseline_division_of_labor", "final_score": 13.0}