Submission id,Participant id,Status,Custom study tncs accepted at,Started at,Completed at,Reviewed at,Archived at,Time taken,Completion code,Total approvals,Age,Sex,Ethnicity simplified,Country of birth,Country of residence,Nationality,Language,Student status,Employment status
68e840a491c0efbb0335dcf3,63d7b81d79044b73bfb50952,APPROVED,Not Applicable,2025-10-09T23:09:24.396000Z,2025-10-09T23:17:54.939000Z,2025-10-30T00:02:35.866000Z,2025-10-09T23:17:55.325979Z,511.0,CX0Z37FL,3294,42,Male,White,United States,United States,United States,English,No,DATA_EXPIRED
68e840aa18d927a8568ce8d7,5f2f03deec679e2cf4a992e6,APPROVED,Not Applicable,2025-10-09T23:09:35.253000Z,2025-10-09T23:17:58.729000Z,2025-10-30T00:02:36.826000Z,2025-10-09T23:17:59.128700Z,504.0,CX0Z37FL,10488,36,Male,White,United States,United States,United States,English,No,Full-Time
68e840abbd5f524e26c14293,5dd2f94a238a913096c52317,APPROVED,Not Applicable,2025-10-09T23:13:11.184000Z,2025-10-09T23:21:57.147000Z,2025-10-30T00:02:37.139000Z,2025-10-09T23:21:57.517248Z,526.0,CX0Z37FL,12100,43,Female,White,United States,United States,United States,English,No,Full-Time
68e840b2c3331cd385d96bb7,67dd4da2c093609cf5b34756,APPROVED,Not Applicable,2025-10-09T23:09:38.936000Z,2025-10-09T23:30:13.505000Z,2025-10-30T00:02:37.445000Z,2025-10-09T23:30:15.508226Z,1235.0,CX0Z37FL,1106,34,Male,White,United States,United States,United States,English,DATA_EXPIRED,DATA_EXPIRED
68e8412c0e5e8ef480cfd0fb,5eb67ac31de6e8583b4edafe,APPROVED,Not Applicable,2025-10-09T23:11:40.487000Z,2025-10-09T23:20:06.552000Z,2025-10-30T00:02:37.745000Z,2025-10-09T23:20:06.945257Z,507.0,CX0Z37FL,1089,49,Male,White,United States,United States,United States,English,No,Full-Time
68e84139453d2715c74c24cf,670e8c1b152066063b12e080,APPROVED,Not Applicable,2025-10-09T23:11:57.507000Z,2025-10-09T23:21:53.192000Z,2025-10-30T00:02:38.057000Z,2025-10-09T23:21:53.577363Z,596.0,CX0Z37FL,286,22,Male,White,United States,United States,United States,English,Yes,Other
68e8419876cb6dd24ef995cb,5efb31fa8cd32f04bf048643,APPROVED,Not Applicable,2025-10-09T23:13:32.428000Z,2025-10-09T23:27:10.983000Z,2025-10-30T00:02:38.533000Z,2025-10-09T23:27:13.845994Z,819.0,CX0Z37FL,6531,39,Female,White,United States,United States,United States,English,No,Other
68e841a42a9bac94e59c4b29,5588e0b4fdf99b304ee56a0e,APPROVED,Not Applicable,2025-10-09T23:13:46.627000Z,2025-10-09T23:27:13.095000Z,2025-10-30T00:02:39.100000Z,2025-10-09T23:27:14.900386Z,807.0,CX0Z37FL,1297,42,Female,Asian,United States,United States,United States,English,Yes,DATA_EXPIRED
68e841a8e84191427994bd93,670170d009f9a820a5d1e654,APPROVED,Not Applicable,2025-10-09T23:15:01.840000Z,2025-10-09T23:37:12.319000Z,2025-10-30T00:02:39.450000Z,2025-10-09T23:37:12.789981Z,1331.0,CX0Z37FL,954,54,Female,White,United States,United States,United States,English,DATA_EXPIRED,DATA_EXPIRED
68e841ccd9311295c2f28204,60d9e874269237cc2a228006,APPROVED,Not Applicable,2025-10-09T23:14:24.010000Z,2025-10-09T23:20:07.765000Z,2025-10-30T00:02:40.045000Z,2025-10-09T23:20:08.819059Z,344.0,CX0Z37FL,4276,30,Female,White,United States,United States,United States,English,No,Part-Time
68e8420a3bcb7929795418ee,66be6ceec893e327db92ca2d,APPROVED,Not Applicable,2025-10-09T23:15:28.037000Z,2025-10-09T23:27:07.569000Z,2025-10-30T00:02:40.429000Z,2025-10-09T23:27:12.105273Z,700.0,CX0Z37FL,1667,52,Male,White,United States,United States,United States,English,DATA_EXPIRED,Part-Time
68e8420d52861aae3e462a91,5ddf3a3a23f9f1eabaf02ad5,APPROVED,Not Applicable,2025-10-09T23:15:30.218000Z,2025-10-09T23:24:25.836000Z,2025-10-30T00:02:40.735000Z,2025-10-09T23:24:26.230788Z,536.0,CX0Z37FL,4078,39,Female,White,United States,United States,United States,English,No,"Not in paid work (e.g. homemaker', 'retired or disabled)"
68e84233e18f17c445859066,55bd8669fdf99b5bfc7d4cfc,APPROVED,Not Applicable,2025-10-09T23:16:10.934000Z,2025-10-09T23:27:09.669000Z,2025-10-30T00:02:41.064000Z,2025-10-09T23:27:19.321819Z,659.0,CX0Z37FL,10259,31,Male,Black,United States,United States,United States,English,DATA_EXPIRED,DATA_EXPIRED
68e842808cc8e4e35fb02862,5a8e54c9f49c9a0001f3dc3f,APPROVED,Not Applicable,2025-10-09T23:17:26.943000Z,2025-10-09T23:24:23.584000Z,2025-10-30T00:02:41.427000Z,2025-10-09T23:24:23.952434Z,417.0,CX0Z37FL,4893,33,Female,White,United States,United States,United States,English,No,Full-Time
68e8428a857cede803cd2e45,67f078a4424ed89739827b18,APPROVED,Not Applicable,2025-10-09T23:17:56.764000Z,2025-10-09T23:28:24.527000Z,2025-10-30T00:02:41.770000Z,2025-10-09T23:28:25.092555Z,628.0,CX0Z37FL,1314,53,Male,White,United States,United States,United States,English,No,Part-Time
68e842f9f85c60032352563a,66be73fb77e4690f2ba1e7ee,APPROVED,Not Applicable,2025-10-09T23:19:26.242000Z,2025-10-09T23:31:53.409000Z,2025-10-30T00:02:42.335000Z,2025-10-09T23:31:53.819155Z,748.0,CX0Z37FL,779,51,Male,Black,United States,United States,United States,English,DATA_EXPIRED,DATA_EXPIRED
68e84372985de19b6101ad33,65f284445bd9d57a7c6c634f,APPROVED,Not Applicable,2025-10-09T23:21:31.813000Z,2025-10-09T23:43:37.735000Z,2025-10-30T00:02:42.842000Z,2025-10-09T23:43:39.601911Z,1326.0,CX0Z37FL,699,44,Female,Asian,India,United States,India,English,DATA_EXPIRED,DATA_EXPIRED
68e8437c10e825fbc9e6d8bd,6373acd3f3943f2d3a3d328d,APPROVED,Not Applicable,2025-10-09T23:21:36.886000Z,2025-10-09T23:31:55.631000Z,2025-10-30T00:02:43.219000Z,2025-10-09T23:32:08.117544Z,619.0,CX0Z37FL,933,57,Female,White,United States,United States,United States,English,No,"Not in paid work (e.g. homemaker', 'retired or disabled)"
68e8438962797ad6cc35c0e5,6664f7c85d3674a27eea24b7,APPROVED,Not Applicable,2025-10-09T23:21:48.610000Z,2025-10-09T23:28:25.287000Z,2025-10-30T00:02:43.608000Z,2025-10-09T23:28:25.659740Z,397.0,CX0Z37FL,2137,34,Female,White,United States,United States,United States,English,No,Full-Time
68e84467b7cb9449aba0a1ee,61222038c2048b50449284a1,APPROVED,Not Applicable,2025-10-09T23:25:33.042000Z,2025-10-09T23:34:02.608000Z,2025-10-30T00:02:43.999000Z,2025-10-09T23:34:03.022557Z,510.0,CX0Z37FL,10388,35,Female,Black,United States,United States,United States,English,No,Full-Time
68e844dec9bdadde58f1c68f,5c820984eb5f5c0011e2e7a1,APPROVED,Not Applicable,2025-10-09T23:27:35.128000Z,2025-10-09T23:34:00.438000Z,2025-10-30T00:02:44.378000Z,2025-10-09T23:34:00.825760Z,386.0,CX0Z37FL,1387,33,Male,White,United States,United States,United States,English,DATA_EXPIRED,Full-Time
68e8450adb19f97d4e769c87,663a7e441bd46c37e22bc3cb,APPROVED,Not Applicable,2025-10-09T23:28:13.868000Z,2025-10-09T23:37:11.360000Z,2025-10-30T00:02:44.705000Z,2025-10-09T23:37:12.168443Z,538.0,CX0Z37FL,596,31,Male,Asian,United States,United States,United States,English,DATA_EXPIRED,DATA_EXPIRED
68e84697fc072400518b0ba8,5e45a7e926e79c000bc12a85,APPROVED,Not Applicable,2025-10-09T23:34:53.840000Z,2025-10-09T23:43:37.567000Z,2025-10-30T00:02:44.995000Z,2025-10-09T23:43:48.132615Z,524.0,CX0Z37FL,1243,33,Female,Asian,United Arab Emirates,United States,India,English,No,"Not in paid work (e.g. homemaker', 'retired or disabled)"
68e846bd084e7fbde50b5a65,65714a2185b7c4c7ee00ddcd,APPROVED,Not Applicable,2025-10-09T23:35:44.453000Z,2025-10-09T23:45:52.175000Z,2025-10-30T00:02:45.310000Z,2025-10-09T23:45:52.644640Z,608.0,CX0Z37FL,1938,38,Female,Mixed,United States,United States,United States,English,No,Part-Time
68e847571903cc0f1ee260e9,63eeaf9f8433c653dedbd574,APPROVED,Not Applicable,2025-10-09T23:38:04.602000Z,2025-10-09T23:45:51Z,2025-10-30T00:02:45.628000Z,2025-10-09T23:45:51.413683Z,467.0,CX0Z37FL,2282,22,Male,Mixed,United States,United States,United States,English,DATA_EXPIRED,DATA_EXPIRED
68e84827df06f25dac1ed817,66fde30b007e7c1b3f94c591,APPROVED,Not Applicable,2025-10-09T23:41:35.321000Z,2025-10-09T23:52:02.088000Z,2025-10-30T00:02:45.952000Z,2025-10-09T23:54:49.191138Z,627.0,CX0Z37FL,1097,40,Male,White,United States,United States,United States,English,DATA_EXPIRED,DATA_EXPIRED
68e8482e40976eb7eaf01fc3,674f320a16eba7f4a31ed965,APPROVED,Not Applicable,2025-10-09T23:42:04.702000Z,2025-10-09T23:50:07.376000Z,2025-10-30T00:02:46.296000Z,2025-10-09T23:50:09.959165Z,483.0,CX0Z37FL,1087,48,Male,White,United States,United States,United States,English,No,Unemployed (and job seeking)
68e84898fca9787d18a2e461,5fc1fdd411437431e95276d2,APPROVED,Not Applicable,2025-10-09T23:43:29.210000Z,2025-10-09T23:54:08.379000Z,2025-10-30T00:02:46.727000Z,2025-10-09T23:56:01.013151Z,640.0,CX0Z37FL,2484,51,Female,White,United States,United States,United States,English,DATA_EXPIRED,DATA_EXPIRED
68e8489f8fe02a2b90e18c7d,6111d3aa2e12fb09c474a445,APPROVED,Not Applicable,2025-10-09T23:43:30.965000Z,2025-10-09T23:50:01.442000Z,2025-10-30T00:02:47.102000Z,2025-10-09T23:50:09.363131Z,391.0,CX0Z37FL,6146,39,Female,Asian,United States,United States,United States,English,DATA_EXPIRED,DATA_EXPIRED
68e848bd4c547369cec663d3,5e2ac2aa0038f21089a533a4,APPROVED,Not Applicable,2025-10-09T23:44:04.603000Z,2025-10-09T23:52:02.217000Z,2025-10-30T00:02:47.406000Z,2025-10-09T23:54:49.484943Z,478.0,CX0Z37FL,10815,46,Female,White,United States,United States,United States,English,No,Full-Time
68e8497d3245c9d4403f5bab,560379c9e372c00011bd4a90,APPROVED,Not Applicable,2025-10-09T23:47:24.857000Z,2025-10-10T00:00:46.163000Z,2025-10-31T00:00:45.303000Z,2025-10-10T00:00:46.581414Z,802.0,CX0Z37FL,4685,54,Male,DATA_EXPIRED,United States,United States,United States,English,DATA_EXPIRED,DATA_EXPIRED
68e84992118bd1523e399547,57027c1f68c641000e0c8970,APPROVED,Not Applicable,2025-10-09T23:47:34.468000Z,2025-10-09T23:54:06.972000Z,2025-10-30T00:02:47.758000Z,2025-10-09T23:55:59.322673Z,393.0,CX0Z37FL,8577,47,Female,White,United States,United States,United States,English,DATA_EXPIRED,DATA_EXPIRED
68e84b16d6497b12acf5c544,667eb91e3db4b82021840853,APPROVED,Not Applicable,2025-10-09T23:54:03.883000Z,2025-10-10T00:00:42.422000Z,2025-10-31T00:00:45.687000Z,2025-10-10T00:00:42.918113Z,399.0,CX0Z37FL,992,32,Female,White,United States,United States,United States,English,DATA_EXPIRED,DATA_EXPIRED
68e84becb92917fd18e74360,65eab94c2e93163efc291e8c,APPROVED,Not Applicable,2025-10-09T23:57:42.673000Z,2025-10-10T00:10:39.830000Z,2025-10-31T00:00:46.040000Z,2025-10-10T00:10:51.981395Z,778.0,CX0Z37FL,661,38,Male,White,United States,United States,United States,English,DATA_EXPIRED,DATA_EXPIRED
68e84d3e18985f95532e0ef3,61085504b0951e096d81185c,APPROVED,Not Applicable,2025-10-10T00:03:15.750000Z,2025-10-10T00:10:38.764000Z,2025-10-31T00:00:46.375000Z,2025-10-10T00:10:51.926767Z,444.0,CX0Z37FL,2398,38,Female,White,United States,United States,United States,English,No,Full-Time
68e85033f57c3c583ad363c4,6400e3697879c55c323f34d0,APPROVED,Not Applicable,2025-10-10T00:15:55.302000Z,2025-10-10T00:30:39.087000Z,2025-10-31T00:00:46.715000Z,2025-10-10T00:30:39.439333Z,884.0,CX0Z37FL,3660,32,Male,White,United States,United States,United States,English,DATA_EXPIRED,DATA_EXPIRED
68e850401810bb527bb2e313,67e07eb145ef9b9a0801e8ca,APPROVED,Not Applicable,2025-10-10T00:16:14.889000Z,2025-10-10T00:39:25.161000Z,2025-10-31T00:00:47.082000Z,2025-10-10T00:39:25.561678Z,1391.0,CX0Z37FL,919,40,Female,White,United States,United States,United States,English,DATA_EXPIRED,DATA_EXPIRED
68e85079dcbfea3a9211230e,6435768bb77e91c2a4546f1e,APPROVED,Not Applicable,2025-10-10T00:16:57.088000Z,2025-10-10T00:30:31.575000Z,2025-10-31T00:00:47.423000Z,2025-10-10T00:30:31.962856Z,815.0,CX0Z37FL,2210,52,Female,Black,United States,United States,United States,English,DATA_EXPIRED,DATA_EXPIRED
68e853e33ee3f8c946349491,67ade0c7138bc5e2f5d72575,APPROVED,Not Applicable,2025-10-10T00:31:37.335000Z,2025-10-10T00:38:33.053000Z,2025-10-31T00:00:47.784000Z,2025-10-10T00:38:33.475558Z,416.0,CX0Z37FL,927,39,Female,White,United States,United States,United States,English,No,"Not in paid work (e.g. homemaker', 'retired or disabled)"
68e86dd0eeeb69dc6bf78eef,671048673cb7fed55982cb72,APPROVED,Not Applicable,2025-10-10T02:22:14.346000Z,2025-10-10T02:36:35.542000Z,2025-10-31T00:00:48.202000Z,2025-10-10T02:36:43.396621Z,862.0,NOCODE,1789,43,Male,White,United States,United States,United States,English,DATA_EXPIRED,DATA_EXPIRED
68e8f9dbf1600e0728236c14,583ef6f5ad2f4300014b358d,APPROVED,Not Applicable,2025-10-10T12:19:46.011000Z,2025-10-10T12:26:48.674000Z,2025-10-31T00:00:48.555000Z,2025-10-10T12:26:49.079834Z,423.0,CX0Z37FL,2727,34,Female,White,United States,United States,United States,English,No,Full-Time
68e8f9dc944f50da08a3675b,67506c9140f7ec4223d6c7be,APPROVED,Not Applicable,2025-10-10T12:19:44.916000Z,2025-10-10T12:26:34.261000Z,2025-10-31T00:00:48.951000Z,2025-10-10T12:26:34.660405Z,410.0,CX0Z37FL,1247,34,Female,White,United States,United States,United States,English,No,Other
68e8f9dd69b479d9153dd577,5c1e2dc92631ed0001040b23,APPROVED,Not Applicable,2025-10-10T12:19:46.133000Z,2025-10-10T12:26:31.184000Z,2025-10-31T00:00:49.365000Z,2025-10-10T12:26:31.585700Z,406.0,CX0Z37FL,1206,37,Female,White,United States,United States,United States,English,No,Part-Time
68e8f9de0c124e6944833575,5eea9a9ea8d6d71ba912a73e,APPROVED,Not Applicable,2025-10-10T12:19:47.141000Z,2025-10-10T12:26:48.795000Z,2025-10-31T00:00:49.774000Z,2025-10-10T12:26:49.162470Z,422.0,CX0Z37FL,4603,39,Male,White,United States,United States,United States,English,DATA_EXPIRED,DATA_EXPIRED
68e8f9f289e5bb6697aa89de,5d951ede9b6f880018f63b6e,APPROVED,Not Applicable,2025-10-10T12:20:10.616000Z,2025-10-10T12:27:55.193000Z,2025-10-31T00:00:50.253000Z,2025-10-10T12:27:56.723555Z,465.0,CX0Z37FL,11610,36,Male,White,United States,United States,United States,English,DATA_EXPIRED,DATA_EXPIRED
68e8f9f8a2fd485875b74c7b,663a6f6b68c96cd39939b531,APPROVED,Not Applicable,2025-10-10T12:20:21.952000Z,2025-10-10T12:28:00.350000Z,2025-10-31T00:00:50.634000Z,2025-10-10T12:28:05.459098Z,459.0,CX0Z37FL,1604,38,Female,White,United States,United States,United States,English,DATA_EXPIRED,DATA_EXPIRED
68e8f9f9de4389721f933ff4,67673cda94b4d0cf1a6a7382,APPROVED,Not Applicable,2025-10-10T12:20:14.278000Z,2025-10-10T12:27:40.861000Z,2025-10-31T00:00:51.002000Z,2025-10-10T12:27:42.685908Z,447.0,CX0Z37FL,3648,57,Female,White,United States,United States,United States,English,No,Part-Time
68e8f9fb145498f6cfda9e07,5aca8e76a3ba7a0001b4d647,APPROVED,Not Applicable,2025-10-10T12:20:14.931000Z,2025-10-10T12:26:32.562000Z,2025-10-31T00:00:51.356000Z,2025-10-10T12:26:32.958250Z,378.0,CX0Z37FL,3652,35,DATA_EXPIRED,Other,United States,United States,United States,English,DATA_EXPIRED,DATA_EXPIRED
68e8f9fc81a6332a84c287a7,67edcc919d3af49e1d8b40b1,APPROVED,Not Applicable,2025-10-10T12:20:44.520000Z,2025-10-10T12:35:27.004000Z,2025-10-31T00:00:51.703000Z,2025-10-10T12:35:27.404741Z,883.0,CX0Z37FL,480,34,Male,DATA_EXPIRED,United States,United States,United States,English,DATA_EXPIRED,Full-Time
68e8fa007c76571fc8cf57fb,67f02740d233a50f479c4e20,APPROVED,Not Applicable,2025-10-10T12:20:57.276000Z,2025-10-10T12:31:52.289000Z,2025-10-31T00:00:52.074000Z,2025-10-10T12:31:52.673735Z,656.0,CX0Z37FL,2264,33,Female,Black,United States,United States,United States,English,DATA_EXPIRED,DATA_EXPIRED
68e8fa00b34780fe03b5fdd4,668d3b9862f5a356423ded45,APPROVED,Not Applicable,2025-10-10T12:21:10.227000Z,2025-10-10T12:33:11.119000Z,2025-10-31T00:00:52.506000Z,2025-10-10T12:33:11.501040Z,721.0,CX0Z37FL,876,38,Male,Other,United States,United States,United States,English,DATA_EXPIRED,DATA_EXPIRED
68e8fa03ef8ae7785a68f0e4,67def1ffa304d6e7be52ae22,APPROVED,Not Applicable,2025-10-10T12:20:28.310000Z,2025-10-10T12:35:13.260000Z,2025-10-31T00:00:52.874000Z,2025-10-10T12:35:13.739745Z,885.0,NOCODE,1292,29,Female,White,United States,United States,United States,English,DATA_EXPIRED,DATA_EXPIRED
68e8fa046cbec0ad5b181020,6544fdc3ca72894e5825dae3,APPROVED,Not Applicable,2025-10-10T12:20:20.370000Z,2025-10-10T12:26:56.489000Z,2025-10-31T00:00:53.278000Z,2025-10-10T12:26:57.217073Z,397.0,CX0Z37FL,653,28,Female,White,United States,United States,United States,English,Yes,"Not in paid work (e.g. homemaker', 'retired or disabled)"
68e8fa094f930f934842e60f,64012ef400259d6b9f41d17e,APPROVED,Not Applicable,2025-10-10T12:20:29.495000Z,2025-10-10T12:31:05.687000Z,2025-10-31T00:00:53.669000Z,2025-10-10T12:31:06.095337Z,637.0,CX0Z37FL,768,40,Male,Other,United States,United States,United States,English,DATA_EXPIRED,DATA_EXPIRED
68e8fa0d2380173aea6edd1b,67a517b3ce9ad5ca6839e028,APPROVED,Not Applicable,2025-10-10T12:23:08.903000Z,2025-10-10T13:03:05.248000Z,2025-10-31T00:00:54.062000Z,2025-10-10T13:03:06.299093Z,2397.0,CX0Z37FL,544,29,Female,White,United States,United States,United States,English,DATA_EXPIRED,DATA_EXPIRED
68e8fa0ec708402a4d7f5a05,674f4e39f9a0f9a1942c7546,APPROVED,Not Applicable,2025-10-10T12:20:34.283000Z,2025-10-10T12:27:25.609000Z,2025-10-31T00:00:54.438000Z,2025-10-10T12:27:25.981037Z,412.0,CX0Z37FL,837,30,Female,White,United States,United States,United States,English,No,"Not in paid work (e.g. homemaker', 'retired or disabled)"
68e8fa1038d38655500a2d65,6144b21806fb764e5f179bc2,APPROVED,Not Applicable,2025-10-10T12:20:39.676000Z,2025-10-10T12:27:58.399000Z,2025-10-31T00:00:54.777000Z,2025-10-10T13:54:20.879681Z,439.0,CX0Z37FL,505,57,Male,White,United States,United States,United States,English,DATA_EXPIRED,"Not in paid work (e.g. homemaker', 'retired or disabled)"
68e8fa124ee97e6337a589d9,5aa485b11eda41000136c94b,APPROVED,Not Applicable,2025-10-10T12:20:38.594000Z,2025-10-10T12:28:00.744000Z,2025-10-31T00:00:55.137000Z,2025-10-10T12:28:02.755973Z,443.0,CX0Z37FL,1684,38,Female,Asian,United States,United States,United States,English,No,DATA_EXPIRED
68e8fa12cba95ba7d4718899,67ddcc6cfc53ee0415e0db0e,APPROVED,Not Applicable,2025-10-10T12:20:57.400000Z,2025-10-10T12:32:13.159000Z,2025-10-31T00:00:56.154000Z,2025-10-10T12:32:15.049839Z,676.0,CX0Z37FL,1626,37,Male,White,United States,United States,United States,English,No,Full-Time
68e8fa14dc5081596852befb,6679a4fceb90622d2070dfd7,APPROVED,Not Applicable,2025-10-10T12:20:42.463000Z,2025-10-10T12:26:20.384000Z,2025-10-31T00:00:56.514000Z,2025-10-10T12:26:20.774524Z,338.0,NOCODE,1090,47,Female,White,United States,United States,United States,English,DATA_EXPIRED,DATA_EXPIRED
68e8fa19ebe97e377ff3a938,5de434b622383642a58d86a2,APPROVED,Not Applicable,2025-10-10T12:20:46.725000Z,2025-10-10T12:29:58.769000Z,2025-10-31T00:00:56.873000Z,2025-10-10T12:29:59.159026Z,553.0,CX0Z37FL,876,32,Female,White,United States,United States,United States,English,No,Full-Time
68e8fa1d915bd2b68449e4ec,66778e79aeae188a30f84664,APPROVED,Not Applicable,2025-10-10T12:20:54.260000Z,2025-10-10T12:27:53.310000Z,2025-10-31T00:00:57.244000Z,2025-10-10T12:27:53.720670Z,420.0,CX0Z37FL,688,38,Male,White,United States,United States,United States,English,DATA_EXPIRED,Full-Time
68e8fa1f4737110fd735e123,660c9fe7b2e6bf22bcc608b1,APPROVED,Not Applicable,2025-10-10T12:20:53.526000Z,2025-10-10T12:31:34.110000Z,2025-10-31T00:00:57.611000Z,2025-10-10T12:31:35.706218Z,641.0,CX0Z37FL,1362,32,Female,White,United States,United States,United States,English,Yes,Full-Time
68e8fa205876c5c6d6e483f6,5de2b144ff15c25bc9c7b692,APPROVED,Not Applicable,2025-10-10T12:20:52.565000Z,2025-10-10T12:26:36.049000Z,2025-10-31T00:00:58.003000Z,2025-10-10T12:26:38.619772Z,344.0,CX0Z37FL,1326,36,Female,White,United States,United States,United States,English,DATA_EXPIRED,DATA_EXPIRED
68e8fa246cda04b5d8a58a86,5977466b68264c0001c49088,APPROVED,Not Applicable,2025-10-10T12:21:14.807000Z,2025-10-10T12:35:26.611000Z,2025-10-31T00:00:58.451000Z,2025-10-10T12:35:27.021509Z,852.0,CX0Z37FL,4042,55,Male,White,United States,United States,United States,English,DATA_EXPIRED,DATA_EXPIRED
68e8fa2a718929c76dd5f84d,67c9e8e5ec86b1f821a8d5c7,APPROVED,Not Applicable,2025-10-10T12:21:02.401000Z,2025-10-10T12:27:57.270000Z,2025-10-31T00:00:58.871000Z,2025-10-10T12:27:57.625089Z,415.0,CX0Z37FL,2245,40,Female,White,United States,United States,United States,English,No,DATA_EXPIRED
68e8fa2adfa708531cc25e3d,61640652141bd74963f8f1cb,APPROVED,Not Applicable,2025-10-10T12:21:02.411000Z,2025-10-10T12:27:28.477000Z,2025-10-31T00:00:59.287000Z,2025-10-10T12:27:28.871273Z,387.0,CX0Z37FL,1984,43,Male,Other,United States,United States,United States,English,No,Unemployed (and job seeking)
68e8fa2ebde8ad36c4b7376c,616dac30fd433eb926c5ceaa,APPROVED,Not Applicable,2025-10-10T12:21:07.316000Z,2025-10-10T12:26:58.857000Z,2025-10-31T00:00:59.787000Z,2025-10-10T12:26:59.284506Z,352.0,CX0Z37FL,1812,37,Female,Black,United States,United States,United States,English,Yes,Full-Time
68e8fa3128265e135fc05475,66546836a834424c51b369f7,APPROVED,Not Applicable,2025-10-10T12:21:08.573000Z,2025-10-10T12:27:47.675000Z,2025-10-31T00:01:00.111000Z,2025-10-10T12:27:48.078253Z,400.0,CX0Z37FL,3239,44,Female,White,United States,United States,United States,English,No,Part-Time
68e8fa3139be5b73f58dbf82,663388f6d4e404ce37e9b350,APPROVED,Not Applicable,2025-10-10T12:21:11.580000Z,2025-10-10T12:37:44.216000Z,2025-10-31T00:01:00.454000Z,2025-10-10T12:37:44.634846Z,993.0,CX0Z37FL,2095,30,Female,Black,United States,United States,United States,English,DATA_EXPIRED,DATA_EXPIRED
68e8fa8f4afcb2c16d354b64,663ea705b761e95caebf67eb,APPROVED,Not Applicable,2025-10-10T12:22:52.625000Z,2025-10-10T12:29:58.877000Z,2025-10-31T00:01:00.827000Z,2025-10-10T12:29:59.291311Z,427.0,CX0Z37FL,2655,23,Female,White,United States,United States,United States,English,DATA_EXPIRED,DATA_EXPIRED
68e8fa94a18d25e2c7ead49a,6600c46c9378a5f69a37bb7b,APPROVED,Not Applicable,2025-10-10T12:22:50.950000Z,2025-10-10T12:30:53.057000Z,2025-10-31T00:01:01.196000Z,2025-10-10T12:30:53.440415Z,483.0,CX0Z37FL,489,31,Male,White,United States,United States,United States,English,DATA_EXPIRED,DATA_EXPIRED
68e8fac92bed765b02f5febb,612274842d4805447451f87b,APPROVED,Not Applicable,2025-10-10T12:23:42.704000Z,2025-10-10T12:31:07.796000Z,2025-10-31T00:01:01.580000Z,2025-10-10T12:31:09.950367Z,446.0,CX0Z37FL,2163,31,Female,Black,United States,United States,United States,English,Yes,Full-Time
68e8fb14ad4fc230b2530d27,6547bf8012d4702680d55663,APPROVED,Not Applicable,2025-10-10T12:25:02.141000Z,2025-10-10T12:33:10.367000Z,2025-10-31T00:01:01.998000Z,2025-10-10T12:33:10.771530Z,489.0,CX0Z37FL,3015,23,Prefer not to say,White,United States,United States,United States,English,Yes,"Not in paid work (e.g. homemaker', 'retired or disabled)"
68e8fb873270189883ad1fb9,68483d40185598902b719f20,APPROVED,Not Applicable,2025-10-10T12:26:47.938000Z,2025-10-10T12:43:02.320000Z,2025-10-31T00:01:02.463000Z,2025-10-10T12:43:02.986230Z,975.0,CX0Z37FL,527,23,Female,White,United States,United States,United States,English,DATA_EXPIRED,DATA_EXPIRED
68e8fc92b61e3b09cbb2a5ac,664413a1fae91cf971a208f7,APPROVED,Not Applicable,2025-10-10T12:31:47.828000Z,2025-10-10T12:43:18.566000Z,2025-10-31T00:01:02.888000Z,2025-10-10T12:43:18.962440Z,691.0,CX0Z37FL,1422,38,Female,Black,Nigeria,United States,Nigeria,English,DATA_EXPIRED,Full-Time
68e8fcb6b623a519913d024c,6073e0d481953bbd2cd61145,APPROVED,Not Applicable,2025-10-10T12:31:59.668000Z,2025-10-10T12:37:44.401000Z,2025-10-31T00:01:03.260000Z,2025-10-10T12:37:44.783866Z,345.0,CX0Z37FL,7517,35,Male,White,United States,United States,United States,English,No,Full-Time
68e8fd51d02035d7456cb0cc,60edaf90d8aa718a66510d04,APPROVED,Not Applicable,2025-10-10T12:34:29.818000Z,2025-10-10T13:02:58.145000Z,2025-10-31T00:01:03.627000Z,2025-10-10T13:02:58.560148Z,1709.0,CX0Z37FL,2013,38,Female,Mixed,United States,United States,United States,English,DATA_EXPIRED,DATA_EXPIRED
68e904b44941eec157249c87,669a8cab8640c631cec2b45c,APPROVED,Not Applicable,2025-10-10T13:06:01.826000Z,2025-10-10T13:17:38.617000Z,2025-10-31T00:01:03.960000Z,2025-10-10T13:17:40.900501Z,697.0,CX0Z37FL,455,39,Female,White,United States,United States,United States,English,DATA_EXPIRED,DATA_EXPIRED
68e9067b8b12a2fdae0052c0,671bdd06525adeea062a1d73,APPROVED,Not Applicable,2025-10-10T13:13:33.764000Z,2025-10-10T13:26:48.395000Z,2025-10-31T00:01:04.327000Z,2025-10-10T13:26:50.417672Z,795.0,NOCODE,3121,29,Male,Asian,United States,United States,India,English,Yes,Part-Time
68e9a0ad00789d8e2f5a47b9,62bb42e2f21cfdb280cc975f,APPROVED,Not Applicable,2025-10-11T00:11:29.173000Z,2025-10-11T00:18:46.446000Z,2025-11-01T00:02:26.696000Z,2025-10-11T00:18:46.839861Z,438.0,CX0Z37FL,7484,30,Female,Other,United States,United States,United States,English,Yes,Full-Time
68e9a0b18d5891a3da61f058,66da5dd7cd1d6dd1259d538b,APPROVED,Not Applicable,2025-10-11T00:11:34.263000Z,2025-10-11T00:19:40.942000Z,2025-11-01T00:02:27.246000Z,2025-10-11T00:19:41.363897Z,487.0,CX0Z37FL,2094,47,Male,White,United States,United States,United States,English,DATA_EXPIRED,DATA_EXPIRED
68e9a0b86b626dd1c2d82ae3,63d141f0a7b0e7ea9526e89d,APPROVED,Not Applicable,2025-10-11T00:16:11.050000Z,2025-10-11T00:23:34.985000Z,2025-11-01T00:02:27.679000Z,2025-10-11T00:23:35.351280Z,444.0,CX0Z37FL,4867,39,Female,White,United States,United States,United States,English,No,DATA_EXPIRED
68e9a0b9d6cdc665dba8ca72,6688090f82813cfbe67afe2c,APPROVED,Not Applicable,2025-10-11T00:11:37.490000Z,2025-10-11T00:25:52.894000Z,2025-11-01T00:02:28.072000Z,2025-10-11T00:25:56.650859Z,856.0,CX0Z37FL,1298,30,Female,White,United States,United States,United States,English,Yes,Full-Time
68e9a0bd2aea29c1aa660f86,666559e634fffd1ce19ba654,APPROVED,Not Applicable,2025-10-11T00:12:48.524000Z,2025-10-11T00:18:47.207000Z,2025-11-01T00:02:28.468000Z,2025-10-11T00:18:47.632707Z,359.0,CX0Z37FL,3000,30,Female,White,United States,United States,United States,English,No,"Not in paid work (e.g. homemaker', 'retired or disabled)"
68e9a0cfc071ba190bd0a99b,67574fde6acad8ce711e02f4,APPROVED,Not Applicable,2025-10-11T00:12:31.794000Z,2025-10-11T00:23:33.003000Z,2025-11-01T00:02:28.839000Z,2025-10-11T00:23:33.418855Z,662.0,CX0Z37FL,1042,47,Female,White,United States,United States,United States,English,DATA_EXPIRED,Full-Time
68e9a0e739dc92cef04e1943,6775f7760baf8b896f441572,APPROVED,Not Applicable,2025-10-11T00:12:23.500000Z,2025-10-11T00:19:41.685000Z,2025-11-01T00:02:29.195000Z,2025-10-11T00:19:42.119497Z,439.0,CX0Z37FL,16,46,Female,White,United States,United States,United States,English,No,"Not in paid work (e.g. homemaker', 'retired or disabled)"
68e9a0ed935786064b5d77ea,6422f34be2b8257efb345837,APPROVED,Not Applicable,2025-10-11T00:12:37.350000Z,2025-10-11T00:23:43.641000Z,2025-11-01T00:02:29.573000Z,2025-10-11T00:23:44.000609Z,667.0,CX0Z37FL,5106,50,Female,Asian,India,United States,United States,English,DATA_EXPIRED,DATA_EXPIRED
68e9a0edf70f197e07e3d345,67312771712151bbee75c7e2,APPROVED,Not Applicable,2025-10-11T00:12:34.377000Z,2025-10-11T00:24:32.103000Z,2025-11-01T00:02:29.927000Z,2025-10-11T00:25:11.189098Z,718.0,CX0Z37FL,848,31,Male,Asian,India,United States,DATA_EXPIRED,English,DATA_EXPIRED,DATA_EXPIRED
68e9a0ef0911cb28ab6d2970,677dae28b7cf1b7ac3934951,APPROVED,Not Applicable,2025-10-11T00:12:37.118000Z,2025-10-11T00:20:18.191000Z,2025-11-01T00:02:30.294000Z,2025-10-11T00:20:18.595675Z,462.0,CX0Z37FL,198,51,Female,White,United States,United States,Ireland,English,No,Full-Time
68e9a0f02aea29c1aa660f88,66df94af83813d40ddcbf790,APPROVED,Not Applicable,2025-10-11T00:12:52.781000Z,2025-10-11T00:20:31.286000Z,2025-11-01T00:02:30.689000Z,2025-10-11T00:20:31.686992Z,459.0,CX0Z37FL,2439,28,Female,Black,United States,United States,United States,English,DATA_EXPIRED,Full-Time
68e9a0f1ed93fe4115829986,668e256e72fec0873be580cd,APPROVED,Not Applicable,2025-10-11T00:12:37.327000Z,2025-10-11T00:20:22.112000Z,2025-11-01T00:02:31.100000Z,2025-10-11T00:20:22.539060Z,465.0,CX0Z37FL,2167,31,Female,White,United States,United States,United States,English,No,Part-Time
68e9a0f394a34454412d1d4c,6642faa06b2b677499d5f485,APPROVED,Not Applicable,2025-10-11T00:12:39.604000Z,2025-10-11T00:34:02.774000Z,2025-11-01T00:02:31.454000Z,2025-10-11T00:34:03.158487Z,1284.0,CX0Z37FL,547,26,Male,Black,United States,United States,United States,English,Yes,Other
68e9a0f5011a83d1ffd6c69d,6784b30f53480442d02d21b8,APPROVED,Not Applicable,2025-10-11T00:12:41.055000Z,2025-10-11T00:20:42.408000Z,2025-11-01T00:02:32.381000Z,2025-10-11T00:20:42.817917Z,482.0,CX0Z37FL,419,54,Female,Black,United States,United States,United States,English,DATA_EXPIRED,DATA_EXPIRED
68e9a0fda2a25a5022d22699,6533ed4d1f4d40995d982559,APPROVED,Not Applicable,2025-10-11T00:12:48.988000Z,2025-10-11T00:20:57.569000Z,2025-11-01T00:02:32.812000Z,2025-10-11T00:20:57.974948Z,489.0,CX0Z37FL,3663,43,Female,Mixed,United States,United States,United States,English,DATA_EXPIRED,DATA_EXPIRED
68e9a0fdad8eba3f726d6b4c,66c76908f3f9290934eaed01,APPROVED,Not Applicable,2025-10-11T00:12:49.851000Z,2025-10-11T00:23:11.745000Z,2025-11-01T00:02:33.194000Z,2025-10-11T00:23:12.174316Z,622.0,CX0Z37FL,2631,49,Female,Black,United States,United States,United States,English,No,"Not in paid work (e.g. homemaker', 'retired or disabled)"
68e9a103add5533531c23f89,664f9fe745392e574c5c57c3,APPROVED,Not Applicable,2025-10-11T00:12:56.884000Z,2025-10-11T00:20:29.182000Z,2025-11-01T00:02:33.552000Z,2025-10-11T00:20:43.437702Z,453.0,CX0Z37FL,1783,46,Female,Asian,Germany,United States,DATA_EXPIRED,English,DATA_EXPIRED,DATA_EXPIRED
68e9a1048b12a2fdae005fe8,662b89c9eb08d365c04c7cc7,APPROVED,Not Applicable,2025-10-11T00:12:52.923000Z,2025-10-11T00:21:30.284000Z,2025-11-01T00:02:33.938000Z,2025-10-11T00:21:30.665675Z,518.0,CX0Z37FL,2637,56,Male,White,United States,United States,United States,English,DATA_EXPIRED,DATA_EXPIRED
68e9a1095ceb1bf5e5c91f42,60709c0cc17168fdce1c7774,APPROVED,Not Applicable,2025-10-11T00:13:04.359000Z,2025-10-11T00:20:07.826000Z,2025-11-01T00:02:34.345000Z,2025-10-11T00:20:12.388430Z,424.0,CX0Z37FL,2152,31,Female,White,United States,United States,United States,English,No,DATA_EXPIRED
68e9a10b6c27faf8d7c69353,65739900e4594000e0c7a2dc,APPROVED,Not Applicable,2025-10-11T00:13:04.387000Z,2025-10-11T00:21:27.332000Z,2025-11-01T00:02:34.701000Z,2025-10-11T00:21:27.892672Z,503.0,CX0Z37FL,2774,39,Prefer not to say,Other,United States,United States,United States,English,DATA_EXPIRED,DATA_EXPIRED
68e9a10d8e9a28b5460b03e7,66537b0010ca11939058e52b,APPROVED,Not Applicable,2025-10-11T00:13:15.067000Z,2025-10-11T00:22:18.916000Z,2025-11-01T00:02:35.146000Z,2025-10-11T00:22:19.301146Z,544.0,CX0Z37FL,2013,52,Female,White,United States,United States,United States,English,DATA_EXPIRED,DATA_EXPIRED
68e9a110f368f675db21f893,6760906e738f9b6da870edee,APPROVED,Not Applicable,2025-10-11T00:13:41.947000Z,2025-10-11T00:24:27.913000Z,2025-11-01T00:02:35.556000Z,2025-10-11T00:25:08.154407Z,646.0,CX0Z37FL,654,40,Female,White,United States,United States,United States,English,DATA_EXPIRED,DATA_EXPIRED
68e9a1125351cbffad843414,679327e8a39b3fcc97d882bf,APPROVED,Not Applicable,2025-10-11T00:13:06.085000Z,2025-10-11T00:20:10.381000Z,2025-11-01T00:02:35.915000Z,2025-10-11T00:20:10.781776Z,425.0,CX0Z37FL,737,47,Male,Other,United States,United States,United States,English,DATA_EXPIRED,DATA_EXPIRED
68e9a1128534b57fc3c294b3,61081f25a115a7d73dfbc0ea,APPROVED,Not Applicable,2025-10-11T00:13:10.369000Z,2025-10-11T00:23:48.401000Z,2025-11-01T00:02:36.294000Z,2025-10-11T00:23:50.619732Z,639.0,CX0Z37FL,1421,24,Female,White,United States,United States,United States,English,DATA_EXPIRED,DATA_EXPIRED
68e9a114c9c08cf4b6c23bcc,5a792c898fe2dc0001058c3b,APPROVED,Not Applicable,2025-10-11T00:13:14.398000Z,2025-10-11T00:22:26.030000Z,2025-11-01T00:02:36.764000Z,2025-10-11T00:22:26.453557Z,552.0,CX0Z37FL,8359,38,Female,White,United States,United States,United States,English,No,Part-Time
68e9a1191555b49072514bce,5f8f72c0e591d11e91372cec,APPROVED,Not Applicable,2025-10-11T00:13:32.426000Z,2025-10-11T00:23:11.364000Z,2025-11-01T00:02:37.161000Z,2025-10-11T00:23:11.754241Z,579.0,CX0Z37FL,450,28,Female,White,United States,United States,United States,English,DATA_EXPIRED,DATA_EXPIRED
68e9a119ae49991ddbf410b1,60fe161826366fea90bdc7fe,APPROVED,Not Applicable,2025-10-11T00:13:18.234000Z,2025-10-11T00:20:58.696000Z,2025-11-01T00:02:37.521000Z,2025-10-11T00:21:12.104757Z,461.0,CX0Z37FL,510,23,Female,White,United States,United States,United States,English,No,Unemployed (and job seeking)
68e9a11c1980072689989490,65d62743dfcd203fc76596e3,APPROVED,Not Applicable,2025-10-11T00:13:21.633000Z,2025-10-11T00:20:43.436000Z,2025-11-01T00:02:37.893000Z,2025-10-11T00:20:43.834682Z,442.0,CX0Z37FL,5119,50,Male,Mixed,Korea,United States,United States,English,DATA_EXPIRED,DATA_EXPIRED
68e9a1251831510722c5a7e2,5ddd730ffce606ce31a105d4,APPROVED,Not Applicable,2025-10-11T00:13:43.516000Z,2025-10-11T00:25:02.398000Z,2025-11-01T00:02:38.255000Z,2025-10-11T00:25:40.723883Z,679.0,CX0Z37FL,3460,43,Female,White,United States,United States,United States,English,DATA_EXPIRED,DATA_EXPIRED
68e9a25d970b6b777ed0fbbc,670075d557d79b4cef60c761,APPROVED,Not Applicable,2025-10-11T00:18:47.981000Z,2025-10-11T00:28:47.849000Z,2025-11-01T00:02:38.607000Z,2025-10-11T00:28:49.060502Z,600.0,CX0Z37FL,1603,55,Female,White,United States,United States,United States,English,DATA_EXPIRED,DATA_EXPIRED
68e9a260bf1b4f20846a9e2a,643bf6338ab6927af28b0b88,APPROVED,Not Applicable,2025-10-11T00:18:50.745000Z,2025-10-11T00:30:24.715000Z,2025-11-01T00:02:38.928000Z,2025-10-11T00:30:26.542491Z,694.0,CX0Z37FL,3314,33,Male,White,United States,United States,United States,English,DATA_EXPIRED,DATA_EXPIRED
68e9a26968b722c10d4e087e,608f2aa883599160c8b87a79,APPROVED,Not Applicable,2025-10-11T00:19:03.042000Z,2025-10-11T00:24:59.348000Z,2025-11-01T00:02:39.893000Z,2025-10-11T00:25:28.076035Z,357.0,CX0Z37FL,5541,35,Female,White,United States,United States,United States,English,DATA_EXPIRED,DATA_EXPIRED
68e9a271205c237c234264df,66a450cbae4aeed1d6531952,APPROVED,Not Applicable,2025-10-11T00:19:08.102000Z,2025-10-11T00:25:47.206000Z,2025-11-01T00:02:40.363000Z,2025-10-11T00:25:53.921969Z,400.0,CX0Z37FL,2032,54,Female,White,United States,United States,United States,English,DATA_EXPIRED,DATA_EXPIRED
68e9a27ac17351ad4d65ae01,67e9a601c1917b831419cf77,APPROVED,Not Applicable,2025-10-11T00:19:14.775000Z,2025-10-11T00:28:26.867000Z,2025-11-01T00:02:40.847000Z,2025-10-11T00:28:31.946487Z,553.0,CX0Z37FL,1381,30,Male,White,United States,United States,United States,English,DATA_EXPIRED,DATA_EXPIRED
68e9a27f27c49586357ce355,60ff0521c12dee27a3e65e98,APPROVED,Not Applicable,2025-10-11T00:19:16.002000Z,2025-10-11T00:25:56.409000Z,2025-11-01T00:02:41.365000Z,2025-10-11T00:25:58.664730Z,401.0,CX0Z37FL,1900,31,Female,Other,United States,United States,United States,English,DATA_EXPIRED,DATA_EXPIRED
68e9a281a80a84ff167255d8,63368a7379eb43fa2105d971,APPROVED,Not Applicable,2025-10-11T00:19:18.742000Z,2025-10-11T00:30:22.783000Z,2025-11-01T00:02:41.993000Z,2025-10-11T00:30:42.398450Z,665.0,CX0Z37FL,5427,40,Male,White,United States,United States,United States,English,DATA_EXPIRED,DATA_EXPIRED
68e9a2904aeaea188da1b517,670e58587a748f74bfb7cfbf,APPROVED,Not Applicable,2025-10-11T00:19:35.336000Z,2025-10-11T00:29:32.103000Z,2025-11-01T00:02:42.372000Z,2025-10-11T00:29:34.281553Z,597.0,CX0Z37FL,679,52,Female,White,United States,United States,United States,English,No,Part-Time
68e9a297e84642c86b62de6f,57527f5f0811ad0006f37c29,APPROVED,Not Applicable,2025-10-11T00:19:39.736000Z,2025-10-11T00:31:16.081000Z,2025-11-01T00:02:42.773000Z,2025-10-11T00:31:16.503230Z,697.0,CX0Z37FL,3754,35,Male,White,United States,United States,United States,English,No,Full-Time
68e9a29b5ceb1bf5e5c91f55,5b147696d282ff00015c2c4e,APPROVED,Not Applicable,2025-10-11T00:19:43.934000Z,2025-10-11T00:25:55.299000Z,2025-11-01T00:02:43.173000Z,2025-10-11T00:26:00.662043Z,372.0,CX0Z37FL,14409,32,Female,White,United States,United States,United States,English,No,Full-Time
68e9a29d59fe3aff0f37dd1f,5dd61f689740545c506ee244,APPROVED,Not Applicable,2025-10-11T00:19:48.493000Z,2025-10-11T00:29:13.233000Z,2025-11-01T00:02:43.585000Z,2025-10-11T00:29:13.752281Z,565.0,CX0Z37FL,6697,44,Female,White,United States,United States,United States,English,No,Full-Time
68e9a29e388903912ed250f0,6721335ba6e4ffe7fc6d1ca1,APPROVED,Not Applicable,2025-10-11T00:22:28.778000Z,2025-10-11T00:40:25.027000Z,2025-11-01T00:02:44.940000Z,2025-10-11T00:40:25.423572Z,1077.0,CX0Z37FL,1277,39,Male,White,United States,United States,United States,English,DATA_EXPIRED,DATA_EXPIRED
68e9a2a714346660bbe7da1a,66f6f78c68246dd27f4dcc05,APPROVED,Not Applicable,2025-10-11T00:20:12.427000Z,2025-10-11T00:29:15.426000Z,2025-11-01T00:02:45.607000Z,2025-10-11T00:29:15.825257Z,543.0,CX0Z37FL,855,29,Female,Black,United States,United States,United States,English,No,Other
68e9a2ab5da449369eeb8bb7,5b6d9fa021dca60001d13f02,APPROVED,Not Applicable,2025-10-11T00:20:05.620000Z,2025-10-11T00:26:31.727000Z,2025-11-01T00:02:46.091000Z,2025-10-11T00:26:33.398453Z,387.0,CX0Z37FL,3006,41,Female,White,United States,United States,United States,English,DATA_EXPIRED,DATA_EXPIRED
68e9a2b2de61b9eba661597f,67574e135dc4f196b03c2bdb,APPROVED,Not Applicable,2025-10-11T00:20:12.890000Z,2025-10-11T00:32:35.674000Z,2025-11-01T00:02:46.583000Z,2025-10-11T00:32:37.410593Z,743.0,NOCODE,891,47,Female,White,United States,United States,United States,English,DATA_EXPIRED,Other
68e9a2b464ed23a5402667f3,6629517257384969d8995d78,APPROVED,Not Applicable,2025-10-11T00:20:10.299000Z,2025-10-11T00:29:52.568000Z,2025-11-01T00:02:47.186000Z,2025-10-11T00:29:59.262781Z,583.0,CX0Z37FL,2956,49,Female,White,United States,United States,United States,English,No,Part-Time
68e9a2bbf716ba9ef96efbcb,5938e042e9b44100013ae891,APPROVED,Not Applicable,2025-10-11T00:20:16.932000Z,2025-10-11T00:28:01.194000Z,2025-11-01T00:02:49.440000Z,2025-10-11T00:28:11.388037Z,465.0,CX0Z37FL,9412,39,Female,White,United States,United States,United States,English,No,Full-Time
68e9a2bfe692c3e1141ea4bc,614f23fabc0fcaa3cdfb9e05,APPROVED,Not Applicable,2025-10-11T00:20:20.736000Z,2025-10-11T00:28:47.085000Z,2025-11-01T00:02:50.299000Z,2025-10-11T00:29:02.966430Z,507.0,CX0Z37FL,8085,49,Female,White,United States,United States,United States,English,DATA_EXPIRED,DATA_EXPIRED
68e9a2c31d7dbc65cc0c360c,5f7529755aaa0e1a6e804640,APPROVED,Not Applicable,2025-10-11T00:20:24.872000Z,2025-10-11T00:28:22.146000Z,2025-11-01T00:02:50.800000Z,2025-10-11T00:28:22.533025Z,478.0,CX0Z37FL,8092,49,Male,White,United States,United States,United States,English,No,Full-Time
68e9a2c503646cfbd6ce0165,66efb1a42f0e7d846aa5d9ac,APPROVED,Not Applicable,2025-10-11T00:20:25.119000Z,2025-10-11T00:27:57.252000Z,2025-11-01T00:02:51.704000Z,2025-10-11T00:27:57.671174Z,453.0,NOCODE,350,54,Female,Black,United States,United States,United States,English,DATA_EXPIRED,DATA_EXPIRED
68e9a2cb6175fa9bf066d7ff,63d3ff28c338c75425b282b9,APPROVED,Not Applicable,2025-10-11T00:20:31.374000Z,2025-10-11T00:28:00.868000Z,2025-11-01T00:02:52.285000Z,2025-10-11T00:28:01.257072Z,450.0,CX0Z37FL,3072,48,Male,White,United States,United States,United States,English,No,Full-Time
68e9a2d142d94078396d2d32,6758de6c918d844588f31949,APPROVED,Not Applicable,2025-10-11T00:20:40.261000Z,2025-10-11T00:33:06.092000Z,2025-11-01T00:02:53.047000Z,2025-10-11T23:42:59.886866Z,746.0,CX0Z37FL,1377,46,Female,Black,United States,United States,United States,English,DATA_EXPIRED,DATA_EXPIRED
68e9a2d7952d85e01849b779,5a8e0b412a842c0001fd1112,APPROVED,Not Applicable,2025-10-11T00:20:44.778000Z,2025-10-11T00:26:31.445000Z,2025-11-01T00:02:54.222000Z,2025-10-11T00:26:31.887812Z,347.0,CX0Z37FL,1503,32,Female,White,United States,United States,United States,English,DATA_EXPIRED,Full-Time
68e9a2dae1a3814f25e1627a,584626b7e0ba710001a47438,APPROVED,Not Applicable,2025-10-11T00:20:54.675000Z,2025-10-11T00:31:23.685000Z,2025-11-01T00:02:54.775000Z,2025-10-11T00:31:24.080953Z,630.0,CX0Z37FL,4450,34,Male,Mixed,United States,United States,United States,English,No,Unemployed (and job seeking)
68e9a2e26958b2670a6cbf3e,674cca92742faa4642a6e9c7,APPROVED,Not Applicable,2025-10-11T00:21:07.304000Z,2025-10-11T00:32:42.647000Z,2025-11-01T00:02:55.108000Z,2025-10-11T00:32:44.819506Z,696.0,NOCODE,591,54,Female,White,United States,United States,United States,English,No,DATA_EXPIRED
68e9a2e345351927c8d00bbf,6650a07f83dde5b6da54d674,APPROVED,Not Applicable,2025-10-11T00:21:17.341000Z,2025-10-11T00:35:55.141000Z,2025-11-01T00:02:55.396000Z,2025-10-11T00:35:55.548443Z,878.0,CX0Z37FL,1004,30,Female,White,United States,United States,United States,English,DATA_EXPIRED,DATA_EXPIRED
68e9a2f313b9a715a9005dd8,559cb12dfdf99b4989fb18ed,APPROVED,Not Applicable,2025-10-11T00:21:12.060000Z,2025-10-11T00:27:06.151000Z,2025-11-01T00:02:55.720000Z,2025-10-11T00:27:06.556418Z,355.0,CX0Z37FL,7463,41,Female,Other,United States,United States,United States,English,No,Full-Time
68e9a30a3afc96160642468e,5d41fdd8ca81250001493117,APPROVED,Not Applicable,2025-10-11T00:21:43.436000Z,2025-10-11T01:01:00.663000Z,2025-11-01T00:02:56.288000Z,2025-10-11T01:01:02.158146Z,2358.0,5d41fdd8ca81250001493117,1974,42,Female,Mixed,United States,United States,United States,English,DATA_EXPIRED,DATA_EXPIRED
68e9a30fdb5b0a8fa4f3b899,63b6c18f4f13282703357493,APPROVED,Not Applicable,2025-10-11T00:21:39.443000Z,2025-10-11T00:33:52.393000Z,2025-11-01T00:02:56.608000Z,2025-10-11T00:33:52.806526Z,733.0,CX0Z37FL,6970,44,Female,White,United States,United States,United States,English,DATA_EXPIRED,DATA_EXPIRED
68e9a3126fbcad617d61bb58,608c3edc26807a430a986065,APPROVED,Not Applicable,2025-10-11T00:21:49.526000Z,2025-10-11T00:27:03.384000Z,2025-11-01T00:02:56.879000Z,2025-10-11T00:27:03.919070Z,314.0,CX0Z37FL,1031,29,Female,White,United States,United States,United States,English,No,Full-Time
68e9a32228f3d16ff57963b6,5edc7aed858a159580341afa,APPROVED,Not Applicable,2025-10-11T00:21:59.701000Z,2025-10-11T00:29:31.910000Z,2025-11-01T00:02:57.149000Z,2025-10-11T00:29:32.297966Z,453.0,CX0Z37FL,1311,33,Female,Black,United States,United States,United States,English,No,Unemployed (and job seeking)
68e9a3672c477f723e49f98d,5c12b0ba17e18d0001e7629e,APPROVED,Not Applicable,2025-10-11T00:23:06.476000Z,2025-10-11T00:33:49.625000Z,2025-11-01T00:02:57.483000Z,2025-10-11T00:33:50.952933Z,644.0,CX0Z37FL,1759,33,Male,Black,United States,United States,United States,English,DATA_EXPIRED,DATA_EXPIRED
68e9a38a8eac0bf06876bb62,5b9dd07de671c60001226b79,APPROVED,Not Applicable,2025-10-11T00:23:42.102000Z,2025-10-11T00:29:50.715000Z,2025-11-01T00:02:57.751000Z,2025-10-11T00:29:52.046374Z,369.0,CX0Z37FL,2622,26,Female,White,United States,United States,United States,English,DATA_EXPIRED,DATA_EXPIRED
68e9a39babafd590f18e2fa3,66e8e576357d882730f188cd,APPROVED,Not Applicable,2025-10-11T00:23:59.221000Z,2025-10-11T00:28:17.538000Z,2025-11-01T00:02:58.029000Z,2025-10-11T00:28:19.695199Z,259.0,NOCODE,1508,49,Female,White,United States,United States,United States,English,DATA_EXPIRED,Full-Time
68e9a3cf6fbcad617d61bb63,66ac140ffbe9e717e0d21357,APPROVED,Not Applicable,2025-10-11T00:26:18.653000Z,2025-10-11T00:34:48.557000Z,2025-11-01T00:02:58.302000Z,2025-10-11T00:34:48.963295Z,510.0,CX0Z37FL,1307,53,Female,White,United States,United States,United States,English,No,DATA_EXPIRED
68e9a4257c63c9c4987341d9,5f58d7941af44708223b94da,APPROVED,Not Applicable,2025-10-11T00:26:15.696000Z,2025-10-11T00:32:56.657000Z,2025-11-01T00:02:58.580000Z,2025-10-11T00:32:57.112878Z,401.0,CX0Z37FL,4091,32,Male,Black,United States,United States,United States,English,No,DATA_EXPIRED
68e9a43cadd5533531c23fc7,670181df01d5807d3bca5093,APPROVED,Not Applicable,2025-10-11T00:26:44.699000Z,2025-10-11T00:46:56.596000Z,2025-11-01T00:02:58.911000Z,2025-10-11T00:46:56.998026Z,1212.0,CX0Z37FL,1392,33,Female,Mixed,United States,United States,United States,English,Yes,Full-Time
68e9a44760094a5765c17199,67689cd5ff8e505d86353c0a,APPROVED,Not Applicable,2025-10-11T00:26:52.851000Z,2025-10-11T00:32:33.732000Z,2025-11-01T00:02:59.317000Z,2025-10-11T00:32:34.169543Z,341.0,CX0Z37FL,129,32,Female,Black,United States,United States,United States,English,DATA_EXPIRED,DATA_EXPIRED
68e9a44ecd2f144ef53cb4e3,66c3366a3b5834b89124e85a,APPROVED,Not Applicable,2025-10-11T00:26:58.187000Z,2025-10-11T00:34:04.267000Z,2025-11-01T00:03:00.528000Z,2025-10-11T00:34:04.716658Z,427.0,CX0Z37FL,4688,49,Female,White,United States,United States,United States,English,No,Full-Time
68e9a472ff88fb18f0f632f1,66293a86e40515e886439323,APPROVED,Not Applicable,2025-10-11T00:30:52.247000Z,2025-10-11T00:43:20.524000Z,2025-11-01T00:03:01.952000Z,2025-10-11T00:43:20.909834Z,749.0,NOCODE,2169,47,Female,White,United States,United States,United States,English,No,Full-Time
68e9a4918428c62eb3982201,60734853295f4a6404bbf27f,APPROVED,Not Applicable,2025-10-11T00:28:35.333000Z,2025-10-11T00:44:08.391000Z,2025-11-01T00:03:02.798000Z,2025-10-11T00:44:15.320853Z,934.0,CX0Z37FL,5408,40,Female,White,United States,United States,United States,English,No,Full-Time
68e9a4ad90d771dbab85b814,676c45d92368330a2c254895,APPROVED,Not Applicable,2025-10-11T00:28:37.776000Z,2025-10-11T00:36:37.039000Z,2025-11-01T00:03:03.474000Z,2025-10-11T00:36:37.463219Z,480.0,CX0Z37FL,1378,33,Female,Asian,United States,United States,United States,English,DATA_EXPIRED,DATA_EXPIRED
68e9a4b2e404f8ac7415528b,6673c06ef972fa4885e8ec49,APPROVED,Not Applicable,2025-10-11T00:28:37.923000Z,2025-10-11T00:35:15.124000Z,2025-11-01T00:03:04.177000Z,2025-10-11T00:35:15.500873Z,398.0,CX0Z37FL,3952,22,Female,Mixed,United States,United States,United States,English,Yes,Full-Time
68e9a4bfd7af1d083e5a68f7,671850082109a84899a43a8e,APPROVED,Not Applicable,2025-10-11T00:28:50.704000Z,2025-10-11T00:35:16.820000Z,2025-11-01T00:03:04.656000Z,2025-10-11T00:35:21.097447Z,387.0,CX0Z37FL,789,38,Male,White,United States,United States,United States,English,Yes,Full-Time
68e9a50b2aea29c1aa660fba,5a907927873cda0001dc4719,APPROVED,Not Applicable,2025-10-11T00:30:07.252000Z,2025-10-11T00:36:30.044000Z,2025-11-01T00:03:05.223000Z,2025-10-11T00:36:30.512891Z,383.0,CX0Z37FL,3031,40,Female,White,United States,United States,United States,English,DATA_EXPIRED,DATA_EXPIRED
68e9a6bfeba9a8185e4e0a5c,6792bc71c44713127c2b0dff,APPROVED,Not Applicable,2025-10-11T00:37:22.984000Z,2025-10-11T00:43:53.530000Z,2025-11-01T00:03:05.744000Z,2025-10-11T00:43:53.908634Z,391.0,CX0Z37FL,544,29,Female,White,United States,United States,United States,English,DATA_EXPIRED,DATA_EXPIRED
68e9a72fdfda6d5a7fd9d6ff,671fdd9a9df958c9a3026971,APPROVED,Not Applicable,2025-10-11T00:39:23.800000Z,2025-10-11T00:46:56.622000Z,2025-11-01T00:03:06.306000Z,2025-10-11T00:46:57.038871Z,453.0,CX0Z37FL,231,55,Female,Mixed,United States,United States,United States,English,DATA_EXPIRED,DATA_EXPIRED
68e9a915fa24ca553713ebf4,671d1dcbc6f5d2e81501e24a,APPROVED,Not Applicable,2025-10-11T00:47:20.954000Z,2025-10-11T00:55:03.333000Z,2025-11-01T00:03:07.716000Z,2025-10-11T00:55:03.739592Z,463.0,CX0Z37FL,3680,26,Male,White,United States,United States,United States,English,Yes,Full-Time
68e9a940ba2d185970c7e8f5,672c2562333d511af60d4ae4,APPROVED,Not Applicable,2025-10-11T00:48:26.594000Z,2025-10-11T00:55:05.117000Z,2025-11-01T00:03:08.578000Z,2025-10-11T00:55:07.207048Z,399.0,CX0Z37FL,3408,47,Female,White,United States,United States,United States,English,No,Part-Time
68e9b07e65dca22ab4cc020c,5d30790f326b0f0017a2a828,APPROVED,Not Applicable,2025-10-11T01:19:02.193000Z,2025-10-11T01:24:49.023000Z,2025-11-01T00:03:09.131000Z,2025-10-11T01:24:51.414905Z,347.0,CX0Z37FL,3430,32,Male,White,United States,United States,United States,English,Yes,Full-Time
68e9b7f8a25b0ed126088bba,65baa72531ba3e8cb06d96ea,APPROVED,Not Applicable,2025-10-11T01:50:52.437000Z,2025-10-11T02:19:05.832000Z,2025-11-01T00:03:09.716000Z,2025-10-11T02:19:06.455270Z,1694.0,NOCODE,907,21,Female,Mixed,United States,United States,Puerto Rico,English,DATA_EXPIRED,DATA_EXPIRED
68e8427db016c151ea14debd,662a94bd827a5f8f446898e9,RETURNED,Not Applicable,2025-10-09T23:17:28.593000Z,,,,,,2449,CONSENT_REVOKED,CONSENT_REVOKED,CONSENT_REVOKED,CONSENT_REVOKED,CONSENT_REVOKED,CONSENT_REVOKED,CONSENT_REVOKED,CONSENT_REVOKED,CONSENT_REVOKED
68e84289a35df828c705a4e9,5fd393664d8c020163cb3ef2,RETURNED,Not Applicable,2025-10-09T23:17:34.117000Z,,,,,,929,CONSENT_REVOKED,CONSENT_REVOKED,CONSENT_REVOKED,CONSENT_REVOKED,CONSENT_REVOKED,CONSENT_REVOKED,CONSENT_REVOKED,CONSENT_REVOKED,CONSENT_REVOKED
68e843ead197df8e4ac8eeb3,672ca130c5f43c5ed7d5d4b8,RETURNED,Not Applicable,2025-10-09T23:23:26Z,,,,,,2316,CONSENT_REVOKED,CONSENT_REVOKED,CONSENT_REVOKED,CONSENT_REVOKED,CONSENT_REVOKED,CONSENT_REVOKED,CONSENT_REVOKED,CONSENT_REVOKED,CONSENT_REVOKED
68e84776a5c24ec63797ff9a,6410e0ba81f88046afa861ca,RETURNED,Not Applicable,2025-10-09T23:38:34.492000Z,,,,,,4833,CONSENT_REVOKED,CONSENT_REVOKED,CONSENT_REVOKED,CONSENT_REVOKED,CONSENT_REVOKED,CONSENT_REVOKED,CONSENT_REVOKED,CONSENT_REVOKED,CONSENT_REVOKED
68e847c88710ccb10abfaef7,66ddf8831169515306f3ca83,RETURNED,Not Applicable,2025-10-09T23:39:52.264000Z,,,,,,3601,CONSENT_REVOKED,CONSENT_REVOKED,CONSENT_REVOKED,CONSENT_REVOKED,CONSENT_REVOKED,CONSENT_REVOKED,CONSENT_REVOKED,CONSENT_REVOKED,CONSENT_REVOKED
68e849f14eab1e3ada2dca40,5de7d7a6603b1b73f3944f8e,RETURNED,Not Applicable,2025-10-09T23:49:10.238000Z,,,,,,9439,CONSENT_REVOKED,CONSENT_REVOKED,CONSENT_REVOKED,CONSENT_REVOKED,CONSENT_REVOKED,CONSENT_REVOKED,CONSENT_REVOKED,CONSENT_REVOKED,CONSENT_REVOKED
68e850823ee8c4858d7f631e,67dda86ebf9a7818d62550ac,RETURNED,Not Applicable,2025-10-10T00:17:06.316000Z,,,,,,805,CONSENT_REVOKED,CONSENT_REVOKED,CONSENT_REVOKED,CONSENT_REVOKED,CONSENT_REVOKED,CONSENT_REVOKED,CONSENT_REVOKED,CONSENT_REVOKED,CONSENT_REVOKED
68e86deafa9e1e8ad10b97ab,641359b5040c453203e2c088,RETURNED,Not Applicable,2025-10-10T02:22:37.177000Z,,,,,,5265,CONSENT_REVOKED,CONSENT_REVOKED,CONSENT_REVOKED,CONSENT_REVOKED,CONSENT_REVOKED,CONSENT_REVOKED,CONSENT_REVOKED,CONSENT_REVOKED,CONSENT_REVOKED
68e86df5efd912dea1a263bc,66490bd7f72b4efd2c562204,TIMED-OUT,Not Applicable,2025-10-10T02:22:49.495000Z,,,,4476802.0,,2325,39,Male,White,United States,United States,United States,English,No,DATA_EXPIRED
68e86df6ae8236942d5b3e01,5c5198da659655000168955d,RETURNED,Not Applicable,2025-10-10T02:22:46.307000Z,,,,,,6296,CONSENT_REVOKED,CONSENT_REVOKED,CONSENT_REVOKED,CONSENT_REVOKED,CONSENT_REVOKED,CONSENT_REVOKED,CONSENT_REVOKED,CONSENT_REVOKED,CONSENT_REVOKED
68e8f9e927dbc3417be8658e,64d53aae0f3f7317f6eb617e,RETURNED,Not Applicable,2025-10-10T12:19:58.740000Z,,,,,,4972,CONSENT_REVOKED,CONSENT_REVOKED,CONSENT_REVOKED,CONSENT_REVOKED,CONSENT_REVOKED,CONSENT_REVOKED,CONSENT_REVOKED,CONSENT_REVOKED,CONSENT_REVOKED
68e8f9eaff88fb18f0f625e8,67ec7012f63d646fa7f33bbf,RETURNED,Not Applicable,2025-10-10T12:20:18.089000Z,,,,,,4338,CONSENT_REVOKED,CONSENT_REVOKED,CONSENT_REVOKED,CONSENT_REVOKED,CONSENT_REVOKED,CONSENT_REVOKED,CONSENT_REVOKED,CONSENT_REVOKED,CONSENT_REVOKED
68e8f9eb104ae03ee40f7e86,67e1a7be19db516f062a8ba8,RETURNED,Not Applicable,2025-10-10T12:20:04.044000Z,,,,,,1660,CONSENT_REVOKED,CONSENT_REVOKED,CONSENT_REVOKED,CONSENT_REVOKED,CONSENT_REVOKED,CONSENT_REVOKED,CONSENT_REVOKED,CONSENT_REVOKED,CONSENT_REVOKED
68e8f9f56abeb845214b6bde,641361951f32a46c07479b33,TIMED-OUT,Not Applicable,2025-10-10T12:20:09.543000Z,,,,4440962.0,,5180,39,Female,White,United States,United States,United States,English,DATA_EXPIRED,Full-Time
68e8fa0b6fbcad617d61af5d,6712ca8249c869f048adeb8a,RETURNED,Not Applicable,2025-10-10T12:20:32.196000Z,,,,,,2424,CONSENT_REVOKED,CONSENT_REVOKED,CONSENT_REVOKED,CONSENT_REVOKED,CONSENT_REVOKED,CONSENT_REVOKED,CONSENT_REVOKED,CONSENT_REVOKED,CONSENT_REVOKED
68e8fa0bb2ed7791608e7208,673e7e6f2cbf961c153d11e3,RETURNED,Not Applicable,2025-10-10T12:20:42.067000Z,,,,,,1400,CONSENT_REVOKED,CONSENT_REVOKED,CONSENT_REVOKED,CONSENT_REVOKED,CONSENT_REVOKED,CONSENT_REVOKED,CONSENT_REVOKED,CONSENT_REVOKED,CONSENT_REVOKED
68e8fa0fb3b43a4e8140f2ed,5c3a865019ceb400010c914a,RETURNED,Not Applicable,2025-10-10T12:20:34.978000Z,,,,,,11000,CONSENT_REVOKED,CONSENT_REVOKED,CONSENT_REVOKED,CONSENT_REVOKED,CONSENT_REVOKED,CONSENT_REVOKED,CONSENT_REVOKED,CONSENT_REVOKED,CONSENT_REVOKED
68e8fa1a8946d7f54f84dc97,67e45064dba6bef63cfa0508,TIMED-OUT,Not Applicable,2025-10-10T12:21:45.535000Z,,,,4440867.0,,1105,40,Female,White,United States,United States,United States,English,DATA_EXPIRED,Part-Time
68e8fa1c90ab6c4d74dc5730,66c5b8dde0053a78baef9bc6,RETURNED,Not Applicable,2025-10-10T12:20:55.416000Z,,,,,,1165,CONSENT_REVOKED,CONSENT_REVOKED,CONSENT_REVOKED,CONSENT_REVOKED,CONSENT_REVOKED,CONSENT_REVOKED,CONSENT_REVOKED,CONSENT_REVOKED,CONSENT_REVOKED
68e8fa1faa602be3b9c13a6b,5f4cd10836de2f02dbab436c,RETURNED,Not Applicable,2025-10-10T12:20:51.160000Z,,,,,,3839,CONSENT_REVOKED,CONSENT_REVOKED,CONSENT_REVOKED,CONSENT_REVOKED,CONSENT_REVOKED,CONSENT_REVOKED,CONSENT_REVOKED,CONSENT_REVOKED,CONSENT_REVOKED
68e8fa2e590267765f49ec96,68c2df0a0e9cd5c4da42ca55,RETURNED,Not Applicable,2025-10-10T12:21:06.813000Z,,,,,,628,CONSENT_REVOKED,CONSENT_REVOKED,CONSENT_REVOKED,CONSENT_REVOKED,CONSENT_REVOKED,CONSENT_REVOKED,CONSENT_REVOKED,CONSENT_REVOKED,CONSENT_REVOKED
68e8fa8bf4d743a6a9101958,68474cc30bedb8b982a92c8b,RETURNED,Not Applicable,2025-10-10T12:22:39.561000Z,,,,,,3429,CONSENT_REVOKED,CONSENT_REVOKED,CONSENT_REVOKED,CONSENT_REVOKED,CONSENT_REVOKED,CONSENT_REVOKED,CONSENT_REVOKED,CONSENT_REVOKED,CONSENT_REVOKED
68e8fae702048d2b9e14e717,67c1d6d98c8787be36609212,RETURNED,Not Applicable,2025-10-10T12:24:11.610000Z,,,,,,2148,CONSENT_REVOKED,CONSENT_REVOKED,CONSENT_REVOKED,CONSENT_REVOKED,CONSENT_REVOKED,CONSENT_REVOKED,CONSENT_REVOKED,CONSENT_REVOKED,CONSENT_REVOKED
68e8fb53f70f197e07e3c51d,670696ab5e87a706729cf1a6,RETURNED,Not Applicable,2025-10-10T12:26:00.932000Z,,,,,,1176,CONSENT_REVOKED,CONSENT_REVOKED,CONSENT_REVOKED,CONSENT_REVOKED,CONSENT_REVOKED,CONSENT_REVOKED,CONSENT_REVOKED,CONSENT_REVOKED,CONSENT_REVOKED
68e8fc31fb90bb2848a09722,6548f960db60a00d76e92695,RETURNED,Not Applicable,2025-10-10T12:29:43.593000Z,,,,,,10423,CONSENT_REVOKED,CONSENT_REVOKED,CONSENT_REVOKED,CONSENT_REVOKED,CONSENT_REVOKED,CONSENT_REVOKED,CONSENT_REVOKED,CONSENT_REVOKED,CONSENT_REVOKED
68e90457ff93fc9f081de28e,67e923d008c9e3479c33f071,RETURNED,Not Applicable,2025-10-10T13:04:30.347000Z,,,,,,2883,CONSENT_REVOKED,CONSENT_REVOKED,CONSENT_REVOKED,CONSENT_REVOKED,CONSENT_REVOKED,CONSENT_REVOKED,CONSENT_REVOKED,CONSENT_REVOKED,CONSENT_REVOKED
68e905cbbd1fefa5308b896b,66bb8f069b5f440e783d848e,RETURNED,Not Applicable,2025-10-10T13:10:44.857000Z,,,,,,2055,CONSENT_REVOKED,CONSENT_REVOKED,CONSENT_REVOKED,CONSENT_REVOKED,CONSENT_REVOKED,CONSENT_REVOKED,CONSENT_REVOKED,CONSENT_REVOKED,CONSENT_REVOKED
68e9a0b840adbd0d4e3c151a,558fd02cfdf99b39cb035e5d,RETURNED,Not Applicable,2025-10-11T00:11:39.523000Z,,,,,,7732,CONSENT_REVOKED,CONSENT_REVOKED,CONSENT_REVOKED,CONSENT_REVOKED,CONSENT_REVOKED,CONSENT_REVOKED,CONSENT_REVOKED,CONSENT_REVOKED,CONSENT_REVOKED
68e9a0d3ee49372ed518a65a,5ac54531e1546900019c0487,RETURNED,Not Applicable,2025-10-11T00:12:06.297000Z,,,,,,2704,CONSENT_REVOKED,CONSENT_REVOKED,CONSENT_REVOKED,CONSENT_REVOKED,CONSENT_REVOKED,CONSENT_REVOKED,CONSENT_REVOKED,CONSENT_REVOKED,CONSENT_REVOKED
68e9a0dedd9a624f9fc26d1f,67f09ad02524e8b1d810e0a4,RETURNED,Not Applicable,2025-10-11T00:12:23.755000Z,,,,,,2456,CONSENT_REVOKED,CONSENT_REVOKED,CONSENT_REVOKED,CONSENT_REVOKED,CONSENT_REVOKED,CONSENT_REVOKED,CONSENT_REVOKED,CONSENT_REVOKED,CONSENT_REVOKED
68e9a0e1b22bef75c7c565f4,614dd304ed948bbfe8c22215,RETURNED,Not Applicable,2025-10-11T00:12:20.780000Z,,,,,,13102,CONSENT_REVOKED,CONSENT_REVOKED,CONSENT_REVOKED,CONSENT_REVOKED,CONSENT_REVOKED,CONSENT_REVOKED,CONSENT_REVOKED,CONSENT_REVOKED,CONSENT_REVOKED
68e9a0ecb6dd57285435edec,580ff8b4b2432b00013e28b5,TIMED-OUT,Not Applicable,2025-10-11T00:12:32.940000Z,,,,4398219.0,,2807,35,Male,White,United States,United States,United States,English,No,Full-Time
68e9a111df24deaeafa651ad,67e40bab848c22a30914c34c,RETURNED,Not Applicable,2025-10-11T00:13:36.670000Z,,,,,,1757,CONSENT_REVOKED,CONSENT_REVOKED,CONSENT_REVOKED,CONSENT_REVOKED,CONSENT_REVOKED,CONSENT_REVOKED,CONSENT_REVOKED,CONSENT_REVOKED,CONSENT_REVOKED
68e9a11644f195710832b805,61074792728f0f9e791ad083,RETURNED,Not Applicable,2025-10-11T00:13:13.624000Z,,,,,,9332,CONSENT_REVOKED,CONSENT_REVOKED,CONSENT_REVOKED,CONSENT_REVOKED,CONSENT_REVOKED,CONSENT_REVOKED,CONSENT_REVOKED,CONSENT_REVOKED,CONSENT_REVOKED
68e9a117f7aeee9091a452c3,5e69076e64d2fb1bc091241a,RETURNED,Not Applicable,2025-10-11T00:13:19.664000Z,,,,,,6821,CONSENT_REVOKED,CONSENT_REVOKED,CONSENT_REVOKED,CONSENT_REVOKED,CONSENT_REVOKED,CONSENT_REVOKED,CONSENT_REVOKED,CONSENT_REVOKED,CONSENT_REVOKED
68e9a11caa662c731d7d00c1,65c9c7748fe29aae818fc187,RETURNED,Not Applicable,2025-10-11T00:13:21.062000Z,,,,,,1972,CONSENT_REVOKED,CONSENT_REVOKED,CONSENT_REVOKED,CONSENT_REVOKED,CONSENT_REVOKED,CONSENT_REVOKED,CONSENT_REVOKED,CONSENT_REVOKED,CONSENT_REVOKED
68e9a2705e788346a0371b1f,62a6c39ce82d993784c0b352,RETURNED,Not Applicable,2025-10-11T00:19:28.413000Z,,,,,,2633,CONSENT_REVOKED,CONSENT_REVOKED,CONSENT_REVOKED,CONSENT_REVOKED,CONSENT_REVOKED,CONSENT_REVOKED,CONSENT_REVOKED,CONSENT_REVOKED,CONSENT_REVOKED
68e9a27180b3812a5a6ee5b9,5ee04a3f7dfcae39390e6553,RETURNED,Not Applicable,2025-10-11T00:19:03.217000Z,,,,,,5379,CONSENT_REVOKED,CONSENT_REVOKED,CONSENT_REVOKED,CONSENT_REVOKED,CONSENT_REVOKED,CONSENT_REVOKED,CONSENT_REVOKED,CONSENT_REVOKED,CONSENT_REVOKED
68e9a28a809ebf62aad7e748,64401a6f19a3004a66fe7190,RETURNED,Not Applicable,2025-10-11T00:19:28.450000Z,,,,,,1428,CONSENT_REVOKED,CONSENT_REVOKED,CONSENT_REVOKED,CONSENT_REVOKED,CONSENT_REVOKED,CONSENT_REVOKED,CONSENT_REVOKED,CONSENT_REVOKED,CONSENT_REVOKED
68e9a28da2fd485875b758be,6653954cef623f7a2ac0d3d5,RETURNED,Not Applicable,2025-10-11T00:19:32.306000Z,,,,,,845,CONSENT_REVOKED,CONSENT_REVOKED,CONSENT_REVOKED,CONSENT_REVOKED,CONSENT_REVOKED,CONSENT_REVOKED,CONSENT_REVOKED,CONSENT_REVOKED,CONSENT_REVOKED
68e9a293a2fd485875b758c0,65293c257003399b27cc1eb5,RETURNED,Not Applicable,2025-10-11T00:19:31.738000Z,,,,,,4234,CONSENT_REVOKED,CONSENT_REVOKED,CONSENT_REVOKED,CONSENT_REVOKED,CONSENT_REVOKED,CONSENT_REVOKED,CONSENT_REVOKED,CONSENT_REVOKED,CONSENT_REVOKED
68e9a2a0c9f9a9c8885dc184,66b41679b48873793fd2993a,RETURNED,Not Applicable,2025-10-11T00:22:12.756000Z,,,,,,1406,CONSENT_REVOKED,CONSENT_REVOKED,CONSENT_REVOKED,CONSENT_REVOKED,CONSENT_REVOKED,CONSENT_REVOKED,CONSENT_REVOKED,CONSENT_REVOKED,CONSENT_REVOKED
68e9a2a4d71d20d765ad572b,662939c49821886e0246c494,RETURNED,Not Applicable,2025-10-11T00:22:02.595000Z,2025-10-11T00:34:48.835000Z,,2025-10-11T00:34:49.265000Z,,CX0Z37FL,4222,CONSENT_REVOKED,CONSENT_REVOKED,CONSENT_REVOKED,CONSENT_REVOKED,CONSENT_REVOKED,CONSENT_REVOKED,CONSENT_REVOKED,CONSENT_REVOKED,CONSENT_REVOKED
68e9a2b40333c2a42cebda95,63d7aa4a4f19508a5401cc2a,RETURNED,Not Applicable,2025-10-11T00:20:07.704000Z,,,,,,2377,CONSENT_REVOKED,CONSENT_REVOKED,CONSENT_REVOKED,CONSENT_REVOKED,CONSENT_REVOKED,CONSENT_REVOKED,CONSENT_REVOKED,CONSENT_REVOKED,CONSENT_REVOKED
68e9a2b843357185da244ef6,63614f71fa75fcbcee84f2ac,RETURNED,Not Applicable,2025-10-11T00:20:13.989000Z,,,,,,4949,CONSENT_REVOKED,CONSENT_REVOKED,CONSENT_REVOKED,CONSENT_REVOKED,CONSENT_REVOKED,CONSENT_REVOKED,CONSENT_REVOKED,CONSENT_REVOKED,CONSENT_REVOKED
68e9a2c57995b870c6975286,63df49adc93a770f56a41ba7,RETURNED,Not Applicable,2025-10-11T00:20:26.298000Z,,,,,,199,CONSENT_REVOKED,CONSENT_REVOKED,CONSENT_REVOKED,CONSENT_REVOKED,CONSENT_REVOKED,CONSENT_REVOKED,CONSENT_REVOKED,CONSENT_REVOKED,CONSENT_REVOKED
68e9a2ca0961c269da0ffdb0,6785704c3b1ab8813a4958b0,RETURNED,Not Applicable,2025-10-11T00:21:43.798000Z,,,,,,3963,CONSENT_REVOKED,CONSENT_REVOKED,CONSENT_REVOKED,CONSENT_REVOKED,CONSENT_REVOKED,CONSENT_REVOKED,CONSENT_REVOKED,CONSENT_REVOKED,CONSENT_REVOKED
68e9a2cdec90d6df7478c921,66a398080da27efcc3e8ecef,RETURNED,Not Applicable,2025-10-11T00:20:29.316000Z,,,,,,3113,CONSENT_REVOKED,CONSENT_REVOKED,CONSENT_REVOKED,CONSENT_REVOKED,CONSENT_REVOKED,CONSENT_REVOKED,CONSENT_REVOKED,CONSENT_REVOKED,CONSENT_REVOKED
68e9a2ce539503ad2a0a6142,6110db88c7cfdd69964de753,RETURNED,Not Applicable,2025-10-11T00:20:35.330000Z,,,,,,1304,CONSENT_REVOKED,CONSENT_REVOKED,CONSENT_REVOKED,CONSENT_REVOKED,CONSENT_REVOKED,CONSENT_REVOKED,CONSENT_REVOKED,CONSENT_REVOKED,CONSENT_REVOKED
68e9a2cfc43a314a86497d40,640415971520c41606ca4389,RETURNED,Not Applicable,2025-10-11T00:20:34.824000Z,,,,,,4528,CONSENT_REVOKED,CONSENT_REVOKED,CONSENT_REVOKED,CONSENT_REVOKED,CONSENT_REVOKED,CONSENT_REVOKED,CONSENT_REVOKED,CONSENT_REVOKED,CONSENT_REVOKED
68e9a2d1944f50da08a37407,582bee72b1afc30001af4eb4,RETURNED,Not Applicable,2025-10-11T00:20:36.901000Z,,,,,,1535,CONSENT_REVOKED,CONSENT_REVOKED,CONSENT_REVOKED,CONSENT_REVOKED,CONSENT_REVOKED,CONSENT_REVOKED,CONSENT_REVOKED,CONSENT_REVOKED,CONSENT_REVOKED
68e9a2d2d6e6148ca0e74168,66e346d2f1c8095bcd67eec9,RETURNED,Not Applicable,2025-10-11T00:20:41.615000Z,,,,,,3872,CONSENT_REVOKED,CONSENT_REVOKED,CONSENT_REVOKED,CONSENT_REVOKED,CONSENT_REVOKED,CONSENT_REVOKED,CONSENT_REVOKED,CONSENT_REVOKED,CONSENT_REVOKED
68e9a2d9212f1f73edee4799,66632c69d2b270f0314a0b16,RETURNED,Not Applicable,2025-10-11T00:20:45.084000Z,,,,,,3275,CONSENT_REVOKED,CONSENT_REVOKED,CONSENT_REVOKED,CONSENT_REVOKED,CONSENT_REVOKED,CONSENT_REVOKED,CONSENT_REVOKED,CONSENT_REVOKED,CONSENT_REVOKED
68e9a2da4ded7ab974771016,60e5d60060cde4e18c4c8732,RETURNED,Not Applicable,2025-10-11T00:20:46.581000Z,,,,,,3734,CONSENT_REVOKED,CONSENT_REVOKED,CONSENT_REVOKED,CONSENT_REVOKED,CONSENT_REVOKED,CONSENT_REVOKED,CONSENT_REVOKED,CONSENT_REVOKED,CONSENT_REVOKED
68e9a2e5644ae421d4b60e29,653bb570c39364ea2351e840,RETURNED,Not Applicable,2025-10-11T00:20:57.730000Z,,,,,,150,CONSENT_REVOKED,CONSENT_REVOKED,CONSENT_REVOKED,CONSENT_REVOKED,CONSENT_REVOKED,CONSENT_REVOKED,CONSENT_REVOKED,CONSENT_REVOKED,CONSENT_REVOKED
68e9a2efff93fc9f081df582,5cb5e6927a92c500015c0de1,RETURNED,Not Applicable,2025-10-11T00:21:09.586000Z,,,,,,8218,CONSENT_REVOKED,CONSENT_REVOKED,CONSENT_REVOKED,CONSENT_REVOKED,CONSENT_REVOKED,CONSENT_REVOKED,CONSENT_REVOKED,CONSENT_REVOKED,CONSENT_REVOKED
68e9a37f6acbeb43b6d5b05b,5fc535c343622e000bc9f3c4,RETURNED,Not Applicable,2025-10-11T00:23:32.085000Z,,,,,,3934,CONSENT_REVOKED,CONSENT_REVOKED,CONSENT_REVOKED,CONSENT_REVOKED,CONSENT_REVOKED,CONSENT_REVOKED,CONSENT_REVOKED,CONSENT_REVOKED,CONSENT_REVOKED
68e9a45db0c2af27f385dd43,664fe905b115cee7ef9dc8df,RETURNED,Not Applicable,2025-10-11T00:27:18.116000Z,,,,,,625,CONSENT_REVOKED,CONSENT_REVOKED,CONSENT_REVOKED,CONSENT_REVOKED,CONSENT_REVOKED,CONSENT_REVOKED,CONSENT_REVOKED,CONSENT_REVOKED,CONSENT_REVOKED
68e9a49ac9f9a9c8885dc1a6,6680d577ce8b233327b0272e,RETURNED,Not Applicable,2025-10-11T00:28:16.065000Z,,,,,,1796,CONSENT_REVOKED,CONSENT_REVOKED,CONSENT_REVOKED,CONSENT_REVOKED,CONSENT_REVOKED,CONSENT_REVOKED,CONSENT_REVOKED,CONSENT_REVOKED,CONSENT_REVOKED
68e9a62174f3ae953d7e8198,6400e4256a75f01159feb0e6,RETURNED,Not Applicable,2025-10-11T00:34:48.563000Z,,,,,,1226,CONSENT_REVOKED,CONSENT_REVOKED,CONSENT_REVOKED,CONSENT_REVOKED,CONSENT_REVOKED,CONSENT_REVOKED,CONSENT_REVOKED,CONSENT_REVOKED,CONSENT_REVOKED
68e9a647fb3fa077717f66a4,5de41b1be19f9a012a50ee4d,RETURNED,Not Applicable,2025-10-11T00:35:24.619000Z,,,,,,1364,CONSENT_REVOKED,CONSENT_REVOKED,CONSENT_REVOKED,CONSENT_REVOKED,CONSENT_REVOKED,CONSENT_REVOKED,CONSENT_REVOKED,CONSENT_REVOKED,CONSENT_REVOKED
68e9a64a59f69f9f81c5f8dd,6400e79fec0b310140841aee,RETURNED,Not Applicable,2025-10-11T00:43:09.750000Z,,,,,,4576,CONSENT_REVOKED,CONSENT_REVOKED,CONSENT_REVOKED,CONSENT_REVOKED,CONSENT_REVOKED,CONSENT_REVOKED,CONSENT_REVOKED,CONSENT_REVOKED,CONSENT_REVOKED
68e9ab54328d630f92816f05,633e64bfaab0e4bed6e5307d,RETURNED,Not Applicable,2025-10-11T00:57:09.424000Z,,,,,,4967,CONSENT_REVOKED,CONSENT_REVOKED,CONSENT_REVOKED,CONSENT_REVOKED,CONSENT_REVOKED,CONSENT_REVOKED,CONSENT_REVOKED,CONSENT_REVOKED,CONSENT_REVOKED
68e9adb910797f39a986b3b8,610508c09d61c098f072605b,RETURNED,Not Applicable,2025-10-11T01:07:08.652000Z,,,,,,5912,CONSENT_REVOKED,CONSENT_REVOKED,CONSENT_REVOKED,CONSENT_REVOKED,CONSENT_REVOKED,CONSENT_REVOKED,CONSENT_REVOKED,CONSENT_REVOKED,CONSENT_REVOKED
