{"agents": {"player_505fc3f0": {"initial_state": {"agent_id": "player_505fc3f0", "x": 40, "y": 40, "item": null, "url_params": {"gameType": ["tomatoSaladOnly"], "PROLIFIC_PID": ["57681fca8e454c000133a203"], "map": ["baseline_division_of_labor"], "cutting_speed_p1": ["1"], "walking_speed_p1": ["0.2"], "cutting_speed_p2": ["0.2"], "walking_speed_p2": ["1"], "slot_x_p1": ["2"], "slot_y_p1": ["2"], "slot_x_p2": ["5"], "slot_y_p2": ["2"], "EIO": ["4"], "transport": ["polling"], "t": ["PZzhDbR"]}, "cut_speed": 1.0, "walk_speed": 6.0, "player_nr": 1}, "player_score": 1.0, "total_actions": 20, "first_action_tick": 148, "last_action_tick": 2056}, "player_4537683d": {"initial_state": {"agent_id": "player_4537683d", "x": 88, "y": 40, "item": null, "url_params": {"gameType": ["tomatoSaladOnly"], "PROLIFIC_PID": ["669bd78975f22207e8e90ac0"], "map": ["baseline_division_of_labor"], "cutting_speed_p1": ["1"], "walking_speed_p1": ["0.2"], "cutting_speed_p2": ["0.2"], "walking_speed_p2": ["1"], "slot_x_p1": ["2"], "slot_y_p1": ["2"], "slot_x_p2": ["5"], "slot_y_p2": ["2"], "EIO": ["4"], "transport": ["polling"], "t": ["PZzhSyf"]}, "cut_speed": 0.2, "walk_speed": 30.0, "player_nr": 2}, "player_score": 6.0, "total_actions": 57, "first_action_tick": 60, "last_action_tick": 2152}}, "map_name": "baseline_division_of_labor", "final_score": 7.0}