tick,item,action,target,target_type,target_position,action_long,player_id,map_name,game_id,distance_walked,distance_walked_since_last_action,overall_score,player_score_change,player_score,walking_speed,cutting_speed,start_pos,condition
60,plate,pick up,Dispenser_60,Dispenser,60,pick up plate from dispenser,player_4537683d,baseline_division_of_labor,a0133e4ac241d5ea,54.62741699796952,0.0,0.0,0.0,0.0,1.0,0.2,"(5, 2)","[p(2, 2)_cs(1.0)_ws(0.2)]_[p(5, 2)_cs(0.2)_ws(1.0)]"
83,plate,put down,Counter_32,Counter,32,put down plate on counter,player_4537683d,baseline_division_of_labor,a0133e4ac241d5ea,93.03447966473452,38.407062666765,0.0,0.0,0.0,1.0,0.2,"(5, 2)","[p(2, 2)_cs(1.0)_ws(0.2)]_[p(5, 2)_cs(0.2)_ws(1.0)]"
110,plate,pick up,Dispenser_60,Dispenser,60,pick up plate from dispenser,player_4537683d,baseline_division_of_labor,a0133e4ac241d5ea,131.44154233149948,38.40706266676496,0.0,0.0,0.0,1.0,0.2,"(5, 2)","[p(2, 2)_cs(1.0)_ws(0.2)]_[p(5, 2)_cs(0.2)_ws(1.0)]"
136,plate,put down,Counter_33,Counter,33,put down plate on counter,player_4537683d,baseline_division_of_labor,a0133e4ac241d5ea,176.6963763274386,45.25483399593912,0.0,0.0,0.0,1.0,0.2,"(5, 2)","[p(2, 2)_cs(1.0)_ws(0.2)]_[p(5, 2)_cs(0.2)_ws(1.0)]"
161,tomato,pick up,Dispenser_40,Dispenser,40,pick up tomato from dispenser,player_4537683d,baseline_division_of_labor,a0133e4ac241d5ea,208.6963763274386,32.0,0.0,0.0,0.0,1.0,0.2,"(5, 2)","[p(2, 2)_cs(1.0)_ws(0.2)]_[p(5, 2)_cs(0.2)_ws(1.0)]"
183,tomato,start cutting,CuttingBoard_20,CuttingBoard,20,start cutting tomato,player_4537683d,baseline_division_of_labor,a0133e4ac241d5ea,240.6963763274386,32.0,0.0,0.0,0.0,1.0,0.2,"(5, 2)","[p(2, 2)_cs(1.0)_ws(0.2)]_[p(5, 2)_cs(0.2)_ws(1.0)]"
385,tomato_cut,pick up,CuttingBoard_20,CuttingBoard,20,pick up tomato_cut from cuttingboard,player_4537683d,baseline_division_of_labor,a0133e4ac241d5ea,240.6963763274386,0.0,0.0,0.0,0.0,1.0,0.2,"(5, 2)","[p(2, 2)_cs(1.0)_ws(0.2)]_[p(5, 2)_cs(0.2)_ws(1.0)]"
404,tomato_cut,assemble salad,Counter_32,Counter,32,assemble salad,player_4537683d,baseline_division_of_labor,a0133e4ac241d5ea,256.6963763274386,16.0,0.0,0.0,0.0,1.0,0.2,"(5, 2)","[p(2, 2)_cs(1.0)_ws(0.2)]_[p(5, 2)_cs(0.2)_ws(1.0)]"
414,tomato_salad,pick up,Counter_32,Counter,32,pick up tomato_salad from counter,player_4537683d,baseline_division_of_labor,a0133e4ac241d5ea,256.6963763274386,0.0,0.0,0.0,0.0,1.0,0.2,"(5, 2)","[p(2, 2)_cs(1.0)_ws(0.2)]_[p(5, 2)_cs(0.2)_ws(1.0)]"
450,tomato_salad,deliver,Delivery_63,Delivery,63,deliver tomato_salad,player_4537683d,baseline_division_of_labor,a0133e4ac241d5ea,301.9512103233775,45.254833995938895,1.0,1.0,1.0,1.0,0.2,"(5, 2)","[p(2, 2)_cs(1.0)_ws(0.2)]_[p(5, 2)_cs(0.2)_ws(1.0)]"
474,plate,pick up,Dispenser_60,Dispenser,60,pick up plate from dispenser,player_4537683d,baseline_division_of_labor,a0133e4ac241d5ea,340.36247016340366,38.41125984002616,1.0,0.0,1.0,1.0,0.2,"(5, 2)","[p(2, 2)_cs(1.0)_ws(0.2)]_[p(5, 2)_cs(0.2)_ws(1.0)]"
498,plate,put down,Counter_32,Counter,32,put down plate on counter,player_4537683d,baseline_division_of_labor,a0133e4ac241d5ea,378.76953283016866,38.407062666765,1.0,0.0,1.0,1.0,0.2,"(5, 2)","[p(2, 2)_cs(1.0)_ws(0.2)]_[p(5, 2)_cs(0.2)_ws(1.0)]"
513,tomato,pick up,Dispenser_40,Dispenser,40,pick up tomato from dispenser,player_4537683d,baseline_division_of_labor,a0133e4ac241d5ea,394.76953283016877,16.000000000000114,1.0,0.0,1.0,1.0,0.2,"(5, 2)","[p(2, 2)_cs(1.0)_ws(0.2)]_[p(5, 2)_cs(0.2)_ws(1.0)]"
535,tomato,start cutting,CuttingBoard_20,CuttingBoard,20,start cutting tomato,player_4537683d,baseline_division_of_labor,a0133e4ac241d5ea,426.76953283016894,32.00000000000017,1.0,0.0,1.0,1.0,0.2,"(5, 2)","[p(2, 2)_cs(1.0)_ws(0.2)]_[p(5, 2)_cs(0.2)_ws(1.0)]"
732,tomato_cut,pick up,CuttingBoard_20,CuttingBoard,20,pick up tomato_cut from cuttingboard,player_4537683d,baseline_division_of_labor,a0133e4ac241d5ea,426.76953283016894,0.0,2.0,0.0,1.0,1.0,0.2,"(5, 2)","[p(2, 2)_cs(1.0)_ws(0.2)]_[p(5, 2)_cs(0.2)_ws(1.0)]"
753,tomato_cut,assemble salad,Counter_32,Counter,32,assemble salad,player_4537683d,baseline_division_of_labor,a0133e4ac241d5ea,442.7695328301691,16.00000000000017,2.0,0.0,1.0,1.0,0.2,"(5, 2)","[p(2, 2)_cs(1.0)_ws(0.2)]_[p(5, 2)_cs(0.2)_ws(1.0)]"
763,tomato_salad,pick up,Counter_32,Counter,32,pick up tomato_salad from counter,player_4537683d,baseline_division_of_labor,a0133e4ac241d5ea,442.7695328301691,0.0,2.0,0.0,1.0,1.0,0.2,"(5, 2)","[p(2, 2)_cs(1.0)_ws(0.2)]_[p(5, 2)_cs(0.2)_ws(1.0)]"
788,tomato_salad,deliver,Delivery_63,Delivery,63,deliver tomato_salad,player_4537683d,baseline_division_of_labor,a0133e4ac241d5ea,488.024366826108,45.254833995938895,3.0,1.0,2.0,1.0,0.2,"(5, 2)","[p(2, 2)_cs(1.0)_ws(0.2)]_[p(5, 2)_cs(0.2)_ws(1.0)]"
814,plate,pick up,Dispenser_60,Dispenser,60,pick up plate from dispenser,player_4537683d,baseline_division_of_labor,a0133e4ac241d5ea,526.4356266661342,38.41125984002622,3.0,0.0,2.0,1.0,0.2,"(5, 2)","[p(2, 2)_cs(1.0)_ws(0.2)]_[p(5, 2)_cs(0.2)_ws(1.0)]"
838,plate,put down,Counter_32,Counter,32,put down plate on counter,player_4537683d,baseline_division_of_labor,a0133e4ac241d5ea,564.842689332899,38.40706266676477,3.0,0.0,2.0,1.0,0.2,"(5, 2)","[p(2, 2)_cs(1.0)_ws(0.2)]_[p(5, 2)_cs(0.2)_ws(1.0)]"
853,tomato,pick up,Dispenser_40,Dispenser,40,pick up tomato from dispenser,player_4537683d,baseline_division_of_labor,a0133e4ac241d5ea,580.8426893328992,16.000000000000227,3.0,0.0,2.0,1.0,0.2,"(5, 2)","[p(2, 2)_cs(1.0)_ws(0.2)]_[p(5, 2)_cs(0.2)_ws(1.0)]"
873,tomato,start cutting,CuttingBoard_20,CuttingBoard,20,start cutting tomato,player_4537683d,baseline_division_of_labor,a0133e4ac241d5ea,612.8426893328995,32.00000000000023,3.0,0.0,2.0,1.0,0.2,"(5, 2)","[p(2, 2)_cs(1.0)_ws(0.2)]_[p(5, 2)_cs(0.2)_ws(1.0)]"
1075,tomato_cut,pick up,CuttingBoard_20,CuttingBoard,20,pick up tomato_cut from cuttingboard,player_4537683d,baseline_division_of_labor,a0133e4ac241d5ea,612.8426893328995,0.0,3.0,0.0,2.0,1.0,0.2,"(5, 2)","[p(2, 2)_cs(1.0)_ws(0.2)]_[p(5, 2)_cs(0.2)_ws(1.0)]"
1091,tomato_cut,assemble salad,Counter_32,Counter,32,assemble salad,player_4537683d,baseline_division_of_labor,a0133e4ac241d5ea,628.8426893328997,16.000000000000227,3.0,0.0,2.0,1.0,0.2,"(5, 2)","[p(2, 2)_cs(1.0)_ws(0.2)]_[p(5, 2)_cs(0.2)_ws(1.0)]"
1101,tomato_salad,pick up,Counter_32,Counter,32,pick up tomato_salad from counter,player_4537683d,baseline_division_of_labor,a0133e4ac241d5ea,628.8426893328997,0.0,3.0,0.0,2.0,1.0,0.2,"(5, 2)","[p(2, 2)_cs(1.0)_ws(0.2)]_[p(5, 2)_cs(0.2)_ws(1.0)]"
1129,tomato_salad,deliver,Delivery_63,Delivery,63,deliver tomato_salad,player_4537683d,baseline_division_of_labor,a0133e4ac241d5ea,674.0975233288393,45.254833995939634,4.0,1.0,3.0,1.0,0.2,"(5, 2)","[p(2, 2)_cs(1.0)_ws(0.2)]_[p(5, 2)_cs(0.2)_ws(1.0)]"
1157,tomato,pick up,Dispenser_40,Dispenser,40,pick up tomato from dispenser,player_4537683d,baseline_division_of_labor,a0133e4ac241d5ea,712.5087831688655,38.41125984002622,4.0,0.0,3.0,1.0,0.2,"(5, 2)","[p(2, 2)_cs(1.0)_ws(0.2)]_[p(5, 2)_cs(0.2)_ws(1.0)]"
1188,tomato,put down,Dispenser_60,Dispenser,60,put down tomato on dispenser,player_4537683d,baseline_division_of_labor,a0133e4ac241d5ea,744.5087831688655,32.0,4.0,0.0,3.0,1.0,0.2,"(5, 2)","[p(2, 2)_cs(1.0)_ws(0.2)]_[p(5, 2)_cs(0.2)_ws(1.0)]"
1188,plate,pick up,Dispenser_60,Dispenser,60,pick up plate from dispenser,player_4537683d,baseline_division_of_labor,a0133e4ac241d5ea,744.5087831688655,0.0,4.0,0.0,3.0,1.0,0.2,"(5, 2)","[p(2, 2)_cs(1.0)_ws(0.2)]_[p(5, 2)_cs(0.2)_ws(1.0)]"
1218,plate,put down,Counter_32,Counter,32,put down plate on counter,player_4537683d,baseline_division_of_labor,a0133e4ac241d5ea,782.9158458356303,38.40706266676477,4.0,0.0,3.0,1.0,0.2,"(5, 2)","[p(2, 2)_cs(1.0)_ws(0.2)]_[p(5, 2)_cs(0.2)_ws(1.0)]"
1234,plate,pick up,Counter_32,Counter,32,pick up plate from counter,player_4537683d,baseline_division_of_labor,a0133e4ac241d5ea,782.9158458356303,0.0,4.0,0.0,3.0,1.0,0.2,"(5, 2)","[p(2, 2)_cs(1.0)_ws(0.2)]_[p(5, 2)_cs(0.2)_ws(1.0)]"
1265,plate,put down,Counter_32,Counter,32,put down plate on counter,player_4537683d,baseline_division_of_labor,a0133e4ac241d5ea,782.9158458356303,0.0,4.0,0.0,3.0,1.0,0.2,"(5, 2)","[p(2, 2)_cs(1.0)_ws(0.2)]_[p(5, 2)_cs(0.2)_ws(1.0)]"
1287,plate,pick up,Counter_32,Counter,32,pick up plate from counter,player_4537683d,baseline_division_of_labor,a0133e4ac241d5ea,782.9158458356303,0.0,4.0,0.0,3.0,1.0,0.2,"(5, 2)","[p(2, 2)_cs(1.0)_ws(0.2)]_[p(5, 2)_cs(0.2)_ws(1.0)]"
1310,plate,put down,Counter_32,Counter,32,put down plate on counter,player_4537683d,baseline_division_of_labor,a0133e4ac241d5ea,782.9158458356303,0.0,4.0,0.0,3.0,1.0,0.2,"(5, 2)","[p(2, 2)_cs(1.0)_ws(0.2)]_[p(5, 2)_cs(0.2)_ws(1.0)]"
1325,tomato,pick up,Dispenser_40,Dispenser,40,pick up tomato from dispenser,player_4537683d,baseline_division_of_labor,a0133e4ac241d5ea,798.9158458356305,16.000000000000227,4.0,0.0,3.0,1.0,0.2,"(5, 2)","[p(2, 2)_cs(1.0)_ws(0.2)]_[p(5, 2)_cs(0.2)_ws(1.0)]"
1344,tomato,start cutting,CuttingBoard_20,CuttingBoard,20,start cutting tomato,player_4537683d,baseline_division_of_labor,a0133e4ac241d5ea,830.9158458356308,32.00000000000023,4.0,0.0,3.0,1.0,0.2,"(5, 2)","[p(2, 2)_cs(1.0)_ws(0.2)]_[p(5, 2)_cs(0.2)_ws(1.0)]"
1560,plate,pick up,Counter_33,Counter,33,pick up plate from counter,player_4537683d,baseline_division_of_labor,a0133e4ac241d5ea,912.9158458356288,81.99999999999807,4.0,0.0,3.0,1.0,0.2,"(5, 2)","[p(2, 2)_cs(1.0)_ws(0.2)]_[p(5, 2)_cs(0.2)_ws(1.0)]"
1603,plate,put down,Counter_33,Counter,33,put down plate on counter,player_4537683d,baseline_division_of_labor,a0133e4ac241d5ea,976.9158458356295,64.00000000000068,4.0,0.0,3.0,1.0,0.2,"(5, 2)","[p(2, 2)_cs(1.0)_ws(0.2)]_[p(5, 2)_cs(0.2)_ws(1.0)]"
1692,plate,pick up,Dispenser_60,Dispenser,60,pick up plate from dispenser,player_4537683d,baseline_division_of_labor,a0133e4ac241d5ea,1072.9158458356283,95.99999999999875,4.0,0.0,3.0,1.0,0.2,"(5, 2)","[p(2, 2)_cs(1.0)_ws(0.2)]_[p(5, 2)_cs(0.2)_ws(1.0)]"
1725,plate,put down,Counter_34,Counter,34,put down plate on counter,player_4537683d,baseline_division_of_labor,a0133e4ac241d5ea,1133.832032738165,60.916186902536765,4.0,0.0,3.0,1.0,0.2,"(5, 2)","[p(2, 2)_cs(1.0)_ws(0.2)]_[p(5, 2)_cs(0.2)_ws(1.0)]"
1766,tomato,pick up,Dispenser_40,Dispenser,40,pick up tomato from dispenser,player_4537683d,baseline_division_of_labor,a0133e4ac241d5ea,1181.8320327381637,47.999999999998636,4.0,0.0,3.0,1.0,0.2,"(5, 2)","[p(2, 2)_cs(1.0)_ws(0.2)]_[p(5, 2)_cs(0.2)_ws(1.0)]"
1816,tomato,start cutting,CuttingBoard_20,CuttingBoard,20,start cutting tomato,player_4537683d,baseline_division_of_labor,a0133e4ac241d5ea,1278.832032738162,96.99999999999841,4.0,0.0,3.0,1.0,0.2,"(5, 2)","[p(2, 2)_cs(1.0)_ws(0.2)]_[p(5, 2)_cs(0.2)_ws(1.0)]"
1850,plate,pick up,Dispenser_60,Dispenser,60,pick up plate from dispenser,player_4537683d,baseline_division_of_labor,a0133e4ac241d5ea,1342.8320327381598,63.999999999997726,4.0,0.0,3.0,1.0,0.2,"(5, 2)","[p(2, 2)_cs(1.0)_ws(0.2)]_[p(5, 2)_cs(0.2)_ws(1.0)]"
1891,plate,put down,Counter_35,Counter,35,put down plate on counter,player_4537683d,baseline_division_of_labor,a0133e4ac241d5ea,1419.7661371687284,76.9341044305686,4.0,0.0,3.0,1.0,0.2,"(5, 2)","[p(2, 2)_cs(1.0)_ws(0.2)]_[p(5, 2)_cs(0.2)_ws(1.0)]"
1909,tomato_salad,pick up,Counter_34,Counter,34,pick up tomato_salad from counter,player_4537683d,baseline_division_of_labor,a0133e4ac241d5ea,1435.766137168728,15.999999999999545,4.0,0.0,3.0,1.0,0.2,"(5, 2)","[p(2, 2)_cs(1.0)_ws(0.2)]_[p(5, 2)_cs(0.2)_ws(1.0)]"
1921,tomato_salad,deliver,Delivery_64,Delivery,64,deliver tomato_salad,player_4537683d,baseline_division_of_labor,a0133e4ac241d5ea,1451.7661371687275,15.999999999999545,5.0,1.0,4.0,1.0,0.2,"(5, 2)","[p(2, 2)_cs(1.0)_ws(0.2)]_[p(5, 2)_cs(0.2)_ws(1.0)]"
1938,tomato_salad,pick up,Counter_33,Counter,33,pick up tomato_salad from counter,player_4537683d,baseline_division_of_labor,a0133e4ac241d5ea,1474.3935541666965,22.62741699796902,5.0,0.0,4.0,1.0,0.2,"(5, 2)","[p(2, 2)_cs(1.0)_ws(0.2)]_[p(5, 2)_cs(0.2)_ws(1.0)]"
1955,tomato_salad,deliver,Delivery_63,Delivery,63,deliver tomato_salad,player_4537683d,baseline_division_of_labor,a0133e4ac241d5ea,1490.3935541666958,15.999999999999318,6.0,1.0,5.0,1.0,0.2,"(5, 2)","[p(2, 2)_cs(1.0)_ws(0.2)]_[p(5, 2)_cs(0.2)_ws(1.0)]"
1971,tomato_salad,pick up,Counter_32,Counter,32,pick up tomato_salad from counter,player_4537683d,baseline_division_of_labor,a0133e4ac241d5ea,1513.0209711646648,22.62741699796902,6.0,0.0,5.0,1.0,0.2,"(5, 2)","[p(2, 2)_cs(1.0)_ws(0.2)]_[p(5, 2)_cs(0.2)_ws(1.0)]"
1990,tomato_salad,deliver,Delivery_63,Delivery,63,deliver tomato_salad,player_4537683d,baseline_division_of_labor,a0133e4ac241d5ea,1535.6483881626339,22.62741699796902,7.0,1.0,6.0,1.0,0.2,"(5, 2)","[p(2, 2)_cs(1.0)_ws(0.2)]_[p(5, 2)_cs(0.2)_ws(1.0)]"
2016,plate,pick up,Dispenser_60,Dispenser,60,pick up plate from dispenser,player_4537683d,baseline_division_of_labor,a0133e4ac241d5ea,1574.0596480026595,38.41125984002565,7.0,0.0,6.0,1.0,0.2,"(5, 2)","[p(2, 2)_cs(1.0)_ws(0.2)]_[p(5, 2)_cs(0.2)_ws(1.0)]"
2040,plate,put down,Counter_32,Counter,32,put down plate on counter,player_4537683d,baseline_division_of_labor,a0133e4ac241d5ea,1612.4667106694237,38.407062666764205,7.0,0.0,6.0,1.0,0.2,"(5, 2)","[p(2, 2)_cs(1.0)_ws(0.2)]_[p(5, 2)_cs(0.2)_ws(1.0)]"
2063,plate,pick up,Dispenser_60,Dispenser,60,pick up plate from dispenser,player_4537683d,baseline_division_of_labor,a0133e4ac241d5ea,1650.8737733361875,38.40706266676375,7.0,0.0,6.0,1.0,0.2,"(5, 2)","[p(2, 2)_cs(1.0)_ws(0.2)]_[p(5, 2)_cs(0.2)_ws(1.0)]"
2090,plate,put down,Counter_33,Counter,33,put down plate on counter,player_4537683d,baseline_division_of_labor,a0133e4ac241d5ea,1696.1286073321253,45.254833995937815,7.0,0.0,6.0,1.0,0.2,"(5, 2)","[p(2, 2)_cs(1.0)_ws(0.2)]_[p(5, 2)_cs(0.2)_ws(1.0)]"
2110,tomato,pick up,Dispenser_40,Dispenser,40,pick up tomato from dispenser,player_4537683d,baseline_division_of_labor,a0133e4ac241d5ea,1728.1286073321244,31.99999999999909,7.0,0.0,6.0,1.0,0.2,"(5, 2)","[p(2, 2)_cs(1.0)_ws(0.2)]_[p(5, 2)_cs(0.2)_ws(1.0)]"
2130,tomato,start cutting,CuttingBoard_20,CuttingBoard,20,start cutting tomato,player_4537683d,baseline_division_of_labor,a0133e4ac241d5ea,1760.1286073321235,31.99999999999909,7.0,0.0,6.0,1.0,0.2,"(5, 2)","[p(2, 2)_cs(1.0)_ws(0.2)]_[p(5, 2)_cs(0.2)_ws(1.0)]"
2152,tomato,pick up,Dispenser_40,Dispenser,40,pick up tomato from dispenser,player_4537683d,baseline_division_of_labor,a0133e4ac241d5ea,1792.1286073321226,31.99999999999909,7.0,0.0,6.0,1.0,0.2,"(5, 2)","[p(2, 2)_cs(1.0)_ws(0.2)]_[p(5, 2)_cs(0.2)_ws(1.0)]"
