{"agents": {"player_f4e8eda0": {"initial_state": {"agent_id": "player_f4e8eda0", "x": 40, "y": 40, "item": null, "url_params": {"gameType": ["tomatoSaladOnly"], "PROLIFIC_PID": ["undefined"], "map": ["baseline_division_of_labor"], "cutting_speed_p1": ["1"], "walking_speed_p1": ["1"], "cutting_speed_p2": ["1"], "walking_speed_p2": ["1"], "slot_x_p1": ["2"], "slot_y_p1": ["2"], "slot_x_p2": ["5"], "slot_y_p2": ["2"], "EIO": ["4"], "transport": ["polling"], "t": ["PZKhNCi"]}, "cut_speed": 1.0, "walk_speed": 30.0, "player_nr": 1}, "player_score": 6.0, "total_actions": 44, "first_action_tick": 106, "last_action_tick": 2148}, "player_48181a46": {"initial_state": {"agent_id": "player_48181a46", "x": 88, "y": 40, "item": null, "url_params": {"gameType": ["tomatoSaladOnly"], "PROLIFIC_PID": ["647c65c5acb91c89819c7970"], "map": ["baseline_division_of_labor"], "cutting_speed_p1": ["1"], "walking_speed_p1": ["1"], "cutting_speed_p2": ["1"], "walking_speed_p2": ["1"], "slot_x_p1": ["2"], "slot_y_p1": ["2"], "slot_x_p2": ["5"], "slot_y_p2": ["2"], "EIO": ["4"], "transport": ["polling"], "t": ["PZKhQRj"]}, "cut_speed": 1.0, "walk_speed": 30.0, "player_nr": 2}, "player_score": 4.0, "total_actions": 62, "first_action_tick": 71, "last_action_tick": 2140}}, "map_name": "baseline_division_of_labor", "final_score": 10.0}