tick,item,action,target,target_type,target_position,action_long,player_id,map_name,game_id,distance_walked,distance_walked_since_last_action,overall_score,player_score_change,player_score,walking_speed,cutting_speed,start_pos,condition
106,plate,pick up,Dispenser_60,Dispenser,60,pick up plate from dispenser,player_f4e8eda0,baseline_division_of_labor,094946151715d682,70.50687227351878,0.0,0.0,0.0,0.0,1.0,1.0,"(2, 2)","[p(2, 2)_cs(1.0)_ws(1.0)]_[p(5, 2)_cs(1.0)_ws(1.0)]"
134,plate,put down,Counter_33,Counter,33,put down plate on counter,player_f4e8eda0,baseline_division_of_labor,094946151715d682,115.76170626945782,45.25483399593904,0.0,0.0,0.0,1.0,1.0,"(2, 2)","[p(2, 2)_cs(1.0)_ws(1.0)]_[p(5, 2)_cs(1.0)_ws(1.0)]"
167,plate,pick up,Dispenser_71,Dispenser,71,pick up plate from dispenser,player_f4e8eda0,baseline_division_of_labor,094946151715d682,161.01654026539697,45.25483399593915,0.0,0.0,0.0,1.0,1.0,"(2, 2)","[p(2, 2)_cs(1.0)_ws(1.0)]_[p(5, 2)_cs(1.0)_ws(1.0)]"
216,plate,put down,Counter_35,Counter,35,put down plate on counter,player_f4e8eda0,baseline_division_of_labor,094946151715d682,237.9506446959668,76.93410443056982,0.0,0.0,0.0,1.0,1.0,"(2, 2)","[p(2, 2)_cs(1.0)_ws(1.0)]_[p(5, 2)_cs(1.0)_ws(1.0)]"
262,tomato,pick up,Dispenser_40,Dispenser,40,pick up tomato from dispenser,player_f4e8eda0,baseline_division_of_labor,094946151715d682,301.95064469596724,64.00000000000045,0.0,0.0,0.0,1.0,1.0,"(2, 2)","[p(2, 2)_cs(1.0)_ws(1.0)]_[p(5, 2)_cs(1.0)_ws(1.0)]"
297,tomato,start cutting,CuttingBoard_20,CuttingBoard,20,start cutting tomato,player_f4e8eda0,baseline_division_of_labor,094946151715d682,333.9506446959674,32.00000000000017,0.0,0.0,0.0,1.0,1.0,"(2, 2)","[p(2, 2)_cs(1.0)_ws(1.0)]_[p(5, 2)_cs(1.0)_ws(1.0)]"
339,tomato,pick up,Dispenser_40,Dispenser,40,pick up tomato from dispenser,player_f4e8eda0,baseline_division_of_labor,094946151715d682,365.95064469596764,32.00000000000023,0.0,0.0,0.0,1.0,1.0,"(2, 2)","[p(2, 2)_cs(1.0)_ws(1.0)]_[p(5, 2)_cs(1.0)_ws(1.0)]"
379,tomato,start cutting,CuttingBoard_10,CuttingBoard,10,start cutting tomato,player_f4e8eda0,baseline_division_of_labor,094946151715d682,413.9506446959681,48.000000000000455,0.0,0.0,0.0,1.0,1.0,"(2, 2)","[p(2, 2)_cs(1.0)_ws(1.0)]_[p(5, 2)_cs(1.0)_ws(1.0)]"
438,tomato_cut,pick up,CuttingBoard_20,CuttingBoard,20,pick up tomato_cut from cuttingboard,player_f4e8eda0,baseline_division_of_labor,094946151715d682,429.95064469596826,16.00000000000017,0.0,0.0,0.0,1.0,1.0,"(2, 2)","[p(2, 2)_cs(1.0)_ws(1.0)]_[p(5, 2)_cs(1.0)_ws(1.0)]"
465,tomato_cut,assemble salad,Counter_32,Counter,32,assemble salad,player_f4e8eda0,baseline_division_of_labor,094946151715d682,445.9506446959684,16.000000000000114,0.0,0.0,0.0,1.0,1.0,"(2, 2)","[p(2, 2)_cs(1.0)_ws(1.0)]_[p(5, 2)_cs(1.0)_ws(1.0)]"
483,tomato_salad,pick up,Counter_32,Counter,32,pick up tomato_salad from counter,player_f4e8eda0,baseline_division_of_labor,094946151715d682,445.9506446959684,0.0,0.0,0.0,0.0,1.0,1.0,"(2, 2)","[p(2, 2)_cs(1.0)_ws(1.0)]_[p(5, 2)_cs(1.0)_ws(1.0)]"
521,tomato_salad,deliver,Delivery_63,Delivery,63,deliver tomato_salad,player_f4e8eda0,baseline_division_of_labor,094946151715d682,491.2054786919073,45.254833995938895,1.0,1.0,1.0,1.0,1.0,"(2, 2)","[p(2, 2)_cs(1.0)_ws(1.0)]_[p(5, 2)_cs(1.0)_ws(1.0)]"
618,tomato_salad,pick up,Counter_01,Counter,01,pick up tomato_salad from counter,player_f4e8eda0,baseline_division_of_labor,094946151715d682,568.3724552357032,77.16697654379595,1.0,0.0,1.0,1.0,1.0,"(2, 2)","[p(2, 2)_cs(1.0)_ws(1.0)]_[p(5, 2)_cs(1.0)_ws(1.0)]"
669,tomato_salad,deliver,Delivery_63,Delivery,63,deliver tomato_salad,player_f4e8eda0,baseline_division_of_labor,094946151715d682,645.4296183918218,77.05716315611858,2.0,1.0,2.0,1.0,1.0,"(2, 2)","[p(2, 2)_cs(1.0)_ws(1.0)]_[p(5, 2)_cs(1.0)_ws(1.0)]"
756,tomato_cut,pick up,CuttingBoard_20,CuttingBoard,20,pick up tomato_cut from cuttingboard,player_f4e8eda0,baseline_division_of_labor,094946151715d682,706.5966528944892,61.167034502667434,2.0,0.0,2.0,1.0,1.0,"(2, 2)","[p(2, 2)_cs(1.0)_ws(1.0)]_[p(5, 2)_cs(1.0)_ws(1.0)]"
796,tomato_cut,assemble salad,Counter_34,Counter,34,assemble salad,player_f4e8eda0,baseline_division_of_labor,094946151715d682,754.5966528944897,48.000000000000455,2.0,0.0,2.0,1.0,1.0,"(2, 2)","[p(2, 2)_cs(1.0)_ws(1.0)]_[p(5, 2)_cs(1.0)_ws(1.0)]"
816,tomato_salad,pick up,Counter_34,Counter,34,pick up tomato_salad from counter,player_f4e8eda0,baseline_division_of_labor,094946151715d682,754.5966528944897,0.0,2.0,0.0,2.0,1.0,1.0,"(2, 2)","[p(2, 2)_cs(1.0)_ws(1.0)]_[p(5, 2)_cs(1.0)_ws(1.0)]"
867,tomato_salad,deliver,Delivery_64,Delivery,64,deliver tomato_salad,player_f4e8eda0,baseline_division_of_labor,094946151715d682,837.3720923978348,82.77543950334507,3.0,1.0,3.0,1.0,1.0,"(2, 2)","[p(2, 2)_cs(1.0)_ws(1.0)]_[p(5, 2)_cs(1.0)_ws(1.0)]"
978,tomato_cut,pick up,CuttingBoard_20,CuttingBoard,20,pick up tomato_cut from cuttingboard,player_f4e8eda0,baseline_division_of_labor,094946151715d682,914.041795797002,76.66970339916725,4.0,0.0,3.0,1.0,1.0,"(2, 2)","[p(2, 2)_cs(1.0)_ws(1.0)]_[p(5, 2)_cs(1.0)_ws(1.0)]"
1065,tomato_cut,put down,Dispenser_40,Dispenser,40,put down tomato_cut on dispenser,player_f4e8eda0,baseline_division_of_labor,094946151715d682,1013.4917205814545,99.44992478445249,4.0,0.0,3.0,1.0,1.0,"(2, 2)","[p(2, 2)_cs(1.0)_ws(1.0)]_[p(5, 2)_cs(1.0)_ws(1.0)]"
1065,tomato,pick up,Dispenser_40,Dispenser,40,pick up tomato from dispenser,player_f4e8eda0,baseline_division_of_labor,094946151715d682,1013.4917205814545,0.0,4.0,0.0,3.0,1.0,1.0,"(2, 2)","[p(2, 2)_cs(1.0)_ws(1.0)]_[p(5, 2)_cs(1.0)_ws(1.0)]"
1111,tomato,start cutting,CuttingBoard_10,CuttingBoard,10,start cutting tomato,player_f4e8eda0,baseline_division_of_labor,094946151715d682,1061.4917205814534,47.99999999999886,4.0,0.0,3.0,1.0,1.0,"(2, 2)","[p(2, 2)_cs(1.0)_ws(1.0)]_[p(5, 2)_cs(1.0)_ws(1.0)]"
1152,tomato_cut,pick up,CuttingBoard_10,CuttingBoard,10,pick up tomato_cut from cuttingboard,player_f4e8eda0,baseline_division_of_labor,094946151715d682,1061.4917205814534,0.0,4.0,0.0,3.0,1.0,1.0,"(2, 2)","[p(2, 2)_cs(1.0)_ws(1.0)]_[p(5, 2)_cs(1.0)_ws(1.0)]"
1185,tomato_cut,assemble salad,Counter_33,Counter,33,assemble salad,player_f4e8eda0,baseline_division_of_labor,094946151715d682,1099.9029804214795,38.411259840026105,5.0,0.0,3.0,1.0,1.0,"(2, 2)","[p(2, 2)_cs(1.0)_ws(1.0)]_[p(5, 2)_cs(1.0)_ws(1.0)]"
1200,tomato_salad,pick up,Counter_33,Counter,33,pick up tomato_salad from counter,player_f4e8eda0,baseline_division_of_labor,094946151715d682,1099.9029804214795,0.0,5.0,0.0,3.0,1.0,1.0,"(2, 2)","[p(2, 2)_cs(1.0)_ws(1.0)]_[p(5, 2)_cs(1.0)_ws(1.0)]"
1263,tomato_salad,deliver,Delivery_63,Delivery,63,deliver tomato_salad,player_f4e8eda0,baseline_division_of_labor,094946151715d682,1182.676438212246,82.77345779076654,6.0,1.0,4.0,1.0,1.0,"(2, 2)","[p(2, 2)_cs(1.0)_ws(1.0)]_[p(5, 2)_cs(1.0)_ws(1.0)]"
1344,tomato_cut,pick up,CuttingBoard_20,CuttingBoard,20,pick up tomato_cut from cuttingboard,player_f4e8eda0,baseline_division_of_labor,094946151715d682,1243.8434727149117,61.16703450266573,6.0,0.0,4.0,1.0,1.0,"(2, 2)","[p(2, 2)_cs(1.0)_ws(1.0)]_[p(5, 2)_cs(1.0)_ws(1.0)]"
1393,tomato_cut,assemble salad,Counter_35,Counter,35,assemble salad,player_f4e8eda0,baseline_division_of_labor,094946151715d682,1307.8434727149097,63.999999999997954,6.0,0.0,4.0,1.0,1.0,"(2, 2)","[p(2, 2)_cs(1.0)_ws(1.0)]_[p(5, 2)_cs(1.0)_ws(1.0)]"
1413,tomato_salad,pick up,Counter_35,Counter,35,pick up tomato_salad from counter,player_f4e8eda0,baseline_division_of_labor,094946151715d682,1307.8434727149097,0.0,6.0,0.0,4.0,1.0,1.0,"(2, 2)","[p(2, 2)_cs(1.0)_ws(1.0)]_[p(5, 2)_cs(1.0)_ws(1.0)]"
1478,tomato_salad,deliver,Delivery_64,Delivery,64,deliver tomato_salad,player_f4e8eda0,baseline_division_of_labor,094946151715d682,1375.3065839775409,67.46311126263117,7.0,1.0,5.0,1.0,1.0,"(2, 2)","[p(2, 2)_cs(1.0)_ws(1.0)]_[p(5, 2)_cs(1.0)_ws(1.0)]"
1527,plate,pick up,Dispenser_60,Dispenser,60,pick up plate from dispenser,player_f4e8eda0,baseline_division_of_labor,094946151715d682,1429.7259556207882,54.41937164324736,7.0,0.0,5.0,1.0,1.0,"(2, 2)","[p(2, 2)_cs(1.0)_ws(1.0)]_[p(5, 2)_cs(1.0)_ws(1.0)]"
1565,plate,put down,Counter_33,Counter,33,put down plate on counter,player_f4e8eda0,baseline_division_of_labor,094946151715d682,1474.980789616726,45.254833995937815,7.0,0.0,5.0,1.0,1.0,"(2, 2)","[p(2, 2)_cs(1.0)_ws(1.0)]_[p(5, 2)_cs(1.0)_ws(1.0)]"
1656,plate,pick up,Dispenser_60,Dispenser,60,pick up plate from dispenser,player_f4e8eda0,baseline_division_of_labor,094946151715d682,1584.8595767697984,109.87878715307238,8.0,0.0,5.0,1.0,1.0,"(2, 2)","[p(2, 2)_cs(1.0)_ws(1.0)]_[p(5, 2)_cs(1.0)_ws(1.0)]"
1698,plate,put down,Counter_34,Counter,34,put down plate on counter,player_f4e8eda0,baseline_division_of_labor,094946151715d682,1645.7757636723352,60.916186902536765,8.0,0.0,5.0,1.0,1.0,"(2, 2)","[p(2, 2)_cs(1.0)_ws(1.0)]_[p(5, 2)_cs(1.0)_ws(1.0)]"
1768,plate,pick up,Counter_01,Counter,01,pick up plate from counter,player_f4e8eda0,baseline_division_of_labor,094946151715d682,1731.9660541100138,86.19029043767864,8.0,0.0,5.0,1.0,1.0,"(2, 2)","[p(2, 2)_cs(1.0)_ws(1.0)]_[p(5, 2)_cs(1.0)_ws(1.0)]"
1808,plate,put down,Counter_01,Counter,01,put down plate on counter,player_f4e8eda0,baseline_division_of_labor,094946151715d682,1791.9660541100084,59.99999999999454,8.0,0.0,5.0,1.0,1.0,"(2, 2)","[p(2, 2)_cs(1.0)_ws(1.0)]_[p(5, 2)_cs(1.0)_ws(1.0)]"
1890,tomato_cut,pick up,CuttingBoard_20,CuttingBoard,20,pick up tomato_cut from cuttingboard,player_f4e8eda0,baseline_division_of_labor,094946151715d682,1807.966054110008,15.999999999999545,8.0,0.0,5.0,1.0,1.0,"(2, 2)","[p(2, 2)_cs(1.0)_ws(1.0)]_[p(5, 2)_cs(1.0)_ws(1.0)]"
1914,tomato_cut,assemble salad,Counter_32,Counter,32,assemble salad,player_f4e8eda0,baseline_division_of_labor,094946151715d682,1823.9660541100075,15.999999999999545,8.0,0.0,5.0,1.0,1.0,"(2, 2)","[p(2, 2)_cs(1.0)_ws(1.0)]_[p(5, 2)_cs(1.0)_ws(1.0)]"
1932,tomato_salad,pick up,Counter_32,Counter,32,pick up tomato_salad from counter,player_f4e8eda0,baseline_division_of_labor,094946151715d682,1823.9660541100075,0.0,8.0,0.0,5.0,1.0,1.0,"(2, 2)","[p(2, 2)_cs(1.0)_ws(1.0)]_[p(5, 2)_cs(1.0)_ws(1.0)]"
1967,tomato_salad,deliver,Delivery_63,Delivery,63,deliver tomato_salad,player_f4e8eda0,baseline_division_of_labor,094946151715d682,1869.2208881059455,45.25483399593804,9.0,1.0,6.0,1.0,1.0,"(2, 2)","[p(2, 2)_cs(1.0)_ws(1.0)]_[p(5, 2)_cs(1.0)_ws(1.0)]"
2007,tomato,pick up,Dispenser_40,Dispenser,40,pick up tomato from dispenser,player_f4e8eda0,baseline_division_of_labor,094946151715d682,1907.6321479459712,38.41125984002565,9.0,0.0,6.0,1.0,1.0,"(2, 2)","[p(2, 2)_cs(1.0)_ws(1.0)]_[p(5, 2)_cs(1.0)_ws(1.0)]"
2037,tomato,start cutting,CuttingBoard_20,CuttingBoard,20,start cutting tomato,player_f4e8eda0,baseline_division_of_labor,094946151715d682,1939.6321479459702,31.99999999999909,10.0,0.0,6.0,1.0,1.0,"(2, 2)","[p(2, 2)_cs(1.0)_ws(1.0)]_[p(5, 2)_cs(1.0)_ws(1.0)]"
2085,tomato_cut,pick up,CuttingBoard_20,CuttingBoard,20,pick up tomato_cut from cuttingboard,player_f4e8eda0,baseline_division_of_labor,094946151715d682,1939.6321479459702,0.0,10.0,0.0,6.0,1.0,1.0,"(2, 2)","[p(2, 2)_cs(1.0)_ws(1.0)]_[p(5, 2)_cs(1.0)_ws(1.0)]"
2148,tomato_cut,assemble salad,Counter_33,Counter,33,assemble salad,player_f4e8eda0,baseline_division_of_labor,094946151715d682,1971.6321479459693,31.99999999999909,10.0,0.0,6.0,1.0,1.0,"(2, 2)","[p(2, 2)_cs(1.0)_ws(1.0)]_[p(5, 2)_cs(1.0)_ws(1.0)]"
