tick,item,action,target,target_type,target_position,action_long,player_id,map_name,game_id,distance_walked,distance_walked_since_last_action,overall_score,player_score_change,player_score,walking_speed,cutting_speed,start_pos,condition
71,plate,pick up,Dispenser_71,Dispenser,71,pick up plate from dispenser,player_48181a46,baseline_division_of_labor,094946151715d682,22.62741699796952,0.0,0.0,0.0,0.0,1.0,1.0,"(5, 2)","[p(2, 2)_cs(1.0)_ws(1.0)]_[p(5, 2)_cs(1.0)_ws(1.0)]"
99,plate,put down,Counter_32,Counter,32,put down plate on counter,player_48181a46,baseline_division_of_labor,094946151715d682,61.03447966473449,38.40706266676497,0.0,0.0,0.0,1.0,1.0,"(5, 2)","[p(2, 2)_cs(1.0)_ws(1.0)]_[p(5, 2)_cs(1.0)_ws(1.0)]"
132,plate,pick up,Dispenser_60,Dispenser,60,pick up plate from dispenser,player_48181a46,baseline_division_of_labor,094946151715d682,99.44154233149945,38.40706266676496,0.0,0.0,0.0,1.0,1.0,"(5, 2)","[p(2, 2)_cs(1.0)_ws(1.0)]_[p(5, 2)_cs(1.0)_ws(1.0)]"
168,plate,put down,Counter_34,Counter,34,put down plate on counter,player_48181a46,baseline_division_of_labor,094946151715d682,160.35772923403775,60.9161869025383,0.0,0.0,0.0,1.0,1.0,"(5, 2)","[p(2, 2)_cs(1.0)_ws(1.0)]_[p(5, 2)_cs(1.0)_ws(1.0)]"
210,plate,pick up,Dispenser_60,Dispenser,60,pick up plate from dispenser,player_48181a46,baseline_division_of_labor,094946151715d682,221.27391613657554,60.91618690253779,0.0,0.0,0.0,1.0,1.0,"(5, 2)","[p(2, 2)_cs(1.0)_ws(1.0)]_[p(5, 2)_cs(1.0)_ws(1.0)]"
256,plate,put down,Counter_01,Counter,01,put down plate on counter,player_48181a46,baseline_division_of_labor,094946151715d682,301.27391613657596,80.00000000000043,0.0,0.0,0.0,1.0,1.0,"(5, 2)","[p(2, 2)_cs(1.0)_ws(1.0)]_[p(5, 2)_cs(1.0)_ws(1.0)]"
301,plate,pick up,Dispenser_71,Dispenser,71,pick up plate from dispenser,player_48181a46,baseline_division_of_labor,094946151715d682,381.2739161365764,80.00000000000045,0.0,0.0,0.0,1.0,1.0,"(5, 2)","[p(2, 2)_cs(1.0)_ws(1.0)]_[p(5, 2)_cs(1.0)_ws(1.0)]"
346,plate,put down,Counter_02,Counter,02,put down plate on counter,player_48181a46,baseline_division_of_labor,094946151715d682,467.6561643440333,86.38224820745688,0.0,0.0,0.0,1.0,1.0,"(5, 2)","[p(2, 2)_cs(1.0)_ws(1.0)]_[p(5, 2)_cs(1.0)_ws(1.0)]"
391,plate,pick up,Dispenser_60,Dispenser,60,pick up plate from dispenser,player_48181a46,baseline_division_of_labor,094946151715d682,553.8309644966298,86.1748001525965,0.0,0.0,0.0,1.0,1.0,"(5, 2)","[p(2, 2)_cs(1.0)_ws(1.0)]_[p(5, 2)_cs(1.0)_ws(1.0)]"
442,plate,put down,Counter_03,Counter,03,put down plate on counter,player_48181a46,baseline_division_of_labor,094946151715d682,646.9502839123816,93.11931941575176,0.0,0.0,0.0,1.0,1.0,"(5, 2)","[p(2, 2)_cs(1.0)_ws(1.0)]_[p(5, 2)_cs(1.0)_ws(1.0)]"
483,tomato,pick up,Dispenser_40,Dispenser,40,pick up tomato from dispenser,player_48181a46,baseline_division_of_labor,094946151715d682,708.1173184150492,61.16703450266766,0.0,0.0,0.0,1.0,1.0,"(5, 2)","[p(2, 2)_cs(1.0)_ws(1.0)]_[p(5, 2)_cs(1.0)_ws(1.0)]"
510,tomato,start cutting,CuttingBoard_20,CuttingBoard,20,start cutting tomato,player_48181a46,baseline_division_of_labor,094946151715d682,740.1173184150495,32.00000000000023,0.0,0.0,0.0,1.0,1.0,"(5, 2)","[p(2, 2)_cs(1.0)_ws(1.0)]_[p(5, 2)_cs(1.0)_ws(1.0)]"
558,tomato_cut,pick up,CuttingBoard_20,CuttingBoard,20,pick up tomato_cut from cuttingboard,player_48181a46,baseline_division_of_labor,094946151715d682,740.1173184150495,0.0,1.0,0.0,0.0,1.0,1.0,"(5, 2)","[p(2, 2)_cs(1.0)_ws(1.0)]_[p(5, 2)_cs(1.0)_ws(1.0)]"
585,tomato_cut,assemble salad,Counter_01,Counter,01,assemble salad,player_48181a46,baseline_division_of_labor,094946151715d682,756.1173184150496,16.000000000000114,1.0,0.0,0.0,1.0,1.0,"(5, 2)","[p(2, 2)_cs(1.0)_ws(1.0)]_[p(5, 2)_cs(1.0)_ws(1.0)]"
622,tomato,pick up,Dispenser_40,Dispenser,40,pick up tomato from dispenser,player_48181a46,baseline_division_of_labor,094946151715d682,804.11731841505,48.000000000000455,1.0,0.0,0.0,1.0,1.0,"(5, 2)","[p(2, 2)_cs(1.0)_ws(1.0)]_[p(5, 2)_cs(1.0)_ws(1.0)]"
648,tomato,start cutting,CuttingBoard_20,CuttingBoard,20,start cutting tomato,player_48181a46,baseline_division_of_labor,094946151715d682,836.1173184150502,32.00000000000023,1.0,0.0,0.0,1.0,1.0,"(5, 2)","[p(2, 2)_cs(1.0)_ws(1.0)]_[p(5, 2)_cs(1.0)_ws(1.0)]"
678,tomato_cut,pick up,CuttingBoard_10,CuttingBoard,10,pick up tomato_cut from cuttingboard,player_48181a46,baseline_division_of_labor,094946151715d682,852.1173184150505,16.000000000000227,2.0,0.0,0.0,1.0,1.0,"(5, 2)","[p(2, 2)_cs(1.0)_ws(1.0)]_[p(5, 2)_cs(1.0)_ws(1.0)]"
702,tomato_cut,assemble salad,Counter_02,Counter,02,assemble salad,player_48181a46,baseline_division_of_labor,094946151715d682,868.1173184150507,16.000000000000227,2.0,0.0,0.0,1.0,1.0,"(5, 2)","[p(2, 2)_cs(1.0)_ws(1.0)]_[p(5, 2)_cs(1.0)_ws(1.0)]"
744,tomato,pick up,Dispenser_40,Dispenser,40,pick up tomato from dispenser,player_48181a46,baseline_division_of_labor,094946151715d682,922.2921680831283,54.17484966807763,2.0,0.0,0.0,1.0,1.0,"(5, 2)","[p(2, 2)_cs(1.0)_ws(1.0)]_[p(5, 2)_cs(1.0)_ws(1.0)]"
771,tomato,put down,Counter_33,Counter,33,put down tomato on counter,player_48181a46,baseline_division_of_labor,094946151715d682,954.2921680831287,32.00000000000034,2.0,0.0,0.0,1.0,1.0,"(5, 2)","[p(2, 2)_cs(1.0)_ws(1.0)]_[p(5, 2)_cs(1.0)_ws(1.0)]"
771,plate,pick up,Counter_33,Counter,33,pick up plate from counter,player_48181a46,baseline_division_of_labor,094946151715d682,954.2921680831287,0.0,2.0,0.0,0.0,1.0,1.0,"(5, 2)","[p(2, 2)_cs(1.0)_ws(1.0)]_[p(5, 2)_cs(1.0)_ws(1.0)]"
783,plate,put down,Counter_33,Counter,33,put down plate on counter,player_48181a46,baseline_division_of_labor,094946151715d682,954.2921680831287,0.0,2.0,0.0,0.0,1.0,1.0,"(5, 2)","[p(2, 2)_cs(1.0)_ws(1.0)]_[p(5, 2)_cs(1.0)_ws(1.0)]"
783,tomato,pick up,Counter_33,Counter,33,pick up tomato from counter,player_48181a46,baseline_division_of_labor,094946151715d682,954.2921680831287,0.0,2.0,0.0,0.0,1.0,1.0,"(5, 2)","[p(2, 2)_cs(1.0)_ws(1.0)]_[p(5, 2)_cs(1.0)_ws(1.0)]"
795,tomato,put down,Counter_33,Counter,33,put down tomato on counter,player_48181a46,baseline_division_of_labor,094946151715d682,954.2921680831287,0.0,2.0,0.0,0.0,1.0,1.0,"(5, 2)","[p(2, 2)_cs(1.0)_ws(1.0)]_[p(5, 2)_cs(1.0)_ws(1.0)]"
795,plate,pick up,Counter_33,Counter,33,pick up plate from counter,player_48181a46,baseline_division_of_labor,094946151715d682,954.2921680831287,0.0,2.0,0.0,0.0,1.0,1.0,"(5, 2)","[p(2, 2)_cs(1.0)_ws(1.0)]_[p(5, 2)_cs(1.0)_ws(1.0)]"
810,plate,put down,Counter_33,Counter,33,put down plate on counter,player_48181a46,baseline_division_of_labor,094946151715d682,954.2921680831287,0.0,2.0,0.0,0.0,1.0,1.0,"(5, 2)","[p(2, 2)_cs(1.0)_ws(1.0)]_[p(5, 2)_cs(1.0)_ws(1.0)]"
810,tomato,pick up,Counter_33,Counter,33,pick up tomato from counter,player_48181a46,baseline_division_of_labor,094946151715d682,954.2921680831287,0.0,2.0,0.0,0.0,1.0,1.0,"(5, 2)","[p(2, 2)_cs(1.0)_ws(1.0)]_[p(5, 2)_cs(1.0)_ws(1.0)]"
849,tomato,start cutting,CuttingBoard_20,CuttingBoard,20,start cutting tomato,player_48181a46,baseline_division_of_labor,094946151715d682,1008.4605549117618,54.168386828633174,2.0,0.0,0.0,1.0,1.0,"(5, 2)","[p(2, 2)_cs(1.0)_ws(1.0)]_[p(5, 2)_cs(1.0)_ws(1.0)]"
872,tomato_salad,pick up,Counter_02,Counter,02,pick up tomato_salad from counter,player_48181a46,baseline_division_of_labor,094946151715d682,1031.0879719097313,22.627416997969476,3.0,0.0,0.0,1.0,1.0,"(5, 2)","[p(2, 2)_cs(1.0)_ws(1.0)]_[p(5, 2)_cs(1.0)_ws(1.0)]"
927,tomato_salad,deliver,Delivery_63,Delivery,63,deliver tomato_salad,player_48181a46,baseline_division_of_labor,094946151715d682,1113.8722733062282,82.78430139649686,4.0,1.0,1.0,1.0,1.0,"(5, 2)","[p(2, 2)_cs(1.0)_ws(1.0)]_[p(5, 2)_cs(1.0)_ws(1.0)]"
963,plate,pick up,Dispenser_60,Dispenser,60,pick up plate from dispenser,player_48181a46,baseline_division_of_labor,094946151715d682,1152.2835331462538,38.41125984002565,4.0,0.0,1.0,1.0,1.0,"(5, 2)","[p(2, 2)_cs(1.0)_ws(1.0)]_[p(5, 2)_cs(1.0)_ws(1.0)]"
993,plate,put down,Counter_32,Counter,32,put down plate on counter,player_48181a46,baseline_division_of_labor,094946151715d682,1190.6905958130178,38.40706266676398,4.0,0.0,1.0,1.0,1.0,"(5, 2)","[p(2, 2)_cs(1.0)_ws(1.0)]_[p(5, 2)_cs(1.0)_ws(1.0)]"
1014,tomato,pick up,Dispenser_40,Dispenser,40,pick up tomato from dispenser,player_48181a46,baseline_division_of_labor,094946151715d682,1206.6905958130174,15.999999999999545,4.0,0.0,1.0,1.0,1.0,"(5, 2)","[p(2, 2)_cs(1.0)_ws(1.0)]_[p(5, 2)_cs(1.0)_ws(1.0)]"
1038,tomato,start cutting,CuttingBoard_20,CuttingBoard,20,start cutting tomato,player_48181a46,baseline_division_of_labor,094946151715d682,1238.6905958130164,31.99999999999909,4.0,0.0,1.0,1.0,1.0,"(5, 2)","[p(2, 2)_cs(1.0)_ws(1.0)]_[p(5, 2)_cs(1.0)_ws(1.0)]"
1092,tomato_cut,pick up,CuttingBoard_20,CuttingBoard,20,pick up tomato_cut from cuttingboard,player_48181a46,baseline_division_of_labor,094946151715d682,1238.6905958130164,0.0,4.0,0.0,1.0,1.0,1.0,"(5, 2)","[p(2, 2)_cs(1.0)_ws(1.0)]_[p(5, 2)_cs(1.0)_ws(1.0)]"
1110,tomato_cut,assemble salad,Counter_32,Counter,32,assemble salad,player_48181a46,baseline_division_of_labor,094946151715d682,1254.690595813016,15.999999999999545,4.0,0.0,1.0,1.0,1.0,"(5, 2)","[p(2, 2)_cs(1.0)_ws(1.0)]_[p(5, 2)_cs(1.0)_ws(1.0)]"
1140,tomato_salad,pick up,Counter_32,Counter,32,pick up tomato_salad from counter,player_48181a46,baseline_division_of_labor,094946151715d682,1277.3180128109852,22.62741699796925,4.0,0.0,1.0,1.0,1.0,"(5, 2)","[p(2, 2)_cs(1.0)_ws(1.0)]_[p(5, 2)_cs(1.0)_ws(1.0)]"
1166,tomato_salad,deliver,Delivery_63,Delivery,63,deliver tomato_salad,player_48181a46,baseline_division_of_labor,094946151715d682,1299.9454298089543,22.62741699796902,5.0,1.0,2.0,1.0,1.0,"(5, 2)","[p(2, 2)_cs(1.0)_ws(1.0)]_[p(5, 2)_cs(1.0)_ws(1.0)]"
1197,tomato,pick up,Dispenser_40,Dispenser,40,pick up tomato from dispenser,player_48181a46,baseline_division_of_labor,094946151715d682,1338.35668964898,38.41125984002565,5.0,0.0,2.0,1.0,1.0,"(5, 2)","[p(2, 2)_cs(1.0)_ws(1.0)]_[p(5, 2)_cs(1.0)_ws(1.0)]"
1224,tomato,start cutting,CuttingBoard_20,CuttingBoard,20,start cutting tomato,player_48181a46,baseline_division_of_labor,094946151715d682,1370.3566896489792,31.999999999999318,5.0,0.0,2.0,1.0,1.0,"(5, 2)","[p(2, 2)_cs(1.0)_ws(1.0)]_[p(5, 2)_cs(1.0)_ws(1.0)]"
1258,tomato,pick up,Dispenser_50,Dispenser,50,pick up tomato from dispenser,player_48181a46,baseline_division_of_labor,094946151715d682,1418.3566896489774,47.99999999999818,5.0,0.0,2.0,1.0,1.0,"(5, 2)","[p(2, 2)_cs(1.0)_ws(1.0)]_[p(5, 2)_cs(1.0)_ws(1.0)]"
1300,tomato,start cutting,CuttingBoard_10,CuttingBoard,10,start cutting tomato,player_48181a46,baseline_division_of_labor,094946151715d682,1482.3566896489751,63.999999999997726,6.0,0.0,2.0,1.0,1.0,"(5, 2)","[p(2, 2)_cs(1.0)_ws(1.0)]_[p(5, 2)_cs(1.0)_ws(1.0)]"
1442,tomato_cut,pick up,CuttingBoard_10,CuttingBoard,10,pick up tomato_cut from cuttingboard,player_48181a46,baseline_division_of_labor,094946151715d682,1619.3566896489647,136.99999999998954,6.0,0.0,2.0,1.0,1.0,"(5, 2)","[p(2, 2)_cs(1.0)_ws(1.0)]_[p(5, 2)_cs(1.0)_ws(1.0)]"
1470,tomato_cut,assemble salad,Counter_03,Counter,03,assemble salad,player_48181a46,baseline_division_of_labor,094946151715d682,1651.3566896489638,31.99999999999909,6.0,0.0,2.0,1.0,1.0,"(5, 2)","[p(2, 2)_cs(1.0)_ws(1.0)]_[p(5, 2)_cs(1.0)_ws(1.0)]"
1553,tomato_salad,pick up,Counter_03,Counter,03,pick up tomato_salad from counter,player_48181a46,baseline_division_of_labor,094946151715d682,1831.77062252304,180.41393287407618,7.0,0.0,2.0,1.0,1.0,"(5, 2)","[p(2, 2)_cs(1.0)_ws(1.0)]_[p(5, 2)_cs(1.0)_ws(1.0)]"
1604,tomato_salad,deliver,Delivery_63,Delivery,63,deliver tomato_salad,player_48181a46,baseline_division_of_labor,094946151715d682,1921.9775889600792,90.20696643703923,8.0,1.0,3.0,1.0,1.0,"(5, 2)","[p(2, 2)_cs(1.0)_ws(1.0)]_[p(5, 2)_cs(1.0)_ws(1.0)]"
1635,plate,pick up,Dispenser_60,Dispenser,60,pick up plate from dispenser,player_48181a46,baseline_division_of_labor,094946151715d682,1960.3888488001048,38.41125984002565,8.0,0.0,3.0,1.0,1.0,"(5, 2)","[p(2, 2)_cs(1.0)_ws(1.0)]_[p(5, 2)_cs(1.0)_ws(1.0)]"
1665,plate,put down,Counter_32,Counter,32,put down plate on counter,player_48181a46,baseline_division_of_labor,094946151715d682,1998.7959114668688,38.40706266676398,8.0,0.0,3.0,1.0,1.0,"(5, 2)","[p(2, 2)_cs(1.0)_ws(1.0)]_[p(5, 2)_cs(1.0)_ws(1.0)]"
1701,plate,pick up,Dispenser_60,Dispenser,60,pick up plate from dispenser,player_48181a46,baseline_division_of_labor,094946151715d682,2037.2029741336326,38.40706266676375,8.0,0.0,3.0,1.0,1.0,"(5, 2)","[p(2, 2)_cs(1.0)_ws(1.0)]_[p(5, 2)_cs(1.0)_ws(1.0)]"
1750,plate,put down,Counter_01,Counter,01,put down plate on counter,player_48181a46,baseline_division_of_labor,094946151715d682,2117.2029741336332,80.00000000000068,8.0,0.0,3.0,1.0,1.0,"(5, 2)","[p(2, 2)_cs(1.0)_ws(1.0)]_[p(5, 2)_cs(1.0)_ws(1.0)]"
1789,tomato,pick up,Dispenser_40,Dispenser,40,pick up tomato from dispenser,player_48181a46,baseline_division_of_labor,094946151715d682,2165.202974133635,48.00000000000182,8.0,0.0,3.0,1.0,1.0,"(5, 2)","[p(2, 2)_cs(1.0)_ws(1.0)]_[p(5, 2)_cs(1.0)_ws(1.0)]"
1821,tomato,start cutting,CuttingBoard_20,CuttingBoard,20,start cutting tomato,player_48181a46,baseline_division_of_labor,094946151715d682,2197.202974133636,32.00000000000091,8.0,0.0,3.0,1.0,1.0,"(5, 2)","[p(2, 2)_cs(1.0)_ws(1.0)]_[p(5, 2)_cs(1.0)_ws(1.0)]"
1857,tomato,pick up,Dispenser_40,Dispenser,40,pick up tomato from dispenser,player_48181a46,baseline_division_of_labor,094946151715d682,2229.202974133637,32.00000000000091,8.0,0.0,3.0,1.0,1.0,"(5, 2)","[p(2, 2)_cs(1.0)_ws(1.0)]_[p(5, 2)_cs(1.0)_ws(1.0)]"
1891,tomato,start cutting,CuttingBoard_10,CuttingBoard,10,start cutting tomato,player_48181a46,baseline_division_of_labor,094946151715d682,2277.2029741336387,48.00000000000182,8.0,0.0,3.0,1.0,1.0,"(5, 2)","[p(2, 2)_cs(1.0)_ws(1.0)]_[p(5, 2)_cs(1.0)_ws(1.0)]"
1944,tomato_cut,pick up,CuttingBoard_10,CuttingBoard,10,pick up tomato_cut from cuttingboard,player_48181a46,baseline_division_of_labor,094946151715d682,2277.2029741336387,0.0,8.0,0.0,3.0,1.0,1.0,"(5, 2)","[p(2, 2)_cs(1.0)_ws(1.0)]_[p(5, 2)_cs(1.0)_ws(1.0)]"
1959,tomato_cut,assemble salad,Counter_01,Counter,01,assemble salad,player_48181a46,baseline_division_of_labor,094946151715d682,2277.2029741336387,0.0,8.0,0.0,3.0,1.0,1.0,"(5, 2)","[p(2, 2)_cs(1.0)_ws(1.0)]_[p(5, 2)_cs(1.0)_ws(1.0)]"
1986,tomato_salad,pick up,Counter_01,Counter,01,pick up tomato_salad from counter,player_48181a46,baseline_division_of_labor,094946151715d682,2277.2029741336387,0.0,9.0,0.0,3.0,1.0,1.0,"(5, 2)","[p(2, 2)_cs(1.0)_ws(1.0)]_[p(5, 2)_cs(1.0)_ws(1.0)]"
2028,tomato_salad,deliver,Delivery_63,Delivery,63,deliver tomato_salad,player_48181a46,baseline_division_of_labor,094946151715d682,2354.260137289759,77.05716315612017,10.0,1.0,4.0,1.0,1.0,"(5, 2)","[p(2, 2)_cs(1.0)_ws(1.0)]_[p(5, 2)_cs(1.0)_ws(1.0)]"
2064,plate,pick up,Dispenser_60,Dispenser,60,pick up plate from dispenser,player_48181a46,baseline_division_of_labor,094946151715d682,2392.671397129786,38.411259840027014,10.0,0.0,4.0,1.0,1.0,"(5, 2)","[p(2, 2)_cs(1.0)_ws(1.0)]_[p(5, 2)_cs(1.0)_ws(1.0)]"
2090,plate,put down,Counter_32,Counter,32,put down plate on counter,player_48181a46,baseline_division_of_labor,094946151715d682,2431.07845979655,38.40706266676398,10.0,0.0,4.0,1.0,1.0,"(5, 2)","[p(2, 2)_cs(1.0)_ws(1.0)]_[p(5, 2)_cs(1.0)_ws(1.0)]"
2111,tomato,pick up,Dispenser_40,Dispenser,40,pick up tomato from dispenser,player_48181a46,baseline_division_of_labor,094946151715d682,2447.0784597965508,16.00000000000091,10.0,0.0,4.0,1.0,1.0,"(5, 2)","[p(2, 2)_cs(1.0)_ws(1.0)]_[p(5, 2)_cs(1.0)_ws(1.0)]"
2140,tomato,start cutting,CuttingBoard_20,CuttingBoard,20,start cutting tomato,player_48181a46,baseline_division_of_labor,094946151715d682,2479.0784597965517,32.00000000000091,10.0,0.0,4.0,1.0,1.0,"(5, 2)","[p(2, 2)_cs(1.0)_ws(1.0)]_[p(5, 2)_cs(1.0)_ws(1.0)]"
