{"agents": {"player_dcee7f57": {"initial_state": {"agent_id": "player_dcee7f57", "x": 40, "y": 40, "item": null, "url_params": {"gameType": ["tomatoSaladOnly"], "PROLIFIC_PID": ["6767e7f3e5207336bfda8591"], "map": ["encouraged_division_of_labor"], "cutting_speed_p1": ["1"], "walking_speed_p1": ["0.2"], "cutting_speed_p2": ["0.2"], "walking_speed_p2": ["1"], "slot_x_p1": ["2"], "slot_y_p1": ["2"], "slot_x_p2": ["5"], "slot_y_p2": ["2"], "EIO": ["4"], "transport": ["polling"], "t": ["Pa11cIB"]}, "cut_speed": 1.0, "walk_speed": 6.0, "player_nr": 1}, "player_score": 0.0, "total_actions": 24, "first_action_tick": 281, "last_action_tick": 2120}, "player_f1986f66": {"initial_state": {"agent_id": "player_f1986f66", "x": 88, "y": 40, "item": null, "url_params": {"gameType": ["tomatoSaladOnly"], "PROLIFIC_PID": ["63ed50df25d0ea08696b393f"], "map": ["encouraged_division_of_labor"], "cutting_speed_p1": ["1"], "walking_speed_p1": ["0.2"], "cutting_speed_p2": ["0.2"], "walking_speed_p2": ["1"], "slot_x_p1": ["2"], "slot_y_p1": ["2"], "slot_x_p2": ["5"], "slot_y_p2": ["2"], "EIO": ["4"], "transport": ["polling"], "t": ["Pa11caH"]}, "cut_speed": 0.2, "walk_speed": 30.0, "player_nr": 2}, "player_score": 4.0, "total_actions": 43, "first_action_tick": 99, "last_action_tick": 2149}}, "map_name": "encouraged_division_of_labor", "final_score": 4.0}