tick,item,action,target,target_type,target_position,action_long,player_id,map_name,game_id,distance_walked,distance_walked_since_last_action,overall_score,player_score_change,player_score,walking_speed,cutting_speed,start_pos,condition
281,tomato,pick up,Counter_32,Counter,32,pick up tomato from counter,player_dcee7f57,encouraged_division_of_labor,e017cc5404a25a43,89.99999999998636,0.0,0.0,0.0,0.0,0.2,1.0,"(2, 2)","[p(2, 2)_cs(1.0)_ws(0.2)]_[p(5, 2)_cs(0.2)_ws(1.0)]"
297,tomato,put down,Counter_32,Counter,32,put down tomato on counter,player_dcee7f57,encouraged_division_of_labor,e017cc5404a25a43,89.99999999998636,0.0,0.0,0.0,0.0,0.2,1.0,"(2, 2)","[p(2, 2)_cs(1.0)_ws(0.2)]_[p(5, 2)_cs(0.2)_ws(1.0)]"
341,tomato,pick up,Counter_32,Counter,32,pick up tomato from counter,player_dcee7f57,encouraged_division_of_labor,e017cc5404a25a43,107.99999999999415,18.000000000007788,0.0,0.0,0.0,0.2,1.0,"(2, 2)","[p(2, 2)_cs(1.0)_ws(0.2)]_[p(5, 2)_cs(0.2)_ws(1.0)]"
391,tomato,start cutting,CuttingBoard_20,CuttingBoard,20,start cutting tomato,player_dcee7f57,encouraged_division_of_labor,e017cc5404a25a43,123.99999999999415,16.0,0.0,0.0,0.0,0.2,1.0,"(2, 2)","[p(2, 2)_cs(1.0)_ws(0.2)]_[p(5, 2)_cs(0.2)_ws(1.0)]"
441,tomato_cut,pick up,CuttingBoard_20,CuttingBoard,20,pick up tomato_cut from cuttingboard,player_dcee7f57,encouraged_division_of_labor,e017cc5404a25a43,123.99999999999415,0.0,0.0,0.0,0.0,0.2,1.0,"(2, 2)","[p(2, 2)_cs(1.0)_ws(0.2)]_[p(5, 2)_cs(0.2)_ws(1.0)]"
524,tomato_cut,put down,Counter_33,Counter,33,put down tomato_cut on counter,player_dcee7f57,encouraged_division_of_labor,e017cc5404a25a43,155.99999999999403,31.999999999999886,0.0,0.0,0.0,0.2,1.0,"(2, 2)","[p(2, 2)_cs(1.0)_ws(0.2)]_[p(5, 2)_cs(0.2)_ws(1.0)]"
610,tomato,pick up,Counter_35,Counter,35,pick up tomato from counter,player_dcee7f57,encouraged_division_of_labor,e017cc5404a25a43,187.99999999999403,32.0,0.0,0.0,0.0,0.2,1.0,"(2, 2)","[p(2, 2)_cs(1.0)_ws(0.2)]_[p(5, 2)_cs(0.2)_ws(1.0)]"
860,tomato,put down,Counter_32,Counter,32,put down tomato on counter,player_dcee7f57,encouraged_division_of_labor,e017cc5404a25a43,267.9999999999932,79.99999999999915,0.0,0.0,0.0,0.2,1.0,"(2, 2)","[p(2, 2)_cs(1.0)_ws(0.2)]_[p(5, 2)_cs(0.2)_ws(1.0)]"
963,tomato_cut,pick up,CuttingBoard_20,CuttingBoard,20,pick up tomato_cut from cuttingboard,player_dcee7f57,encouraged_division_of_labor,e017cc5404a25a43,283.9999999999925,15.999999999999318,0.0,0.0,0.0,0.2,1.0,"(2, 2)","[p(2, 2)_cs(1.0)_ws(0.2)]_[p(5, 2)_cs(0.2)_ws(1.0)]"
1049,tomato_cut,assemble salad,Counter_33,Counter,33,assemble salad,player_dcee7f57,encouraged_division_of_labor,e017cc5404a25a43,315.9999999999909,31.99999999999841,0.0,0.0,0.0,0.2,1.0,"(2, 2)","[p(2, 2)_cs(1.0)_ws(0.2)]_[p(5, 2)_cs(0.2)_ws(1.0)]"
1113,tomato,pick up,Counter_32,Counter,32,pick up tomato from counter,player_dcee7f57,encouraged_division_of_labor,e017cc5404a25a43,331.99999999999,15.99999999999909,1.0,0.0,0.0,0.2,1.0,"(2, 2)","[p(2, 2)_cs(1.0)_ws(0.2)]_[p(5, 2)_cs(0.2)_ws(1.0)]"
1165,tomato,start cutting,CuttingBoard_20,CuttingBoard,20,start cutting tomato,player_dcee7f57,encouraged_division_of_labor,e017cc5404a25a43,347.9999999999893,15.999999999999318,1.0,0.0,0.0,0.2,1.0,"(2, 2)","[p(2, 2)_cs(1.0)_ws(0.2)]_[p(5, 2)_cs(0.2)_ws(1.0)]"
1270,tomato_cut,pick up,CuttingBoard_20,CuttingBoard,20,pick up tomato_cut from cuttingboard,player_dcee7f57,encouraged_division_of_labor,e017cc5404a25a43,364.99999999998613,16.999999999996817,1.0,0.0,0.0,0.2,1.0,"(2, 2)","[p(2, 2)_cs(1.0)_ws(0.2)]_[p(5, 2)_cs(0.2)_ws(1.0)]"
1323,tomato_cut,assemble salad,Counter_32,Counter,32,assemble salad,player_dcee7f57,encouraged_division_of_labor,e017cc5404a25a43,380.99999999998545,15.999999999999318,1.0,0.0,0.0,0.2,1.0,"(2, 2)","[p(2, 2)_cs(1.0)_ws(0.2)]_[p(5, 2)_cs(0.2)_ws(1.0)]"
1377,tomato,pick up,Counter_33,Counter,33,pick up tomato from counter,player_dcee7f57,encouraged_division_of_labor,e017cc5404a25a43,396.99999999998454,15.99999999999909,1.0,0.0,0.0,0.2,1.0,"(2, 2)","[p(2, 2)_cs(1.0)_ws(0.2)]_[p(5, 2)_cs(0.2)_ws(1.0)]"
1458,tomato,start cutting,CuttingBoard_20,CuttingBoard,20,start cutting tomato,player_dcee7f57,encouraged_division_of_labor,e017cc5404a25a43,428.99999999998295,31.99999999999841,2.0,0.0,0.0,0.2,1.0,"(2, 2)","[p(2, 2)_cs(1.0)_ws(0.2)]_[p(5, 2)_cs(0.2)_ws(1.0)]"
1521,tomato_cut,pick up,CuttingBoard_20,CuttingBoard,20,pick up tomato_cut from cuttingboard,player_dcee7f57,encouraged_division_of_labor,e017cc5404a25a43,428.99999999998295,0.0,2.0,0.0,0.0,0.2,1.0,"(2, 2)","[p(2, 2)_cs(1.0)_ws(0.2)]_[p(5, 2)_cs(0.2)_ws(1.0)]"
1614,tomato_cut,assemble salad,Counter_33,Counter,33,assemble salad,player_dcee7f57,encouraged_division_of_labor,e017cc5404a25a43,460.99999999998136,31.99999999999841,2.0,0.0,0.0,0.2,1.0,"(2, 2)","[p(2, 2)_cs(1.0)_ws(0.2)]_[p(5, 2)_cs(0.2)_ws(1.0)]"
1668,tomato,pick up,Counter_34,Counter,34,pick up tomato from counter,player_dcee7f57,encouraged_division_of_labor,e017cc5404a25a43,476.9999999999809,15.999999999999545,2.0,0.0,0.0,0.2,1.0,"(2, 2)","[p(2, 2)_cs(1.0)_ws(0.2)]_[p(5, 2)_cs(0.2)_ws(1.0)]"
1781,tomato,start cutting,CuttingBoard_20,CuttingBoard,20,start cutting tomato,player_dcee7f57,encouraged_division_of_labor,e017cc5404a25a43,524.9999999999789,47.999999999997954,3.0,0.0,0.0,0.2,1.0,"(2, 2)","[p(2, 2)_cs(1.0)_ws(0.2)]_[p(5, 2)_cs(0.2)_ws(1.0)]"
1838,tomato_cut,pick up,CuttingBoard_20,CuttingBoard,20,pick up tomato_cut from cuttingboard,player_dcee7f57,encouraged_division_of_labor,e017cc5404a25a43,524.9999999999789,0.0,3.0,0.0,0.0,0.2,1.0,"(2, 2)","[p(2, 2)_cs(1.0)_ws(0.2)]_[p(5, 2)_cs(0.2)_ws(1.0)]"
1884,tomato_cut,assemble salad,Counter_32,Counter,32,assemble salad,player_dcee7f57,encouraged_division_of_labor,e017cc5404a25a43,540.9999999999782,15.999999999999318,3.0,0.0,0.0,0.2,1.0,"(2, 2)","[p(2, 2)_cs(1.0)_ws(0.2)]_[p(5, 2)_cs(0.2)_ws(1.0)]"
1991,tomato_cut,pick up,CuttingBoard_10,CuttingBoard,10,pick up tomato_cut from cuttingboard,player_dcee7f57,encouraged_division_of_labor,e017cc5404a25a43,563.627416997946,22.627416997967885,4.0,0.0,0.0,0.2,1.0,"(2, 2)","[p(2, 2)_cs(1.0)_ws(0.2)]_[p(5, 2)_cs(0.2)_ws(1.0)]"
2120,tomato_cut,assemble salad,Counter_34,Counter,34,assemble salad,player_dcee7f57,encouraged_division_of_labor,e017cc5404a25a43,618.1607831170163,54.53336611907025,4.0,0.0,0.0,0.2,1.0,"(2, 2)","[p(2, 2)_cs(1.0)_ws(0.2)]_[p(5, 2)_cs(0.2)_ws(1.0)]"
