tick,item,action,target,target_type,target_position,action_long,player_id,map_name,game_id,distance_walked,distance_walked_since_last_action,overall_score,player_score_change,player_score,walking_speed,cutting_speed,start_pos,condition
99,tomato,pick up,Dispenser_50,Dispenser,50,pick up tomato from dispenser,player_f1986f66,encouraged_division_of_labor,e017cc5404a25a43,16.0,0.0,0.0,0.0,0.0,1.0,0.2,"(5, 2)","[p(2, 2)_cs(1.0)_ws(0.2)]_[p(5, 2)_cs(0.2)_ws(1.0)]"
134,tomato,put down,Counter_32,Counter,32,put down tomato on counter,player_f1986f66,encouraged_division_of_labor,e017cc5404a25a43,38.62741699796952,22.62741699796952,0.0,0.0,0.0,1.0,0.2,"(5, 2)","[p(2, 2)_cs(1.0)_ws(0.2)]_[p(5, 2)_cs(0.2)_ws(1.0)]"
161,tomato,pick up,Dispenser_50,Dispenser,50,pick up tomato from dispenser,player_f1986f66,encouraged_division_of_labor,e017cc5404a25a43,61.25483399593903,22.62741699796951,0.0,0.0,0.0,1.0,0.2,"(5, 2)","[p(2, 2)_cs(1.0)_ws(0.2)]_[p(5, 2)_cs(0.2)_ws(1.0)]"
192,tomato,put down,Counter_33,Counter,33,put down tomato on counter,player_f1986f66,encouraged_division_of_labor,e017cc5404a25a43,99.66609383596503,38.411259840026,0.0,0.0,0.0,1.0,0.2,"(5, 2)","[p(2, 2)_cs(1.0)_ws(0.2)]_[p(5, 2)_cs(0.2)_ws(1.0)]"
225,tomato,pick up,Dispenser_50,Dispenser,50,pick up tomato from dispenser,player_f1986f66,encouraged_division_of_labor,e017cc5404a25a43,138.07735367599102,38.41125984002599,0.0,0.0,0.0,1.0,0.2,"(5, 2)","[p(2, 2)_cs(1.0)_ws(0.2)]_[p(5, 2)_cs(0.2)_ws(1.0)]"
264,tomato,put down,Counter_34,Counter,34,put down tomato on counter,player_f1986f66,encouraged_division_of_labor,e017cc5404a25a43,192.5071111502633,54.42975747427229,0.0,0.0,0.0,1.0,0.2,"(5, 2)","[p(2, 2)_cs(1.0)_ws(0.2)]_[p(5, 2)_cs(0.2)_ws(1.0)]"
306,tomato,pick up,Dispenser_50,Dispenser,50,pick up tomato from dispenser,player_f1986f66,encouraged_division_of_labor,e017cc5404a25a43,246.92648279351215,54.41937164324884,0.0,0.0,0.0,1.0,0.2,"(5, 2)","[p(2, 2)_cs(1.0)_ws(0.2)]_[p(5, 2)_cs(0.2)_ws(1.0)]"
358,tomato,put down,Counter_35,Counter,35,put down tomato on counter,player_f1986f66,encouraged_division_of_labor,e017cc5404a25a43,317.41986736877226,70.49338457526011,0.0,0.0,0.0,1.0,0.2,"(5, 2)","[p(2, 2)_cs(1.0)_ws(0.2)]_[p(5, 2)_cs(0.2)_ws(1.0)]"
447,tomato,pick up,Counter_33,Counter,33,pick up tomato from counter,player_f1986f66,encouraged_division_of_labor,e017cc5404a25a43,458.0940519902523,140.67418462148004,0.0,0.0,0.0,1.0,0.2,"(5, 2)","[p(2, 2)_cs(1.0)_ws(0.2)]_[p(5, 2)_cs(0.2)_ws(1.0)]"
483,tomato,start cutting,CuttingBoard_10,CuttingBoard,10,start cutting tomato,player_f1986f66,encouraged_division_of_labor,e017cc5404a25a43,496.5053118302785,38.41125984002622,0.0,0.0,0.0,1.0,0.2,"(5, 2)","[p(2, 2)_cs(1.0)_ws(0.2)]_[p(5, 2)_cs(0.2)_ws(1.0)]"
536,tomato,pick up,Counter_34,Counter,34,pick up tomato from counter,player_f1986f66,encouraged_division_of_labor,e017cc5404a25a43,550.9350693045512,54.42975747427272,0.0,0.0,0.0,1.0,0.2,"(5, 2)","[p(2, 2)_cs(1.0)_ws(0.2)]_[p(5, 2)_cs(0.2)_ws(1.0)]"
577,tomato,start cutting,CuttingBoard_20,CuttingBoard,20,start cutting tomato,player_f1986f66,encouraged_division_of_labor,e017cc5404a25a43,598.9350693045517,48.000000000000455,0.0,0.0,0.0,1.0,0.2,"(5, 2)","[p(2, 2)_cs(1.0)_ws(0.2)]_[p(5, 2)_cs(0.2)_ws(1.0)]"
860,tomato,pick up,Dispenser_40,Dispenser,40,pick up tomato from dispenser,player_f1986f66,encouraged_division_of_labor,e017cc5404a25a43,803.3830679273071,204.44799862275545,0.0,0.0,0.0,1.0,0.2,"(5, 2)","[p(2, 2)_cs(1.0)_ws(0.2)]_[p(5, 2)_cs(0.2)_ws(1.0)]"
906,tomato,put down,Counter_34,Counter,34,put down tomato on counter,player_f1986f66,encouraged_division_of_labor,e017cc5404a25a43,851.3830679273076,48.000000000000455,0.0,0.0,0.0,1.0,0.2,"(5, 2)","[p(2, 2)_cs(1.0)_ws(0.2)]_[p(5, 2)_cs(0.2)_ws(1.0)]"
931,tomato_cut,pick up,Counter_33,Counter,33,pick up tomato_cut from counter,player_f1986f66,encouraged_division_of_labor,e017cc5404a25a43,867.3830679273077,16.000000000000114,0.0,0.0,0.0,1.0,0.2,"(5, 2)","[p(2, 2)_cs(1.0)_ws(0.2)]_[p(5, 2)_cs(0.2)_ws(1.0)]"
968,tomato_cut,put down,Dispenser_60,Dispenser,60,put down tomato_cut on dispenser,player_f1986f66,encouraged_division_of_labor,e017cc5404a25a43,912.6379019232473,45.254833995939634,0.0,0.0,0.0,1.0,0.2,"(5, 2)","[p(2, 2)_cs(1.0)_ws(0.2)]_[p(5, 2)_cs(0.2)_ws(1.0)]"
968,plate,pick up,Dispenser_60,Dispenser,60,pick up plate from dispenser,player_f1986f66,encouraged_division_of_labor,e017cc5404a25a43,912.6379019232473,0.0,0.0,0.0,0.0,1.0,0.2,"(5, 2)","[p(2, 2)_cs(1.0)_ws(0.2)]_[p(5, 2)_cs(0.2)_ws(1.0)]"
1041,plate,put down,Counter_33,Counter,33,put down plate on counter,player_f1986f66,encouraged_division_of_labor,e017cc5404a25a43,957.892735919187,45.254833995939634,0.0,0.0,0.0,1.0,0.2,"(5, 2)","[p(2, 2)_cs(1.0)_ws(0.2)]_[p(5, 2)_cs(0.2)_ws(1.0)]"
1071,tomato_salad,pick up,Counter_33,Counter,33,pick up tomato_salad from counter,player_f1986f66,encouraged_division_of_labor,e017cc5404a25a43,957.892735919187,0.0,0.0,0.0,0.0,1.0,0.2,"(5, 2)","[p(2, 2)_cs(1.0)_ws(0.2)]_[p(5, 2)_cs(0.2)_ws(1.0)]"
1100,tomato_salad,deliver,Delivery_63,Delivery,63,deliver tomato_salad,player_f1986f66,encouraged_division_of_labor,e017cc5404a25a43,973.892735919187,16.0,1.0,1.0,1.0,1.0,0.2,"(5, 2)","[p(2, 2)_cs(1.0)_ws(0.2)]_[p(5, 2)_cs(0.2)_ws(1.0)]"
1172,plate,pick up,Dispenser_60,Dispenser,60,pick up plate from dispenser,player_f1986f66,encouraged_division_of_labor,e017cc5404a25a43,1012.3039957592132,38.41125984002622,1.0,0.0,1.0,1.0,0.2,"(5, 2)","[p(2, 2)_cs(1.0)_ws(0.2)]_[p(5, 2)_cs(0.2)_ws(1.0)]"
1211,plate,put down,Counter_32,Counter,32,put down plate on counter,player_f1986f66,encouraged_division_of_labor,e017cc5404a25a43,1050.7110584259776,38.40706266676443,1.0,0.0,1.0,1.0,0.2,"(5, 2)","[p(2, 2)_cs(1.0)_ws(0.2)]_[p(5, 2)_cs(0.2)_ws(1.0)]"
1242,tomato,pick up,Dispenser_50,Dispenser,50,pick up tomato from dispenser,player_f1986f66,encouraged_division_of_labor,e017cc5404a25a43,1073.3384754239466,22.62741699796902,1.0,0.0,1.0,1.0,0.2,"(5, 2)","[p(2, 2)_cs(1.0)_ws(0.2)]_[p(5, 2)_cs(0.2)_ws(1.0)]"
1282,tomato,put down,Counter_33,Counter,33,put down tomato on counter,player_f1986f66,encouraged_division_of_labor,e017cc5404a25a43,1111.7497352639723,38.41125984002565,1.0,0.0,1.0,1.0,0.2,"(5, 2)","[p(2, 2)_cs(1.0)_ws(0.2)]_[p(5, 2)_cs(0.2)_ws(1.0)]"
1326,tomato,pick up,Dispenser_50,Dispenser,50,pick up tomato from dispenser,player_f1986f66,encouraged_division_of_labor,e017cc5404a25a43,1150.160995103998,38.41125984002565,1.0,0.0,1.0,1.0,0.2,"(5, 2)","[p(2, 2)_cs(1.0)_ws(0.2)]_[p(5, 2)_cs(0.2)_ws(1.0)]"
1377,tomato,put down,Counter_35,Counter,35,put down tomato on counter,player_f1986f66,encouraged_division_of_labor,e017cc5404a25a43,1220.6543796792562,70.49338457525823,1.0,0.0,1.0,1.0,0.2,"(5, 2)","[p(2, 2)_cs(1.0)_ws(0.2)]_[p(5, 2)_cs(0.2)_ws(1.0)]"
1411,tomato_salad,pick up,Counter_32,Counter,32,pick up tomato_salad from counter,player_f1986f66,encouraged_division_of_labor,e017cc5404a25a43,1268.6543796792544,47.99999999999818,1.0,0.0,1.0,1.0,0.2,"(5, 2)","[p(2, 2)_cs(1.0)_ws(0.2)]_[p(5, 2)_cs(0.2)_ws(1.0)]"
1440,tomato_salad,deliver,Delivery_63,Delivery,63,deliver tomato_salad,player_f1986f66,encouraged_division_of_labor,e017cc5404a25a43,1291.2817966772234,22.62741699796902,2.0,1.0,2.0,1.0,0.2,"(5, 2)","[p(2, 2)_cs(1.0)_ws(0.2)]_[p(5, 2)_cs(0.2)_ws(1.0)]"
1489,plate,pick up,Dispenser_60,Dispenser,60,pick up plate from dispenser,player_f1986f66,encouraged_division_of_labor,e017cc5404a25a43,1329.693056517249,38.41125984002565,2.0,0.0,2.0,1.0,0.2,"(5, 2)","[p(2, 2)_cs(1.0)_ws(0.2)]_[p(5, 2)_cs(0.2)_ws(1.0)]"
1532,plate,put down,Counter_33,Counter,33,put down plate on counter,player_f1986f66,encouraged_division_of_labor,e017cc5404a25a43,1374.9478905131868,45.254833995937815,2.0,0.0,2.0,1.0,0.2,"(5, 2)","[p(2, 2)_cs(1.0)_ws(0.2)]_[p(5, 2)_cs(0.2)_ws(1.0)]"
1573,plate,pick up,Dispenser_60,Dispenser,60,pick up plate from dispenser,player_f1986f66,encouraged_division_of_labor,e017cc5404a25a43,1420.2027245091247,45.254833995937815,2.0,0.0,2.0,1.0,0.2,"(5, 2)","[p(2, 2)_cs(1.0)_ws(0.2)]_[p(5, 2)_cs(0.2)_ws(1.0)]"
1613,plate,put down,Counter_32,Counter,32,put down plate on counter,player_f1986f66,encouraged_division_of_labor,e017cc5404a25a43,1458.6097871758889,38.407062666764205,2.0,0.0,2.0,1.0,0.2,"(5, 2)","[p(2, 2)_cs(1.0)_ws(0.2)]_[p(5, 2)_cs(0.2)_ws(1.0)]"
1643,tomato_salad,pick up,Counter_33,Counter,33,pick up tomato_salad from counter,player_f1986f66,encouraged_division_of_labor,e017cc5404a25a43,1474.6097871758884,15.999999999999545,2.0,0.0,2.0,1.0,0.2,"(5, 2)","[p(2, 2)_cs(1.0)_ws(0.2)]_[p(5, 2)_cs(0.2)_ws(1.0)]"
1670,tomato_salad,deliver,Delivery_63,Delivery,63,deliver tomato_salad,player_f1986f66,encouraged_division_of_labor,e017cc5404a25a43,1490.6097871758877,15.999999999999318,3.0,1.0,3.0,1.0,0.2,"(5, 2)","[p(2, 2)_cs(1.0)_ws(0.2)]_[p(5, 2)_cs(0.2)_ws(1.0)]"
1718,tomato,pick up,Dispenser_50,Dispenser,50,pick up tomato from dispenser,player_f1986f66,encouraged_division_of_labor,e017cc5404a25a43,1522.6097871758866,31.999999999998863,3.0,0.0,3.0,1.0,0.2,"(5, 2)","[p(2, 2)_cs(1.0)_ws(0.2)]_[p(5, 2)_cs(0.2)_ws(1.0)]"
1751,tomato,put down,Counter_33,Counter,33,put down tomato on counter,player_f1986f66,encouraged_division_of_labor,e017cc5404a25a43,1561.0210470159122,38.41125984002565,3.0,0.0,3.0,1.0,0.2,"(5, 2)","[p(2, 2)_cs(1.0)_ws(0.2)]_[p(5, 2)_cs(0.2)_ws(1.0)]"
1787,plate,pick up,Dispenser_60,Dispenser,60,pick up plate from dispenser,player_f1986f66,encouraged_division_of_labor,e017cc5404a25a43,1606.27588101185,45.254833995937815,3.0,0.0,3.0,1.0,0.2,"(5, 2)","[p(2, 2)_cs(1.0)_ws(0.2)]_[p(5, 2)_cs(0.2)_ws(1.0)]"
1835,plate,put down,Counter_34,Counter,34,put down plate on counter,player_f1986f66,encouraged_division_of_labor,e017cc5404a25a43,1667.1920679143868,60.916186902536765,3.0,0.0,3.0,1.0,0.2,"(5, 2)","[p(2, 2)_cs(1.0)_ws(0.2)]_[p(5, 2)_cs(0.2)_ws(1.0)]"
1916,tomato_salad,pick up,Counter_32,Counter,32,pick up tomato_salad from counter,player_f1986f66,encouraged_division_of_labor,e017cc5404a25a43,1699.192067914386,31.99999999999909,3.0,0.0,3.0,1.0,0.2,"(5, 2)","[p(2, 2)_cs(1.0)_ws(0.2)]_[p(5, 2)_cs(0.2)_ws(1.0)]"
1945,tomato_salad,deliver,Delivery_63,Delivery,63,deliver tomato_salad,player_f1986f66,encouraged_division_of_labor,e017cc5404a25a43,1721.819484912355,22.62741699796902,4.0,1.0,4.0,1.0,0.2,"(5, 2)","[p(2, 2)_cs(1.0)_ws(0.2)]_[p(5, 2)_cs(0.2)_ws(1.0)]"
2003,plate,pick up,Dispenser_60,Dispenser,60,pick up plate from dispenser,player_f1986f66,encouraged_division_of_labor,e017cc5404a25a43,1760.2307447523806,38.41125984002565,4.0,0.0,4.0,1.0,0.2,"(5, 2)","[p(2, 2)_cs(1.0)_ws(0.2)]_[p(5, 2)_cs(0.2)_ws(1.0)]"
2039,plate,put down,Counter_32,Counter,32,put down plate on counter,player_f1986f66,encouraged_division_of_labor,e017cc5404a25a43,1798.6378074191448,38.407062666764205,4.0,0.0,4.0,1.0,0.2,"(5, 2)","[p(2, 2)_cs(1.0)_ws(0.2)]_[p(5, 2)_cs(0.2)_ws(1.0)]"
2149,tomato_salad,pick up,Counter_34,Counter,34,pick up tomato_salad from counter,player_f1986f66,encouraged_division_of_labor,e017cc5404a25a43,1830.6378074191439,31.99999999999909,4.0,0.0,4.0,1.0,0.2,"(5, 2)","[p(2, 2)_cs(1.0)_ws(0.2)]_[p(5, 2)_cs(0.2)_ws(1.0)]"
