{"agents": {"player_9ec9e5c5": {"initial_state": {"agent_id": "player_9ec9e5c5", "x": 40, "y": 40, "item": null, "url_params": {"gameType": ["tomatoSaladOnly"], "PROLIFIC_PID": ["671eefb130967a416003ffea"], "map": ["baseline_division_of_labor"], "cutting_speed_p1": ["1"], "walking_speed_p1": ["0.2"], "cutting_speed_p2": ["0.2"], "walking_speed_p2": ["1"], "slot_x_p1": ["2"], "slot_y_p1": ["2"], "slot_x_p2": ["5"], "slot_y_p2": ["2"], "EIO": ["4"], "transport": ["polling"], "t": ["PZzddFp"]}, "cut_speed": 1.0, "walk_speed": 6.0, "player_nr": 1}, "player_score": 2.0, "total_actions": 19, "first_action_tick": 308, "last_action_tick": 2152}, "player_62b9ecc6": {"initial_state": {"agent_id": "player_62b9ecc6", "x": 88, "y": 40, "item": null, "url_params": {"gameType": ["tomatoSaladOnly"], "PROLIFIC_PID": ["undefined"], "map": ["baseline_division_of_labor"], "cutting_speed_p1": ["1"], "walking_speed_p1": ["0.2"], "cutting_speed_p2": ["0.2"], "walking_speed_p2": ["1"], "slot_x_p1": ["2"], "slot_y_p1": ["2"], "slot_x_p2": ["5"], "slot_y_p2": ["2"], "EIO": ["4"], "transport": ["polling"], "t": ["PZzdh8F"]}, "cut_speed": 0.2, "walk_speed": 30.0, "player_nr": 2}, "player_score": 3.0, "total_actions": 34, "first_action_tick": 96, "last_action_tick": 2139}}, "map_name": "baseline_division_of_labor", "final_score": 5.0}