tick,item,action,target,target_type,target_position,action_long,player_id,map_name,game_id,distance_walked,distance_walked_since_last_action,overall_score,player_score_change,player_score,walking_speed,cutting_speed,start_pos,condition
96,tomato,pick up,Dispenser_40,Dispenser,40,pick up tomato from dispenser,player_62b9ecc6,baseline_division_of_labor,9c6e6f7ff6302fe0,22.62741699796952,0.0,0.0,0.0,0.0,1.0,0.2,"(5, 2)","[p(2, 2)_cs(1.0)_ws(0.2)]_[p(5, 2)_cs(0.2)_ws(1.0)]"
124,tomato,start cutting,CuttingBoard_20,CuttingBoard,20,start cutting tomato,player_62b9ecc6,baseline_division_of_labor,9c6e6f7ff6302fe0,54.62741699796952,32.0,0.0,0.0,0.0,1.0,0.2,"(5, 2)","[p(2, 2)_cs(1.0)_ws(0.2)]_[p(5, 2)_cs(0.2)_ws(1.0)]"
196,plate,pick up,Dispenser_60,Dispenser,60,pick up plate from dispenser,player_62b9ecc6,baseline_division_of_labor,9c6e6f7ff6302fe0,118.62741699796952,64.0,0.0,0.0,0.0,1.0,0.2,"(5, 2)","[p(2, 2)_cs(1.0)_ws(0.2)]_[p(5, 2)_cs(0.2)_ws(1.0)]"
235,plate,put down,Counter_32,Counter,32,put down plate on counter,player_62b9ecc6,baseline_division_of_labor,9c6e6f7ff6302fe0,157.0344796647345,38.407062666764986,0.0,0.0,0.0,1.0,0.2,"(5, 2)","[p(2, 2)_cs(1.0)_ws(0.2)]_[p(5, 2)_cs(0.2)_ws(1.0)]"
340,plate,pick up,Counter_32,Counter,32,pick up plate from counter,player_62b9ecc6,baseline_division_of_labor,9c6e6f7ff6302fe0,211.54140638963105,54.506926724896545,0.0,0.0,0.0,1.0,0.2,"(5, 2)","[p(2, 2)_cs(1.0)_ws(0.2)]_[p(5, 2)_cs(0.2)_ws(1.0)]"
470,plate,put down,Counter_32,Counter,32,put down plate on counter,player_62b9ecc6,baseline_division_of_labor,9c6e6f7ff6302fe0,297.94846905639605,86.407062666765,0.0,0.0,0.0,1.0,0.2,"(5, 2)","[p(2, 2)_cs(1.0)_ws(0.2)]_[p(5, 2)_cs(0.2)_ws(1.0)]"
504,tomato,pick up,Dispenser_40,Dispenser,40,pick up tomato from dispenser,player_62b9ecc6,baseline_division_of_labor,9c6e6f7ff6302fe0,313.94846905639616,16.000000000000114,0.0,0.0,0.0,1.0,0.2,"(5, 2)","[p(2, 2)_cs(1.0)_ws(0.2)]_[p(5, 2)_cs(0.2)_ws(1.0)]"
533,tomato,start cutting,CuttingBoard_20,CuttingBoard,20,start cutting tomato,player_62b9ecc6,baseline_division_of_labor,9c6e6f7ff6302fe0,345.94846905639633,32.00000000000017,0.0,0.0,0.0,1.0,0.2,"(5, 2)","[p(2, 2)_cs(1.0)_ws(0.2)]_[p(5, 2)_cs(0.2)_ws(1.0)]"
720,plate,pick up,Dispenser_60,Dispenser,60,pick up plate from dispenser,player_62b9ecc6,baseline_division_of_labor,9c6e6f7ff6302fe0,409.94846905639656,64.00000000000023,1.0,0.0,0.0,1.0,0.2,"(5, 2)","[p(2, 2)_cs(1.0)_ws(0.2)]_[p(5, 2)_cs(0.2)_ws(1.0)]"
747,plate,put down,Counter_32,Counter,32,put down plate on counter,player_62b9ecc6,baseline_division_of_labor,9c6e6f7ff6302fe0,448.35553172316156,38.407062666765,1.0,0.0,0.0,1.0,0.2,"(5, 2)","[p(2, 2)_cs(1.0)_ws(0.2)]_[p(5, 2)_cs(0.2)_ws(1.0)]"
847,tomato_cut,pick up,CuttingBoard_20,CuttingBoard,20,pick up tomato_cut from cuttingboard,player_62b9ecc6,baseline_division_of_labor,9c6e6f7ff6302fe0,486.8624584480582,38.50692672489663,1.0,0.0,0.0,1.0,0.2,"(5, 2)","[p(2, 2)_cs(1.0)_ws(0.2)]_[p(5, 2)_cs(0.2)_ws(1.0)]"
870,tomato_cut,assemble salad,Counter_32,Counter,32,assemble salad,player_62b9ecc6,baseline_division_of_labor,9c6e6f7ff6302fe0,502.86245844805836,16.00000000000017,1.0,0.0,0.0,1.0,0.2,"(5, 2)","[p(2, 2)_cs(1.0)_ws(0.2)]_[p(5, 2)_cs(0.2)_ws(1.0)]"
882,tomato_salad,pick up,Counter_32,Counter,32,pick up tomato_salad from counter,player_62b9ecc6,baseline_division_of_labor,9c6e6f7ff6302fe0,502.86245844805836,0.0,1.0,0.0,0.0,1.0,0.2,"(5, 2)","[p(2, 2)_cs(1.0)_ws(0.2)]_[p(5, 2)_cs(0.2)_ws(1.0)]"
937,tomato_salad,deliver,Delivery_64,Delivery,64,deliver tomato_salad,player_62b9ecc6,baseline_division_of_labor,9c6e6f7ff6302fe0,563.7786453505971,60.916186902538755,2.0,1.0,1.0,1.0,0.2,"(5, 2)","[p(2, 2)_cs(1.0)_ws(0.2)]_[p(5, 2)_cs(0.2)_ws(1.0)]"
979,tomato,pick up,Dispenser_40,Dispenser,40,pick up tomato from dispenser,player_62b9ecc6,baseline_division_of_labor,9c6e6f7ff6302fe0,618.1980169938461,54.41937164324895,2.0,0.0,1.0,1.0,0.2,"(5, 2)","[p(2, 2)_cs(1.0)_ws(0.2)]_[p(5, 2)_cs(0.2)_ws(1.0)]"
1007,tomato,start cutting,CuttingBoard_20,CuttingBoard,20,start cutting tomato,player_62b9ecc6,baseline_division_of_labor,9c6e6f7ff6302fe0,650.1980169938463,32.00000000000023,2.0,0.0,1.0,1.0,0.2,"(5, 2)","[p(2, 2)_cs(1.0)_ws(0.2)]_[p(5, 2)_cs(0.2)_ws(1.0)]"
1230,plate,pick up,Dispenser_60,Dispenser,60,pick up plate from dispenser,player_62b9ecc6,baseline_division_of_labor,9c6e6f7ff6302fe0,714.1980169938465,64.00000000000023,2.0,0.0,1.0,1.0,0.2,"(5, 2)","[p(2, 2)_cs(1.0)_ws(0.2)]_[p(5, 2)_cs(0.2)_ws(1.0)]"
1262,plate,put down,Counter_32,Counter,32,put down plate on counter,player_62b9ecc6,baseline_division_of_labor,9c6e6f7ff6302fe0,752.6050796606113,38.40706266676477,2.0,0.0,1.0,1.0,0.2,"(5, 2)","[p(2, 2)_cs(1.0)_ws(0.2)]_[p(5, 2)_cs(0.2)_ws(1.0)]"
1296,tomato_cut,pick up,CuttingBoard_20,CuttingBoard,20,pick up tomato_cut from cuttingboard,player_62b9ecc6,baseline_division_of_labor,9c6e6f7ff6302fe0,791.1120063855082,38.50692672489686,2.0,0.0,1.0,1.0,0.2,"(5, 2)","[p(2, 2)_cs(1.0)_ws(0.2)]_[p(5, 2)_cs(0.2)_ws(1.0)]"
1322,tomato_cut,assemble salad,Counter_32,Counter,32,assemble salad,player_62b9ecc6,baseline_division_of_labor,9c6e6f7ff6302fe0,807.1120063855083,16.000000000000114,2.0,0.0,1.0,1.0,0.2,"(5, 2)","[p(2, 2)_cs(1.0)_ws(0.2)]_[p(5, 2)_cs(0.2)_ws(1.0)]"
1333,tomato_salad,pick up,Counter_32,Counter,32,pick up tomato_salad from counter,player_62b9ecc6,baseline_division_of_labor,9c6e6f7ff6302fe0,807.1120063855083,0.0,2.0,0.0,1.0,1.0,0.2,"(5, 2)","[p(2, 2)_cs(1.0)_ws(0.2)]_[p(5, 2)_cs(0.2)_ws(1.0)]"
1375,tomato_salad,deliver,Delivery_64,Delivery,64,deliver tomato_salad,player_62b9ecc6,baseline_division_of_labor,9c6e6f7ff6302fe0,868.028193288047,60.9161869025387,3.0,1.0,2.0,1.0,0.2,"(5, 2)","[p(2, 2)_cs(1.0)_ws(0.2)]_[p(5, 2)_cs(0.2)_ws(1.0)]"
1414,tomato,pick up,Dispenser_40,Dispenser,40,pick up tomato from dispenser,player_62b9ecc6,baseline_division_of_labor,9c6e6f7ff6302fe0,922.4475649312959,54.41937164324895,3.0,0.0,2.0,1.0,0.2,"(5, 2)","[p(2, 2)_cs(1.0)_ws(0.2)]_[p(5, 2)_cs(0.2)_ws(1.0)]"
1446,tomato,start cutting,CuttingBoard_20,CuttingBoard,20,start cutting tomato,player_62b9ecc6,baseline_division_of_labor,9c6e6f7ff6302fe0,954.4475649312961,32.00000000000023,3.0,0.0,2.0,1.0,0.2,"(5, 2)","[p(2, 2)_cs(1.0)_ws(0.2)]_[p(5, 2)_cs(0.2)_ws(1.0)]"
1680,plate,pick up,Dispenser_60,Dispenser,60,pick up plate from dispenser,player_62b9ecc6,baseline_division_of_labor,9c6e6f7ff6302fe0,1018.4475649312964,64.00000000000023,3.0,0.0,2.0,1.0,0.2,"(5, 2)","[p(2, 2)_cs(1.0)_ws(0.2)]_[p(5, 2)_cs(0.2)_ws(1.0)]"
1710,plate,put down,Counter_32,Counter,32,put down plate on counter,player_62b9ecc6,baseline_division_of_labor,9c6e6f7ff6302fe0,1056.8546275980607,38.40706266676432,3.0,0.0,2.0,1.0,0.2,"(5, 2)","[p(2, 2)_cs(1.0)_ws(0.2)]_[p(5, 2)_cs(0.2)_ws(1.0)]"
1740,tomato_cut,pick up,CuttingBoard_20,CuttingBoard,20,pick up tomato_cut from cuttingboard,player_62b9ecc6,baseline_division_of_labor,9c6e6f7ff6302fe0,1095.3615543229564,38.50692672489572,4.0,0.0,2.0,1.0,0.2,"(5, 2)","[p(2, 2)_cs(1.0)_ws(0.2)]_[p(5, 2)_cs(0.2)_ws(1.0)]"
1758,tomato_cut,assemble salad,Counter_32,Counter,32,assemble salad,player_62b9ecc6,baseline_division_of_labor,9c6e6f7ff6302fe0,1111.361554322956,15.999999999999545,4.0,0.0,2.0,1.0,0.2,"(5, 2)","[p(2, 2)_cs(1.0)_ws(0.2)]_[p(5, 2)_cs(0.2)_ws(1.0)]"
1780,tomato_salad,pick up,Counter_32,Counter,32,pick up tomato_salad from counter,player_62b9ecc6,baseline_division_of_labor,9c6e6f7ff6302fe0,1111.361554322956,0.0,4.0,0.0,2.0,1.0,0.2,"(5, 2)","[p(2, 2)_cs(1.0)_ws(0.2)]_[p(5, 2)_cs(0.2)_ws(1.0)]"
1821,tomato_salad,deliver,Delivery_64,Delivery,64,deliver tomato_salad,player_62b9ecc6,baseline_division_of_labor,9c6e6f7ff6302fe0,1174.265198479525,62.903644156569044,5.0,1.0,3.0,1.0,0.2,"(5, 2)","[p(2, 2)_cs(1.0)_ws(0.2)]_[p(5, 2)_cs(0.2)_ws(1.0)]"
1860,tomato,pick up,Dispenser_40,Dispenser,40,pick up tomato from dispenser,player_62b9ecc6,baseline_division_of_labor,9c6e6f7ff6302fe0,1228.6845701227726,54.41937164324759,5.0,0.0,3.0,1.0,0.2,"(5, 2)","[p(2, 2)_cs(1.0)_ws(0.2)]_[p(5, 2)_cs(0.2)_ws(1.0)]"
1891,tomato,start cutting,CuttingBoard_20,CuttingBoard,20,start cutting tomato,player_62b9ecc6,baseline_division_of_labor,9c6e6f7ff6302fe0,1260.6845701227717,31.99999999999909,5.0,0.0,3.0,1.0,0.2,"(5, 2)","[p(2, 2)_cs(1.0)_ws(0.2)]_[p(5, 2)_cs(0.2)_ws(1.0)]"
2111,plate,pick up,Dispenser_60,Dispenser,60,pick up plate from dispenser,player_62b9ecc6,baseline_division_of_labor,9c6e6f7ff6302fe0,1324.6845701227694,63.999999999997726,5.0,0.0,3.0,1.0,0.2,"(5, 2)","[p(2, 2)_cs(1.0)_ws(0.2)]_[p(5, 2)_cs(0.2)_ws(1.0)]"
2139,plate,put down,Counter_32,Counter,32,put down plate on counter,player_62b9ecc6,baseline_division_of_labor,9c6e6f7ff6302fe0,1363.0916327895334,38.40706266676398,5.0,0.0,3.0,1.0,0.2,"(5, 2)","[p(2, 2)_cs(1.0)_ws(0.2)]_[p(5, 2)_cs(0.2)_ws(1.0)]"
