tick,item,action,target,target_type,target_position,action_long,player_id,map_name,game_id,distance_walked,distance_walked_since_last_action,overall_score,player_score_change,player_score,walking_speed,cutting_speed,start_pos,condition,source,last_touched,touched_list,tomato_history,plate_history,is_exchange_collaboration
64,tomato,pick up,Dispenser_50,Dispenser,50,pick up tomato from dispenser,player_41b8b1f5,baseline_division_of_labor,dd0c0454cb58b1a9,16.0,0.0,0.0,0.0,0.0,1.0,1.0,"(5, 2)","[p(2, 2)_cs(1.0)_ws(1.0)]_[p(5, 2)_cs(1.0)_ws(1.0)]",player_41b8b1f5_actions,,[],,,
76,tomato,pick up,Dispenser_40,Dispenser,40,pick up tomato from dispenser,player_7d562889,baseline_division_of_labor,dd0c0454cb58b1a9,38.50692672489653,0.0,0.0,0.0,0.0,1.0,1.0,"(2, 2)","[p(2, 2)_cs(1.0)_ws(1.0)]_[p(5, 2)_cs(1.0)_ws(1.0)]",player_7d562889_actions,,[],,,
109,tomato,start cutting,CuttingBoard_20,CuttingBoard,20,start cutting tomato,player_7d562889,baseline_division_of_labor,dd0c0454cb58b1a9,70.50692672489652,31.999999999999982,0.0,0.0,0.0,1.0,1.0,"(2, 2)","[p(2, 2)_cs(1.0)_ws(1.0)]_[p(5, 2)_cs(1.0)_ws(1.0)]",player_7d562889_actions,player_7d562889,['player_7d562889'],,,
124,tomato,start cutting,CuttingBoard_10,CuttingBoard,10,start cutting tomato,player_41b8b1f5,baseline_division_of_labor,dd0c0454cb58b1a9,80.0,64.0,0.0,0.0,0.0,1.0,1.0,"(5, 2)","[p(2, 2)_cs(1.0)_ws(1.0)]_[p(5, 2)_cs(1.0)_ws(1.0)]",player_41b8b1f5_actions,player_41b8b1f5,['player_41b8b1f5'],,,
178,tomato_cut,pick up,CuttingBoard_10,CuttingBoard,10,pick up tomato_cut from cuttingboard,player_41b8b1f5,baseline_division_of_labor,dd0c0454cb58b1a9,80.0,0.0,0.0,0.0,0.0,1.0,1.0,"(5, 2)","[p(2, 2)_cs(1.0)_ws(1.0)]_[p(5, 2)_cs(1.0)_ws(1.0)]",player_41b8b1f5_actions,player_41b8b1f5,['player_41b8b1f5'],,,False
182,plate,pick up,Dispenser_60,Dispenser,60,pick up plate from dispenser,player_7d562889,baseline_division_of_labor,dd0c0454cb58b1a9,134.50692672489652,64.0,0.0,0.0,0.0,1.0,1.0,"(2, 2)","[p(2, 2)_cs(1.0)_ws(1.0)]_[p(5, 2)_cs(1.0)_ws(1.0)]",player_7d562889_actions,,[],,,
195,tomato_cut,put down,Counter_32,Counter,32,put down tomato_cut on counter,player_41b8b1f5,baseline_division_of_labor,dd0c0454cb58b1a9,102.62741699796948,22.62741699796949,0.0,0.0,0.0,1.0,1.0,"(5, 2)","[p(2, 2)_cs(1.0)_ws(1.0)]_[p(5, 2)_cs(1.0)_ws(1.0)]",player_41b8b1f5_actions,player_41b8b1f5,"['player_41b8b1f5', 'player_41b8b1f5']",,,
211,tomato_cut,pick up,CuttingBoard_20,CuttingBoard,20,pick up tomato_cut from cuttingboard,player_41b8b1f5,baseline_division_of_labor,dd0c0454cb58b1a9,118.62741699796948,16.0,0.0,0.0,0.0,1.0,1.0,"(5, 2)","[p(2, 2)_cs(1.0)_ws(1.0)]_[p(5, 2)_cs(1.0)_ws(1.0)]",player_41b8b1f5_actions,player_7d562889,['player_7d562889'],,,True
229,plate,assemble salad,Counter_32,Counter,32,assemble salad,player_7d562889,baseline_division_of_labor,dd0c0454cb58b1a9,172.9139893916615,38.40706266676497,0.0,0.0,0.0,1.0,1.0,"(2, 2)","[p(2, 2)_cs(1.0)_ws(1.0)]_[p(5, 2)_cs(1.0)_ws(1.0)]",player_7d562889_actions,player_41b8b1f5,['player_7d562889'],"['player_41b8b1f5', 'player_41b8b1f5']",['player_7d562889'],True
235,tomato_cut,put down,Counter_33,Counter,33,put down tomato_cut on counter,player_41b8b1f5,baseline_division_of_labor,dd0c0454cb58b1a9,150.62741699796948,31.999999999999982,0.0,0.0,0.0,1.0,1.0,"(5, 2)","[p(2, 2)_cs(1.0)_ws(1.0)]_[p(5, 2)_cs(1.0)_ws(1.0)]",player_41b8b1f5_actions,player_41b8b1f5,"['player_7d562889', 'player_41b8b1f5']",,,
265,tomato,pick up,Dispenser_40,Dispenser,40,pick up tomato from dispenser,player_41b8b1f5,baseline_division_of_labor,dd0c0454cb58b1a9,204.79580382660237,54.16838682863289,0.0,0.0,0.0,1.0,1.0,"(5, 2)","[p(2, 2)_cs(1.0)_ws(1.0)]_[p(5, 2)_cs(1.0)_ws(1.0)]",player_41b8b1f5_actions,,[],,,
286,tomato,start cutting,CuttingBoard_20,CuttingBoard,20,start cutting tomato,player_41b8b1f5,baseline_division_of_labor,dd0c0454cb58b1a9,236.79580382660237,32.0,0.0,0.0,0.0,1.0,1.0,"(5, 2)","[p(2, 2)_cs(1.0)_ws(1.0)]_[p(5, 2)_cs(1.0)_ws(1.0)]",player_41b8b1f5_actions,player_41b8b1f5,['player_41b8b1f5'],,,
289,tomato_salad,pick up,Counter_32,Counter,32,pick up tomato_salad from counter,player_7d562889,baseline_division_of_labor,dd0c0454cb58b1a9,172.9139893916615,0.0,0.0,0.0,0.0,1.0,1.0,"(2, 2)","[p(2, 2)_cs(1.0)_ws(1.0)]_[p(5, 2)_cs(1.0)_ws(1.0)]",player_7d562889_actions,player_7d562889,['player_7d562889'],"['player_41b8b1f5', 'player_41b8b1f5']",['player_7d562889'],False
310,tomato,pick up,Dispenser_40,Dispenser,40,pick up tomato from dispenser,player_41b8b1f5,baseline_division_of_labor,dd0c0454cb58b1a9,268.7958038266023,31.999999999999943,0.0,0.0,0.0,1.0,1.0,"(5, 2)","[p(2, 2)_cs(1.0)_ws(1.0)]_[p(5, 2)_cs(1.0)_ws(1.0)]",player_41b8b1f5_actions,,[],,,
316,tomato_salad,put down,Counter_32,Counter,32,put down tomato_salad on counter,player_7d562889,baseline_division_of_labor,dd0c0454cb58b1a9,172.9139893916615,0.0,0.0,0.0,0.0,1.0,1.0,"(2, 2)","[p(2, 2)_cs(1.0)_ws(1.0)]_[p(5, 2)_cs(1.0)_ws(1.0)]",player_7d562889_actions,player_7d562889,"['player_7d562889', 'player_7d562889']","['player_41b8b1f5', 'player_41b8b1f5']",['player_7d562889'],
341,tomato,start cutting,CuttingBoard_10,CuttingBoard,10,start cutting tomato,player_41b8b1f5,baseline_division_of_labor,dd0c0454cb58b1a9,316.79580382660276,48.000000000000455,0.0,0.0,0.0,1.0,1.0,"(5, 2)","[p(2, 2)_cs(1.0)_ws(1.0)]_[p(5, 2)_cs(1.0)_ws(1.0)]",player_41b8b1f5_actions,player_41b8b1f5,['player_41b8b1f5'],,,
363,tomato_salad,pick up,Counter_32,Counter,32,pick up tomato_salad from counter,player_41b8b1f5,baseline_division_of_labor,dd0c0454cb58b1a9,339.42322082457224,22.627416997969476,0.0,0.0,0.0,1.0,1.0,"(5, 2)","[p(2, 2)_cs(1.0)_ws(1.0)]_[p(5, 2)_cs(1.0)_ws(1.0)]",player_41b8b1f5_actions,player_7d562889,"['player_7d562889', 'player_7d562889']","['player_41b8b1f5', 'player_41b8b1f5']",['player_7d562889'],True
402,tomato_salad,deliver,Delivery_63,Delivery,63,deliver tomato_salad,player_41b8b1f5,baseline_division_of_labor,dd0c0454cb58b1a9,406.8863320872062,67.46311126263396,1.0,1.0,1.0,1.0,1.0,"(5, 2)","[p(2, 2)_cs(1.0)_ws(1.0)]_[p(5, 2)_cs(1.0)_ws(1.0)]",player_41b8b1f5_actions,player_41b8b1f5,"['player_7d562889', 'player_7d562889', 'player_41b8b1f5']","['player_41b8b1f5', 'player_41b8b1f5']",['player_7d562889'],
442,plate,pick up,Dispenser_71,Dispenser,71,pick up plate from dispenser,player_41b8b1f5,baseline_division_of_labor,dd0c0454cb58b1a9,445.2975919272323,38.411259840026105,1.0,0.0,1.0,1.0,1.0,"(5, 2)","[p(2, 2)_cs(1.0)_ws(1.0)]_[p(5, 2)_cs(1.0)_ws(1.0)]",player_41b8b1f5_actions,,[],,,
471,plate,assemble salad,Counter_33,Counter,33,assemble salad,player_41b8b1f5,baseline_division_of_labor,dd0c0454cb58b1a9,490.55242592317126,45.25483399593895,1.0,0.0,1.0,1.0,1.0,"(5, 2)","[p(2, 2)_cs(1.0)_ws(1.0)]_[p(5, 2)_cs(1.0)_ws(1.0)]",player_41b8b1f5_actions,player_41b8b1f5,['player_41b8b1f5'],"['player_7d562889', 'player_41b8b1f5']",['player_41b8b1f5'],False
487,tomato_salad,pick up,Counter_33,Counter,33,pick up tomato_salad from counter,player_41b8b1f5,baseline_division_of_labor,dd0c0454cb58b1a9,490.55242592317126,0.0,1.0,0.0,1.0,1.0,1.0,"(5, 2)","[p(2, 2)_cs(1.0)_ws(1.0)]_[p(5, 2)_cs(1.0)_ws(1.0)]",player_41b8b1f5_actions,player_41b8b1f5,['player_41b8b1f5'],"['player_7d562889', 'player_41b8b1f5']",['player_41b8b1f5'],False
505,tomato_salad,deliver,Delivery_63,Delivery,63,deliver tomato_salad,player_41b8b1f5,baseline_division_of_labor,dd0c0454cb58b1a9,506.55242592317126,16.0,2.0,1.0,2.0,1.0,1.0,"(5, 2)","[p(2, 2)_cs(1.0)_ws(1.0)]_[p(5, 2)_cs(1.0)_ws(1.0)]",player_41b8b1f5_actions,player_41b8b1f5,"['player_41b8b1f5', 'player_41b8b1f5']","['player_7d562889', 'player_41b8b1f5']",['player_41b8b1f5'],
535,tomato,pick up,Dispenser_50,Dispenser,50,pick up tomato from dispenser,player_41b8b1f5,baseline_division_of_labor,dd0c0454cb58b1a9,538.5524259231715,32.000000000000284,2.0,0.0,2.0,1.0,1.0,"(5, 2)","[p(2, 2)_cs(1.0)_ws(1.0)]_[p(5, 2)_cs(1.0)_ws(1.0)]",player_41b8b1f5_actions,,[],,,
555,tomato,put down,Counter_32,Counter,32,put down tomato on counter,player_41b8b1f5,baseline_division_of_labor,dd0c0454cb58b1a9,561.1798429211412,22.627416997969704,2.0,0.0,2.0,1.0,1.0,"(5, 2)","[p(2, 2)_cs(1.0)_ws(1.0)]_[p(5, 2)_cs(1.0)_ws(1.0)]",player_41b8b1f5_actions,player_41b8b1f5,['player_41b8b1f5'],,,
556,tomato,pick up,Counter_32,Counter,32,pick up tomato from counter,player_7d562889,baseline_division_of_labor,dd0c0454cb58b1a9,325.37012589211844,152.45613650045695,2.0,0.0,0.0,1.0,1.0,"(2, 2)","[p(2, 2)_cs(1.0)_ws(1.0)]_[p(5, 2)_cs(1.0)_ws(1.0)]",player_7d562889_actions,player_41b8b1f5,['player_41b8b1f5'],,,True
577,tomato,pick up,Dispenser_40,Dispenser,40,pick up tomato from dispenser,player_41b8b1f5,baseline_division_of_labor,dd0c0454cb58b1a9,577.1798429211415,16.000000000000227,2.0,0.0,2.0,1.0,1.0,"(5, 2)","[p(2, 2)_cs(1.0)_ws(1.0)]_[p(5, 2)_cs(1.0)_ws(1.0)]",player_41b8b1f5_actions,,[],,,
601,tomato,put down,Counter_32,Counter,32,put down tomato on counter,player_41b8b1f5,baseline_division_of_labor,dd0c0454cb58b1a9,593.1798429211416,16.000000000000114,2.0,0.0,2.0,1.0,1.0,"(5, 2)","[p(2, 2)_cs(1.0)_ws(1.0)]_[p(5, 2)_cs(1.0)_ws(1.0)]",player_41b8b1f5_actions,player_41b8b1f5,['player_41b8b1f5'],,,
632,plate,pick up,Dispenser_71,Dispenser,71,pick up plate from dispenser,player_41b8b1f5,baseline_division_of_labor,dd0c0454cb58b1a9,641.1798429211417,48.000000000000114,2.0,0.0,2.0,1.0,1.0,"(5, 2)","[p(2, 2)_cs(1.0)_ws(1.0)]_[p(5, 2)_cs(1.0)_ws(1.0)]",player_41b8b1f5_actions,,[],,,
660,plate,put down,Counter_33,Counter,33,put down plate on counter,player_41b8b1f5,baseline_division_of_labor,dd0c0454cb58b1a9,686.4346769170813,45.254833995939634,2.0,0.0,2.0,1.0,1.0,"(5, 2)","[p(2, 2)_cs(1.0)_ws(1.0)]_[p(5, 2)_cs(1.0)_ws(1.0)]",player_41b8b1f5_actions,player_41b8b1f5,['player_41b8b1f5'],,,
690,plate,pick up,Dispenser_71,Dispenser,71,pick up plate from dispenser,player_41b8b1f5,baseline_division_of_labor,dd0c0454cb58b1a9,731.689510913021,45.254833995939634,2.0,0.0,2.0,1.0,1.0,"(5, 2)","[p(2, 2)_cs(1.0)_ws(1.0)]_[p(5, 2)_cs(1.0)_ws(1.0)]",player_41b8b1f5_actions,,[],,,
703,tomato,put down,Counter_33,Counter,33,put down tomato on counter,player_7d562889,baseline_division_of_labor,dd0c0454cb58b1a9,433.3701258921192,108.00000000000074,2.0,0.0,0.0,1.0,1.0,"(2, 2)","[p(2, 2)_cs(1.0)_ws(1.0)]_[p(5, 2)_cs(1.0)_ws(1.0)]",player_7d562889_actions,player_7d562889,"['player_41b8b1f5', 'player_7d562889']",,,
703,plate,pick up,Counter_33,Counter,33,pick up plate from counter,player_7d562889,baseline_division_of_labor,dd0c0454cb58b1a9,433.3701258921192,0.0,2.0,0.0,0.0,1.0,1.0,"(2, 2)","[p(2, 2)_cs(1.0)_ws(1.0)]_[p(5, 2)_cs(1.0)_ws(1.0)]",player_7d562889_actions,player_7d562889,"['player_41b8b1f5', 'player_7d562889']",,,False
727,plate,put down,Counter_34,Counter,34,put down plate on counter,player_41b8b1f5,baseline_division_of_labor,dd0c0454cb58b1a9,792.6056978155593,60.91618690253836,2.0,0.0,2.0,1.0,1.0,"(5, 2)","[p(2, 2)_cs(1.0)_ws(1.0)]_[p(5, 2)_cs(1.0)_ws(1.0)]",player_41b8b1f5_actions,player_41b8b1f5,['player_41b8b1f5'],,,
738,plate,put down,Counter_33,Counter,33,put down plate on counter,player_7d562889,baseline_division_of_labor,dd0c0454cb58b1a9,463.3701258921178,29.999999999998636,2.0,0.0,0.0,1.0,1.0,"(2, 2)","[p(2, 2)_cs(1.0)_ws(1.0)]_[p(5, 2)_cs(1.0)_ws(1.0)]",player_7d562889_actions,player_7d562889,"['player_41b8b1f5', 'player_7d562889', 'player_7d562889']",,,
738,tomato,pick up,Counter_33,Counter,33,pick up tomato from counter,player_7d562889,baseline_division_of_labor,dd0c0454cb58b1a9,463.3701258921178,0.0,2.0,0.0,0.0,1.0,1.0,"(2, 2)","[p(2, 2)_cs(1.0)_ws(1.0)]_[p(5, 2)_cs(1.0)_ws(1.0)]",player_7d562889_actions,player_7d562889,"['player_41b8b1f5', 'player_7d562889', 'player_7d562889']",,,False
769,tomato,put down,Counter_33,Counter,33,put down tomato on counter,player_7d562889,baseline_division_of_labor,dd0c0454cb58b1a9,463.3701258921178,0.0,2.0,0.0,0.0,1.0,1.0,"(2, 2)","[p(2, 2)_cs(1.0)_ws(1.0)]_[p(5, 2)_cs(1.0)_ws(1.0)]",player_7d562889_actions,player_7d562889,"['player_41b8b1f5', 'player_7d562889', 'player_7d562889', 'player_7d562889']",,,
769,plate,pick up,Counter_33,Counter,33,pick up plate from counter,player_7d562889,baseline_division_of_labor,dd0c0454cb58b1a9,463.3701258921178,0.0,2.0,0.0,0.0,1.0,1.0,"(2, 2)","[p(2, 2)_cs(1.0)_ws(1.0)]_[p(5, 2)_cs(1.0)_ws(1.0)]",player_7d562889_actions,player_7d562889,"['player_41b8b1f5', 'player_7d562889', 'player_7d562889', 'player_7d562889']",,,False
805,tomato_cut,pick up,CuttingBoard_20,CuttingBoard,20,pick up tomato_cut from cuttingboard,player_41b8b1f5,baseline_division_of_labor,dd0c0454cb58b1a9,862.7960194771674,70.1903216616081,2.0,0.0,2.0,1.0,1.0,"(5, 2)","[p(2, 2)_cs(1.0)_ws(1.0)]_[p(5, 2)_cs(1.0)_ws(1.0)]",player_41b8b1f5_actions,player_41b8b1f5,['player_41b8b1f5'],,,False
830,tomato_cut,assemble salad,Counter_34,Counter,34,assemble salad,player_41b8b1f5,baseline_division_of_labor,dd0c0454cb58b1a9,910.796019477168,48.000000000000455,2.0,0.0,2.0,1.0,1.0,"(5, 2)","[p(2, 2)_cs(1.0)_ws(1.0)]_[p(5, 2)_cs(1.0)_ws(1.0)]",player_41b8b1f5_actions,player_41b8b1f5,['player_41b8b1f5'],"['player_41b8b1f5', 'player_41b8b1f5']",['player_41b8b1f5'],False
853,tomato,pick up,Counter_32,Counter,32,pick up tomato from counter,player_41b8b1f5,baseline_division_of_labor,dd0c0454cb58b1a9,942.796019477168,32.00000000000023,2.0,0.0,2.0,1.0,1.0,"(5, 2)","[p(2, 2)_cs(1.0)_ws(1.0)]_[p(5, 2)_cs(1.0)_ws(1.0)]",player_41b8b1f5_actions,player_41b8b1f5,['player_41b8b1f5'],,,False
871,tomato,start cutting,CuttingBoard_20,CuttingBoard,20,start cutting tomato,player_41b8b1f5,baseline_division_of_labor,dd0c0454cb58b1a9,958.7960194771684,16.000000000000227,2.0,0.0,2.0,1.0,1.0,"(5, 2)","[p(2, 2)_cs(1.0)_ws(1.0)]_[p(5, 2)_cs(1.0)_ws(1.0)]",player_41b8b1f5_actions,player_41b8b1f5,"['player_41b8b1f5', 'player_41b8b1f5']",,,
877,plate,put down,Counter_32,Counter,32,put down plate on counter,player_7d562889,baseline_division_of_labor,dd0c0454cb58b1a9,588.211143206417,124.84101731429917,2.0,0.0,0.0,1.0,1.0,"(2, 2)","[p(2, 2)_cs(1.0)_ws(1.0)]_[p(5, 2)_cs(1.0)_ws(1.0)]",player_7d562889_actions,player_7d562889,"['player_41b8b1f5', 'player_7d562889', 'player_7d562889', 'player_7d562889', 'player_7d562889']",,,
889,plate,pick up,Counter_32,Counter,32,pick up plate from counter,player_7d562889,baseline_division_of_labor,dd0c0454cb58b1a9,588.211143206417,0.0,2.0,0.0,0.0,1.0,1.0,"(2, 2)","[p(2, 2)_cs(1.0)_ws(1.0)]_[p(5, 2)_cs(1.0)_ws(1.0)]",player_7d562889_actions,player_7d562889,"['player_41b8b1f5', 'player_7d562889', 'player_7d562889', 'player_7d562889', 'player_7d562889']",,,False
932,tomato_cut,pick up,CuttingBoard_20,CuttingBoard,20,pick up tomato_cut from cuttingboard,player_41b8b1f5,baseline_division_of_labor,dd0c0454cb58b1a9,958.7960194771684,0.0,2.0,0.0,2.0,1.0,1.0,"(5, 2)","[p(2, 2)_cs(1.0)_ws(1.0)]_[p(5, 2)_cs(1.0)_ws(1.0)]",player_41b8b1f5_actions,player_41b8b1f5,"['player_41b8b1f5', 'player_41b8b1f5']",,,False
935,plate,put down,Counter_33,Counter,33,put down plate on counter,player_7d562889,baseline_division_of_labor,dd0c0454cb58b1a9,636.2111432064174,48.000000000000455,2.0,0.0,0.0,1.0,1.0,"(2, 2)","[p(2, 2)_cs(1.0)_ws(1.0)]_[p(5, 2)_cs(1.0)_ws(1.0)]",player_7d562889_actions,player_7d562889,"['player_41b8b1f5', 'player_7d562889', 'player_7d562889', 'player_7d562889', 'player_7d562889', 'player_7d562889']",,,
935,tomato,pick up,Counter_33,Counter,33,pick up tomato from counter,player_7d562889,baseline_division_of_labor,dd0c0454cb58b1a9,636.2111432064174,0.0,2.0,0.0,0.0,1.0,1.0,"(2, 2)","[p(2, 2)_cs(1.0)_ws(1.0)]_[p(5, 2)_cs(1.0)_ws(1.0)]",player_7d562889_actions,player_7d562889,"['player_41b8b1f5', 'player_7d562889', 'player_7d562889', 'player_7d562889', 'player_7d562889', 'player_7d562889']",,,False
950,tomato_cut,put down,Counter_32,Counter,32,put down tomato_cut on counter,player_41b8b1f5,baseline_division_of_labor,dd0c0454cb58b1a9,974.7960194771686,16.000000000000227,2.0,0.0,2.0,1.0,1.0,"(5, 2)","[p(2, 2)_cs(1.0)_ws(1.0)]_[p(5, 2)_cs(1.0)_ws(1.0)]",player_41b8b1f5_actions,player_41b8b1f5,"['player_41b8b1f5', 'player_41b8b1f5', 'player_41b8b1f5']",,,
986,tomato_salad,pick up,Counter_34,Counter,34,pick up tomato_salad from counter,player_41b8b1f5,baseline_division_of_labor,dd0c0454cb58b1a9,1029.30289175792,54.506872280751395,2.0,0.0,2.0,1.0,1.0,"(5, 2)","[p(2, 2)_cs(1.0)_ws(1.0)]_[p(5, 2)_cs(1.0)_ws(1.0)]",player_41b8b1f5_actions,player_41b8b1f5,['player_41b8b1f5'],"['player_41b8b1f5', 'player_41b8b1f5']",['player_41b8b1f5'],False
1000,tomato,put down,Counter_32,Counter,32,put down tomato on counter,player_7d562889,baseline_division_of_labor,dd0c0454cb58b1a9,660.0983601211182,23.88721691470073,2.0,0.0,0.0,1.0,1.0,"(2, 2)","[p(2, 2)_cs(1.0)_ws(1.0)]_[p(5, 2)_cs(1.0)_ws(1.0)]",player_7d562889_actions,player_7d562889,"['player_41b8b1f5', 'player_7d562889', 'player_7d562889', 'player_7d562889', 'player_7d562889', 'player_7d562889', 'player_7d562889']",,,
1000,tomato_cut,pick up,Counter_32,Counter,32,pick up tomato_cut from counter,player_7d562889,baseline_division_of_labor,dd0c0454cb58b1a9,660.0983601211182,0.0,2.0,0.0,0.0,1.0,1.0,"(2, 2)","[p(2, 2)_cs(1.0)_ws(1.0)]_[p(5, 2)_cs(1.0)_ws(1.0)]",player_7d562889_actions,player_7d562889,"['player_41b8b1f5', 'player_7d562889', 'player_7d562889', 'player_7d562889', 'player_7d562889', 'player_7d562889', 'player_7d562889']",,,False
1039,tomato_salad,deliver,Delivery_63,Delivery,63,deliver tomato_salad,player_41b8b1f5,baseline_division_of_labor,dd0c0454cb58b1a9,1127.633609211489,98.33071745356916,3.0,1.0,3.0,1.0,1.0,"(5, 2)","[p(2, 2)_cs(1.0)_ws(1.0)]_[p(5, 2)_cs(1.0)_ws(1.0)]",player_41b8b1f5_actions,player_41b8b1f5,"['player_41b8b1f5', 'player_41b8b1f5']","['player_41b8b1f5', 'player_41b8b1f5']",['player_41b8b1f5'],
1102,tomato,pick up,Dispenser_40,Dispenser,40,pick up tomato from dispenser,player_41b8b1f5,baseline_division_of_labor,dd0c0454cb58b1a9,1166.0448690515148,38.41125984002565,3.0,0.0,3.0,1.0,1.0,"(5, 2)","[p(2, 2)_cs(1.0)_ws(1.0)]_[p(5, 2)_cs(1.0)_ws(1.0)]",player_41b8b1f5_actions,,[],,,
1127,tomato,start cutting,CuttingBoard_20,CuttingBoard,20,start cutting tomato,player_41b8b1f5,baseline_division_of_labor,dd0c0454cb58b1a9,1198.044869051514,31.99999999999932,3.0,0.0,3.0,1.0,1.0,"(5, 2)","[p(2, 2)_cs(1.0)_ws(1.0)]_[p(5, 2)_cs(1.0)_ws(1.0)]",player_41b8b1f5_actions,player_41b8b1f5,['player_41b8b1f5'],,,
1141,tomato_cut,put down,Counter_32,Counter,32,put down tomato_cut on counter,player_7d562889,baseline_division_of_labor,dd0c0454cb58b1a9,781.6063694014886,121.5080092803704,3.0,0.0,0.0,1.0,1.0,"(2, 2)","[p(2, 2)_cs(1.0)_ws(1.0)]_[p(5, 2)_cs(1.0)_ws(1.0)]",player_7d562889_actions,player_7d562889,"['player_41b8b1f5', 'player_7d562889', 'player_7d562889', 'player_7d562889', 'player_7d562889', 'player_7d562889', 'player_7d562889', 'player_7d562889']",,,
1141,tomato,pick up,Counter_32,Counter,32,pick up tomato from counter,player_7d562889,baseline_division_of_labor,dd0c0454cb58b1a9,781.6063694014886,0.0,3.0,0.0,0.0,1.0,1.0,"(2, 2)","[p(2, 2)_cs(1.0)_ws(1.0)]_[p(5, 2)_cs(1.0)_ws(1.0)]",player_7d562889_actions,player_7d562889,"['player_41b8b1f5', 'player_7d562889', 'player_7d562889', 'player_7d562889', 'player_7d562889', 'player_7d562889', 'player_7d562889', 'player_7d562889']",,,False
1168,tomato,put down,Counter_32,Counter,32,put down tomato on counter,player_7d562889,baseline_division_of_labor,dd0c0454cb58b1a9,781.6063694014886,0.0,3.0,0.0,0.0,1.0,1.0,"(2, 2)","[p(2, 2)_cs(1.0)_ws(1.0)]_[p(5, 2)_cs(1.0)_ws(1.0)]",player_7d562889_actions,player_7d562889,"['player_41b8b1f5', 'player_7d562889', 'player_7d562889', 'player_7d562889', 'player_7d562889', 'player_7d562889', 'player_7d562889', 'player_7d562889', 'player_7d562889']",,,
1168,tomato_cut,pick up,Counter_32,Counter,32,pick up tomato_cut from counter,player_7d562889,baseline_division_of_labor,dd0c0454cb58b1a9,781.6063694014886,0.0,3.0,0.0,0.0,1.0,1.0,"(2, 2)","[p(2, 2)_cs(1.0)_ws(1.0)]_[p(5, 2)_cs(1.0)_ws(1.0)]",player_7d562889_actions,player_7d562889,"['player_41b8b1f5', 'player_7d562889', 'player_7d562889', 'player_7d562889', 'player_7d562889', 'player_7d562889', 'player_7d562889', 'player_7d562889', 'player_7d562889']",,,False
1180,tomato_cut,pick up,CuttingBoard_20,CuttingBoard,20,pick up tomato_cut from cuttingboard,player_41b8b1f5,baseline_division_of_labor,dd0c0454cb58b1a9,1198.044869051514,0.0,3.0,0.0,3.0,1.0,1.0,"(5, 2)","[p(2, 2)_cs(1.0)_ws(1.0)]_[p(5, 2)_cs(1.0)_ws(1.0)]",player_41b8b1f5_actions,player_41b8b1f5,['player_41b8b1f5'],,,False
1198,tomato_cut,assemble salad,Counter_33,Counter,33,assemble salad,player_7d562889,baseline_division_of_labor,dd0c0454cb58b1a9,797.6063694014888,16.000000000000227,3.0,0.0,0.0,1.0,1.0,"(2, 2)","[p(2, 2)_cs(1.0)_ws(1.0)]_[p(5, 2)_cs(1.0)_ws(1.0)]",player_7d562889_actions,player_7d562889,['player_7d562889'],"['player_41b8b1f5', 'player_7d562889', 'player_7d562889', 'player_7d562889', 'player_7d562889', 'player_7d562889', 'player_7d562889', 'player_7d562889', 'player_7d562889', 'player_7d562889']","['player_41b8b1f5', 'player_7d562889', 'player_7d562889', 'player_7d562889', 'player_7d562889', 'player_7d562889', 'player_7d562889', 'player_7d562889', 'player_7d562889']",False
1204,tomato_cut,put down,Counter_33,Counter,33,put down tomato_cut on counter,player_41b8b1f5,baseline_division_of_labor,dd0c0454cb58b1a9,1230.0448690515132,31.99999999999909,3.0,0.0,3.0,1.0,1.0,"(5, 2)","[p(2, 2)_cs(1.0)_ws(1.0)]_[p(5, 2)_cs(1.0)_ws(1.0)]",player_41b8b1f5_actions,player_41b8b1f5,"['player_41b8b1f5', 'player_41b8b1f5']",,,
1204,tomato_salad,pick up,Counter_33,Counter,33,pick up tomato_salad from counter,player_41b8b1f5,baseline_division_of_labor,dd0c0454cb58b1a9,1230.0448690515132,0.0,3.0,0.0,3.0,1.0,1.0,"(5, 2)","[p(2, 2)_cs(1.0)_ws(1.0)]_[p(5, 2)_cs(1.0)_ws(1.0)]",player_41b8b1f5_actions,player_41b8b1f5,"['player_41b8b1f5', 'player_41b8b1f5']",,,False
1263,tomato_salad,deliver,Delivery_63,Delivery,63,deliver tomato_salad,player_41b8b1f5,baseline_division_of_labor,dd0c0454cb58b1a9,1312.8183268422797,82.77345779076654,4.0,1.0,4.0,1.0,1.0,"(5, 2)","[p(2, 2)_cs(1.0)_ws(1.0)]_[p(5, 2)_cs(1.0)_ws(1.0)]",player_41b8b1f5_actions,player_41b8b1f5,"['player_41b8b1f5', 'player_41b8b1f5', 'player_41b8b1f5']",,,
1296,plate,pick up,Dispenser_60,Dispenser,60,pick up plate from dispenser,player_41b8b1f5,baseline_division_of_labor,dd0c0454cb58b1a9,1351.2295866823054,38.41125984002565,4.0,0.0,4.0,1.0,1.0,"(5, 2)","[p(2, 2)_cs(1.0)_ws(1.0)]_[p(5, 2)_cs(1.0)_ws(1.0)]",player_41b8b1f5_actions,,[],,,
1324,plate,assemble salad,Counter_33,Counter,33,assemble salad,player_41b8b1f5,baseline_division_of_labor,dd0c0454cb58b1a9,1396.4844206782432,45.254833995937815,4.0,0.0,4.0,1.0,1.0,"(5, 2)","[p(2, 2)_cs(1.0)_ws(1.0)]_[p(5, 2)_cs(1.0)_ws(1.0)]",player_41b8b1f5_actions,player_41b8b1f5,['player_41b8b1f5'],"['player_41b8b1f5', 'player_41b8b1f5']",['player_41b8b1f5'],False
1346,tomato_salad,pick up,Counter_33,Counter,33,pick up tomato_salad from counter,player_41b8b1f5,baseline_division_of_labor,dd0c0454cb58b1a9,1396.4844206782432,0.0,4.0,0.0,4.0,1.0,1.0,"(5, 2)","[p(2, 2)_cs(1.0)_ws(1.0)]_[p(5, 2)_cs(1.0)_ws(1.0)]",player_41b8b1f5_actions,player_41b8b1f5,['player_41b8b1f5'],"['player_41b8b1f5', 'player_41b8b1f5']",['player_41b8b1f5'],False
1365,tomato_salad,deliver,Delivery_63,Delivery,63,deliver tomato_salad,player_41b8b1f5,baseline_division_of_labor,dd0c0454cb58b1a9,1412.4844206782425,15.999999999999318,5.0,1.0,5.0,1.0,1.0,"(5, 2)","[p(2, 2)_cs(1.0)_ws(1.0)]_[p(5, 2)_cs(1.0)_ws(1.0)]",player_41b8b1f5_actions,player_41b8b1f5,"['player_41b8b1f5', 'player_41b8b1f5']","['player_41b8b1f5', 'player_41b8b1f5']",['player_41b8b1f5'],
1399,plate,pick up,Dispenser_60,Dispenser,60,pick up plate from dispenser,player_41b8b1f5,baseline_division_of_labor,dd0c0454cb58b1a9,1450.895680518268,38.41125984002565,5.0,0.0,5.0,1.0,1.0,"(5, 2)","[p(2, 2)_cs(1.0)_ws(1.0)]_[p(5, 2)_cs(1.0)_ws(1.0)]",player_41b8b1f5_actions,,[],,,
1418,plate,pick up,Dispenser_71,Dispenser,71,pick up plate from dispenser,player_7d562889,baseline_division_of_labor,dd0c0454cb58b1a9,970.7733459452857,173.16697654379686,5.0,0.0,0.0,1.0,1.0,"(2, 2)","[p(2, 2)_cs(1.0)_ws(1.0)]_[p(5, 2)_cs(1.0)_ws(1.0)]",player_7d562889_actions,,[],,,
1461,plate,put down,Counter_01,Counter,1,put down plate on counter,player_41b8b1f5,baseline_division_of_labor,dd0c0454cb58b1a9,1566.3188508717,115.42317035343171,5.0,0.0,5.0,1.0,1.0,"(5, 2)","[p(2, 2)_cs(1.0)_ws(1.0)]_[p(5, 2)_cs(1.0)_ws(1.0)]",player_41b8b1f5_actions,player_41b8b1f5,['player_41b8b1f5'],,,
1472,tomato_cut,pick up,CuttingBoard_10,CuttingBoard,10,pick up tomato_cut from cuttingboard,player_41b8b1f5,baseline_division_of_labor,dd0c0454cb58b1a9,1566.3188508717,0.0,5.0,0.0,5.0,1.0,1.0,"(5, 2)","[p(2, 2)_cs(1.0)_ws(1.0)]_[p(5, 2)_cs(1.0)_ws(1.0)]",player_41b8b1f5_actions,player_41b8b1f5,['player_41b8b1f5'],,,False
1490,tomato_cut,assemble salad,Counter_01,Counter,1,assemble salad,player_41b8b1f5,baseline_division_of_labor,dd0c0454cb58b1a9,1566.3188508717,0.0,5.0,0.0,5.0,1.0,1.0,"(5, 2)","[p(2, 2)_cs(1.0)_ws(1.0)]_[p(5, 2)_cs(1.0)_ws(1.0)]",player_41b8b1f5_actions,player_41b8b1f5,['player_41b8b1f5'],"['player_41b8b1f5', 'player_41b8b1f5']",['player_41b8b1f5'],False
1516,tomato_salad,pick up,Counter_01,Counter,1,pick up tomato_salad from counter,player_41b8b1f5,baseline_division_of_labor,dd0c0454cb58b1a9,1596.3188508716971,29.99999999999727,5.0,0.0,5.0,1.0,1.0,"(5, 2)","[p(2, 2)_cs(1.0)_ws(1.0)]_[p(5, 2)_cs(1.0)_ws(1.0)]",player_41b8b1f5_actions,player_41b8b1f5,['player_41b8b1f5'],"['player_41b8b1f5', 'player_41b8b1f5']",['player_41b8b1f5'],False
1538,plate,put down,Counter_32,Counter,32,put down plate on counter,player_7d562889,baseline_division_of_labor,dd0c0454cb58b1a9,1009.1804086120504,38.40706266676477,5.0,0.0,0.0,1.0,1.0,"(2, 2)","[p(2, 2)_cs(1.0)_ws(1.0)]_[p(5, 2)_cs(1.0)_ws(1.0)]",player_7d562889_actions,player_7d562889,['player_7d562889'],,,
1538,tomato,pick up,Counter_32,Counter,32,pick up tomato from counter,player_7d562889,baseline_division_of_labor,dd0c0454cb58b1a9,1009.1804086120504,0.0,5.0,0.0,0.0,1.0,1.0,"(2, 2)","[p(2, 2)_cs(1.0)_ws(1.0)]_[p(5, 2)_cs(1.0)_ws(1.0)]",player_7d562889_actions,player_7d562889,['player_7d562889'],,,False
1559,tomato_salad,deliver,Delivery_63,Delivery,63,deliver tomato_salad,player_41b8b1f5,baseline_division_of_labor,dd0c0454cb58b1a9,1673.3760140278157,77.05716315611835,6.0,1.0,6.0,1.0,1.0,"(5, 2)","[p(2, 2)_cs(1.0)_ws(1.0)]_[p(5, 2)_cs(1.0)_ws(1.0)]",player_41b8b1f5_actions,player_41b8b1f5,"['player_41b8b1f5', 'player_41b8b1f5']","['player_41b8b1f5', 'player_41b8b1f5']",['player_41b8b1f5'],
1587,tomato,pick up,Dispenser_40,Dispenser,40,pick up tomato from dispenser,player_41b8b1f5,baseline_division_of_labor,dd0c0454cb58b1a9,1711.7872738678411,38.41125984002565,6.0,0.0,6.0,1.0,1.0,"(5, 2)","[p(2, 2)_cs(1.0)_ws(1.0)]_[p(5, 2)_cs(1.0)_ws(1.0)]",player_41b8b1f5_actions,,[],,,
1593,tomato,put down,Counter_32,Counter,32,put down tomato on counter,player_7d562889,baseline_division_of_labor,dd0c0454cb58b1a9,1009.1804086120504,0.0,6.0,0.0,0.0,1.0,1.0,"(2, 2)","[p(2, 2)_cs(1.0)_ws(1.0)]_[p(5, 2)_cs(1.0)_ws(1.0)]",player_7d562889_actions,player_7d562889,"['player_7d562889', 'player_7d562889']",,,
1593,plate,pick up,Counter_32,Counter,32,pick up plate from counter,player_7d562889,baseline_division_of_labor,dd0c0454cb58b1a9,1009.1804086120504,0.0,6.0,0.0,0.0,1.0,1.0,"(2, 2)","[p(2, 2)_cs(1.0)_ws(1.0)]_[p(5, 2)_cs(1.0)_ws(1.0)]",player_7d562889_actions,player_7d562889,"['player_7d562889', 'player_7d562889']",,,False
1612,tomato,start cutting,CuttingBoard_20,CuttingBoard,20,start cutting tomato,player_41b8b1f5,baseline_division_of_labor,dd0c0454cb58b1a9,1743.7872738678402,31.99999999999909,6.0,0.0,6.0,1.0,1.0,"(5, 2)","[p(2, 2)_cs(1.0)_ws(1.0)]_[p(5, 2)_cs(1.0)_ws(1.0)]",player_41b8b1f5_actions,player_41b8b1f5,['player_41b8b1f5'],,,
1621,plate,put down,Counter_32,Counter,32,put down plate on counter,player_7d562889,baseline_division_of_labor,dd0c0454cb58b1a9,1009.1804086120504,0.0,6.0,0.0,0.0,1.0,1.0,"(2, 2)","[p(2, 2)_cs(1.0)_ws(1.0)]_[p(5, 2)_cs(1.0)_ws(1.0)]",player_7d562889_actions,player_7d562889,"['player_7d562889', 'player_7d562889', 'player_7d562889']",,,
1621,tomato,pick up,Counter_32,Counter,32,pick up tomato from counter,player_7d562889,baseline_division_of_labor,dd0c0454cb58b1a9,1009.1804086120504,0.0,6.0,0.0,0.0,1.0,1.0,"(2, 2)","[p(2, 2)_cs(1.0)_ws(1.0)]_[p(5, 2)_cs(1.0)_ws(1.0)]",player_7d562889_actions,player_7d562889,"['player_7d562889', 'player_7d562889', 'player_7d562889']",,,False
1661,tomato_cut,pick up,CuttingBoard_20,CuttingBoard,20,pick up tomato_cut from cuttingboard,player_41b8b1f5,baseline_division_of_labor,dd0c0454cb58b1a9,1743.7872738678402,0.0,6.0,0.0,6.0,1.0,1.0,"(5, 2)","[p(2, 2)_cs(1.0)_ws(1.0)]_[p(5, 2)_cs(1.0)_ws(1.0)]",player_41b8b1f5_actions,player_41b8b1f5,['player_41b8b1f5'],,,False
1675,tomato_cut,assemble salad,Counter_32,Counter,32,assemble salad,player_41b8b1f5,baseline_division_of_labor,dd0c0454cb58b1a9,1759.7872738678398,15.999999999999543,6.0,0.0,6.0,1.0,1.0,"(5, 2)","[p(2, 2)_cs(1.0)_ws(1.0)]_[p(5, 2)_cs(1.0)_ws(1.0)]",player_41b8b1f5_actions,player_7d562889,['player_41b8b1f5'],"['player_41b8b1f5', 'player_41b8b1f5']","['player_7d562889', 'player_7d562889', 'player_7d562889']",True
1685,tomato,put down,Counter_32,Counter,32,put down tomato on counter,player_7d562889,baseline_division_of_labor,dd0c0454cb58b1a9,1041.18040861205,31.99999999999966,6.0,0.0,0.0,1.0,1.0,"(2, 2)","[p(2, 2)_cs(1.0)_ws(1.0)]_[p(5, 2)_cs(1.0)_ws(1.0)]",player_7d562889_actions,player_7d562889,"['player_41b8b1f5', 'player_7d562889']","['player_41b8b1f5', 'player_41b8b1f5']","['player_7d562889', 'player_7d562889', 'player_7d562889']",
1685,tomato_salad,pick up,Counter_32,Counter,32,pick up tomato_salad from counter,player_7d562889,baseline_division_of_labor,dd0c0454cb58b1a9,1041.18040861205,0.0,6.0,0.0,0.0,1.0,1.0,"(2, 2)","[p(2, 2)_cs(1.0)_ws(1.0)]_[p(5, 2)_cs(1.0)_ws(1.0)]",player_7d562889_actions,player_7d562889,"['player_41b8b1f5', 'player_7d562889']","['player_41b8b1f5', 'player_41b8b1f5']","['player_7d562889', 'player_7d562889', 'player_7d562889']",False
1686,tomato,pick up,Counter_32,Counter,32,pick up tomato from counter,player_41b8b1f5,baseline_division_of_labor,dd0c0454cb58b1a9,1759.7872738678398,0.0,6.0,0.0,6.0,1.0,1.0,"(5, 2)","[p(2, 2)_cs(1.0)_ws(1.0)]_[p(5, 2)_cs(1.0)_ws(1.0)]",player_41b8b1f5_actions,player_7d562889,"['player_41b8b1f5', 'player_7d562889']","['player_41b8b1f5', 'player_41b8b1f5']","['player_7d562889', 'player_7d562889', 'player_7d562889']",True
1724,tomato_salad,deliver,Delivery_63,Delivery,63,deliver tomato_salad,player_7d562889,baseline_division_of_labor,dd0c0454cb58b1a9,1086.435242607988,45.25483399593804,7.0,1.0,1.0,1.0,1.0,"(2, 2)","[p(2, 2)_cs(1.0)_ws(1.0)]_[p(5, 2)_cs(1.0)_ws(1.0)]",player_7d562889_actions,player_7d562889,"['player_41b8b1f5', 'player_7d562889', 'player_7d562889']","['player_41b8b1f5', 'player_41b8b1f5']","['player_7d562889', 'player_7d562889', 'player_7d562889']",
1777,tomato,start cutting,CuttingBoard_20,CuttingBoard,20,start cutting tomato,player_41b8b1f5,baseline_division_of_labor,dd0c0454cb58b1a9,1875.4533677038023,115.66609383596278,7.0,0.0,6.0,1.0,1.0,"(5, 2)","[p(2, 2)_cs(1.0)_ws(1.0)]_[p(5, 2)_cs(1.0)_ws(1.0)]",player_41b8b1f5_actions,player_41b8b1f5,"['player_41b8b1f5', 'player_7d562889', 'player_41b8b1f5']","['player_41b8b1f5', 'player_41b8b1f5']","['player_7d562889', 'player_7d562889', 'player_7d562889']",
1823,plate,pick up,Dispenser_71,Dispenser,71,pick up plate from dispenser,player_7d562889,baseline_division_of_labor,dd0c0454cb58b1a9,1156.8546142512355,70.41937164324736,7.0,0.0,1.0,1.0,1.0,"(2, 2)","[p(2, 2)_cs(1.0)_ws(1.0)]_[p(5, 2)_cs(1.0)_ws(1.0)]",player_7d562889_actions,,[],,,
1875,tomato_cut,pick up,CuttingBoard_20,CuttingBoard,20,pick up tomato_cut from cuttingboard,player_41b8b1f5,baseline_division_of_labor,dd0c0454cb58b1a9,1952.4533677037975,76.999999999995,7.0,0.0,6.0,1.0,1.0,"(5, 2)","[p(2, 2)_cs(1.0)_ws(1.0)]_[p(5, 2)_cs(1.0)_ws(1.0)]",player_41b8b1f5_actions,player_41b8b1f5,"['player_41b8b1f5', 'player_7d562889', 'player_41b8b1f5']","['player_41b8b1f5', 'player_41b8b1f5']","['player_7d562889', 'player_7d562889', 'player_7d562889']",False
1896,tomato_cut,put down,Dispenser_40,Dispenser,40,put down tomato_cut on dispenser,player_41b8b1f5,baseline_division_of_labor,dd0c0454cb58b1a9,1984.4533677037969,31.99999999999932,7.0,0.0,6.0,1.0,1.0,"(5, 2)","[p(2, 2)_cs(1.0)_ws(1.0)]_[p(5, 2)_cs(1.0)_ws(1.0)]",player_41b8b1f5_actions,player_41b8b1f5,"['player_41b8b1f5', 'player_7d562889', 'player_41b8b1f5', 'player_41b8b1f5']","['player_41b8b1f5', 'player_41b8b1f5']","['player_7d562889', 'player_7d562889', 'player_7d562889']",
1896,tomato,pick up,Dispenser_40,Dispenser,40,pick up tomato from dispenser,player_41b8b1f5,baseline_division_of_labor,dd0c0454cb58b1a9,1984.4533677037969,0.0,7.0,0.0,6.0,1.0,1.0,"(5, 2)","[p(2, 2)_cs(1.0)_ws(1.0)]_[p(5, 2)_cs(1.0)_ws(1.0)]",player_41b8b1f5_actions,,[],,,
1908,plate,put down,Counter_32,Counter,32,put down plate on counter,player_7d562889,baseline_division_of_labor,dd0c0454cb58b1a9,1195.2616769179997,38.40706266676398,7.0,0.0,1.0,1.0,1.0,"(2, 2)","[p(2, 2)_cs(1.0)_ws(1.0)]_[p(5, 2)_cs(1.0)_ws(1.0)]",player_7d562889_actions,player_7d562889,['player_7d562889'],,,
1923,tomato,start cutting,CuttingBoard_20,CuttingBoard,20,start cutting tomato,player_41b8b1f5,baseline_division_of_labor,dd0c0454cb58b1a9,2016.453367703796,31.99999999999932,7.0,0.0,6.0,1.0,1.0,"(5, 2)","[p(2, 2)_cs(1.0)_ws(1.0)]_[p(5, 2)_cs(1.0)_ws(1.0)]",player_41b8b1f5_actions,player_41b8b1f5,['player_41b8b1f5'],,,
1936,plate,pick up,Counter_32,Counter,32,pick up plate from counter,player_7d562889,baseline_division_of_labor,dd0c0454cb58b1a9,1195.2616769179997,0.0,7.0,0.0,1.0,1.0,1.0,"(2, 2)","[p(2, 2)_cs(1.0)_ws(1.0)]_[p(5, 2)_cs(1.0)_ws(1.0)]",player_7d562889_actions,player_7d562889,['player_7d562889'],,,False
1970,plate,put down,Counter_32,Counter,32,put down plate on counter,player_7d562889,baseline_division_of_labor,dd0c0454cb58b1a9,1195.2616769179997,0.0,7.0,0.0,1.0,1.0,1.0,"(2, 2)","[p(2, 2)_cs(1.0)_ws(1.0)]_[p(5, 2)_cs(1.0)_ws(1.0)]",player_7d562889_actions,player_7d562889,"['player_7d562889', 'player_7d562889']",,,
1973,tomato_cut,pick up,CuttingBoard_20,CuttingBoard,20,pick up tomato_cut from cuttingboard,player_41b8b1f5,baseline_division_of_labor,dd0c0454cb58b1a9,2016.453367703796,0.0,7.0,0.0,6.0,1.0,1.0,"(5, 2)","[p(2, 2)_cs(1.0)_ws(1.0)]_[p(5, 2)_cs(1.0)_ws(1.0)]",player_41b8b1f5_actions,player_41b8b1f5,['player_41b8b1f5'],,,False
1987,tomato_cut,put down,Counter_01,Counter,1,put down tomato_cut on counter,player_41b8b1f5,baseline_division_of_labor,dd0c0454cb58b1a9,2032.4533677037955,15.999999999999543,7.0,0.0,6.0,1.0,1.0,"(5, 2)","[p(2, 2)_cs(1.0)_ws(1.0)]_[p(5, 2)_cs(1.0)_ws(1.0)]",player_41b8b1f5_actions,player_41b8b1f5,"['player_41b8b1f5', 'player_41b8b1f5']",,,
2046,tomato,pick up,Dispenser_40,Dispenser,40,pick up tomato from dispenser,player_41b8b1f5,baseline_division_of_labor,dd0c0454cb58b1a9,2110.453367703796,78.00000000000045,7.0,0.0,6.0,1.0,1.0,"(5, 2)","[p(2, 2)_cs(1.0)_ws(1.0)]_[p(5, 2)_cs(1.0)_ws(1.0)]",player_41b8b1f5_actions,,[],,,
2071,tomato,start cutting,CuttingBoard_20,CuttingBoard,20,start cutting tomato,player_41b8b1f5,baseline_division_of_labor,dd0c0454cb58b1a9,2142.453367703797,32.00000000000091,7.0,0.0,6.0,1.0,1.0,"(5, 2)","[p(2, 2)_cs(1.0)_ws(1.0)]_[p(5, 2)_cs(1.0)_ws(1.0)]",player_41b8b1f5_actions,player_41b8b1f5,['player_41b8b1f5'],,,
2075,plate,pick up,Counter_32,Counter,32,pick up plate from counter,player_7d562889,baseline_division_of_labor,dd0c0454cb58b1a9,1262.7854991001907,67.52382218219122,7.0,0.0,1.0,1.0,1.0,"(2, 2)","[p(2, 2)_cs(1.0)_ws(1.0)]_[p(5, 2)_cs(1.0)_ws(1.0)]",player_7d562889_actions,player_7d562889,"['player_7d562889', 'player_7d562889']",,,False
2109,plate,put down,Counter_32,Counter,32,put down plate on counter,player_7d562889,baseline_division_of_labor,dd0c0454cb58b1a9,1262.7854991001907,0.0,7.0,0.0,1.0,1.0,1.0,"(2, 2)","[p(2, 2)_cs(1.0)_ws(1.0)]_[p(5, 2)_cs(1.0)_ws(1.0)]",player_7d562889_actions,player_7d562889,"['player_7d562889', 'player_7d562889', 'player_7d562889']",,,
2118,tomato_cut,pick up,CuttingBoard_20,CuttingBoard,20,pick up tomato_cut from cuttingboard,player_41b8b1f5,baseline_division_of_labor,dd0c0454cb58b1a9,2142.453367703797,0.0,7.0,0.0,6.0,1.0,1.0,"(5, 2)","[p(2, 2)_cs(1.0)_ws(1.0)]_[p(5, 2)_cs(1.0)_ws(1.0)]",player_41b8b1f5_actions,player_41b8b1f5,['player_41b8b1f5'],,,False
2135,tomato_cut,assemble salad,Counter_32,Counter,32,assemble salad,player_41b8b1f5,baseline_division_of_labor,dd0c0454cb58b1a9,2158.453367703798,16.00000000000091,7.0,0.0,6.0,1.0,1.0,"(5, 2)","[p(2, 2)_cs(1.0)_ws(1.0)]_[p(5, 2)_cs(1.0)_ws(1.0)]",player_41b8b1f5_actions,player_7d562889,['player_41b8b1f5'],"['player_41b8b1f5', 'player_41b8b1f5']","['player_7d562889', 'player_7d562889', 'player_7d562889']",True
2145,tomato_salad,pick up,Counter_32,Counter,32,pick up tomato_salad from counter,player_41b8b1f5,baseline_division_of_labor,dd0c0454cb58b1a9,2158.453367703798,0.0,7.0,0.0,6.0,1.0,1.0,"(5, 2)","[p(2, 2)_cs(1.0)_ws(1.0)]_[p(5, 2)_cs(1.0)_ws(1.0)]",player_41b8b1f5_actions,player_41b8b1f5,['player_41b8b1f5'],"['player_41b8b1f5', 'player_41b8b1f5']","['player_7d562889', 'player_7d562889', 'player_7d562889']",False
