{"agents": {"player_7d562889": {"initial_state": {"agent_id": "player_7d562889", "x": 40, "y": 40, "item": null, "url_params": {"gameType": ["tomatoSaladOnly"], "PROLIFIC_PID": ["5ecd36302b4d3c05d4cc1ba2"], "map": ["baseline_division_of_labor"], "cutting_speed_p1": ["1"], "walking_speed_p1": ["1"], "cutting_speed_p2": ["1"], "walking_speed_p2": ["1"], "slot_x_p1": ["2"], "slot_y_p1": ["2"], "slot_x_p2": ["5"], "slot_y_p2": ["2"], "EIO": ["4"], "transport": ["polling"], "t": ["PZxzXOw"]}, "cut_speed": 1.0, "walk_speed": 30.0, "player_nr": 1}, "player_score": 1.0, "total_actions": 40, "first_action_tick": 76, "last_action_tick": 2109}, "player_41b8b1f5": {"initial_state": {"agent_id": "player_41b8b1f5", "x": 88, "y": 40, "item": null, "url_params": {"gameType": ["tomatoSaladOnly"], "PROLIFIC_PID": ["6717d0f52cc5e0a7f13b596a"], "map": ["baseline_division_of_labor"], "cutting_speed_p1": ["1"], "walking_speed_p1": ["1"], "cutting_speed_p2": ["1"], "walking_speed_p2": ["1"], "slot_x_p1": ["2"], "slot_y_p1": ["2"], "slot_x_p2": ["5"], "slot_y_p2": ["2"], "EIO": ["4"], "transport": ["polling"], "t": ["PZxzoZW"]}, "cut_speed": 1.0, "walk_speed": 30.0, "player_nr": 2}, "player_score": 6.0, "total_actions": 65, "first_action_tick": 64, "last_action_tick": 2145}}, "map_name": "baseline_division_of_labor", "final_score": 7.0}