tick,item,action,target,target_type,target_position,action_long,player_id,map_name,game_id,distance_walked,distance_walked_since_last_action,overall_score,player_score_change,player_score,walking_speed,cutting_speed,start_pos,condition
76,tomato,pick up,Dispenser_40,Dispenser,40,pick up tomato from dispenser,player_7d562889,baseline_division_of_labor,dd0c0454cb58b1a9,38.50692672489653,0.0,0.0,0.0,0.0,1.0,1.0,"(2, 2)","[p(2, 2)_cs(1.0)_ws(1.0)]_[p(5, 2)_cs(1.0)_ws(1.0)]"
109,tomato,start cutting,CuttingBoard_20,CuttingBoard,20,start cutting tomato,player_7d562889,baseline_division_of_labor,dd0c0454cb58b1a9,70.50692672489652,31.999999999999986,0.0,0.0,0.0,1.0,1.0,"(2, 2)","[p(2, 2)_cs(1.0)_ws(1.0)]_[p(5, 2)_cs(1.0)_ws(1.0)]"
182,plate,pick up,Dispenser_60,Dispenser,60,pick up plate from dispenser,player_7d562889,baseline_division_of_labor,dd0c0454cb58b1a9,134.50692672489652,64.0,0.0,0.0,0.0,1.0,1.0,"(2, 2)","[p(2, 2)_cs(1.0)_ws(1.0)]_[p(5, 2)_cs(1.0)_ws(1.0)]"
229,plate,assemble salad,Counter_32,Counter,32,assemble salad,player_7d562889,baseline_division_of_labor,dd0c0454cb58b1a9,172.9139893916615,38.40706266676497,0.0,0.0,0.0,1.0,1.0,"(2, 2)","[p(2, 2)_cs(1.0)_ws(1.0)]_[p(5, 2)_cs(1.0)_ws(1.0)]"
289,tomato_salad,pick up,Counter_32,Counter,32,pick up tomato_salad from counter,player_7d562889,baseline_division_of_labor,dd0c0454cb58b1a9,172.9139893916615,0.0,0.0,0.0,0.0,1.0,1.0,"(2, 2)","[p(2, 2)_cs(1.0)_ws(1.0)]_[p(5, 2)_cs(1.0)_ws(1.0)]"
316,tomato_salad,put down,Counter_32,Counter,32,put down tomato_salad on counter,player_7d562889,baseline_division_of_labor,dd0c0454cb58b1a9,172.9139893916615,0.0,0.0,0.0,0.0,1.0,1.0,"(2, 2)","[p(2, 2)_cs(1.0)_ws(1.0)]_[p(5, 2)_cs(1.0)_ws(1.0)]"
556,tomato,pick up,Counter_32,Counter,32,pick up tomato from counter,player_7d562889,baseline_division_of_labor,dd0c0454cb58b1a9,325.37012589211844,152.45613650045695,2.0,0.0,0.0,1.0,1.0,"(2, 2)","[p(2, 2)_cs(1.0)_ws(1.0)]_[p(5, 2)_cs(1.0)_ws(1.0)]"
703,tomato,put down,Counter_33,Counter,33,put down tomato on counter,player_7d562889,baseline_division_of_labor,dd0c0454cb58b1a9,433.3701258921192,108.00000000000074,2.0,0.0,0.0,1.0,1.0,"(2, 2)","[p(2, 2)_cs(1.0)_ws(1.0)]_[p(5, 2)_cs(1.0)_ws(1.0)]"
703,plate,pick up,Counter_33,Counter,33,pick up plate from counter,player_7d562889,baseline_division_of_labor,dd0c0454cb58b1a9,433.3701258921192,0.0,2.0,0.0,0.0,1.0,1.0,"(2, 2)","[p(2, 2)_cs(1.0)_ws(1.0)]_[p(5, 2)_cs(1.0)_ws(1.0)]"
738,plate,put down,Counter_33,Counter,33,put down plate on counter,player_7d562889,baseline_division_of_labor,dd0c0454cb58b1a9,463.3701258921178,29.999999999998636,2.0,0.0,0.0,1.0,1.0,"(2, 2)","[p(2, 2)_cs(1.0)_ws(1.0)]_[p(5, 2)_cs(1.0)_ws(1.0)]"
738,tomato,pick up,Counter_33,Counter,33,pick up tomato from counter,player_7d562889,baseline_division_of_labor,dd0c0454cb58b1a9,463.3701258921178,0.0,2.0,0.0,0.0,1.0,1.0,"(2, 2)","[p(2, 2)_cs(1.0)_ws(1.0)]_[p(5, 2)_cs(1.0)_ws(1.0)]"
769,tomato,put down,Counter_33,Counter,33,put down tomato on counter,player_7d562889,baseline_division_of_labor,dd0c0454cb58b1a9,463.3701258921178,0.0,2.0,0.0,0.0,1.0,1.0,"(2, 2)","[p(2, 2)_cs(1.0)_ws(1.0)]_[p(5, 2)_cs(1.0)_ws(1.0)]"
769,plate,pick up,Counter_33,Counter,33,pick up plate from counter,player_7d562889,baseline_division_of_labor,dd0c0454cb58b1a9,463.3701258921178,0.0,2.0,0.0,0.0,1.0,1.0,"(2, 2)","[p(2, 2)_cs(1.0)_ws(1.0)]_[p(5, 2)_cs(1.0)_ws(1.0)]"
877,plate,put down,Counter_32,Counter,32,put down plate on counter,player_7d562889,baseline_division_of_labor,dd0c0454cb58b1a9,588.211143206417,124.84101731429917,2.0,0.0,0.0,1.0,1.0,"(2, 2)","[p(2, 2)_cs(1.0)_ws(1.0)]_[p(5, 2)_cs(1.0)_ws(1.0)]"
889,plate,pick up,Counter_32,Counter,32,pick up plate from counter,player_7d562889,baseline_division_of_labor,dd0c0454cb58b1a9,588.211143206417,0.0,2.0,0.0,0.0,1.0,1.0,"(2, 2)","[p(2, 2)_cs(1.0)_ws(1.0)]_[p(5, 2)_cs(1.0)_ws(1.0)]"
935,plate,put down,Counter_33,Counter,33,put down plate on counter,player_7d562889,baseline_division_of_labor,dd0c0454cb58b1a9,636.2111432064174,48.000000000000455,2.0,0.0,0.0,1.0,1.0,"(2, 2)","[p(2, 2)_cs(1.0)_ws(1.0)]_[p(5, 2)_cs(1.0)_ws(1.0)]"
935,tomato,pick up,Counter_33,Counter,33,pick up tomato from counter,player_7d562889,baseline_division_of_labor,dd0c0454cb58b1a9,636.2111432064174,0.0,2.0,0.0,0.0,1.0,1.0,"(2, 2)","[p(2, 2)_cs(1.0)_ws(1.0)]_[p(5, 2)_cs(1.0)_ws(1.0)]"
1000,tomato,put down,Counter_32,Counter,32,put down tomato on counter,player_7d562889,baseline_division_of_labor,dd0c0454cb58b1a9,660.0983601211182,23.88721691470073,2.0,0.0,0.0,1.0,1.0,"(2, 2)","[p(2, 2)_cs(1.0)_ws(1.0)]_[p(5, 2)_cs(1.0)_ws(1.0)]"
1000,tomato_cut,pick up,Counter_32,Counter,32,pick up tomato_cut from counter,player_7d562889,baseline_division_of_labor,dd0c0454cb58b1a9,660.0983601211182,0.0,2.0,0.0,0.0,1.0,1.0,"(2, 2)","[p(2, 2)_cs(1.0)_ws(1.0)]_[p(5, 2)_cs(1.0)_ws(1.0)]"
1141,tomato_cut,put down,Counter_32,Counter,32,put down tomato_cut on counter,player_7d562889,baseline_division_of_labor,dd0c0454cb58b1a9,781.6063694014886,121.5080092803704,3.0,0.0,0.0,1.0,1.0,"(2, 2)","[p(2, 2)_cs(1.0)_ws(1.0)]_[p(5, 2)_cs(1.0)_ws(1.0)]"
1141,tomato,pick up,Counter_32,Counter,32,pick up tomato from counter,player_7d562889,baseline_division_of_labor,dd0c0454cb58b1a9,781.6063694014886,0.0,3.0,0.0,0.0,1.0,1.0,"(2, 2)","[p(2, 2)_cs(1.0)_ws(1.0)]_[p(5, 2)_cs(1.0)_ws(1.0)]"
1168,tomato,put down,Counter_32,Counter,32,put down tomato on counter,player_7d562889,baseline_division_of_labor,dd0c0454cb58b1a9,781.6063694014886,0.0,3.0,0.0,0.0,1.0,1.0,"(2, 2)","[p(2, 2)_cs(1.0)_ws(1.0)]_[p(5, 2)_cs(1.0)_ws(1.0)]"
1168,tomato_cut,pick up,Counter_32,Counter,32,pick up tomato_cut from counter,player_7d562889,baseline_division_of_labor,dd0c0454cb58b1a9,781.6063694014886,0.0,3.0,0.0,0.0,1.0,1.0,"(2, 2)","[p(2, 2)_cs(1.0)_ws(1.0)]_[p(5, 2)_cs(1.0)_ws(1.0)]"
1198,tomato_cut,assemble salad,Counter_33,Counter,33,assemble salad,player_7d562889,baseline_division_of_labor,dd0c0454cb58b1a9,797.6063694014888,16.000000000000227,3.0,0.0,0.0,1.0,1.0,"(2, 2)","[p(2, 2)_cs(1.0)_ws(1.0)]_[p(5, 2)_cs(1.0)_ws(1.0)]"
1418,plate,pick up,Dispenser_71,Dispenser,71,pick up plate from dispenser,player_7d562889,baseline_division_of_labor,dd0c0454cb58b1a9,970.7733459452857,173.16697654379686,5.0,0.0,0.0,1.0,1.0,"(2, 2)","[p(2, 2)_cs(1.0)_ws(1.0)]_[p(5, 2)_cs(1.0)_ws(1.0)]"
1538,plate,put down,Counter_32,Counter,32,put down plate on counter,player_7d562889,baseline_division_of_labor,dd0c0454cb58b1a9,1009.1804086120504,38.40706266676477,5.0,0.0,0.0,1.0,1.0,"(2, 2)","[p(2, 2)_cs(1.0)_ws(1.0)]_[p(5, 2)_cs(1.0)_ws(1.0)]"
1538,tomato,pick up,Counter_32,Counter,32,pick up tomato from counter,player_7d562889,baseline_division_of_labor,dd0c0454cb58b1a9,1009.1804086120504,0.0,5.0,0.0,0.0,1.0,1.0,"(2, 2)","[p(2, 2)_cs(1.0)_ws(1.0)]_[p(5, 2)_cs(1.0)_ws(1.0)]"
1593,tomato,put down,Counter_32,Counter,32,put down tomato on counter,player_7d562889,baseline_division_of_labor,dd0c0454cb58b1a9,1009.1804086120504,0.0,6.0,0.0,0.0,1.0,1.0,"(2, 2)","[p(2, 2)_cs(1.0)_ws(1.0)]_[p(5, 2)_cs(1.0)_ws(1.0)]"
1593,plate,pick up,Counter_32,Counter,32,pick up plate from counter,player_7d562889,baseline_division_of_labor,dd0c0454cb58b1a9,1009.1804086120504,0.0,6.0,0.0,0.0,1.0,1.0,"(2, 2)","[p(2, 2)_cs(1.0)_ws(1.0)]_[p(5, 2)_cs(1.0)_ws(1.0)]"
1621,plate,put down,Counter_32,Counter,32,put down plate on counter,player_7d562889,baseline_division_of_labor,dd0c0454cb58b1a9,1009.1804086120504,0.0,6.0,0.0,0.0,1.0,1.0,"(2, 2)","[p(2, 2)_cs(1.0)_ws(1.0)]_[p(5, 2)_cs(1.0)_ws(1.0)]"
1621,tomato,pick up,Counter_32,Counter,32,pick up tomato from counter,player_7d562889,baseline_division_of_labor,dd0c0454cb58b1a9,1009.1804086120504,0.0,6.0,0.0,0.0,1.0,1.0,"(2, 2)","[p(2, 2)_cs(1.0)_ws(1.0)]_[p(5, 2)_cs(1.0)_ws(1.0)]"
1685,tomato,put down,Counter_32,Counter,32,put down tomato on counter,player_7d562889,baseline_division_of_labor,dd0c0454cb58b1a9,1041.18040861205,31.99999999999966,6.0,0.0,0.0,1.0,1.0,"(2, 2)","[p(2, 2)_cs(1.0)_ws(1.0)]_[p(5, 2)_cs(1.0)_ws(1.0)]"
1685,tomato_salad,pick up,Counter_32,Counter,32,pick up tomato_salad from counter,player_7d562889,baseline_division_of_labor,dd0c0454cb58b1a9,1041.18040861205,0.0,6.0,0.0,0.0,1.0,1.0,"(2, 2)","[p(2, 2)_cs(1.0)_ws(1.0)]_[p(5, 2)_cs(1.0)_ws(1.0)]"
1724,tomato_salad,deliver,Delivery_63,Delivery,63,deliver tomato_salad,player_7d562889,baseline_division_of_labor,dd0c0454cb58b1a9,1086.4352426079881,45.25483399593804,7.0,1.0,1.0,1.0,1.0,"(2, 2)","[p(2, 2)_cs(1.0)_ws(1.0)]_[p(5, 2)_cs(1.0)_ws(1.0)]"
1823,plate,pick up,Dispenser_71,Dispenser,71,pick up plate from dispenser,player_7d562889,baseline_division_of_labor,dd0c0454cb58b1a9,1156.8546142512355,70.41937164324736,7.0,0.0,1.0,1.0,1.0,"(2, 2)","[p(2, 2)_cs(1.0)_ws(1.0)]_[p(5, 2)_cs(1.0)_ws(1.0)]"
1908,plate,put down,Counter_32,Counter,32,put down plate on counter,player_7d562889,baseline_division_of_labor,dd0c0454cb58b1a9,1195.2616769179995,38.40706266676398,7.0,0.0,1.0,1.0,1.0,"(2, 2)","[p(2, 2)_cs(1.0)_ws(1.0)]_[p(5, 2)_cs(1.0)_ws(1.0)]"
1936,plate,pick up,Counter_32,Counter,32,pick up plate from counter,player_7d562889,baseline_division_of_labor,dd0c0454cb58b1a9,1195.2616769179995,0.0,7.0,0.0,1.0,1.0,1.0,"(2, 2)","[p(2, 2)_cs(1.0)_ws(1.0)]_[p(5, 2)_cs(1.0)_ws(1.0)]"
1970,plate,put down,Counter_32,Counter,32,put down plate on counter,player_7d562889,baseline_division_of_labor,dd0c0454cb58b1a9,1195.2616769179995,0.0,7.0,0.0,1.0,1.0,1.0,"(2, 2)","[p(2, 2)_cs(1.0)_ws(1.0)]_[p(5, 2)_cs(1.0)_ws(1.0)]"
2075,plate,pick up,Counter_32,Counter,32,pick up plate from counter,player_7d562889,baseline_division_of_labor,dd0c0454cb58b1a9,1262.7854991001907,67.52382218219122,7.0,0.0,1.0,1.0,1.0,"(2, 2)","[p(2, 2)_cs(1.0)_ws(1.0)]_[p(5, 2)_cs(1.0)_ws(1.0)]"
2109,plate,put down,Counter_32,Counter,32,put down plate on counter,player_7d562889,baseline_division_of_labor,dd0c0454cb58b1a9,1262.7854991001907,0.0,7.0,0.0,1.0,1.0,1.0,"(2, 2)","[p(2, 2)_cs(1.0)_ws(1.0)]_[p(5, 2)_cs(1.0)_ws(1.0)]"
