tick,item,action,target,target_type,target_position,action_long,player_id,map_name,game_id,phase,distance_walked,distance_walked_since_last_action,overall_score,player_score_change,player_score,walking_speed,cutting_speed,start_pos,prolific_id,condition,source,last_touched,touched_list,tomato_history,plate_history,is_exchange_collaboration
162,tomato,pick up,Dispenser_50,Dispenser,50,pick up tomato from dispenser,player_021492f2,encouraged_division_of_labor_large,1f76d632aa041159,train,16.0,0.0,0.0,0.0,0.0,1.0,0.2,"(5, 2)",6539b6073fd063faaca55dc6,"[p(1, 2)_cs(1.0)_ws(0.4)]_[p(5, 2)_cs(0.2)_ws(1.0)]_ability_hints_large_map",player_021492f2_actions,,[],,,
287,tomato,put down,Counter_22,Counter,22,put down tomato on counter,player_021492f2,encouraged_division_of_labor_large,1f76d632aa041159,train,54.590349674168806,38.590349674168806,0.0,0.0,0.0,1.0,0.2,"(5, 2)",6539b6073fd063faaca55dc6,"[p(1, 2)_cs(1.0)_ws(0.4)]_[p(5, 2)_cs(0.2)_ws(1.0)]_ability_hints_large_map",player_021492f2_actions,player_021492f2,['player_021492f2'],,,
345,tomato,pick up,Dispenser_50,Dispenser,50,pick up tomato from dispenser,player_021492f2,encouraged_division_of_labor_large,1f76d632aa041159,train,93.0735727599412,38.48322308577238,0.0,0.0,0.0,1.0,0.2,"(5, 2)",6539b6073fd063faaca55dc6,"[p(1, 2)_cs(1.0)_ws(0.4)]_[p(5, 2)_cs(0.2)_ws(1.0)]_ability_hints_large_map",player_021492f2_actions,,[],,,
413,tomato,put down,Counter_23,Counter,23,put down tomato on counter,player_021492f2,encouraged_division_of_labor_large,1f76d632aa041159,train,138.32840675588034,45.25483399593915,0.0,0.0,0.0,1.0,0.2,"(5, 2)",6539b6073fd063faaca55dc6,"[p(1, 2)_cs(1.0)_ws(0.4)]_[p(5, 2)_cs(0.2)_ws(1.0)]_ability_hints_large_map",player_021492f2_actions,player_021492f2,['player_021492f2'],,,
469,tomato,pick up,Dispenser_50,Dispenser,50,pick up tomato from dispenser,player_021492f2,encouraged_division_of_labor_large,1f76d632aa041159,train,183.5832407518191,45.25483399593875,0.0,0.0,0.0,1.0,0.2,"(5, 2)",6539b6073fd063faaca55dc6,"[p(1, 2)_cs(1.0)_ws(0.4)]_[p(5, 2)_cs(0.2)_ws(1.0)]_ability_hints_large_map",player_021492f2_actions,,[],,,
551,tomato,put down,Counter_24,Counter,24,put down tomato on counter,player_021492f2,encouraged_division_of_labor_large,1f76d632aa041159,train,244.75033674594513,61.16709599412604,0.0,0.0,0.0,1.0,0.2,"(5, 2)",6539b6073fd063faaca55dc6,"[p(1, 2)_cs(1.0)_ws(0.4)]_[p(5, 2)_cs(0.2)_ws(1.0)]_ability_hints_large_map",player_021492f2_actions,player_021492f2,['player_021492f2'],,,
570,tomato,pick up,Counter_22,Counter,22,pick up tomato from counter,player_6bf88c81,encouraged_division_of_labor_large,1f76d632aa041159,train,215.4353112471574,0.0,0.0,0.0,0.0,0.4,1.0,"(1, 2)",61fa94735719bc09cb834f49,"[p(1, 2)_cs(1.0)_ws(0.4)]_[p(5, 2)_cs(0.2)_ws(1.0)]_ability_hints_large_map",player_6bf88c81_actions,player_021492f2,['player_021492f2'],,,True
600,tomato,start cutting,CuttingBoard_02,CuttingBoard,2,start cutting tomato,player_6bf88c81,encouraged_division_of_labor_large,1f76d632aa041159,train,215.4353112471574,0.0,0.0,0.0,0.0,0.4,1.0,"(1, 2)",61fa94735719bc09cb834f49,"[p(1, 2)_cs(1.0)_ws(0.4)]_[p(5, 2)_cs(0.2)_ws(1.0)]_ability_hints_large_map",player_6bf88c81_actions,player_6bf88c81,"['player_021492f2', 'player_6bf88c81']",,,
658,plate,pick up,Dispenser_80,Dispenser,80,pick up plate from dispenser,player_021492f2,encouraged_division_of_labor_large,1f76d632aa041159,train,353.62654971979106,108.87621297384592,0.0,0.0,0.0,1.0,0.2,"(5, 2)",6539b6073fd063faaca55dc6,"[p(1, 2)_cs(1.0)_ws(0.4)]_[p(5, 2)_cs(0.2)_ws(1.0)]_ability_hints_large_map",player_021492f2_actions,,[],,,
708,tomato_cut,pick up,CuttingBoard_02,CuttingBoard,2,pick up tomato_cut from cuttingboard,player_6bf88c81,encouraged_division_of_labor_large,1f76d632aa041159,train,215.4353112471574,0.0,0.0,0.0,0.0,0.4,1.0,"(1, 2)",61fa94735719bc09cb834f49,"[p(1, 2)_cs(1.0)_ws(0.4)]_[p(5, 2)_cs(0.2)_ws(1.0)]_ability_hints_large_map",player_6bf88c81_actions,player_6bf88c81,"['player_021492f2', 'player_6bf88c81']",,,False
738,tomato_cut,put down,Counter_22,Counter,22,put down tomato_cut on counter,player_6bf88c81,encouraged_division_of_labor_large,1f76d632aa041159,train,215.4353112471574,0.0,0.0,0.0,0.0,0.4,1.0,"(1, 2)",61fa94735719bc09cb834f49,"[p(1, 2)_cs(1.0)_ws(0.4)]_[p(5, 2)_cs(0.2)_ws(1.0)]_ability_hints_large_map",player_6bf88c81_actions,player_6bf88c81,"['player_021492f2', 'player_6bf88c81', 'player_6bf88c81']",,,
763,plate,assemble salad,Counter_22,Counter,22,assemble salad,player_021492f2,encouraged_division_of_labor_large,1f76d632aa041159,train,440.1819009710302,86.55535125123913,0.0,0.0,0.0,1.0,0.2,"(5, 2)",6539b6073fd063faaca55dc6,"[p(1, 2)_cs(1.0)_ws(0.4)]_[p(5, 2)_cs(0.2)_ws(1.0)]_ability_hints_large_map",player_021492f2_actions,player_6bf88c81,['player_021492f2'],"['player_021492f2', 'player_6bf88c81', 'player_6bf88c81']",['player_021492f2'],True
930,plate,pick up,Dispenser_80,Dispenser,80,pick up plate from dispenser,player_021492f2,encouraged_division_of_labor_large,1f76d632aa041159,train,526.7372522222715,86.55535125124135,0.0,0.0,0.0,1.0,0.2,"(5, 2)",6539b6073fd063faaca55dc6,"[p(1, 2)_cs(1.0)_ws(0.4)]_[p(5, 2)_cs(0.2)_ws(1.0)]_ability_hints_large_map",player_021492f2_actions,,[],,,
1027,tomato,pick up,Counter_23,Counter,23,pick up tomato from counter,player_6bf88c81,encouraged_division_of_labor_large,1f76d632aa041159,train,287.43531124718425,72.00000000002686,0.0,0.0,0.0,0.4,1.0,"(1, 2)",61fa94735719bc09cb834f49,"[p(1, 2)_cs(1.0)_ws(0.4)]_[p(5, 2)_cs(0.2)_ws(1.0)]_ability_hints_large_map",player_6bf88c81_actions,player_021492f2,['player_021492f2'],,,True
1090,tomato,start cutting,CuttingBoard_02,CuttingBoard,2,start cutting tomato,player_6bf88c81,encouraged_division_of_labor_large,1f76d632aa041159,train,303.43531124718334,15.99999999999909,0.0,0.0,0.0,0.4,1.0,"(1, 2)",61fa94735719bc09cb834f49,"[p(1, 2)_cs(1.0)_ws(0.4)]_[p(5, 2)_cs(0.2)_ws(1.0)]_ability_hints_large_map",player_6bf88c81_actions,player_6bf88c81,"['player_021492f2', 'player_6bf88c81']",,,
1098,plate,put down,Counter_23,Counter,23,put down plate on counter,player_021492f2,encouraged_division_of_labor_large,1f76d632aa041159,train,678.5155028896073,151.77825066733578,0.0,0.0,0.0,1.0,0.2,"(5, 2)",6539b6073fd063faaca55dc6,"[p(1, 2)_cs(1.0)_ws(0.4)]_[p(5, 2)_cs(0.2)_ws(1.0)]_ability_hints_large_map",player_021492f2_actions,player_021492f2,['player_021492f2'],,,
1146,tomato_salad,pick up,Counter_22,Counter,22,pick up tomato_salad from counter,player_021492f2,encouraged_division_of_labor_large,1f76d632aa041159,train,694.5155028896068,15.999999999999432,0.0,0.0,0.0,1.0,0.2,"(5, 2)",6539b6073fd063faaca55dc6,"[p(1, 2)_cs(1.0)_ws(0.4)]_[p(5, 2)_cs(0.2)_ws(1.0)]_ability_hints_large_map",player_021492f2_actions,player_021492f2,['player_021492f2'],"['player_021492f2', 'player_6bf88c81', 'player_6bf88c81']",['player_021492f2'],False
1153,tomato_salad,put down,Counter_22,Counter,22,put down tomato_salad on counter,player_021492f2,encouraged_division_of_labor_large,1f76d632aa041159,train,694.5155028896068,0.0,0.0,0.0,0.0,1.0,0.2,"(5, 2)",6539b6073fd063faaca55dc6,"[p(1, 2)_cs(1.0)_ws(0.4)]_[p(5, 2)_cs(0.2)_ws(1.0)]_ability_hints_large_map",player_021492f2_actions,player_021492f2,"['player_021492f2', 'player_021492f2']","['player_021492f2', 'player_6bf88c81', 'player_6bf88c81']",['player_021492f2'],
1200,tomato_cut,pick up,CuttingBoard_02,CuttingBoard,2,pick up tomato_cut from cuttingboard,player_6bf88c81,encouraged_division_of_labor_large,1f76d632aa041159,train,303.43531124718334,0.0,0.0,0.0,0.0,0.4,1.0,"(1, 2)",61fa94735719bc09cb834f49,"[p(1, 2)_cs(1.0)_ws(0.4)]_[p(5, 2)_cs(0.2)_ws(1.0)]_ability_hints_large_map",player_6bf88c81_actions,player_6bf88c81,"['player_021492f2', 'player_6bf88c81']",,,False
1239,tomato_salad,pick up,Counter_22,Counter,22,pick up tomato_salad from counter,player_021492f2,encouraged_division_of_labor_large,1f76d632aa041159,train,758.515502889604,63.99999999999727,0.0,0.0,0.0,1.0,0.2,"(5, 2)",6539b6073fd063faaca55dc6,"[p(1, 2)_cs(1.0)_ws(0.4)]_[p(5, 2)_cs(0.2)_ws(1.0)]_ability_hints_large_map",player_021492f2_actions,player_021492f2,"['player_021492f2', 'player_021492f2']","['player_021492f2', 'player_6bf88c81', 'player_6bf88c81']",['player_021492f2'],False
1244,tomato_cut,assemble salad,Counter_23,Counter,23,assemble salad,player_6bf88c81,encouraged_division_of_labor_large,1f76d632aa041159,train,319.4353112471824,15.99999999999909,0.0,0.0,0.0,0.4,1.0,"(1, 2)",61fa94735719bc09cb834f49,"[p(1, 2)_cs(1.0)_ws(0.4)]_[p(5, 2)_cs(0.2)_ws(1.0)]_ability_hints_large_map",player_6bf88c81_actions,player_021492f2,['player_6bf88c81'],"['player_021492f2', 'player_6bf88c81', 'player_6bf88c81']",['player_021492f2'],True
1294,tomato_salad,deliver,Delivery_53,Delivery,53,deliver tomato_salad,player_021492f2,encouraged_division_of_labor_large,1f76d632aa041159,train,790.5155028896027,31.999999999998636,1.0,1.0,1.0,1.0,0.2,"(5, 2)",6539b6073fd063faaca55dc6,"[p(1, 2)_cs(1.0)_ws(0.4)]_[p(5, 2)_cs(0.2)_ws(1.0)]_ability_hints_large_map",player_021492f2_actions,player_021492f2,"['player_021492f2', 'player_021492f2', 'player_021492f2']","['player_021492f2', 'player_6bf88c81', 'player_6bf88c81']",['player_021492f2'],
1319,tomato,pick up,Counter_24,Counter,24,pick up tomato from counter,player_6bf88c81,encouraged_division_of_labor_large,1f76d632aa041159,train,335.43531124718197,15.999999999999543,1.0,0.0,0.0,0.4,1.0,"(1, 2)",61fa94735719bc09cb834f49,"[p(1, 2)_cs(1.0)_ws(0.4)]_[p(5, 2)_cs(0.2)_ws(1.0)]_ability_hints_large_map",player_6bf88c81_actions,player_021492f2,['player_021492f2'],,,True
1373,plate,pick up,Dispenser_80,Dispenser,80,pick up plate from dispenser,player_021492f2,encouraged_division_of_labor_large,1f76d632aa041159,train,844.9925124731599,54.47700958355722,1.0,0.0,1.0,1.0,0.2,"(5, 2)",6539b6073fd063faaca55dc6,"[p(1, 2)_cs(1.0)_ws(0.4)]_[p(5, 2)_cs(0.2)_ws(1.0)]_ability_hints_large_map",player_021492f2_actions,,[],,,
1411,tomato,start cutting,CuttingBoard_02,CuttingBoard,2,start cutting tomato,player_6bf88c81,encouraged_division_of_labor_large,1f76d632aa041159,train,367.4353112471806,31.999999999998636,1.0,0.0,0.0,0.4,1.0,"(1, 2)",61fa94735719bc09cb834f49,"[p(1, 2)_cs(1.0)_ws(0.4)]_[p(5, 2)_cs(0.2)_ws(1.0)]_ability_hints_large_map",player_6bf88c81_actions,player_6bf88c81,"['player_021492f2', 'player_6bf88c81']",,,
1464,plate,put down,Counter_22,Counter,22,put down plate on counter,player_021492f2,encouraged_division_of_labor_large,1f76d632aa041159,train,931.5478637243962,86.55535125123629,1.0,0.0,1.0,1.0,0.2,"(5, 2)",6539b6073fd063faaca55dc6,"[p(1, 2)_cs(1.0)_ws(0.4)]_[p(5, 2)_cs(0.2)_ws(1.0)]_ability_hints_large_map",player_021492f2_actions,player_021492f2,['player_021492f2'],,,
1506,tomato_salad,pick up,Counter_23,Counter,23,pick up tomato_salad from counter,player_021492f2,encouraged_division_of_labor_large,1f76d632aa041159,train,947.5478637243956,15.999999999999318,1.0,0.0,1.0,1.0,0.2,"(5, 2)",6539b6073fd063faaca55dc6,"[p(1, 2)_cs(1.0)_ws(0.4)]_[p(5, 2)_cs(0.2)_ws(1.0)]_ability_hints_large_map",player_021492f2_actions,player_6bf88c81,['player_6bf88c81'],"['player_021492f2', 'player_6bf88c81', 'player_6bf88c81']",['player_021492f2'],True
1513,tomato_cut,pick up,CuttingBoard_02,CuttingBoard,2,pick up tomato_cut from cuttingboard,player_6bf88c81,encouraged_division_of_labor_large,1f76d632aa041159,train,367.4353112471806,0.0,1.0,0.0,0.0,0.4,1.0,"(1, 2)",61fa94735719bc09cb834f49,"[p(1, 2)_cs(1.0)_ws(0.4)]_[p(5, 2)_cs(0.2)_ws(1.0)]_ability_hints_large_map",player_6bf88c81_actions,player_6bf88c81,"['player_021492f2', 'player_6bf88c81']",,,False
1538,tomato_cut,assemble salad,Counter_22,Counter,22,assemble salad,player_6bf88c81,encouraged_division_of_labor_large,1f76d632aa041159,train,367.4353112471806,0.0,1.0,0.0,0.0,0.4,1.0,"(1, 2)",61fa94735719bc09cb834f49,"[p(1, 2)_cs(1.0)_ws(0.4)]_[p(5, 2)_cs(0.2)_ws(1.0)]_ability_hints_large_map",player_6bf88c81_actions,player_021492f2,['player_6bf88c81'],"['player_021492f2', 'player_6bf88c81', 'player_6bf88c81']",['player_021492f2'],True
1566,tomato_salad,deliver,Delivery_53,Delivery,53,deliver tomato_salad,player_021492f2,encouraged_division_of_labor_large,1f76d632aa041159,train,986.057095470704,38.509231746308615,2.0,1.0,2.0,1.0,0.2,"(5, 2)",6539b6073fd063faaca55dc6,"[p(1, 2)_cs(1.0)_ws(0.4)]_[p(5, 2)_cs(0.2)_ws(1.0)]_ability_hints_large_map",player_021492f2_actions,player_021492f2,"['player_6bf88c81', 'player_021492f2']","['player_021492f2', 'player_6bf88c81', 'player_6bf88c81']",['player_021492f2'],
1685,tomato,pick up,Dispenser_50,Dispenser,50,pick up tomato from dispenser,player_021492f2,encouraged_division_of_labor_large,1f76d632aa041159,train,1002.0570954707036,15.999999999999543,2.0,0.0,2.0,1.0,0.2,"(5, 2)",6539b6073fd063faaca55dc6,"[p(1, 2)_cs(1.0)_ws(0.4)]_[p(5, 2)_cs(0.2)_ws(1.0)]_ability_hints_large_map",player_021492f2_actions,,[],,,
1759,tomato,put down,Counter_23,Counter,23,put down tomato on counter,player_021492f2,encouraged_division_of_labor_large,1f76d632aa041159,train,1047.3119294666417,45.254833995937815,2.0,0.0,2.0,1.0,0.2,"(5, 2)",6539b6073fd063faaca55dc6,"[p(1, 2)_cs(1.0)_ws(0.4)]_[p(5, 2)_cs(0.2)_ws(1.0)]_ability_hints_large_map",player_021492f2_actions,player_021492f2,['player_021492f2'],,,
1822,tomato,pick up,Dispenser_50,Dispenser,50,pick up tomato from dispenser,player_021492f2,encouraged_division_of_labor_large,1f76d632aa041159,train,1092.5667634625793,45.254833995937815,2.0,0.0,2.0,1.0,0.2,"(5, 2)",6539b6073fd063faaca55dc6,"[p(1, 2)_cs(1.0)_ws(0.4)]_[p(5, 2)_cs(0.2)_ws(1.0)]_ability_hints_large_map",player_021492f2_actions,,[],,,
1823,tomato,pick up,Counter_23,Counter,23,pick up tomato from counter,player_6bf88c81,encouraged_division_of_labor_large,1f76d632aa041159,train,383.4353112471797,15.99999999999909,2.0,0.0,0.0,0.4,1.0,"(1, 2)",61fa94735719bc09cb834f49,"[p(1, 2)_cs(1.0)_ws(0.4)]_[p(5, 2)_cs(0.2)_ws(1.0)]_ability_hints_large_map",player_6bf88c81_actions,player_021492f2,['player_021492f2'],,,True
1884,tomato,start cutting,CuttingBoard_02,CuttingBoard,2,start cutting tomato,player_6bf88c81,encouraged_division_of_labor_large,1f76d632aa041159,train,399.4353112471788,15.99999999999909,2.0,0.0,0.0,0.4,1.0,"(1, 2)",61fa94735719bc09cb834f49,"[p(1, 2)_cs(1.0)_ws(0.4)]_[p(5, 2)_cs(0.2)_ws(1.0)]_ability_hints_large_map",player_6bf88c81_actions,player_6bf88c81,"['player_021492f2', 'player_6bf88c81']",,,
1897,tomato,put down,Counter_23,Counter,23,put down tomato on counter,player_021492f2,encouraged_division_of_labor_large,1f76d632aa041159,train,1137.821597458517,45.254833995937815,2.0,0.0,2.0,1.0,0.2,"(5, 2)",6539b6073fd063faaca55dc6,"[p(1, 2)_cs(1.0)_ws(0.4)]_[p(5, 2)_cs(0.2)_ws(1.0)]_ability_hints_large_map",player_021492f2_actions,player_021492f2,['player_021492f2'],,,
1934,tomato_salad,pick up,Counter_22,Counter,22,pick up tomato_salad from counter,player_021492f2,encouraged_division_of_labor_large,1f76d632aa041159,train,1153.8215974585164,15.999999999999318,2.0,0.0,2.0,1.0,0.2,"(5, 2)",6539b6073fd063faaca55dc6,"[p(1, 2)_cs(1.0)_ws(0.4)]_[p(5, 2)_cs(0.2)_ws(1.0)]_ability_hints_large_map",player_021492f2_actions,player_6bf88c81,['player_6bf88c81'],"['player_021492f2', 'player_6bf88c81', 'player_6bf88c81']",['player_021492f2'],True
1986,tomato_salad,deliver,Delivery_53,Delivery,53,deliver tomato_salad,player_021492f2,encouraged_division_of_labor_large,1f76d632aa041159,train,1185.821597458515,31.999999999998636,3.0,1.0,3.0,1.0,0.2,"(5, 2)",6539b6073fd063faaca55dc6,"[p(1, 2)_cs(1.0)_ws(0.4)]_[p(5, 2)_cs(0.2)_ws(1.0)]_ability_hints_large_map",player_021492f2_actions,player_021492f2,"['player_6bf88c81', 'player_021492f2']","['player_021492f2', 'player_6bf88c81', 'player_6bf88c81']",['player_021492f2'],
2038,tomato,pick up,Counter_23,Counter,23,pick up tomato from counter,player_6bf88c81,encouraged_division_of_labor_large,1f76d632aa041159,train,415.4353112471779,15.99999999999909,3.0,0.0,0.0,0.4,1.0,"(1, 2)",61fa94735719bc09cb834f49,"[p(1, 2)_cs(1.0)_ws(0.4)]_[p(5, 2)_cs(0.2)_ws(1.0)]_ability_hints_large_map",player_6bf88c81_actions,player_021492f2,['player_021492f2'],,,True
2061,plate,pick up,Dispenser_80,Dispenser,80,pick up plate from dispenser,player_021492f2,encouraged_division_of_labor_large,1f76d632aa041159,train,1240.298607042071,54.47700958355563,3.0,0.0,3.0,1.0,0.2,"(5, 2)",6539b6073fd063faaca55dc6,"[p(1, 2)_cs(1.0)_ws(0.4)]_[p(5, 2)_cs(0.2)_ws(1.0)]_ability_hints_large_map",player_021492f2_actions,,[],,,
2130,tomato,start cutting,CuttingBoard_01,CuttingBoard,1,start cutting tomato,player_6bf88c81,encouraged_division_of_labor_large,1f76d632aa041159,train,447.4353112471763,31.99999999999841,3.0,0.0,0.0,0.4,1.0,"(1, 2)",61fa94735719bc09cb834f49,"[p(1, 2)_cs(1.0)_ws(0.4)]_[p(5, 2)_cs(0.2)_ws(1.0)]_ability_hints_large_map",player_6bf88c81_actions,player_6bf88c81,"['player_021492f2', 'player_6bf88c81']",,,
2165,plate,put down,Counter_22,Counter,22,put down plate on counter,player_021492f2,encouraged_division_of_labor_large,1f76d632aa041159,train,1326.8539582933067,86.55535125123606,3.0,0.0,3.0,1.0,0.2,"(5, 2)",6539b6073fd063faaca55dc6,"[p(1, 2)_cs(1.0)_ws(0.4)]_[p(5, 2)_cs(0.2)_ws(1.0)]_ability_hints_large_map",player_021492f2_actions,player_021492f2,['player_021492f2'],,,
2238,tomato_cut,pick up,CuttingBoard_01,CuttingBoard,1,pick up tomato_cut from cuttingboard,player_6bf88c81,encouraged_division_of_labor_large,1f76d632aa041159,train,447.4353112471763,0.0,3.0,0.0,0.0,0.4,1.0,"(1, 2)",61fa94735719bc09cb834f49,"[p(1, 2)_cs(1.0)_ws(0.4)]_[p(5, 2)_cs(0.2)_ws(1.0)]_ability_hints_large_map",player_6bf88c81_actions,player_6bf88c81,"['player_021492f2', 'player_6bf88c81']",,,False
2247,plate,pick up,Dispenser_80,Dispenser,80,pick up plate from dispenser,player_021492f2,encouraged_division_of_labor_large,1f76d632aa041159,train,1413.4093095445455,86.55535125123879,3.0,0.0,3.0,1.0,0.2,"(5, 2)",6539b6073fd063faaca55dc6,"[p(1, 2)_cs(1.0)_ws(0.4)]_[p(5, 2)_cs(0.2)_ws(1.0)]_ability_hints_large_map",player_021492f2_actions,,[],,,
2291,tomato_cut,assemble salad,Counter_22,Counter,22,assemble salad,player_6bf88c81,encouraged_division_of_labor_large,1f76d632aa041159,train,463.4353112471756,15.999999999999318,3.0,0.0,0.0,0.4,1.0,"(1, 2)",61fa94735719bc09cb834f49,"[p(1, 2)_cs(1.0)_ws(0.4)]_[p(5, 2)_cs(0.2)_ws(1.0)]_ability_hints_large_map",player_6bf88c81_actions,player_021492f2,['player_6bf88c81'],"['player_021492f2', 'player_6bf88c81', 'player_6bf88c81']",['player_021492f2'],True
2342,plate,put down,Counter_23,Counter,23,put down plate on counter,player_021492f2,encouraged_division_of_labor_large,1f76d632aa041159,train,1506.2389661400507,92.82965659550518,3.0,0.0,3.0,1.0,0.2,"(5, 2)",6539b6073fd063faaca55dc6,"[p(1, 2)_cs(1.0)_ws(0.4)]_[p(5, 2)_cs(0.2)_ws(1.0)]_ability_hints_large_map",player_021492f2_actions,player_021492f2,['player_021492f2'],,,
2344,tomato_cut,pick up,CuttingBoard_02,CuttingBoard,2,pick up tomato_cut from cuttingboard,player_6bf88c81,encouraged_division_of_labor_large,1f76d632aa041159,train,463.4353112471756,0.0,3.0,0.0,0.0,0.4,1.0,"(1, 2)",61fa94735719bc09cb834f49,"[p(1, 2)_cs(1.0)_ws(0.4)]_[p(5, 2)_cs(0.2)_ws(1.0)]_ability_hints_large_map",player_6bf88c81_actions,player_6bf88c81,"['player_021492f2', 'player_6bf88c81']",,,False
2378,tomato_salad,pick up,Counter_22,Counter,22,pick up tomato_salad from counter,player_021492f2,encouraged_division_of_labor_large,1f76d632aa041159,train,1522.23896614005,15.999999999999318,3.0,0.0,3.0,1.0,0.2,"(5, 2)",6539b6073fd063faaca55dc6,"[p(1, 2)_cs(1.0)_ws(0.4)]_[p(5, 2)_cs(0.2)_ws(1.0)]_ability_hints_large_map",player_021492f2_actions,player_6bf88c81,['player_6bf88c81'],"['player_021492f2', 'player_6bf88c81', 'player_6bf88c81']",['player_021492f2'],True
2406,tomato_cut,assemble salad,Counter_23,Counter,23,assemble salad,player_6bf88c81,encouraged_division_of_labor_large,1f76d632aa041159,train,479.4353112471747,15.99999999999909,3.0,0.0,0.0,0.4,1.0,"(1, 2)",61fa94735719bc09cb834f49,"[p(1, 2)_cs(1.0)_ws(0.4)]_[p(5, 2)_cs(0.2)_ws(1.0)]_ability_hints_large_map",player_6bf88c81_actions,player_021492f2,['player_6bf88c81'],"['player_021492f2', 'player_6bf88c81', 'player_6bf88c81']",['player_021492f2'],True
2440,tomato_salad,deliver,Delivery_53,Delivery,53,deliver tomato_salad,player_021492f2,encouraged_division_of_labor_large,1f76d632aa041159,train,1554.238966140049,31.999999999998636,4.0,1.0,4.0,1.0,0.2,"(5, 2)",6539b6073fd063faaca55dc6,"[p(1, 2)_cs(1.0)_ws(0.4)]_[p(5, 2)_cs(0.2)_ws(1.0)]_ability_hints_large_map",player_021492f2_actions,player_021492f2,"['player_6bf88c81', 'player_021492f2']","['player_021492f2', 'player_6bf88c81', 'player_6bf88c81']",['player_021492f2'],
2493,tomato,pick up,Dispenser_50,Dispenser,50,pick up tomato from dispenser,player_021492f2,encouraged_division_of_labor_large,1f76d632aa041159,train,1570.238966140049,16.0,4.0,0.0,4.0,1.0,0.2,"(5, 2)",6539b6073fd063faaca55dc6,"[p(1, 2)_cs(1.0)_ws(0.4)]_[p(5, 2)_cs(0.2)_ws(1.0)]_ability_hints_large_map",player_021492f2_actions,,[],,,
2547,tomato,put down,Counter_22,Counter,22,put down tomato on counter,player_021492f2,encouraged_division_of_labor_large,1f76d632aa041159,train,1608.72218922582,38.483223085771215,4.0,0.0,4.0,1.0,0.2,"(5, 2)",6539b6073fd063faaca55dc6,"[p(1, 2)_cs(1.0)_ws(0.4)]_[p(5, 2)_cs(0.2)_ws(1.0)]_ability_hints_large_map",player_021492f2_actions,player_021492f2,['player_021492f2'],,,
2574,tomato,pick up,Counter_22,Counter,22,pick up tomato from counter,player_6bf88c81,encouraged_division_of_labor_large,1f76d632aa041159,train,495.4353112471738,15.99999999999909,4.0,0.0,0.0,0.4,1.0,"(1, 2)",61fa94735719bc09cb834f49,"[p(1, 2)_cs(1.0)_ws(0.4)]_[p(5, 2)_cs(0.2)_ws(1.0)]_ability_hints_large_map",player_6bf88c81_actions,player_021492f2,['player_021492f2'],,,True
2586,tomato_salad,pick up,Counter_23,Counter,23,pick up tomato_salad from counter,player_021492f2,encouraged_division_of_labor_large,1f76d632aa041159,train,1624.7221892258192,15.999999999999318,4.0,0.0,4.0,1.0,0.2,"(5, 2)",6539b6073fd063faaca55dc6,"[p(1, 2)_cs(1.0)_ws(0.4)]_[p(5, 2)_cs(0.2)_ws(1.0)]_ability_hints_large_map",player_021492f2_actions,player_6bf88c81,['player_6bf88c81'],"['player_021492f2', 'player_6bf88c81', 'player_6bf88c81']",['player_021492f2'],True
2601,tomato,start cutting,CuttingBoard_02,CuttingBoard,2,start cutting tomato,player_6bf88c81,encouraged_division_of_labor_large,1f76d632aa041159,train,495.4353112471738,0.0,4.0,0.0,0.0,0.4,1.0,"(1, 2)",61fa94735719bc09cb834f49,"[p(1, 2)_cs(1.0)_ws(0.4)]_[p(5, 2)_cs(0.2)_ws(1.0)]_ability_hints_large_map",player_6bf88c81_actions,player_6bf88c81,"['player_021492f2', 'player_6bf88c81']",,,
2774,tomato_salad,deliver,Delivery_63,Delivery,63,deliver tomato_salad,player_021492f2,encouraged_division_of_labor_large,1f76d632aa041159,train,1679.2313872097577,54.50919798393852,5.0,1.0,5.0,1.0,0.2,"(5, 2)",6539b6073fd063faaca55dc6,"[p(1, 2)_cs(1.0)_ws(0.4)]_[p(5, 2)_cs(0.2)_ws(1.0)]_ability_hints_large_map",player_021492f2_actions,player_021492f2,"['player_6bf88c81', 'player_021492f2']","['player_021492f2', 'player_6bf88c81', 'player_6bf88c81']",['player_021492f2'],
2848,plate,pick up,Dispenser_80,Dispenser,80,pick up plate from dispenser,player_021492f2,encouraged_division_of_labor_large,1f76d632aa041159,train,1717.7146102955282,38.48322308577053,5.0,0.0,5.0,1.0,0.2,"(5, 2)",6539b6073fd063faaca55dc6,"[p(1, 2)_cs(1.0)_ws(0.4)]_[p(5, 2)_cs(0.2)_ws(1.0)]_ability_hints_large_map",player_021492f2_actions,,[],,,
2879,plate,put down,Dispenser_80,Dispenser,80,put down plate on dispenser,player_021492f2,encouraged_division_of_labor_large,1f76d632aa041159,train,1717.7146102955282,0.0,0.0,-5.0,0.0,1.0,0.2,"(5, 2)",6539b6073fd063faaca55dc6,"[p(1, 2)_cs(1.0)_ws(0.4)]_[p(5, 2)_cs(0.2)_ws(1.0)]_ability_hints_large_map",player_021492f2_actions,player_021492f2,['player_021492f2'],,,
3053,tomato,pick up,Dispenser_50,Dispenser,50,pick up tomato from dispenser,player_021492f2,encouraged_division_of_labor_large,1f76d632aa041159,test,1784.3110528582224,66.59644256269416,0.0,0.0,0.0,1.0,0.2,"(5, 2)",6539b6073fd063faaca55dc6,"[p(1, 2)_cs(1.0)_ws(0.4)]_[p(5, 2)_cs(0.2)_ws(1.0)]_ability_hints_large_map",player_021492f2_actions,,[],,,
3113,tomato,put down,Counter_22,Counter,22,put down tomato on counter,player_021492f2,encouraged_division_of_labor_large,1f76d632aa041159,test,1822.7942759439936,38.483223085771215,0.0,0.0,0.0,1.0,0.2,"(5, 2)",6539b6073fd063faaca55dc6,"[p(1, 2)_cs(1.0)_ws(0.4)]_[p(5, 2)_cs(0.2)_ws(1.0)]_ability_hints_large_map",player_021492f2_actions,player_021492f2,['player_021492f2'],,,
3137,tomato,pick up,Counter_22,Counter,22,pick up tomato from counter,player_6bf88c81,encouraged_division_of_labor_large,1f76d632aa041159,test,495.4353112471738,0.0,0.0,0.0,0.0,0.4,1.0,"(1, 2)",61fa94735719bc09cb834f49,"[p(1, 2)_cs(1.0)_ws(0.4)]_[p(5, 2)_cs(0.2)_ws(1.0)]_ability_hints_large_map",player_6bf88c81_actions,player_021492f2,['player_021492f2'],,,True
3185,tomato,pick up,Dispenser_50,Dispenser,50,pick up tomato from dispenser,player_021492f2,encouraged_division_of_labor_large,1f76d632aa041159,test,1861.277499029764,38.48322308577053,0.0,0.0,0.0,1.0,0.2,"(5, 2)",6539b6073fd063faaca55dc6,"[p(1, 2)_cs(1.0)_ws(0.4)]_[p(5, 2)_cs(0.2)_ws(1.0)]_ability_hints_large_map",player_021492f2_actions,,[],,,
3198,tomato,start cutting,CuttingBoard_10,CuttingBoard,10,start cutting tomato,player_6bf88c81,encouraged_division_of_labor_large,1f76d632aa041159,test,511.4353112471731,15.999999999999318,0.0,0.0,0.0,0.4,1.0,"(1, 2)",61fa94735719bc09cb834f49,"[p(1, 2)_cs(1.0)_ws(0.4)]_[p(5, 2)_cs(0.2)_ws(1.0)]_ability_hints_large_map",player_6bf88c81_actions,player_6bf88c81,"['player_021492f2', 'player_6bf88c81']",,,
3251,tomato,put down,Counter_23,Counter,23,put down tomato on counter,player_021492f2,encouraged_division_of_labor_large,1f76d632aa041159,test,1906.532333025702,45.254833995937815,0.0,0.0,0.0,1.0,0.2,"(5, 2)",6539b6073fd063faaca55dc6,"[p(1, 2)_cs(1.0)_ws(0.4)]_[p(5, 2)_cs(0.2)_ws(1.0)]_ability_hints_large_map",player_021492f2_actions,player_021492f2,['player_021492f2'],,,
3305,tomato,pick up,Dispenser_50,Dispenser,50,pick up tomato from dispenser,player_021492f2,encouraged_division_of_labor_large,1f76d632aa041159,test,1951.78716702164,45.254833995937815,0.0,0.0,0.0,1.0,0.2,"(5, 2)",6539b6073fd063faaca55dc6,"[p(1, 2)_cs(1.0)_ws(0.4)]_[p(5, 2)_cs(0.2)_ws(1.0)]_ability_hints_large_map",player_021492f2_actions,,[],,,
3345,tomato,pick up,Counter_23,Counter,23,pick up tomato from counter,player_6bf88c81,encouraged_division_of_labor_large,1f76d632aa041159,test,543.4353112471715,31.99999999999841,0.0,0.0,0.0,0.4,1.0,"(1, 2)",61fa94735719bc09cb834f49,"[p(1, 2)_cs(1.0)_ws(0.4)]_[p(5, 2)_cs(0.2)_ws(1.0)]_ability_hints_large_map",player_6bf88c81_actions,player_021492f2,['player_021492f2'],,,True
3364,tomato,put down,Counter_22,Counter,22,put down tomato on counter,player_021492f2,encouraged_division_of_labor_large,1f76d632aa041159,test,1990.270390107411,38.483223085771215,0.0,0.0,0.0,1.0,0.2,"(5, 2)",6539b6073fd063faaca55dc6,"[p(1, 2)_cs(1.0)_ws(0.4)]_[p(5, 2)_cs(0.2)_ws(1.0)]_ability_hints_large_map",player_021492f2_actions,player_021492f2,['player_021492f2'],,,
3438,tomato,start cutting,CuttingBoard_01,CuttingBoard,1,start cutting tomato,player_6bf88c81,encouraged_division_of_labor_large,1f76d632aa041159,test,575.4353112471699,31.99999999999841,0.0,0.0,0.0,0.4,1.0,"(1, 2)",61fa94735719bc09cb834f49,"[p(1, 2)_cs(1.0)_ws(0.4)]_[p(5, 2)_cs(0.2)_ws(1.0)]_ability_hints_large_map",player_6bf88c81_actions,player_6bf88c81,"['player_021492f2', 'player_6bf88c81']",,,
3458,plate,pick up,Dispenser_80,Dispenser,80,pick up plate from dispenser,player_021492f2,encouraged_division_of_labor_large,1f76d632aa041159,test,2076.825741358653,86.55535125124197,0.0,0.0,0.0,1.0,0.2,"(5, 2)",6539b6073fd063faaca55dc6,"[p(1, 2)_cs(1.0)_ws(0.4)]_[p(5, 2)_cs(0.2)_ws(1.0)]_ability_hints_large_map",player_021492f2_actions,,[],,,
3498,tomato,pick up,Counter_22,Counter,22,pick up tomato from counter,player_6bf88c81,encouraged_division_of_labor_large,1f76d632aa041159,test,591.4353112471692,15.999999999999318,0.0,0.0,0.0,0.4,1.0,"(1, 2)",61fa94735719bc09cb834f49,"[p(1, 2)_cs(1.0)_ws(0.4)]_[p(5, 2)_cs(0.2)_ws(1.0)]_ability_hints_large_map",player_6bf88c81_actions,player_021492f2,['player_021492f2'],,,True
3536,tomato,start cutting,CuttingBoard_02,CuttingBoard,2,start cutting tomato,player_6bf88c81,encouraged_division_of_labor_large,1f76d632aa041159,test,591.4353112471692,0.0,0.0,0.0,0.0,0.4,1.0,"(1, 2)",61fa94735719bc09cb834f49,"[p(1, 2)_cs(1.0)_ws(0.4)]_[p(5, 2)_cs(0.2)_ws(1.0)]_ability_hints_large_map",player_6bf88c81_actions,player_6bf88c81,"['player_021492f2', 'player_6bf88c81']",,,
3556,plate,put down,Counter_23,Counter,23,put down plate on counter,player_021492f2,encouraged_division_of_labor_large,1f76d632aa041159,test,2169.830017416372,93.00427605771893,0.0,0.0,0.0,1.0,0.2,"(5, 2)",6539b6073fd063faaca55dc6,"[p(1, 2)_cs(1.0)_ws(0.4)]_[p(5, 2)_cs(0.2)_ws(1.0)]_ability_hints_large_map",player_021492f2_actions,player_021492f2,['player_021492f2'],,,
3674,plate,pick up,Dispenser_80,Dispenser,80,pick up plate from dispenser,player_021492f2,encouraged_division_of_labor_large,1f76d632aa041159,test,2262.8342934740913,93.00427605771938,0.0,0.0,0.0,1.0,0.2,"(5, 2)",6539b6073fd063faaca55dc6,"[p(1, 2)_cs(1.0)_ws(0.4)]_[p(5, 2)_cs(0.2)_ws(1.0)]_ability_hints_large_map",player_021492f2_actions,,[],,,
3731,tomato_cut,pick up,CuttingBoard_10,CuttingBoard,10,pick up tomato_cut from cuttingboard,player_6bf88c81,encouraged_division_of_labor_large,1f76d632aa041159,test,607.4353112471687,15.999999999999432,0.0,0.0,0.0,0.4,1.0,"(1, 2)",61fa94735719bc09cb834f49,"[p(1, 2)_cs(1.0)_ws(0.4)]_[p(5, 2)_cs(0.2)_ws(1.0)]_ability_hints_large_map",player_6bf88c81_actions,player_6bf88c81,"['player_021492f2', 'player_6bf88c81']",,,False
3794,plate,put down,Counter_24,Counter,24,put down plate on counter,player_021492f2,encouraged_division_of_labor_large,1f76d632aa041159,test,2371.683364424091,108.84907094999971,0.0,0.0,0.0,1.0,0.2,"(5, 2)",6539b6073fd063faaca55dc6,"[p(1, 2)_cs(1.0)_ws(0.4)]_[p(5, 2)_cs(0.2)_ws(1.0)]_ability_hints_large_map",player_021492f2_actions,player_021492f2,['player_021492f2'],,,
3823,tomato_cut,assemble salad,Counter_23,Counter,23,assemble salad,player_6bf88c81,encouraged_division_of_labor_large,1f76d632aa041159,test,639.4353112471671,31.99999999999841,0.0,0.0,0.0,0.4,1.0,"(1, 2)",61fa94735719bc09cb834f49,"[p(1, 2)_cs(1.0)_ws(0.4)]_[p(5, 2)_cs(0.2)_ws(1.0)]_ability_hints_large_map",player_6bf88c81_actions,player_021492f2,['player_6bf88c81'],"['player_021492f2', 'player_6bf88c81', 'player_6bf88c81']",['player_021492f2'],True
3906,plate,pick up,Dispenser_80,Dispenser,80,pick up plate from dispenser,player_021492f2,encouraged_division_of_labor_large,1f76d632aa041159,test,2480.559577397935,108.87621297384383,0.0,0.0,0.0,1.0,0.2,"(5, 2)",6539b6073fd063faaca55dc6,"[p(1, 2)_cs(1.0)_ws(0.4)]_[p(5, 2)_cs(0.2)_ws(1.0)]_ability_hints_large_map",player_021492f2_actions,,[],,,
3970,tomato_cut,pick up,CuttingBoard_02,CuttingBoard,2,pick up tomato_cut from cuttingboard,player_6bf88c81,encouraged_division_of_labor_large,1f76d632aa041159,test,696.4353112471834,57.00000000001637,0.0,0.0,0.0,0.4,1.0,"(1, 2)",61fa94735719bc09cb834f49,"[p(1, 2)_cs(1.0)_ws(0.4)]_[p(5, 2)_cs(0.2)_ws(1.0)]_ability_hints_large_map",player_6bf88c81_actions,player_6bf88c81,"['player_021492f2', 'player_6bf88c81']",,,False
3993,plate,put down,Counter_22,Counter,22,put down plate on counter,player_021492f2,encouraged_division_of_labor_large,1f76d632aa041159,test,2567.114928649181,86.55535125124607,0.0,0.0,0.0,1.0,0.2,"(5, 2)",6539b6073fd063faaca55dc6,"[p(1, 2)_cs(1.0)_ws(0.4)]_[p(5, 2)_cs(0.2)_ws(1.0)]_ability_hints_large_map",player_021492f2_actions,player_021492f2,['player_021492f2'],,,
4036,tomato_salad,pick up,Counter_23,Counter,23,pick up tomato_salad from counter,player_021492f2,encouraged_division_of_labor_large,1f76d632aa041159,test,2583.1149286491827,16.00000000000182,0.0,0.0,0.0,1.0,0.2,"(5, 2)",6539b6073fd063faaca55dc6,"[p(1, 2)_cs(1.0)_ws(0.4)]_[p(5, 2)_cs(0.2)_ws(1.0)]_ability_hints_large_map",player_021492f2_actions,player_6bf88c81,['player_6bf88c81'],"['player_021492f2', 'player_6bf88c81', 'player_6bf88c81']",['player_021492f2'],True
4069,tomato_cut,assemble salad,Counter_24,Counter,24,assemble salad,player_6bf88c81,encouraged_division_of_labor_large,1f76d632aa041159,test,728.4353112471821,31.999999999998636,0.0,0.0,0.0,0.4,1.0,"(1, 2)",61fa94735719bc09cb834f49,"[p(1, 2)_cs(1.0)_ws(0.4)]_[p(5, 2)_cs(0.2)_ws(1.0)]_ability_hints_large_map",player_6bf88c81_actions,player_021492f2,['player_6bf88c81'],"['player_021492f2', 'player_6bf88c81', 'player_6bf88c81']",['player_021492f2'],True
4200,tomato_cut,pick up,CuttingBoard_01,CuttingBoard,1,pick up tomato_cut from cuttingboard,player_6bf88c81,encouraged_division_of_labor_large,1f76d632aa041159,test,776.43531124718,47.999999999997954,0.0,0.0,0.0,0.4,1.0,"(1, 2)",61fa94735719bc09cb834f49,"[p(1, 2)_cs(1.0)_ws(0.4)]_[p(5, 2)_cs(0.2)_ws(1.0)]_ability_hints_large_map",player_6bf88c81_actions,player_6bf88c81,"['player_021492f2', 'player_6bf88c81']",,,False
4220,tomato_salad,deliver,Delivery_63,Delivery,63,deliver tomato_salad,player_021492f2,encouraged_division_of_labor_large,1f76d632aa041159,test,2637.624126633127,54.50919798394443,1.0,1.0,1.0,1.0,0.2,"(5, 2)",6539b6073fd063faaca55dc6,"[p(1, 2)_cs(1.0)_ws(0.4)]_[p(5, 2)_cs(0.2)_ws(1.0)]_ability_hints_large_map",player_021492f2_actions,player_021492f2,"['player_6bf88c81', 'player_021492f2']","['player_021492f2', 'player_6bf88c81', 'player_6bf88c81']",['player_021492f2'],
4272,tomato_cut,assemble salad,Counter_22,Counter,22,assemble salad,player_6bf88c81,encouraged_division_of_labor_large,1f76d632aa041159,test,792.4353112471794,15.999999999999318,1.0,0.0,0.0,0.4,1.0,"(1, 2)",61fa94735719bc09cb834f49,"[p(1, 2)_cs(1.0)_ws(0.4)]_[p(5, 2)_cs(0.2)_ws(1.0)]_ability_hints_large_map",player_6bf88c81_actions,player_021492f2,['player_6bf88c81'],"['player_021492f2', 'player_6bf88c81', 'player_6bf88c81']",['player_021492f2'],True
4277,plate,pick up,Dispenser_80,Dispenser,80,pick up plate from dispenser,player_021492f2,encouraged_division_of_labor_large,1f76d632aa041159,test,2676.107349718901,38.48322308577371,1.0,0.0,1.0,1.0,0.2,"(5, 2)",6539b6073fd063faaca55dc6,"[p(1, 2)_cs(1.0)_ws(0.4)]_[p(5, 2)_cs(0.2)_ws(1.0)]_ability_hints_large_map",player_021492f2_actions,,[],,,
4378,plate,put down,Counter_23,Counter,23,put down plate on counter,player_021492f2,encouraged_division_of_labor_large,1f76d632aa041159,test,2768.9370063144142,92.82965659551336,1.0,0.0,1.0,1.0,0.2,"(5, 2)",6539b6073fd063faaca55dc6,"[p(1, 2)_cs(1.0)_ws(0.4)]_[p(5, 2)_cs(0.2)_ws(1.0)]_ability_hints_large_map",player_021492f2_actions,player_021492f2,['player_021492f2'],,,
4413,tomato_salad,pick up,Counter_22,Counter,22,pick up tomato_salad from counter,player_021492f2,encouraged_division_of_labor_large,1f76d632aa041159,test,2784.937006314416,16.00000000000182,1.0,0.0,1.0,1.0,0.2,"(5, 2)",6539b6073fd063faaca55dc6,"[p(1, 2)_cs(1.0)_ws(0.4)]_[p(5, 2)_cs(0.2)_ws(1.0)]_ability_hints_large_map",player_021492f2_actions,player_6bf88c81,['player_6bf88c81'],"['player_021492f2', 'player_6bf88c81', 'player_6bf88c81']",['player_021492f2'],True
4464,tomato_salad,deliver,Delivery_53,Delivery,53,deliver tomato_salad,player_021492f2,encouraged_division_of_labor_large,1f76d632aa041159,test,2816.93700631442,32.00000000000409,2.0,1.0,2.0,1.0,0.2,"(5, 2)",6539b6073fd063faaca55dc6,"[p(1, 2)_cs(1.0)_ws(0.4)]_[p(5, 2)_cs(0.2)_ws(1.0)]_ability_hints_large_map",player_021492f2_actions,player_021492f2,"['player_6bf88c81', 'player_021492f2']","['player_021492f2', 'player_6bf88c81', 'player_6bf88c81']",['player_021492f2'],
4487,tomato,pick up,Dispenser_50,Dispenser,50,pick up tomato from dispenser,player_021492f2,encouraged_division_of_labor_large,1f76d632aa041159,test,2832.9370063144215,16.000000000001364,2.0,0.0,2.0,1.0,0.2,"(5, 2)",6539b6073fd063faaca55dc6,"[p(1, 2)_cs(1.0)_ws(0.4)]_[p(5, 2)_cs(0.2)_ws(1.0)]_ability_hints_large_map",player_021492f2_actions,,[],,,
4538,tomato,put down,Counter_22,Counter,22,put down tomato on counter,player_021492f2,encouraged_division_of_labor_large,1f76d632aa041159,test,2871.420229400194,38.48322308577235,2.0,0.0,2.0,1.0,0.2,"(5, 2)",6539b6073fd063faaca55dc6,"[p(1, 2)_cs(1.0)_ws(0.4)]_[p(5, 2)_cs(0.2)_ws(1.0)]_ability_hints_large_map",player_021492f2_actions,player_021492f2,['player_021492f2'],,,
4568,tomato,pick up,Counter_22,Counter,22,pick up tomato from counter,player_6bf88c81,encouraged_division_of_labor_large,1f76d632aa041159,test,792.4353112471794,0.0,2.0,0.0,0.0,0.4,1.0,"(1, 2)",61fa94735719bc09cb834f49,"[p(1, 2)_cs(1.0)_ws(0.4)]_[p(5, 2)_cs(0.2)_ws(1.0)]_ability_hints_large_map",player_6bf88c81_actions,player_021492f2,['player_021492f2'],,,True
4587,tomato,pick up,Dispenser_50,Dispenser,50,pick up tomato from dispenser,player_021492f2,encouraged_division_of_labor_large,1f76d632aa041159,test,2909.9034524859685,38.483223085774625,2.0,0.0,2.0,1.0,0.2,"(5, 2)",6539b6073fd063faaca55dc6,"[p(1, 2)_cs(1.0)_ws(0.4)]_[p(5, 2)_cs(0.2)_ws(1.0)]_ability_hints_large_map",player_021492f2_actions,,[],,,
4626,tomato,start cutting,CuttingBoard_10,CuttingBoard,10,start cutting tomato,player_6bf88c81,encouraged_division_of_labor_large,1f76d632aa041159,test,808.4353112471787,15.999999999999318,2.0,0.0,0.0,0.4,1.0,"(1, 2)",61fa94735719bc09cb834f49,"[p(1, 2)_cs(1.0)_ws(0.4)]_[p(5, 2)_cs(0.2)_ws(1.0)]_ability_hints_large_map",player_6bf88c81_actions,player_6bf88c81,"['player_021492f2', 'player_6bf88c81']",,,
4641,tomato,put down,Counter_22,Counter,22,put down tomato on counter,player_021492f2,encouraged_division_of_labor_large,1f76d632aa041159,test,2948.386675571741,38.48322308577235,2.0,0.0,2.0,1.0,0.2,"(5, 2)",6539b6073fd063faaca55dc6,"[p(1, 2)_cs(1.0)_ws(0.4)]_[p(5, 2)_cs(0.2)_ws(1.0)]_ability_hints_large_map",player_021492f2_actions,player_021492f2,['player_021492f2'],,,
4688,tomato_salad,pick up,Counter_24,Counter,24,pick up tomato_salad from counter,player_021492f2,encouraged_division_of_labor_large,1f76d632aa041159,test,2980.386675571745,32.00000000000409,2.0,0.0,2.0,1.0,0.2,"(5, 2)",6539b6073fd063faaca55dc6,"[p(1, 2)_cs(1.0)_ws(0.4)]_[p(5, 2)_cs(0.2)_ws(1.0)]_ability_hints_large_map",player_021492f2_actions,player_6bf88c81,['player_6bf88c81'],"['player_021492f2', 'player_6bf88c81', 'player_6bf88c81']",['player_021492f2'],True
4728,tomato_cut,pick up,CuttingBoard_10,CuttingBoard,10,pick up tomato_cut from cuttingboard,player_6bf88c81,encouraged_division_of_labor_large,1f76d632aa041159,test,808.4353112471787,0.0,2.0,0.0,0.0,0.4,1.0,"(1, 2)",61fa94735719bc09cb834f49,"[p(1, 2)_cs(1.0)_ws(0.4)]_[p(5, 2)_cs(0.2)_ws(1.0)]_ability_hints_large_map",player_6bf88c81_actions,player_6bf88c81,"['player_021492f2', 'player_6bf88c81']",,,False
4755,tomato_salad,deliver,Delivery_53,Delivery,53,deliver tomato_salad,player_021492f2,encouraged_division_of_labor_large,1f76d632aa041159,test,3034.704793967668,54.31811839592319,3.0,1.0,3.0,1.0,0.2,"(5, 2)",6539b6073fd063faaca55dc6,"[p(1, 2)_cs(1.0)_ws(0.4)]_[p(5, 2)_cs(0.2)_ws(1.0)]_ability_hints_large_map",player_021492f2_actions,player_021492f2,"['player_6bf88c81', 'player_021492f2']","['player_021492f2', 'player_6bf88c81', 'player_6bf88c81']",['player_021492f2'],
4817,plate,pick up,Dispenser_80,Dispenser,80,pick up plate from dispenser,player_021492f2,encouraged_division_of_labor_large,1f76d632aa041159,test,3089.1818035512297,54.47700958356154,3.0,0.0,3.0,1.0,0.2,"(5, 2)",6539b6073fd063faaca55dc6,"[p(1, 2)_cs(1.0)_ws(0.4)]_[p(5, 2)_cs(0.2)_ws(1.0)]_ability_hints_large_map",player_021492f2_actions,,[],,,
4823,tomato_cut,assemble salad,Counter_23,Counter,23,assemble salad,player_6bf88c81,encouraged_division_of_labor_large,1f76d632aa041159,test,840.4353112471771,31.99999999999841,3.0,0.0,0.0,0.4,1.0,"(1, 2)",61fa94735719bc09cb834f49,"[p(1, 2)_cs(1.0)_ws(0.4)]_[p(5, 2)_cs(0.2)_ws(1.0)]_ability_hints_large_map",player_6bf88c81_actions,player_021492f2,['player_6bf88c81'],"['player_021492f2', 'player_6bf88c81', 'player_6bf88c81']",['player_021492f2'],True
4889,tomato,pick up,Counter_22,Counter,22,pick up tomato from counter,player_6bf88c81,encouraged_division_of_labor_large,1f76d632aa041159,test,856.4353112471762,15.99999999999909,3.0,0.0,0.0,0.4,1.0,"(1, 2)",61fa94735719bc09cb834f49,"[p(1, 2)_cs(1.0)_ws(0.4)]_[p(5, 2)_cs(0.2)_ws(1.0)]_ability_hints_large_map",player_6bf88c81_actions,player_021492f2,['player_021492f2'],,,True
4917,tomato,start cutting,CuttingBoard_02,CuttingBoard,2,start cutting tomato,player_6bf88c81,encouraged_division_of_labor_large,1f76d632aa041159,test,856.4353112471762,0.0,3.0,0.0,0.0,0.4,1.0,"(1, 2)",61fa94735719bc09cb834f49,"[p(1, 2)_cs(1.0)_ws(0.4)]_[p(5, 2)_cs(0.2)_ws(1.0)]_ability_hints_large_map",player_6bf88c81_actions,player_6bf88c81,"['player_021492f2', 'player_6bf88c81']",,,
4927,plate,put down,Counter_24,Counter,24,put down plate on counter,player_021492f2,encouraged_division_of_labor_large,1f76d632aa041159,test,3198.0308745012294,108.84907094999971,3.0,0.0,3.0,1.0,0.2,"(5, 2)",6539b6073fd063faaca55dc6,"[p(1, 2)_cs(1.0)_ws(0.4)]_[p(5, 2)_cs(0.2)_ws(1.0)]_ability_hints_large_map",player_021492f2_actions,player_021492f2,['player_021492f2'],,,
4985,tomato,pick up,Dispenser_50,Dispenser,50,pick up tomato from dispenser,player_021492f2,encouraged_division_of_labor_large,1f76d632aa041159,test,3259.1415040267116,61.11062952548218,3.0,0.0,3.0,1.0,0.2,"(5, 2)",6539b6073fd063faaca55dc6,"[p(1, 2)_cs(1.0)_ws(0.4)]_[p(5, 2)_cs(0.2)_ws(1.0)]_ability_hints_large_map",player_021492f2_actions,,[],,,
5027,tomato_cut,pick up,CuttingBoard_02,CuttingBoard,2,pick up tomato_cut from cuttingboard,player_6bf88c81,encouraged_division_of_labor_large,1f76d632aa041159,test,856.4353112471762,0.0,3.0,0.0,0.0,0.4,1.0,"(1, 2)",61fa94735719bc09cb834f49,"[p(1, 2)_cs(1.0)_ws(0.4)]_[p(5, 2)_cs(0.2)_ws(1.0)]_ability_hints_large_map",player_6bf88c81_actions,player_6bf88c81,"['player_021492f2', 'player_6bf88c81']",,,False
5034,tomato,put down,Counter_22,Counter,22,put down tomato on counter,player_021492f2,encouraged_division_of_labor_large,1f76d632aa041159,test,3297.624727112484,38.48322308577235,3.0,0.0,3.0,1.0,0.2,"(5, 2)",6539b6073fd063faaca55dc6,"[p(1, 2)_cs(1.0)_ws(0.4)]_[p(5, 2)_cs(0.2)_ws(1.0)]_ability_hints_large_map",player_021492f2_actions,player_021492f2,['player_021492f2'],,,
5066,tomato_salad,pick up,Counter_23,Counter,23,pick up tomato_salad from counter,player_021492f2,encouraged_division_of_labor_large,1f76d632aa041159,test,3313.6247271124857,16.00000000000182,3.0,0.0,3.0,1.0,0.2,"(5, 2)",6539b6073fd063faaca55dc6,"[p(1, 2)_cs(1.0)_ws(0.4)]_[p(5, 2)_cs(0.2)_ws(1.0)]_ability_hints_large_map",player_021492f2_actions,player_6bf88c81,['player_6bf88c81'],"['player_021492f2', 'player_6bf88c81', 'player_6bf88c81']",['player_021492f2'],True
5121,tomato_salad,deliver,Delivery_53,Delivery,53,deliver tomato_salad,player_021492f2,encouraged_division_of_labor_large,1f76d632aa041159,test,3352.133958858798,38.50923174631225,4.0,1.0,4.0,1.0,0.2,"(5, 2)",6539b6073fd063faaca55dc6,"[p(1, 2)_cs(1.0)_ws(0.4)]_[p(5, 2)_cs(0.2)_ws(1.0)]_ability_hints_large_map",player_021492f2_actions,player_021492f2,"['player_6bf88c81', 'player_021492f2']","['player_021492f2', 'player_6bf88c81', 'player_6bf88c81']",['player_021492f2'],
5125,tomato_cut,assemble salad,Counter_24,Counter,24,assemble salad,player_6bf88c81,encouraged_division_of_labor_large,1f76d632aa041159,test,888.4353112471748,31.999999999998636,4.0,0.0,0.0,0.4,1.0,"(1, 2)",61fa94735719bc09cb834f49,"[p(1, 2)_cs(1.0)_ws(0.4)]_[p(5, 2)_cs(0.2)_ws(1.0)]_ability_hints_large_map",player_6bf88c81_actions,player_021492f2,['player_6bf88c81'],"['player_021492f2', 'player_6bf88c81', 'player_6bf88c81']",['player_021492f2'],True
5192,plate,pick up,Dispenser_80,Dispenser,80,pick up plate from dispenser,player_021492f2,encouraged_division_of_labor_large,1f76d632aa041159,test,3406.6109684423595,54.47700958356154,4.0,0.0,4.0,1.0,0.2,"(5, 2)",6539b6073fd063faaca55dc6,"[p(1, 2)_cs(1.0)_ws(0.4)]_[p(5, 2)_cs(0.2)_ws(1.0)]_ability_hints_large_map",player_021492f2_actions,,[],,,
5222,tomato,pick up,Counter_22,Counter,22,pick up tomato from counter,player_6bf88c81,encouraged_division_of_labor_large,1f76d632aa041159,test,920.4353112471734,31.999999999998636,4.0,0.0,0.0,0.4,1.0,"(1, 2)",61fa94735719bc09cb834f49,"[p(1, 2)_cs(1.0)_ws(0.4)]_[p(5, 2)_cs(0.2)_ws(1.0)]_ability_hints_large_map",player_6bf88c81_actions,player_021492f2,['player_021492f2'],,,True
5255,tomato,start cutting,CuttingBoard_02,CuttingBoard,2,start cutting tomato,player_6bf88c81,encouraged_division_of_labor_large,1f76d632aa041159,test,920.4353112471734,0.0,4.0,0.0,0.0,0.4,1.0,"(1, 2)",61fa94735719bc09cb834f49,"[p(1, 2)_cs(1.0)_ws(0.4)]_[p(5, 2)_cs(0.2)_ws(1.0)]_ability_hints_large_map",player_6bf88c81_actions,player_6bf88c81,"['player_021492f2', 'player_6bf88c81']",,,
5287,plate,put down,Counter_23,Counter,23,put down plate on counter,player_021492f2,encouraged_division_of_labor_large,1f76d632aa041159,test,3499.4406250378725,92.82965659551292,4.0,0.0,4.0,1.0,0.2,"(5, 2)",6539b6073fd063faaca55dc6,"[p(1, 2)_cs(1.0)_ws(0.4)]_[p(5, 2)_cs(0.2)_ws(1.0)]_ability_hints_large_map",player_021492f2_actions,player_021492f2,['player_021492f2'],,,
5324,tomato_salad,pick up,Counter_24,Counter,24,pick up tomato_salad from counter,player_021492f2,encouraged_division_of_labor_large,1f76d632aa041159,test,3515.4406250378743,16.00000000000182,4.0,0.0,4.0,1.0,0.2,"(5, 2)",6539b6073fd063faaca55dc6,"[p(1, 2)_cs(1.0)_ws(0.4)]_[p(5, 2)_cs(0.2)_ws(1.0)]_ability_hints_large_map",player_021492f2_actions,player_6bf88c81,['player_6bf88c81'],"['player_021492f2', 'player_6bf88c81', 'player_6bf88c81']",['player_021492f2'],True
5361,tomato_cut,pick up,CuttingBoard_02,CuttingBoard,2,pick up tomato_cut from cuttingboard,player_6bf88c81,encouraged_division_of_labor_large,1f76d632aa041159,test,920.4353112471734,0.0,4.0,0.0,0.0,0.4,1.0,"(1, 2)",61fa94735719bc09cb834f49,"[p(1, 2)_cs(1.0)_ws(0.4)]_[p(5, 2)_cs(0.2)_ws(1.0)]_ability_hints_large_map",player_6bf88c81_actions,player_6bf88c81,"['player_021492f2', 'player_6bf88c81']",,,False
5392,tomato_salad,deliver,Delivery_53,Delivery,53,deliver tomato_salad,player_021492f2,encouraged_division_of_labor_large,1f76d632aa041159,test,3569.7587434337975,54.31811839592319,5.0,1.0,5.0,1.0,0.2,"(5, 2)",6539b6073fd063faaca55dc6,"[p(1, 2)_cs(1.0)_ws(0.4)]_[p(5, 2)_cs(0.2)_ws(1.0)]_ability_hints_large_map",player_021492f2_actions,player_021492f2,"['player_6bf88c81', 'player_021492f2']","['player_021492f2', 'player_6bf88c81', 'player_6bf88c81']",['player_021492f2'],
5420,tomato,pick up,Dispenser_50,Dispenser,50,pick up tomato from dispenser,player_021492f2,encouraged_division_of_labor_large,1f76d632aa041159,test,3585.758743433799,16.000000000001364,5.0,0.0,5.0,1.0,0.2,"(5, 2)",6539b6073fd063faaca55dc6,"[p(1, 2)_cs(1.0)_ws(0.4)]_[p(5, 2)_cs(0.2)_ws(1.0)]_ability_hints_large_map",player_021492f2_actions,,[],,,
5421,tomato_cut,assemble salad,Counter_23,Counter,23,assemble salad,player_6bf88c81,encouraged_division_of_labor_large,1f76d632aa041159,test,936.4353112471724,15.99999999999909,5.0,0.0,0.0,0.4,1.0,"(1, 2)",61fa94735719bc09cb834f49,"[p(1, 2)_cs(1.0)_ws(0.4)]_[p(5, 2)_cs(0.2)_ws(1.0)]_ability_hints_large_map",player_6bf88c81_actions,player_021492f2,['player_6bf88c81'],"['player_021492f2', 'player_6bf88c81', 'player_6bf88c81']",['player_021492f2'],True
5473,tomato,put down,Counter_22,Counter,22,put down tomato on counter,player_021492f2,encouraged_division_of_labor_large,1f76d632aa041159,test,3624.241966519571,38.48322308577235,5.0,0.0,5.0,1.0,0.2,"(5, 2)",6539b6073fd063faaca55dc6,"[p(1, 2)_cs(1.0)_ws(0.4)]_[p(5, 2)_cs(0.2)_ws(1.0)]_ability_hints_large_map",player_021492f2_actions,player_021492f2,['player_021492f2'],,,
5506,tomato_salad,pick up,Counter_23,Counter,23,pick up tomato_salad from counter,player_021492f2,encouraged_division_of_labor_large,1f76d632aa041159,test,3640.241966519573,16.00000000000182,5.0,0.0,5.0,1.0,0.2,"(5, 2)",6539b6073fd063faaca55dc6,"[p(1, 2)_cs(1.0)_ws(0.4)]_[p(5, 2)_cs(0.2)_ws(1.0)]_ability_hints_large_map",player_021492f2_actions,player_6bf88c81,['player_6bf88c81'],"['player_021492f2', 'player_6bf88c81', 'player_6bf88c81']",['player_021492f2'],True
5532,tomato,pick up,Counter_22,Counter,22,pick up tomato from counter,player_6bf88c81,encouraged_division_of_labor_large,1f76d632aa041159,test,952.4353112471716,15.99999999999909,5.0,0.0,0.0,0.4,1.0,"(1, 2)",61fa94735719bc09cb834f49,"[p(1, 2)_cs(1.0)_ws(0.4)]_[p(5, 2)_cs(0.2)_ws(1.0)]_ability_hints_large_map",player_6bf88c81_actions,player_021492f2,['player_021492f2'],,,True
5558,tomato_salad,deliver,Delivery_53,Delivery,53,deliver tomato_salad,player_021492f2,encouraged_division_of_labor_large,1f76d632aa041159,test,3678.7511982658857,38.50923174631225,6.0,1.0,6.0,1.0,0.2,"(5, 2)",6539b6073fd063faaca55dc6,"[p(1, 2)_cs(1.0)_ws(0.4)]_[p(5, 2)_cs(0.2)_ws(1.0)]_ability_hints_large_map",player_021492f2_actions,player_021492f2,"['player_6bf88c81', 'player_021492f2']","['player_021492f2', 'player_6bf88c81', 'player_6bf88c81']",['player_021492f2'],
5591,tomato,start cutting,CuttingBoard_10,CuttingBoard,10,start cutting tomato,player_6bf88c81,encouraged_division_of_labor_large,1f76d632aa041159,test,968.435311247171,15.999999999999318,6.0,0.0,0.0,0.4,1.0,"(1, 2)",61fa94735719bc09cb834f49,"[p(1, 2)_cs(1.0)_ws(0.4)]_[p(5, 2)_cs(0.2)_ws(1.0)]_ability_hints_large_map",player_6bf88c81_actions,player_6bf88c81,"['player_021492f2', 'player_6bf88c81']",,,
5606,plate,pick up,Dispenser_80,Dispenser,80,pick up plate from dispenser,player_021492f2,encouraged_division_of_labor_large,1f76d632aa041159,test,3733.228207849447,54.47700958356154,6.0,0.0,6.0,1.0,0.2,"(5, 2)",6539b6073fd063faaca55dc6,"[p(1, 2)_cs(1.0)_ws(0.4)]_[p(5, 2)_cs(0.2)_ws(1.0)]_ability_hints_large_map",player_021492f2_actions,,[],,,
5699,plate,put down,Counter_22,Counter,22,put down plate on counter,player_021492f2,encouraged_division_of_labor_large,1f76d632aa041159,test,3819.783559100693,86.55535125124561,6.0,0.0,6.0,1.0,0.2,"(5, 2)",6539b6073fd063faaca55dc6,"[p(1, 2)_cs(1.0)_ws(0.4)]_[p(5, 2)_cs(0.2)_ws(1.0)]_ability_hints_large_map",player_021492f2_actions,player_021492f2,['player_021492f2'],,,
5714,tomato_cut,pick up,CuttingBoard_10,CuttingBoard,10,pick up tomato_cut from cuttingboard,player_6bf88c81,encouraged_division_of_labor_large,1f76d632aa041159,test,968.435311247171,0.0,6.0,0.0,0.0,0.4,1.0,"(1, 2)",61fa94735719bc09cb834f49,"[p(1, 2)_cs(1.0)_ws(0.4)]_[p(5, 2)_cs(0.2)_ws(1.0)]_ability_hints_large_map",player_6bf88c81_actions,player_6bf88c81,"['player_021492f2', 'player_6bf88c81']",,,False
5742,tomato,pick up,Dispenser_50,Dispenser,50,pick up tomato from dispenser,player_021492f2,encouraged_division_of_labor_large,1f76d632aa041159,test,3858.266782186467,38.483223085774625,6.0,0.0,6.0,1.0,0.2,"(5, 2)",6539b6073fd063faaca55dc6,"[p(1, 2)_cs(1.0)_ws(0.4)]_[p(5, 2)_cs(0.2)_ws(1.0)]_ability_hints_large_map",player_021492f2_actions,,[],,,
5779,tomato_cut,assemble salad,Counter_22,Counter,22,assemble salad,player_6bf88c81,encouraged_division_of_labor_large,1f76d632aa041159,test,984.4353112471704,15.999999999999318,6.0,0.0,0.0,0.4,1.0,"(1, 2)",61fa94735719bc09cb834f49,"[p(1, 2)_cs(1.0)_ws(0.4)]_[p(5, 2)_cs(0.2)_ws(1.0)]_ability_hints_large_map",player_6bf88c81_actions,player_021492f2,['player_6bf88c81'],"['player_021492f2', 'player_6bf88c81', 'player_6bf88c81']",['player_021492f2'],True
5790,tomato,put down,Counter_23,Counter,23,put down tomato on counter,player_021492f2,encouraged_division_of_labor_large,1f76d632aa041159,test,3903.521616182413,45.25483399594577,6.0,0.0,6.0,1.0,0.2,"(5, 2)",6539b6073fd063faaca55dc6,"[p(1, 2)_cs(1.0)_ws(0.4)]_[p(5, 2)_cs(0.2)_ws(1.0)]_ability_hints_large_map",player_021492f2_actions,player_021492f2,['player_021492f2'],,,
5839,tomato_salad,pick up,Counter_22,Counter,22,pick up tomato_salad from counter,player_021492f2,encouraged_division_of_labor_large,1f76d632aa041159,test,3919.5216161824146,16.00000000000182,6.0,0.0,6.0,1.0,0.2,"(5, 2)",6539b6073fd063faaca55dc6,"[p(1, 2)_cs(1.0)_ws(0.4)]_[p(5, 2)_cs(0.2)_ws(1.0)]_ability_hints_large_map",player_021492f2_actions,player_6bf88c81,['player_6bf88c81'],"['player_021492f2', 'player_6bf88c81', 'player_6bf88c81']",['player_021492f2'],True
5849,tomato,pick up,Counter_23,Counter,23,pick up tomato from counter,player_6bf88c81,encouraged_division_of_labor_large,1f76d632aa041159,test,1000.4353112471694,15.99999999999909,6.0,0.0,0.0,0.4,1.0,"(1, 2)",61fa94735719bc09cb834f49,"[p(1, 2)_cs(1.0)_ws(0.4)]_[p(5, 2)_cs(0.2)_ws(1.0)]_ability_hints_large_map",player_6bf88c81_actions,player_021492f2,['player_021492f2'],,,True
5888,tomato_salad,deliver,Delivery_53,Delivery,53,deliver tomato_salad,player_021492f2,encouraged_division_of_labor_large,1f76d632aa041159,test,3951.5216161824183,32.00000000000409,7.0,1.0,7.0,1.0,0.2,"(5, 2)",6539b6073fd063faaca55dc6,"[p(1, 2)_cs(1.0)_ws(0.4)]_[p(5, 2)_cs(0.2)_ws(1.0)]_ability_hints_large_map",player_021492f2_actions,player_021492f2,"['player_6bf88c81', 'player_021492f2']","['player_021492f2', 'player_6bf88c81', 'player_6bf88c81']",['player_021492f2'],
5909,tomato,start cutting,CuttingBoard_02,CuttingBoard,2,start cutting tomato,player_6bf88c81,encouraged_division_of_labor_large,1f76d632aa041159,test,1016.4353112471684,15.99999999999909,7.0,0.0,0.0,0.4,1.0,"(1, 2)",61fa94735719bc09cb834f49,"[p(1, 2)_cs(1.0)_ws(0.4)]_[p(5, 2)_cs(0.2)_ws(1.0)]_ability_hints_large_map",player_6bf88c81_actions,player_6bf88c81,"['player_021492f2', 'player_6bf88c81']",,,
5950,plate,pick up,Dispenser_80,Dispenser,80,pick up plate from dispenser,player_021492f2,encouraged_division_of_labor_large,1f76d632aa041159,test,4005.99862576598,54.47700958356154,7.0,0.0,7.0,1.0,0.2,"(5, 2)",6539b6073fd063faaca55dc6,"[p(1, 2)_cs(1.0)_ws(0.4)]_[p(5, 2)_cs(0.2)_ws(1.0)]_ability_hints_large_map",player_021492f2_actions,,[],,,
6055,tomato_cut,pick up,CuttingBoard_02,CuttingBoard,2,pick up tomato_cut from cuttingboard,player_6bf88c81,encouraged_division_of_labor_large,1f76d632aa041159,test,1016.4353112471684,0.0,7.0,0.0,0.0,0.4,1.0,"(1, 2)",61fa94735719bc09cb834f49,"[p(1, 2)_cs(1.0)_ws(0.4)]_[p(5, 2)_cs(0.2)_ws(1.0)]_ability_hints_large_map",player_6bf88c81_actions,player_6bf88c81,"['player_021492f2', 'player_6bf88c81']",,,False
6058,plate,put down,Counter_24,Counter,24,put down plate on counter,player_021492f2,encouraged_division_of_labor_large,1f76d632aa041159,test,4114.8476967159795,108.84907094999926,7.0,0.0,7.0,1.0,0.2,"(5, 2)",6539b6073fd063faaca55dc6,"[p(1, 2)_cs(1.0)_ws(0.4)]_[p(5, 2)_cs(0.2)_ws(1.0)]_ability_hints_large_map",player_021492f2_actions,player_021492f2,['player_021492f2'],,,
6117,tomato,pick up,Dispenser_50,Dispenser,50,pick up tomato from dispenser,player_021492f2,encouraged_division_of_labor_large,1f76d632aa041159,test,4175.958326241454,61.110629525474906,7.0,0.0,7.0,1.0,0.2,"(5, 2)",6539b6073fd063faaca55dc6,"[p(1, 2)_cs(1.0)_ws(0.4)]_[p(5, 2)_cs(0.2)_ws(1.0)]_ability_hints_large_map",player_021492f2_actions,,[],,,
6158,tomato_cut,assemble salad,Counter_24,Counter,24,assemble salad,player_6bf88c81,encouraged_division_of_labor_large,1f76d632aa041159,test,1048.4353112471672,31.99999999999875,7.0,0.0,0.0,0.4,1.0,"(1, 2)",61fa94735719bc09cb834f49,"[p(1, 2)_cs(1.0)_ws(0.4)]_[p(5, 2)_cs(0.2)_ws(1.0)]_ability_hints_large_map",player_6bf88c81_actions,player_021492f2,['player_6bf88c81'],"['player_021492f2', 'player_6bf88c81', 'player_6bf88c81']",['player_021492f2'],True
6202,tomato,put down,Counter_23,Counter,23,put down tomato on counter,player_021492f2,encouraged_division_of_labor_large,1f76d632aa041159,test,4221.2131602374,45.25483399594577,7.0,0.0,7.0,1.0,0.2,"(5, 2)",6539b6073fd063faaca55dc6,"[p(1, 2)_cs(1.0)_ws(0.4)]_[p(5, 2)_cs(0.2)_ws(1.0)]_ability_hints_large_map",player_021492f2_actions,player_021492f2,['player_021492f2'],,,
6238,tomato_salad,pick up,Counter_24,Counter,24,pick up tomato_salad from counter,player_021492f2,encouraged_division_of_labor_large,1f76d632aa041159,test,4237.213160237397,15.999999999996362,7.0,0.0,7.0,1.0,0.2,"(5, 2)",6539b6073fd063faaca55dc6,"[p(1, 2)_cs(1.0)_ws(0.4)]_[p(5, 2)_cs(0.2)_ws(1.0)]_ability_hints_large_map",player_021492f2_actions,player_6bf88c81,['player_6bf88c81'],"['player_021492f2', 'player_6bf88c81', 'player_6bf88c81']",['player_021492f2'],True
6263,tomato,pick up,Counter_23,Counter,23,pick up tomato from counter,player_6bf88c81,encouraged_division_of_labor_large,1f76d632aa041159,test,1064.4353112471667,15.999999999999543,7.0,0.0,0.0,0.4,1.0,"(1, 2)",61fa94735719bc09cb834f49,"[p(1, 2)_cs(1.0)_ws(0.4)]_[p(5, 2)_cs(0.2)_ws(1.0)]_ability_hints_large_map",player_6bf88c81_actions,player_021492f2,['player_021492f2'],,,True
6305,tomato_salad,deliver,Delivery_53,Delivery,53,deliver tomato_salad,player_021492f2,encouraged_division_of_labor_large,1f76d632aa041159,test,4291.531278633315,54.318118395918646,8.0,1.0,8.0,1.0,0.2,"(5, 2)",6539b6073fd063faaca55dc6,"[p(1, 2)_cs(1.0)_ws(0.4)]_[p(5, 2)_cs(0.2)_ws(1.0)]_ability_hints_large_map",player_021492f2_actions,player_021492f2,"['player_6bf88c81', 'player_021492f2']","['player_021492f2', 'player_6bf88c81', 'player_6bf88c81']",['player_021492f2'],
6361,plate,pick up,Dispenser_80,Dispenser,80,pick up plate from dispenser,player_021492f2,encouraged_division_of_labor_large,1f76d632aa041159,test,4346.008288216871,54.47700958355563,8.0,0.0,8.0,1.0,0.2,"(5, 2)",6539b6073fd063faaca55dc6,"[p(1, 2)_cs(1.0)_ws(0.4)]_[p(5, 2)_cs(0.2)_ws(1.0)]_ability_hints_large_map",player_021492f2_actions,,[],,,
6370,tomato,start cutting,CuttingBoard_01,CuttingBoard,1,start cutting tomato,player_6bf88c81,encouraged_division_of_labor_large,1f76d632aa041159,test,1096.435311247167,32.00000000000023,8.0,0.0,0.0,0.4,1.0,"(1, 2)",61fa94735719bc09cb834f49,"[p(1, 2)_cs(1.0)_ws(0.4)]_[p(5, 2)_cs(0.2)_ws(1.0)]_ability_hints_large_map",player_6bf88c81_actions,player_6bf88c81,"['player_021492f2', 'player_6bf88c81']",,,
6460,plate,put down,Counter_23,Counter,23,put down plate on counter,player_021492f2,encouraged_division_of_labor_large,1f76d632aa041159,test,4438.837944812373,92.82965659550246,8.0,0.0,8.0,1.0,0.2,"(5, 2)",6539b6073fd063faaca55dc6,"[p(1, 2)_cs(1.0)_ws(0.4)]_[p(5, 2)_cs(0.2)_ws(1.0)]_ability_hints_large_map",player_021492f2_actions,player_021492f2,['player_021492f2'],,,
6515,tomato,pick up,Dispenser_50,Dispenser,50,pick up tomato from dispenser,player_021492f2,encouraged_division_of_labor_large,1f76d632aa041159,test,4484.092778808319,45.25483399594577,8.0,0.0,8.0,1.0,0.2,"(5, 2)",6539b6073fd063faaca55dc6,"[p(1, 2)_cs(1.0)_ws(0.4)]_[p(5, 2)_cs(0.2)_ws(1.0)]_ability_hints_large_map",player_021492f2_actions,,[],,,
6529,tomato_cut,pick up,CuttingBoard_01,CuttingBoard,1,pick up tomato_cut from cuttingboard,player_6bf88c81,encouraged_division_of_labor_large,1f76d632aa041159,test,1115.4353112471683,19.000000000001364,8.0,0.0,0.0,0.4,1.0,"(1, 2)",61fa94735719bc09cb834f49,"[p(1, 2)_cs(1.0)_ws(0.4)]_[p(5, 2)_cs(0.2)_ws(1.0)]_ability_hints_large_map",player_6bf88c81_actions,player_6bf88c81,"['player_021492f2', 'player_6bf88c81']",,,False
6579,tomato,put down,Counter_23,Counter,23,put down tomato on counter,player_021492f2,encouraged_division_of_labor_large,1f76d632aa041159,test,4529.347612804265,45.25483399594577,8.0,0.0,8.0,1.0,0.2,"(5, 2)",6539b6073fd063faaca55dc6,"[p(1, 2)_cs(1.0)_ws(0.4)]_[p(5, 2)_cs(0.2)_ws(1.0)]_ability_hints_large_map",player_021492f2_actions,player_021492f2,['player_021492f2'],,,
6579,plate,pick up,Counter_23,Counter,23,pick up plate from counter,player_021492f2,encouraged_division_of_labor_large,1f76d632aa041159,test,4529.347612804265,0.0,8.0,0.0,8.0,1.0,0.2,"(5, 2)",6539b6073fd063faaca55dc6,"[p(1, 2)_cs(1.0)_ws(0.4)]_[p(5, 2)_cs(0.2)_ws(1.0)]_ability_hints_large_map",player_021492f2_actions,player_021492f2,['player_021492f2'],,,False
6624,tomato_cut,put down,Counter_23,Counter,23,put down tomato_cut on counter,player_6bf88c81,encouraged_division_of_labor_large,1f76d632aa041159,test,1147.4353112471686,32.00000000000023,8.0,0.0,0.0,0.4,1.0,"(1, 2)",61fa94735719bc09cb834f49,"[p(1, 2)_cs(1.0)_ws(0.4)]_[p(5, 2)_cs(0.2)_ws(1.0)]_ability_hints_large_map",player_6bf88c81_actions,player_6bf88c81,"['player_021492f2', 'player_6bf88c81', 'player_6bf88c81']",,,
6624,tomato,pick up,Counter_23,Counter,23,pick up tomato from counter,player_6bf88c81,encouraged_division_of_labor_large,1f76d632aa041159,test,1147.4353112471686,0.0,8.0,0.0,0.0,0.4,1.0,"(1, 2)",61fa94735719bc09cb834f49,"[p(1, 2)_cs(1.0)_ws(0.4)]_[p(5, 2)_cs(0.2)_ws(1.0)]_ability_hints_large_map",player_6bf88c81_actions,player_6bf88c81,"['player_021492f2', 'player_6bf88c81', 'player_6bf88c81']",,,False
6715,tomato,start cutting,CuttingBoard_02,CuttingBoard,2,start cutting tomato,player_6bf88c81,encouraged_division_of_labor_large,1f76d632aa041159,test,1163.4353112471676,15.99999999999909,8.0,0.0,0.0,0.4,1.0,"(1, 2)",61fa94735719bc09cb834f49,"[p(1, 2)_cs(1.0)_ws(0.4)]_[p(5, 2)_cs(0.2)_ws(1.0)]_ability_hints_large_map",player_6bf88c81_actions,player_6bf88c81,"['player_021492f2', 'player_6bf88c81', 'player_6bf88c81', 'player_6bf88c81']",,,
6774,plate,put down,Counter_22,Counter,22,put down plate on counter,player_021492f2,encouraged_division_of_labor_large,1f76d632aa041159,test,4708.907240113195,179.55962730893043,8.0,0.0,8.0,1.0,0.2,"(5, 2)",6539b6073fd063faaca55dc6,"[p(1, 2)_cs(1.0)_ws(0.4)]_[p(5, 2)_cs(0.2)_ws(1.0)]_ability_hints_large_map",player_021492f2_actions,player_021492f2,"['player_021492f2', 'player_021492f2']",,,
6829,tomato,pick up,Dispenser_50,Dispenser,50,pick up tomato from dispenser,player_021492f2,encouraged_division_of_labor_large,1f76d632aa041159,test,4747.390463198969,38.48322308577371,8.0,0.0,8.0,1.0,0.2,"(5, 2)",6539b6073fd063faaca55dc6,"[p(1, 2)_cs(1.0)_ws(0.4)]_[p(5, 2)_cs(0.2)_ws(1.0)]_ability_hints_large_map",player_021492f2_actions,,[],,,
6864,tomato_cut,pick up,Counter_23,Counter,23,pick up tomato_cut from counter,player_6bf88c81,encouraged_division_of_labor_large,1f76d632aa041159,test,1179.4353112471667,15.99999999999909,8.0,0.0,0.0,0.4,1.0,"(1, 2)",61fa94735719bc09cb834f49,"[p(1, 2)_cs(1.0)_ws(0.4)]_[p(5, 2)_cs(0.2)_ws(1.0)]_ability_hints_large_map",player_6bf88c81_actions,player_6bf88c81,"['player_021492f2', 'player_6bf88c81', 'player_6bf88c81', 'player_6bf88c81']",,,False
6900,tomato,put down,Counter_24,Counter,24,put down tomato on counter,player_021492f2,encouraged_division_of_labor_large,1f76d632aa041159,test,4808.557559193102,61.16709599413298,8.0,0.0,8.0,1.0,0.2,"(5, 2)",6539b6073fd063faaca55dc6,"[p(1, 2)_cs(1.0)_ws(0.4)]_[p(5, 2)_cs(0.2)_ws(1.0)]_ability_hints_large_map",player_021492f2_actions,player_021492f2,['player_021492f2'],,,
6914,tomato_cut,put down,Counter_23,Counter,23,put down tomato_cut on counter,player_6bf88c81,encouraged_division_of_labor_large,1f76d632aa041159,test,1179.4353112471667,0.0,8.0,0.0,0.0,0.4,1.0,"(1, 2)",61fa94735719bc09cb834f49,"[p(1, 2)_cs(1.0)_ws(0.4)]_[p(5, 2)_cs(0.2)_ws(1.0)]_ability_hints_large_map",player_6bf88c81_actions,player_6bf88c81,"['player_021492f2', 'player_6bf88c81', 'player_6bf88c81', 'player_6bf88c81', 'player_6bf88c81']",,,
6958,plate,pick up,Counter_22,Counter,22,pick up plate from counter,player_6bf88c81,encouraged_division_of_labor_large,1f76d632aa041159,test,1195.4353112471658,15.99999999999909,8.0,0.0,0.0,0.4,1.0,"(1, 2)",61fa94735719bc09cb834f49,"[p(1, 2)_cs(1.0)_ws(0.4)]_[p(5, 2)_cs(0.2)_ws(1.0)]_ability_hints_large_map",player_6bf88c81_actions,player_021492f2,"['player_021492f2', 'player_021492f2']",,,True
6970,tomato,pick up,Dispenser_50,Dispenser,50,pick up tomato from dispenser,player_021492f2,encouraged_division_of_labor_large,1f76d632aa041159,test,4869.668188718577,61.110629525474906,8.0,0.0,8.0,1.0,0.2,"(5, 2)",6539b6073fd063faaca55dc6,"[p(1, 2)_cs(1.0)_ws(0.4)]_[p(5, 2)_cs(0.2)_ws(1.0)]_ability_hints_large_map",player_021492f2_actions,,[],,,
7001,plate,put down,Counter_22,Counter,22,put down plate on counter,player_6bf88c81,encouraged_division_of_labor_large,1f76d632aa041159,test,1195.4353112471658,0.0,8.0,0.0,0.0,0.4,1.0,"(1, 2)",61fa94735719bc09cb834f49,"[p(1, 2)_cs(1.0)_ws(0.4)]_[p(5, 2)_cs(0.2)_ws(1.0)]_ability_hints_large_map",player_6bf88c81_actions,player_6bf88c81,"['player_021492f2', 'player_021492f2', 'player_6bf88c81']",,,
7033,tomato,put down,Counter_22,Counter,22,put down tomato on counter,player_021492f2,encouraged_division_of_labor_large,1f76d632aa041159,test,4908.151411804348,38.48322308577099,8.0,0.0,8.0,1.0,0.2,"(5, 2)",6539b6073fd063faaca55dc6,"[p(1, 2)_cs(1.0)_ws(0.4)]_[p(5, 2)_cs(0.2)_ws(1.0)]_ability_hints_large_map",player_021492f2_actions,player_021492f2,['player_021492f2'],,,
7033,plate,pick up,Counter_22,Counter,22,pick up plate from counter,player_021492f2,encouraged_division_of_labor_large,1f76d632aa041159,test,4908.151411804348,0.0,8.0,0.0,8.0,1.0,0.2,"(5, 2)",6539b6073fd063faaca55dc6,"[p(1, 2)_cs(1.0)_ws(0.4)]_[p(5, 2)_cs(0.2)_ws(1.0)]_ability_hints_large_map",player_021492f2_actions,player_021492f2,['player_021492f2'],,,False
7063,tomato_cut,pick up,Counter_23,Counter,23,pick up tomato_cut from counter,player_6bf88c81,encouraged_division_of_labor_large,1f76d632aa041159,test,1211.435311247165,15.99999999999909,8.0,0.0,0.0,0.4,1.0,"(1, 2)",61fa94735719bc09cb834f49,"[p(1, 2)_cs(1.0)_ws(0.4)]_[p(5, 2)_cs(0.2)_ws(1.0)]_ability_hints_large_map",player_6bf88c81_actions,player_6bf88c81,"['player_021492f2', 'player_6bf88c81', 'player_6bf88c81', 'player_6bf88c81', 'player_6bf88c81']",,,False
7131,tomato_cut,put down,Counter_23,Counter,23,put down tomato_cut on counter,player_6bf88c81,encouraged_division_of_labor_large,1f76d632aa041159,test,1211.435311247165,0.0,8.0,0.0,0.0,0.4,1.0,"(1, 2)",61fa94735719bc09cb834f49,"[p(1, 2)_cs(1.0)_ws(0.4)]_[p(5, 2)_cs(0.2)_ws(1.0)]_ability_hints_large_map",player_6bf88c81_actions,player_6bf88c81,"['player_021492f2', 'player_6bf88c81', 'player_6bf88c81', 'player_6bf88c81', 'player_6bf88c81', 'player_6bf88c81']",,,
7190,plate,put down,Counter_25,Counter,25,put down plate on counter,player_021492f2,encouraged_division_of_labor_large,1f76d632aa041159,test,5019.131215595856,110.97980379150796,8.0,0.0,8.0,1.0,0.2,"(5, 2)",6539b6073fd063faaca55dc6,"[p(1, 2)_cs(1.0)_ws(0.4)]_[p(5, 2)_cs(0.2)_ws(1.0)]_ability_hints_large_map",player_021492f2_actions,player_021492f2,"['player_021492f2', 'player_021492f2']",,,
7232,tomato_cut,pick up,CuttingBoard_02,CuttingBoard,2,pick up tomato_cut from cuttingboard,player_6bf88c81,encouraged_division_of_labor_large,1f76d632aa041159,test,1227.435311247164,15.99999999999909,8.0,0.0,0.0,0.4,1.0,"(1, 2)",61fa94735719bc09cb834f49,"[p(1, 2)_cs(1.0)_ws(0.4)]_[p(5, 2)_cs(0.2)_ws(1.0)]_ability_hints_large_map",player_6bf88c81_actions,player_6bf88c81,"['player_021492f2', 'player_6bf88c81', 'player_6bf88c81', 'player_6bf88c81', 'player_6bf88c81', 'player_6bf88c81']",,,False
7273,tomato_cut,pick up,Counter_23,Counter,23,pick up tomato_cut from counter,player_021492f2,encouraged_division_of_labor_large,1f76d632aa041159,test,5051.1312155958485,31.999999999992724,8.0,0.0,8.0,1.0,0.2,"(5, 2)",6539b6073fd063faaca55dc6,"[p(1, 2)_cs(1.0)_ws(0.4)]_[p(5, 2)_cs(0.2)_ws(1.0)]_ability_hints_large_map",player_021492f2_actions,player_6bf88c81,"['player_021492f2', 'player_6bf88c81', 'player_6bf88c81', 'player_6bf88c81', 'player_6bf88c81', 'player_6bf88c81']",,,True
