tick,item,action,target,target_type,target_position,action_long,player_id,map_name,game_id,distance_walked,distance_walked_since_last_action,overall_score,player_score_change,player_score,walking_speed,cutting_speed,start_pos,condition,source,last_touched,touched_list,tomato_history,plate_history,is_exchange_collaboration
59,tomato,pick up,Dispenser_50,Dispenser,50,pick up tomato from dispenser,player_a1c8732b,forced_division_of_labor,9fb93a4dd396edfd,16.0,0.0,0.0,0.0,0.0,1.0,1.0,"(5, 2)","[p(2, 2)_cs(1.0)_ws(1.0)]_[p(5, 2)_cs(1.0)_ws(1.0)]",player_a1c8732b_actions,,[],,,
97,tomato,put down,Counter_32,Counter,32,put down tomato on counter,player_a1c8732b,forced_division_of_labor,9fb93a4dd396edfd,38.62741699796952,22.62741699796952,0.0,0.0,0.0,1.0,1.0,"(5, 2)","[p(2, 2)_cs(1.0)_ws(1.0)]_[p(5, 2)_cs(1.0)_ws(1.0)]",player_a1c8732b_actions,player_a1c8732b,['player_a1c8732b'],,,
122,tomato,pick up,Counter_32,Counter,32,pick up tomato from counter,player_382c16cd,forced_division_of_labor,9fb93a4dd396edfd,32.0,0.0,0.0,0.0,0.0,1.0,1.0,"(2, 2)","[p(2, 2)_cs(1.0)_ws(1.0)]_[p(5, 2)_cs(1.0)_ws(1.0)]",player_382c16cd_actions,player_a1c8732b,['player_a1c8732b'],,,True
140,tomato,start cutting,CuttingBoard_20,CuttingBoard,20,start cutting tomato,player_382c16cd,forced_division_of_labor,9fb93a4dd396edfd,48.0,16.0,0.0,0.0,0.0,1.0,1.0,"(2, 2)","[p(2, 2)_cs(1.0)_ws(1.0)]_[p(5, 2)_cs(1.0)_ws(1.0)]",player_382c16cd_actions,player_382c16cd,"['player_a1c8732b', 'player_382c16cd']",,,
164,tomato,pick up,Dispenser_40,Dispenser,40,pick up tomato from dispenser,player_a1c8732b,forced_division_of_labor,9fb93a4dd396edfd,54.62741699796952,16.0,0.0,0.0,0.0,1.0,1.0,"(5, 2)","[p(2, 2)_cs(1.0)_ws(1.0)]_[p(5, 2)_cs(1.0)_ws(1.0)]",player_a1c8732b_actions,,[],,,
182,tomato,put down,Counter_32,Counter,32,put down tomato on counter,player_a1c8732b,forced_division_of_labor,9fb93a4dd396edfd,70.62741699796952,16.0,0.0,0.0,0.0,1.0,1.0,"(5, 2)","[p(2, 2)_cs(1.0)_ws(1.0)]_[p(5, 2)_cs(1.0)_ws(1.0)]",player_a1c8732b_actions,player_a1c8732b,['player_a1c8732b'],,,
203,tomato,pick up,Dispenser_50,Dispenser,50,pick up tomato from dispenser,player_a1c8732b,forced_division_of_labor,9fb93a4dd396edfd,93.25483399593904,22.62741699796952,0.0,0.0,0.0,1.0,1.0,"(5, 2)","[p(2, 2)_cs(1.0)_ws(1.0)]_[p(5, 2)_cs(1.0)_ws(1.0)]",player_a1c8732b_actions,,[],,,
230,tomato_cut,pick up,CuttingBoard_20,CuttingBoard,20,pick up tomato_cut from cuttingboard,player_382c16cd,forced_division_of_labor,9fb93a4dd396edfd,80.0,32.0,0.0,0.0,0.0,1.0,1.0,"(2, 2)","[p(2, 2)_cs(1.0)_ws(1.0)]_[p(5, 2)_cs(1.0)_ws(1.0)]",player_382c16cd_actions,player_382c16cd,"['player_a1c8732b', 'player_382c16cd']",,,False
233,tomato,put down,Counter_33,Counter,33,put down tomato on counter,player_a1c8732b,forced_division_of_labor,9fb93a4dd396edfd,131.66609383596503,38.41125984002599,0.0,0.0,0.0,1.0,1.0,"(5, 2)","[p(2, 2)_cs(1.0)_ws(1.0)]_[p(5, 2)_cs(1.0)_ws(1.0)]",player_a1c8732b_actions,player_a1c8732b,['player_a1c8732b'],,,
273,tomato_cut,put down,Counter_34,Counter,34,put down tomato_cut on counter,player_382c16cd,forced_division_of_labor,9fb93a4dd396edfd,128.0,48.0,0.0,0.0,0.0,1.0,1.0,"(2, 2)","[p(2, 2)_cs(1.0)_ws(1.0)]_[p(5, 2)_cs(1.0)_ws(1.0)]",player_382c16cd_actions,player_382c16cd,"['player_a1c8732b', 'player_382c16cd', 'player_382c16cd']",,,
305,tomato,pick up,Counter_32,Counter,32,pick up tomato from counter,player_382c16cd,forced_division_of_labor,9fb93a4dd396edfd,160.0,32.0,0.0,0.0,0.0,1.0,1.0,"(2, 2)","[p(2, 2)_cs(1.0)_ws(1.0)]_[p(5, 2)_cs(1.0)_ws(1.0)]",player_382c16cd_actions,player_a1c8732b,['player_a1c8732b'],,,True
316,plate,pick up,Dispenser_71,Dispenser,71,pick up plate from dispenser,player_a1c8732b,forced_division_of_labor,9fb93a4dd396edfd,240.226337779056,108.56024394309097,0.0,0.0,0.0,1.0,1.0,"(5, 2)","[p(2, 2)_cs(1.0)_ws(1.0)]_[p(5, 2)_cs(1.0)_ws(1.0)]",player_a1c8732b_actions,,[],,,
326,tomato,start cutting,CuttingBoard_20,CuttingBoard,20,start cutting tomato,player_382c16cd,forced_division_of_labor,9fb93a4dd396edfd,176.0,16.0,0.0,0.0,0.0,1.0,1.0,"(2, 2)","[p(2, 2)_cs(1.0)_ws(1.0)]_[p(5, 2)_cs(1.0)_ws(1.0)]",player_382c16cd_actions,player_382c16cd,"['player_a1c8732b', 'player_382c16cd']",,,
344,plate,put down,Counter_32,Counter,32,put down plate on counter,player_a1c8732b,forced_division_of_labor,9fb93a4dd396edfd,278.57157283891445,38.34523505985845,0.0,0.0,0.0,1.0,1.0,"(5, 2)","[p(2, 2)_cs(1.0)_ws(1.0)]_[p(5, 2)_cs(1.0)_ws(1.0)]",player_a1c8732b_actions,player_a1c8732b,['player_a1c8732b'],,,
374,tomato_cut,pick up,Counter_34,Counter,34,pick up tomato_cut from counter,player_a1c8732b,forced_division_of_labor,9fb93a4dd396edfd,310.5715728389147,32.00000000000023,0.0,0.0,0.0,1.0,1.0,"(5, 2)","[p(2, 2)_cs(1.0)_ws(1.0)]_[p(5, 2)_cs(1.0)_ws(1.0)]",player_a1c8732b_actions,player_382c16cd,"['player_a1c8732b', 'player_382c16cd', 'player_382c16cd']",,,True
398,tomato_cut,pick up,CuttingBoard_20,CuttingBoard,20,pick up tomato_cut from cuttingboard,player_382c16cd,forced_division_of_labor,9fb93a4dd396edfd,176.0,0.0,0.0,0.0,0.0,1.0,1.0,"(2, 2)","[p(2, 2)_cs(1.0)_ws(1.0)]_[p(5, 2)_cs(1.0)_ws(1.0)]",player_382c16cd_actions,player_382c16cd,"['player_a1c8732b', 'player_382c16cd']",,,False
401,tomato_cut,assemble salad,Counter_32,Counter,32,assemble salad,player_a1c8732b,forced_division_of_labor,9fb93a4dd396edfd,342.5715728389149,32.00000000000023,0.0,0.0,0.0,1.0,1.0,"(5, 2)","[p(2, 2)_cs(1.0)_ws(1.0)]_[p(5, 2)_cs(1.0)_ws(1.0)]",player_a1c8732b_actions,player_a1c8732b,['player_a1c8732b'],"['player_a1c8732b', 'player_382c16cd', 'player_382c16cd', 'player_a1c8732b']",['player_a1c8732b'],False
419,tomato_salad,pick up,Counter_32,Counter,32,pick up tomato_salad from counter,player_a1c8732b,forced_division_of_labor,9fb93a4dd396edfd,342.5715728389149,0.0,0.0,0.0,0.0,1.0,1.0,"(5, 2)","[p(2, 2)_cs(1.0)_ws(1.0)]_[p(5, 2)_cs(1.0)_ws(1.0)]",player_a1c8732b_actions,player_a1c8732b,['player_a1c8732b'],"['player_a1c8732b', 'player_382c16cd', 'player_382c16cd', 'player_a1c8732b']",['player_a1c8732b'],False
442,tomato_salad,put down,Counter_32,Counter,32,put down tomato_salad on counter,player_a1c8732b,forced_division_of_labor,9fb93a4dd396edfd,387.82640683485374,45.25483399593884,0.0,0.0,0.0,1.0,1.0,"(5, 2)","[p(2, 2)_cs(1.0)_ws(1.0)]_[p(5, 2)_cs(1.0)_ws(1.0)]",player_a1c8732b_actions,player_a1c8732b,"['player_a1c8732b', 'player_a1c8732b']","['player_a1c8732b', 'player_382c16cd', 'player_382c16cd', 'player_a1c8732b']",['player_a1c8732b'],
446,tomato_cut,put down,Counter_33,Counter,33,put down tomato_cut on counter,player_382c16cd,forced_division_of_labor,9fb93a4dd396edfd,208.0,32.0,0.0,0.0,0.0,1.0,1.0,"(2, 2)","[p(2, 2)_cs(1.0)_ws(1.0)]_[p(5, 2)_cs(1.0)_ws(1.0)]",player_382c16cd_actions,player_382c16cd,"['player_a1c8732b', 'player_382c16cd', 'player_382c16cd']",,,
446,tomato,pick up,Counter_33,Counter,33,pick up tomato from counter,player_382c16cd,forced_division_of_labor,9fb93a4dd396edfd,208.0,0.0,0.0,0.0,0.0,1.0,1.0,"(2, 2)","[p(2, 2)_cs(1.0)_ws(1.0)]_[p(5, 2)_cs(1.0)_ws(1.0)]",player_382c16cd_actions,player_382c16cd,"['player_a1c8732b', 'player_382c16cd', 'player_382c16cd']",,,False
461,tomato_salad,pick up,Counter_32,Counter,32,pick up tomato_salad from counter,player_a1c8732b,forced_division_of_labor,9fb93a4dd396edfd,387.82640683485374,0.0,0.0,0.0,0.0,1.0,1.0,"(5, 2)","[p(2, 2)_cs(1.0)_ws(1.0)]_[p(5, 2)_cs(1.0)_ws(1.0)]",player_a1c8732b_actions,player_a1c8732b,"['player_a1c8732b', 'player_a1c8732b']","['player_a1c8732b', 'player_382c16cd', 'player_382c16cd', 'player_a1c8732b']",['player_a1c8732b'],False
479,tomato_salad,deliver,Delivery_64,Delivery,64,deliver tomato_salad,player_a1c8732b,forced_division_of_labor,9fb93a4dd396edfd,426.23766667488,38.41125984002622,1.0,1.0,1.0,1.0,1.0,"(5, 2)","[p(2, 2)_cs(1.0)_ws(1.0)]_[p(5, 2)_cs(1.0)_ws(1.0)]",player_a1c8732b_actions,player_a1c8732b,"['player_a1c8732b', 'player_a1c8732b', 'player_a1c8732b']","['player_a1c8732b', 'player_382c16cd', 'player_382c16cd', 'player_a1c8732b']",['player_a1c8732b'],
482,tomato,start cutting,CuttingBoard_20,CuttingBoard,20,start cutting tomato,player_382c16cd,forced_division_of_labor,9fb93a4dd396edfd,240.0,32.0,1.0,0.0,0.0,1.0,1.0,"(2, 2)","[p(2, 2)_cs(1.0)_ws(1.0)]_[p(5, 2)_cs(1.0)_ws(1.0)]",player_382c16cd_actions,player_382c16cd,"['player_a1c8732b', 'player_382c16cd', 'player_382c16cd', 'player_382c16cd']",,,
518,plate,pick up,Dispenser_71,Dispenser,71,pick up plate from dispenser,player_a1c8732b,forced_division_of_labor,9fb93a4dd396edfd,480.6570383181291,54.41937164324912,1.0,0.0,1.0,1.0,1.0,"(5, 2)","[p(2, 2)_cs(1.0)_ws(1.0)]_[p(5, 2)_cs(1.0)_ws(1.0)]",player_a1c8732b_actions,,[],,,
539,plate,put down,Counter_32,Counter,32,put down plate on counter,player_a1c8732b,forced_division_of_labor,9fb93a4dd396edfd,519.064100984894,38.40706266676494,1.0,0.0,1.0,1.0,1.0,"(5, 2)","[p(2, 2)_cs(1.0)_ws(1.0)]_[p(5, 2)_cs(1.0)_ws(1.0)]",player_a1c8732b_actions,player_a1c8732b,['player_a1c8732b'],,,
545,plate,pick up,Counter_32,Counter,32,pick up plate from counter,player_382c16cd,forced_division_of_labor,9fb93a4dd396edfd,256.0,16.0,1.0,0.0,0.0,1.0,1.0,"(2, 2)","[p(2, 2)_cs(1.0)_ws(1.0)]_[p(5, 2)_cs(1.0)_ws(1.0)]",player_382c16cd_actions,player_a1c8732b,['player_a1c8732b'],,,True
563,plate,put down,Counter_32,Counter,32,put down plate on counter,player_382c16cd,forced_division_of_labor,9fb93a4dd396edfd,256.0,0.0,1.0,0.0,0.0,1.0,1.0,"(2, 2)","[p(2, 2)_cs(1.0)_ws(1.0)]_[p(5, 2)_cs(1.0)_ws(1.0)]",player_382c16cd_actions,player_382c16cd,"['player_a1c8732b', 'player_382c16cd']",,,
567,tomato,pick up,Dispenser_40,Dispenser,40,pick up tomato from dispenser,player_a1c8732b,forced_division_of_labor,9fb93a4dd396edfd,545.9632078854305,26.89910690053648,1.0,0.0,1.0,1.0,1.0,"(5, 2)","[p(2, 2)_cs(1.0)_ws(1.0)]_[p(5, 2)_cs(1.0)_ws(1.0)]",player_a1c8732b_actions,,[],,,
597,tomato,put down,Counter_34,Counter,34,put down tomato on counter,player_a1c8732b,forced_division_of_labor,9fb93a4dd396edfd,593.963207885431,48.000000000000455,1.0,0.0,1.0,1.0,1.0,"(5, 2)","[p(2, 2)_cs(1.0)_ws(1.0)]_[p(5, 2)_cs(1.0)_ws(1.0)]",player_a1c8732b_actions,player_a1c8732b,['player_a1c8732b'],,,
623,tomato_cut,pick up,Counter_33,Counter,33,pick up tomato_cut from counter,player_382c16cd,forced_division_of_labor,9fb93a4dd396edfd,304.00000000000045,48.000000000000455,1.0,0.0,0.0,1.0,1.0,"(2, 2)","[p(2, 2)_cs(1.0)_ws(1.0)]_[p(5, 2)_cs(1.0)_ws(1.0)]",player_382c16cd_actions,player_382c16cd,"['player_a1c8732b', 'player_382c16cd', 'player_382c16cd', 'player_382c16cd']",,,False
638,plate,pick up,Counter_32,Counter,32,pick up plate from counter,player_a1c8732b,forced_division_of_labor,9fb93a4dd396edfd,625.9632078854313,32.00000000000034,1.0,0.0,1.0,1.0,1.0,"(5, 2)","[p(2, 2)_cs(1.0)_ws(1.0)]_[p(5, 2)_cs(1.0)_ws(1.0)]",player_a1c8732b_actions,player_382c16cd,"['player_a1c8732b', 'player_382c16cd']",,,True
647,tomato_cut,put down,Counter_32,Counter,32,put down tomato_cut on counter,player_382c16cd,forced_division_of_labor,9fb93a4dd396edfd,320.0000000000006,16.00000000000017,1.0,0.0,0.0,1.0,1.0,"(2, 2)","[p(2, 2)_cs(1.0)_ws(1.0)]_[p(5, 2)_cs(1.0)_ws(1.0)]",player_382c16cd_actions,player_382c16cd,"['player_a1c8732b', 'player_382c16cd', 'player_382c16cd', 'player_382c16cd', 'player_382c16cd']",,,
656,plate,assemble salad,Counter_32,Counter,32,assemble salad,player_a1c8732b,forced_division_of_labor,9fb93a4dd396edfd,625.9632078854313,0.0,1.0,0.0,1.0,1.0,1.0,"(5, 2)","[p(2, 2)_cs(1.0)_ws(1.0)]_[p(5, 2)_cs(1.0)_ws(1.0)]",player_a1c8732b_actions,player_382c16cd,['player_a1c8732b'],"['player_a1c8732b', 'player_382c16cd', 'player_382c16cd', 'player_382c16cd', 'player_382c16cd']","['player_a1c8732b', 'player_382c16cd', 'player_a1c8732b']",True
679,tomato_salad,pick up,Counter_32,Counter,32,pick up tomato_salad from counter,player_a1c8732b,forced_division_of_labor,9fb93a4dd396edfd,655.9632078854299,29.999999999998636,1.0,0.0,1.0,1.0,1.0,"(5, 2)","[p(2, 2)_cs(1.0)_ws(1.0)]_[p(5, 2)_cs(1.0)_ws(1.0)]",player_a1c8732b_actions,player_a1c8732b,['player_a1c8732b'],"['player_a1c8732b', 'player_382c16cd', 'player_382c16cd', 'player_382c16cd', 'player_382c16cd']","['player_a1c8732b', 'player_382c16cd', 'player_a1c8732b']",False
692,tomato,pick up,Counter_34,Counter,34,pick up tomato from counter,player_382c16cd,forced_division_of_labor,9fb93a4dd396edfd,352.0000000000008,32.00000000000017,1.0,0.0,0.0,1.0,1.0,"(2, 2)","[p(2, 2)_cs(1.0)_ws(1.0)]_[p(5, 2)_cs(1.0)_ws(1.0)]",player_382c16cd_actions,player_a1c8732b,['player_a1c8732b'],,,True
710,tomato_salad,deliver,Delivery_64,Delivery,64,deliver tomato_salad,player_a1c8732b,forced_division_of_labor,9fb93a4dd396edfd,694.3084429452874,38.34523505985749,2.0,1.0,2.0,1.0,1.0,"(5, 2)","[p(2, 2)_cs(1.0)_ws(1.0)]_[p(5, 2)_cs(1.0)_ws(1.0)]",player_a1c8732b_actions,player_a1c8732b,"['player_a1c8732b', 'player_a1c8732b']","['player_a1c8732b', 'player_382c16cd', 'player_382c16cd', 'player_382c16cd', 'player_382c16cd']","['player_a1c8732b', 'player_382c16cd', 'player_a1c8732b']",
731,tomato,start cutting,CuttingBoard_10,CuttingBoard,10,start cutting tomato,player_382c16cd,forced_division_of_labor,9fb93a4dd396edfd,406.4193716432499,54.41937164324912,2.0,0.0,0.0,1.0,1.0,"(2, 2)","[p(2, 2)_cs(1.0)_ws(1.0)]_[p(5, 2)_cs(1.0)_ws(1.0)]",player_382c16cd_actions,player_382c16cd,"['player_a1c8732b', 'player_382c16cd']",,,
749,tomato,pick up,Dispenser_40,Dispenser,40,pick up tomato from dispenser,player_a1c8732b,forced_division_of_labor,9fb93a4dd396edfd,748.7278145885364,54.41937164324895,2.0,0.0,2.0,1.0,1.0,"(5, 2)","[p(2, 2)_cs(1.0)_ws(1.0)]_[p(5, 2)_cs(1.0)_ws(1.0)]",player_a1c8732b_actions,,[],,,
773,tomato,put down,Counter_32,Counter,32,put down tomato on counter,player_a1c8732b,forced_division_of_labor,9fb93a4dd396edfd,764.7278145885366,16.000000000000227,2.0,0.0,2.0,1.0,1.0,"(5, 2)","[p(2, 2)_cs(1.0)_ws(1.0)]_[p(5, 2)_cs(1.0)_ws(1.0)]",player_a1c8732b_actions,player_a1c8732b,['player_a1c8732b'],,,
797,tomato_cut,pick up,CuttingBoard_20,CuttingBoard,20,pick up tomato_cut from cuttingboard,player_382c16cd,forced_division_of_labor,9fb93a4dd396edfd,422.41937164325,16.000000000000114,2.0,0.0,0.0,1.0,1.0,"(2, 2)","[p(2, 2)_cs(1.0)_ws(1.0)]_[p(5, 2)_cs(1.0)_ws(1.0)]",player_382c16cd_actions,player_a1c8732b,['player_a1c8732b'],"['player_a1c8732b', 'player_382c16cd', 'player_382c16cd', 'player_382c16cd', 'player_382c16cd']","['player_a1c8732b', 'player_382c16cd', 'player_a1c8732b']",True
836,tomato,pick up,Dispenser_40,Dispenser,40,pick up tomato from dispenser,player_a1c8732b,forced_division_of_labor,9fb93a4dd396edfd,843.5799504845593,78.85213589602267,2.0,0.0,2.0,1.0,1.0,"(5, 2)","[p(2, 2)_cs(1.0)_ws(1.0)]_[p(5, 2)_cs(1.0)_ws(1.0)]",player_a1c8732b_actions,,[],,,
863,tomato,put down,Counter_33,Counter,33,put down tomato on counter,player_a1c8732b,forced_division_of_labor,9fb93a4dd396edfd,875.5799504845596,32.00000000000034,2.0,0.0,2.0,1.0,1.0,"(5, 2)","[p(2, 2)_cs(1.0)_ws(1.0)]_[p(5, 2)_cs(1.0)_ws(1.0)]",player_a1c8732b_actions,player_a1c8732b,['player_a1c8732b'],,,
890,tomato_cut,put down,Counter_33,Counter,33,put down tomato_cut on counter,player_382c16cd,forced_division_of_labor,9fb93a4dd396edfd,531.2418913233025,108.8225196800525,2.0,0.0,0.0,1.0,1.0,"(2, 2)","[p(2, 2)_cs(1.0)_ws(1.0)]_[p(5, 2)_cs(1.0)_ws(1.0)]",player_382c16cd_actions,player_382c16cd,"['player_a1c8732b', 'player_382c16cd']","['player_a1c8732b', 'player_382c16cd', 'player_382c16cd', 'player_382c16cd', 'player_382c16cd']","['player_a1c8732b', 'player_382c16cd', 'player_a1c8732b']",
890,tomato,pick up,Counter_33,Counter,33,pick up tomato from counter,player_382c16cd,forced_division_of_labor,9fb93a4dd396edfd,531.2418913233025,0.0,2.0,0.0,0.0,1.0,1.0,"(2, 2)","[p(2, 2)_cs(1.0)_ws(1.0)]_[p(5, 2)_cs(1.0)_ws(1.0)]",player_382c16cd_actions,player_382c16cd,"['player_a1c8732b', 'player_382c16cd']","['player_a1c8732b', 'player_382c16cd', 'player_382c16cd', 'player_382c16cd', 'player_382c16cd']","['player_a1c8732b', 'player_382c16cd', 'player_a1c8732b']",False
898,plate,pick up,Dispenser_60,Dispenser,60,pick up plate from dispenser,player_a1c8732b,forced_division_of_labor,9fb93a4dd396edfd,920.8347844804993,45.254833995939634,2.0,0.0,2.0,1.0,1.0,"(5, 2)","[p(2, 2)_cs(1.0)_ws(1.0)]_[p(5, 2)_cs(1.0)_ws(1.0)]",player_a1c8732b_actions,,[],,,
929,tomato,start cutting,CuttingBoard_20,CuttingBoard,20,start cutting tomato,player_382c16cd,forced_division_of_labor,9fb93a4dd396edfd,563.2418913233029,32.00000000000034,2.0,0.0,0.0,1.0,1.0,"(2, 2)","[p(2, 2)_cs(1.0)_ws(1.0)]_[p(5, 2)_cs(1.0)_ws(1.0)]",player_382c16cd_actions,player_382c16cd,"['player_a1c8732b', 'player_382c16cd', 'player_382c16cd']","['player_a1c8732b', 'player_382c16cd', 'player_382c16cd', 'player_382c16cd', 'player_382c16cd']","['player_a1c8732b', 'player_382c16cd', 'player_a1c8732b']",
941,plate,put down,Counter_34,Counter,34,put down plate on counter,player_a1c8732b,forced_division_of_labor,9fb93a4dd396edfd,981.7509713830376,60.91618690253836,2.0,0.0,2.0,1.0,1.0,"(5, 2)","[p(2, 2)_cs(1.0)_ws(1.0)]_[p(5, 2)_cs(1.0)_ws(1.0)]",player_a1c8732b_actions,player_a1c8732b,['player_a1c8732b'],,,
959,tomato,pick up,Counter_32,Counter,32,pick up tomato from counter,player_382c16cd,forced_division_of_labor,9fb93a4dd396edfd,579.241891323303,16.000000000000114,2.0,0.0,0.0,1.0,1.0,"(2, 2)","[p(2, 2)_cs(1.0)_ws(1.0)]_[p(5, 2)_cs(1.0)_ws(1.0)]",player_382c16cd_actions,player_a1c8732b,['player_a1c8732b'],,,True
965,tomato_cut,pick up,Counter_33,Counter,33,pick up tomato_cut from counter,player_a1c8732b,forced_division_of_labor,9fb93a4dd396edfd,997.7509713830376,16.000000000000114,2.0,0.0,2.0,1.0,1.0,"(5, 2)","[p(2, 2)_cs(1.0)_ws(1.0)]_[p(5, 2)_cs(1.0)_ws(1.0)]",player_a1c8732b_actions,player_382c16cd,"['player_a1c8732b', 'player_382c16cd', 'player_382c16cd']","['player_a1c8732b', 'player_382c16cd', 'player_382c16cd', 'player_382c16cd', 'player_382c16cd']","['player_a1c8732b', 'player_382c16cd', 'player_a1c8732b']",True
976,tomato,start cutting,CuttingBoard_10,CuttingBoard,10,start cutting tomato,player_382c16cd,forced_division_of_labor,9fb93a4dd396edfd,601.8693083212727,22.627416997969704,2.0,0.0,0.0,1.0,1.0,"(2, 2)","[p(2, 2)_cs(1.0)_ws(1.0)]_[p(5, 2)_cs(1.0)_ws(1.0)]",player_382c16cd_actions,player_382c16cd,"['player_a1c8732b', 'player_382c16cd']",,,
986,tomato_cut,assemble salad,Counter_34,Counter,34,assemble salad,player_a1c8732b,forced_division_of_labor,9fb93a4dd396edfd,1013.7509713830378,16.000000000000114,2.0,0.0,2.0,1.0,1.0,"(5, 2)","[p(2, 2)_cs(1.0)_ws(1.0)]_[p(5, 2)_cs(1.0)_ws(1.0)]",player_a1c8732b_actions,player_a1c8732b,['player_a1c8732b'],"['player_a1c8732b', 'player_382c16cd', 'player_382c16cd', 'player_a1c8732b']",['player_a1c8732b'],False
1024,plate,pick up,Dispenser_60,Dispenser,60,pick up plate from dispenser,player_a1c8732b,forced_division_of_labor,9fb93a4dd396edfd,1073.3486150755923,59.59764369255447,2.0,0.0,2.0,1.0,1.0,"(5, 2)","[p(2, 2)_cs(1.0)_ws(1.0)]_[p(5, 2)_cs(1.0)_ws(1.0)]",player_a1c8732b_actions,,[],,,
1055,plate,put down,Counter_32,Counter,32,put down plate on counter,player_a1c8732b,forced_division_of_labor,9fb93a4dd396edfd,1111.7556777423565,38.407062666764205,2.0,0.0,2.0,1.0,1.0,"(5, 2)","[p(2, 2)_cs(1.0)_ws(1.0)]_[p(5, 2)_cs(1.0)_ws(1.0)]",player_a1c8732b_actions,player_a1c8732b,['player_a1c8732b'],,,
1085,tomato_cut,pick up,CuttingBoard_20,CuttingBoard,20,pick up tomato_cut from cuttingboard,player_382c16cd,forced_division_of_labor,9fb93a4dd396edfd,617.8693083212729,16.000000000000227,2.0,0.0,0.0,1.0,1.0,"(2, 2)","[p(2, 2)_cs(1.0)_ws(1.0)]_[p(5, 2)_cs(1.0)_ws(1.0)]",player_382c16cd_actions,player_382c16cd,"['player_a1c8732b', 'player_382c16cd', 'player_382c16cd']","['player_a1c8732b', 'player_382c16cd', 'player_382c16cd', 'player_382c16cd', 'player_382c16cd']","['player_a1c8732b', 'player_382c16cd', 'player_a1c8732b']",False
1085,plate,pick up,Dispenser_71,Dispenser,71,pick up plate from dispenser,player_a1c8732b,forced_division_of_labor,9fb93a4dd396edfd,1150.1627404091205,38.40706266676375,2.0,0.0,2.0,1.0,1.0,"(5, 2)","[p(2, 2)_cs(1.0)_ws(1.0)]_[p(5, 2)_cs(1.0)_ws(1.0)]",player_a1c8732b_actions,,[],,,
1111,plate,put down,Counter_33,Counter,33,put down plate on counter,player_a1c8732b,forced_division_of_labor,9fb93a4dd396edfd,1195.417574405058,45.254833995937815,2.0,0.0,2.0,1.0,1.0,"(5, 2)","[p(2, 2)_cs(1.0)_ws(1.0)]_[p(5, 2)_cs(1.0)_ws(1.0)]",player_a1c8732b_actions,player_a1c8732b,['player_a1c8732b'],,,
1112,tomato_cut,assemble salad,Counter_32,Counter,32,assemble salad,player_382c16cd,forced_division_of_labor,9fb93a4dd396edfd,633.8693083212731,16.000000000000227,2.0,0.0,0.0,1.0,1.0,"(2, 2)","[p(2, 2)_cs(1.0)_ws(1.0)]_[p(5, 2)_cs(1.0)_ws(1.0)]",player_382c16cd_actions,player_a1c8732b,['player_382c16cd'],"['player_a1c8732b', 'player_382c16cd', 'player_382c16cd', 'player_382c16cd']",['player_a1c8732b'],True
1136,tomato_salad,pick up,Counter_34,Counter,34,pick up tomato_salad from counter,player_a1c8732b,forced_division_of_labor,9fb93a4dd396edfd,1211.4175744050578,15.999999999999773,2.0,0.0,2.0,1.0,1.0,"(5, 2)","[p(2, 2)_cs(1.0)_ws(1.0)]_[p(5, 2)_cs(1.0)_ws(1.0)]",player_a1c8732b_actions,player_a1c8732b,['player_a1c8732b'],"['player_a1c8732b', 'player_382c16cd', 'player_382c16cd', 'player_a1c8732b']",['player_a1c8732b'],False
1138,tomato_cut,pick up,CuttingBoard_10,CuttingBoard,10,pick up tomato_cut from cuttingboard,player_382c16cd,forced_division_of_labor,9fb93a4dd396edfd,656.4967253192428,22.627416997969704,2.0,0.0,0.0,1.0,1.0,"(2, 2)","[p(2, 2)_cs(1.0)_ws(1.0)]_[p(5, 2)_cs(1.0)_ws(1.0)]",player_382c16cd_actions,player_382c16cd,"['player_a1c8732b', 'player_382c16cd']",,,False
1154,tomato_salad,deliver,Delivery_64,Delivery,64,deliver tomato_salad,player_a1c8732b,forced_division_of_labor,9fb93a4dd396edfd,1227.4175744050574,15.999999999999543,3.0,1.0,3.0,1.0,1.0,"(5, 2)","[p(2, 2)_cs(1.0)_ws(1.0)]_[p(5, 2)_cs(1.0)_ws(1.0)]",player_a1c8732b_actions,player_a1c8732b,"['player_a1c8732b', 'player_a1c8732b']","['player_a1c8732b', 'player_382c16cd', 'player_382c16cd', 'player_a1c8732b']",['player_a1c8732b'],
1172,tomato_cut,assemble salad,Counter_33,Counter,33,assemble salad,player_382c16cd,forced_division_of_labor,9fb93a4dd396edfd,694.9079851592688,38.41125984002599,3.0,0.0,0.0,1.0,1.0,"(2, 2)","[p(2, 2)_cs(1.0)_ws(1.0)]_[p(5, 2)_cs(1.0)_ws(1.0)]",player_382c16cd_actions,player_a1c8732b,['player_382c16cd'],"['player_a1c8732b', 'player_382c16cd', 'player_382c16cd']",['player_a1c8732b'],True
1187,tomato_salad,pick up,Counter_32,Counter,32,pick up tomato_salad from counter,player_a1c8732b,forced_division_of_labor,9fb93a4dd396edfd,1265.8246370718207,38.407062666763295,3.0,0.0,3.0,1.0,1.0,"(5, 2)","[p(2, 2)_cs(1.0)_ws(1.0)]_[p(5, 2)_cs(1.0)_ws(1.0)]",player_a1c8732b_actions,player_382c16cd,['player_382c16cd'],"['player_a1c8732b', 'player_382c16cd', 'player_382c16cd', 'player_382c16cd']",['player_a1c8732b'],True
1220,tomato_salad,deliver,Delivery_64,Delivery,64,deliver tomato_salad,player_a1c8732b,forced_division_of_labor,9fb93a4dd396edfd,1304.2358969118463,38.41125984002565,4.0,1.0,4.0,1.0,1.0,"(5, 2)","[p(2, 2)_cs(1.0)_ws(1.0)]_[p(5, 2)_cs(1.0)_ws(1.0)]",player_a1c8732b_actions,player_a1c8732b,"['player_382c16cd', 'player_a1c8732b']","['player_a1c8732b', 'player_382c16cd', 'player_382c16cd', 'player_382c16cd']",['player_a1c8732b'],
1256,tomato,pick up,Dispenser_40,Dispenser,40,pick up tomato from dispenser,player_a1c8732b,forced_division_of_labor,9fb93a4dd396edfd,1358.6552685550937,54.41937164324736,4.0,0.0,4.0,1.0,1.0,"(5, 2)","[p(2, 2)_cs(1.0)_ws(1.0)]_[p(5, 2)_cs(1.0)_ws(1.0)]",player_a1c8732b_actions,,[],,,
1274,tomato,put down,Counter_32,Counter,32,put down tomato on counter,player_a1c8732b,forced_division_of_labor,9fb93a4dd396edfd,1374.6552685550932,15.999999999999543,4.0,0.0,4.0,1.0,1.0,"(5, 2)","[p(2, 2)_cs(1.0)_ws(1.0)]_[p(5, 2)_cs(1.0)_ws(1.0)]",player_a1c8732b_actions,player_a1c8732b,['player_a1c8732b'],,,
1295,tomato,pick up,Dispenser_40,Dispenser,40,pick up tomato from dispenser,player_a1c8732b,forced_division_of_labor,9fb93a4dd396edfd,1390.6552685550928,15.999999999999543,4.0,0.0,4.0,1.0,1.0,"(5, 2)","[p(2, 2)_cs(1.0)_ws(1.0)]_[p(5, 2)_cs(1.0)_ws(1.0)]",player_a1c8732b_actions,,[],,,
1298,tomato,pick up,Counter_32,Counter,32,pick up tomato from counter,player_382c16cd,forced_division_of_labor,9fb93a4dd396edfd,710.907985159269,16.000000000000114,4.0,0.0,0.0,1.0,1.0,"(2, 2)","[p(2, 2)_cs(1.0)_ws(1.0)]_[p(5, 2)_cs(1.0)_ws(1.0)]",player_382c16cd_actions,player_a1c8732b,['player_a1c8732b'],,,True
1319,tomato,start cutting,CuttingBoard_20,CuttingBoard,20,start cutting tomato,player_382c16cd,forced_division_of_labor,9fb93a4dd396edfd,726.9079851592692,16.000000000000227,4.0,0.0,0.0,1.0,1.0,"(2, 2)","[p(2, 2)_cs(1.0)_ws(1.0)]_[p(5, 2)_cs(1.0)_ws(1.0)]",player_382c16cd_actions,player_382c16cd,"['player_a1c8732b', 'player_382c16cd']",,,
1332,tomato,put down,Counter_34,Counter,34,put down tomato on counter,player_a1c8732b,forced_division_of_labor,9fb93a4dd396edfd,1438.655268555091,47.99999999999818,4.0,0.0,4.0,1.0,1.0,"(5, 2)","[p(2, 2)_cs(1.0)_ws(1.0)]_[p(5, 2)_cs(1.0)_ws(1.0)]",player_a1c8732b_actions,player_a1c8732b,['player_a1c8732b'],,,
1365,tomato,pick up,Dispenser_40,Dispenser,40,pick up tomato from dispenser,player_a1c8732b,forced_division_of_labor,9fb93a4dd396edfd,1486.6552685550894,47.99999999999841,4.0,0.0,4.0,1.0,1.0,"(5, 2)","[p(2, 2)_cs(1.0)_ws(1.0)]_[p(5, 2)_cs(1.0)_ws(1.0)]",player_a1c8732b_actions,,[],,,
1383,tomato,pick up,Counter_34,Counter,34,pick up tomato from counter,player_382c16cd,forced_division_of_labor,9fb93a4dd396edfd,774.9079851592696,48.000000000000455,4.0,0.0,0.0,1.0,1.0,"(2, 2)","[p(2, 2)_cs(1.0)_ws(1.0)]_[p(5, 2)_cs(1.0)_ws(1.0)]",player_382c16cd_actions,player_a1c8732b,['player_a1c8732b'],,,True
1385,tomato,put down,Counter_32,Counter,32,put down tomato on counter,player_a1c8732b,forced_division_of_labor,9fb93a4dd396edfd,1502.655268555089,15.999999999999543,4.0,0.0,4.0,1.0,1.0,"(5, 2)","[p(2, 2)_cs(1.0)_ws(1.0)]_[p(5, 2)_cs(1.0)_ws(1.0)]",player_a1c8732b_actions,player_a1c8732b,['player_a1c8732b'],,,
1412,tomato_salad,pick up,Counter_33,Counter,33,pick up tomato_salad from counter,player_a1c8732b,forced_division_of_labor,9fb93a4dd396edfd,1518.6552685550885,15.999999999999543,4.0,0.0,4.0,1.0,1.0,"(5, 2)","[p(2, 2)_cs(1.0)_ws(1.0)]_[p(5, 2)_cs(1.0)_ws(1.0)]",player_a1c8732b_actions,player_382c16cd,['player_382c16cd'],"['player_a1c8732b', 'player_382c16cd', 'player_382c16cd']",['player_a1c8732b'],True
1421,tomato,start cutting,CuttingBoard_10,CuttingBoard,10,start cutting tomato,player_382c16cd,forced_division_of_labor,9fb93a4dd396edfd,829.3273568025187,54.419371643249065,4.0,0.0,0.0,1.0,1.0,"(2, 2)","[p(2, 2)_cs(1.0)_ws(1.0)]_[p(5, 2)_cs(1.0)_ws(1.0)]",player_382c16cd_actions,player_382c16cd,"['player_a1c8732b', 'player_382c16cd']",,,
1427,tomato_salad,deliver,Delivery_64,Delivery,64,deliver tomato_salad,player_a1c8732b,forced_division_of_labor,9fb93a4dd396edfd,1541.2826855530575,22.62741699796902,5.0,1.0,5.0,1.0,1.0,"(5, 2)","[p(2, 2)_cs(1.0)_ws(1.0)]_[p(5, 2)_cs(1.0)_ws(1.0)]",player_a1c8732b_actions,player_a1c8732b,"['player_382c16cd', 'player_a1c8732b']","['player_a1c8732b', 'player_382c16cd', 'player_382c16cd']",['player_a1c8732b'],
1466,plate,pick up,Dispenser_71,Dispenser,71,pick up plate from dispenser,player_a1c8732b,forced_division_of_labor,9fb93a4dd396edfd,1595.7020571963048,54.41937164324736,5.0,0.0,5.0,1.0,1.0,"(5, 2)","[p(2, 2)_cs(1.0)_ws(1.0)]_[p(5, 2)_cs(1.0)_ws(1.0)]",player_a1c8732b_actions,,[],,,
1498,plate,put down,Counter_33,Counter,33,put down plate on counter,player_a1c8732b,forced_division_of_labor,9fb93a4dd396edfd,1640.956891192243,45.254833995937815,5.0,0.0,5.0,1.0,1.0,"(5, 2)","[p(2, 2)_cs(1.0)_ws(1.0)]_[p(5, 2)_cs(1.0)_ws(1.0)]",player_a1c8732b_actions,player_a1c8732b,['player_a1c8732b'],,,
1511,tomato_cut,pick up,CuttingBoard_10,CuttingBoard,10,pick up tomato_cut from cuttingboard,player_382c16cd,forced_division_of_labor,9fb93a4dd396edfd,829.3273568025187,0.0,5.0,0.0,0.0,1.0,1.0,"(2, 2)","[p(2, 2)_cs(1.0)_ws(1.0)]_[p(5, 2)_cs(1.0)_ws(1.0)]",player_382c16cd_actions,player_382c16cd,"['player_a1c8732b', 'player_382c16cd']",,,False
1531,plate,pick up,Dispenser_71,Dispenser,71,pick up plate from dispenser,player_a1c8732b,forced_division_of_labor,9fb93a4dd396edfd,1686.2117251881805,45.254833995937815,5.0,0.0,5.0,1.0,1.0,"(5, 2)","[p(2, 2)_cs(1.0)_ws(1.0)]_[p(5, 2)_cs(1.0)_ws(1.0)]",player_a1c8732b_actions,,[],,,
1547,tomato_cut,assemble salad,Counter_33,Counter,33,assemble salad,player_382c16cd,forced_division_of_labor,9fb93a4dd396edfd,867.7386166425447,38.41125984002599,5.0,0.0,0.0,1.0,1.0,"(2, 2)","[p(2, 2)_cs(1.0)_ws(1.0)]_[p(5, 2)_cs(1.0)_ws(1.0)]",player_382c16cd_actions,player_a1c8732b,['player_382c16cd'],"['player_a1c8732b', 'player_382c16cd', 'player_382c16cd']",['player_a1c8732b'],True
1567,plate,put down,Counter_34,Counter,34,put down plate on counter,player_a1c8732b,forced_division_of_labor,9fb93a4dd396edfd,1745.8093688807344,59.5976436925539,5.0,0.0,5.0,1.0,1.0,"(5, 2)","[p(2, 2)_cs(1.0)_ws(1.0)]_[p(5, 2)_cs(1.0)_ws(1.0)]",player_a1c8732b_actions,player_a1c8732b,['player_a1c8732b'],,,
1571,tomato,pick up,Counter_32,Counter,32,pick up tomato from counter,player_382c16cd,forced_division_of_labor,9fb93a4dd396edfd,883.7386166425449,16.000000000000227,5.0,0.0,0.0,1.0,1.0,"(2, 2)","[p(2, 2)_cs(1.0)_ws(1.0)]_[p(5, 2)_cs(1.0)_ws(1.0)]",player_382c16cd_actions,player_a1c8732b,['player_a1c8732b'],,,True
1591,tomato,start cutting,CuttingBoard_10,CuttingBoard,10,start cutting tomato,player_382c16cd,forced_division_of_labor,9fb93a4dd396edfd,906.3660336405146,22.627416997969704,5.0,0.0,0.0,1.0,1.0,"(2, 2)","[p(2, 2)_cs(1.0)_ws(1.0)]_[p(5, 2)_cs(1.0)_ws(1.0)]",player_382c16cd_actions,player_382c16cd,"['player_a1c8732b', 'player_382c16cd']",,,
1607,plate,pick up,Dispenser_71,Dispenser,71,pick up plate from dispenser,player_a1c8732b,forced_division_of_labor,9fb93a4dd396edfd,1806.7255557832711,60.916186902536765,5.0,0.0,5.0,1.0,1.0,"(5, 2)","[p(2, 2)_cs(1.0)_ws(1.0)]_[p(5, 2)_cs(1.0)_ws(1.0)]",player_a1c8732b_actions,,[],,,
1610,tomato_cut,pick up,CuttingBoard_20,CuttingBoard,20,pick up tomato_cut from cuttingboard,player_382c16cd,forced_division_of_labor,9fb93a4dd396edfd,922.3660336405148,16.000000000000227,5.0,0.0,0.0,1.0,1.0,"(2, 2)","[p(2, 2)_cs(1.0)_ws(1.0)]_[p(5, 2)_cs(1.0)_ws(1.0)]",player_382c16cd_actions,player_382c16cd,"['player_a1c8732b', 'player_382c16cd']",,,False
1635,plate,put down,Counter_32,Counter,32,put down plate on counter,player_a1c8732b,forced_division_of_labor,9fb93a4dd396edfd,1845.070790843129,38.34523505985817,5.0,0.0,5.0,1.0,1.0,"(5, 2)","[p(2, 2)_cs(1.0)_ws(1.0)]_[p(5, 2)_cs(1.0)_ws(1.0)]",player_a1c8732b_actions,player_a1c8732b,['player_a1c8732b'],,,
1651,tomato_cut,assemble salad,Counter_34,Counter,34,assemble salad,player_382c16cd,forced_division_of_labor,9fb93a4dd396edfd,970.3660336405152,48.000000000000455,5.0,0.0,0.0,1.0,1.0,"(2, 2)","[p(2, 2)_cs(1.0)_ws(1.0)]_[p(5, 2)_cs(1.0)_ws(1.0)]",player_382c16cd_actions,player_a1c8732b,['player_382c16cd'],"['player_a1c8732b', 'player_382c16cd', 'player_382c16cd']",['player_a1c8732b'],True
1653,tomato_salad,pick up,Counter_33,Counter,33,pick up tomato_salad from counter,player_a1c8732b,forced_division_of_labor,9fb93a4dd396edfd,1861.0707908431289,15.999999999999543,5.0,0.0,5.0,1.0,1.0,"(5, 2)","[p(2, 2)_cs(1.0)_ws(1.0)]_[p(5, 2)_cs(1.0)_ws(1.0)]",player_a1c8732b_actions,player_382c16cd,['player_382c16cd'],"['player_a1c8732b', 'player_382c16cd', 'player_382c16cd']",['player_a1c8732b'],True
1673,tomato_salad,deliver,Delivery_64,Delivery,64,deliver tomato_salad,player_a1c8732b,forced_division_of_labor,9fb93a4dd396edfd,1888.1587983337652,27.0880074906363,6.0,1.0,6.0,1.0,1.0,"(5, 2)","[p(2, 2)_cs(1.0)_ws(1.0)]_[p(5, 2)_cs(1.0)_ws(1.0)]",player_a1c8732b_actions,player_a1c8732b,"['player_382c16cd', 'player_a1c8732b']","['player_a1c8732b', 'player_382c16cd', 'player_382c16cd']",['player_a1c8732b'],
1693,tomato_salad,pick up,Counter_34,Counter,34,pick up tomato_salad from counter,player_a1c8732b,forced_division_of_labor,9fb93a4dd396edfd,1904.1587983337647,15.999999999999543,6.0,0.0,6.0,1.0,1.0,"(5, 2)","[p(2, 2)_cs(1.0)_ws(1.0)]_[p(5, 2)_cs(1.0)_ws(1.0)]",player_a1c8732b_actions,player_382c16cd,['player_382c16cd'],"['player_a1c8732b', 'player_382c16cd', 'player_382c16cd']",['player_a1c8732b'],True
1710,tomato_salad,deliver,Delivery_64,Delivery,64,deliver tomato_salad,player_a1c8732b,forced_division_of_labor,9fb93a4dd396edfd,1920.1587983337645,15.999999999999543,7.0,1.0,7.0,1.0,1.0,"(5, 2)","[p(2, 2)_cs(1.0)_ws(1.0)]_[p(5, 2)_cs(1.0)_ws(1.0)]",player_a1c8732b_actions,player_a1c8732b,"['player_382c16cd', 'player_a1c8732b']","['player_a1c8732b', 'player_382c16cd', 'player_382c16cd']",['player_a1c8732b'],
1740,tomato,pick up,Dispenser_40,Dispenser,40,pick up tomato from dispenser,player_a1c8732b,forced_division_of_labor,9fb93a4dd396edfd,1974.578169977012,54.41937164324759,7.0,0.0,7.0,1.0,1.0,"(5, 2)","[p(2, 2)_cs(1.0)_ws(1.0)]_[p(5, 2)_cs(1.0)_ws(1.0)]",player_a1c8732b_actions,,[],,,
1753,tomato_cut,pick up,CuttingBoard_10,CuttingBoard,10,pick up tomato_cut from cuttingboard,player_382c16cd,forced_division_of_labor,9fb93a4dd396edfd,1024.7854052837642,54.41937164324895,7.0,0.0,0.0,1.0,1.0,"(2, 2)","[p(2, 2)_cs(1.0)_ws(1.0)]_[p(5, 2)_cs(1.0)_ws(1.0)]",player_382c16cd_actions,player_382c16cd,"['player_a1c8732b', 'player_382c16cd']",,,False
1767,tomato,put down,Counter_33,Counter,33,put down tomato on counter,player_a1c8732b,forced_division_of_labor,9fb93a4dd396edfd,2006.578169977011,31.99999999999909,7.0,0.0,7.0,1.0,1.0,"(5, 2)","[p(2, 2)_cs(1.0)_ws(1.0)]_[p(5, 2)_cs(1.0)_ws(1.0)]",player_a1c8732b_actions,player_a1c8732b,['player_a1c8732b'],,,
1780,tomato_cut,assemble salad,Counter_32,Counter,32,assemble salad,player_382c16cd,forced_division_of_labor,9fb93a4dd396edfd,1047.412822281734,22.627416997969704,7.0,0.0,0.0,1.0,1.0,"(2, 2)","[p(2, 2)_cs(1.0)_ws(1.0)]_[p(5, 2)_cs(1.0)_ws(1.0)]",player_382c16cd_actions,player_a1c8732b,['player_382c16cd'],"['player_a1c8732b', 'player_382c16cd', 'player_382c16cd']",['player_a1c8732b'],True
1790,tomato,pick up,Dispenser_40,Dispenser,40,pick up tomato from dispenser,player_a1c8732b,forced_division_of_labor,9fb93a4dd396edfd,2038.57816997701,31.99999999999909,7.0,0.0,7.0,1.0,1.0,"(5, 2)","[p(2, 2)_cs(1.0)_ws(1.0)]_[p(5, 2)_cs(1.0)_ws(1.0)]",player_a1c8732b_actions,,[],,,
1802,tomato,pick up,Counter_33,Counter,33,pick up tomato from counter,player_382c16cd,forced_division_of_labor,9fb93a4dd396edfd,1063.4128222817335,15.999999999999543,7.0,0.0,0.0,1.0,1.0,"(2, 2)","[p(2, 2)_cs(1.0)_ws(1.0)]_[p(5, 2)_cs(1.0)_ws(1.0)]",player_382c16cd_actions,player_a1c8732b,['player_a1c8732b'],,,True
1819,tomato,start cutting,CuttingBoard_20,CuttingBoard,20,start cutting tomato,player_382c16cd,forced_division_of_labor,9fb93a4dd396edfd,1095.4128222817326,31.99999999999909,7.0,0.0,0.0,1.0,1.0,"(2, 2)","[p(2, 2)_cs(1.0)_ws(1.0)]_[p(5, 2)_cs(1.0)_ws(1.0)]",player_382c16cd_actions,player_382c16cd,"['player_a1c8732b', 'player_382c16cd']",,,
1822,tomato,put down,Counter_34,Counter,34,put down tomato on counter,player_a1c8732b,forced_division_of_labor,9fb93a4dd396edfd,2086.578169977011,48.00000000000091,7.0,0.0,7.0,1.0,1.0,"(5, 2)","[p(2, 2)_cs(1.0)_ws(1.0)]_[p(5, 2)_cs(1.0)_ws(1.0)]",player_a1c8732b_actions,player_a1c8732b,['player_a1c8732b'],,,
1852,tomato,pick up,Dispenser_40,Dispenser,40,pick up tomato from dispenser,player_a1c8732b,forced_division_of_labor,9fb93a4dd396edfd,2134.5781699770127,48.00000000000182,7.0,0.0,7.0,1.0,1.0,"(5, 2)","[p(2, 2)_cs(1.0)_ws(1.0)]_[p(5, 2)_cs(1.0)_ws(1.0)]",player_a1c8732b_actions,,[],,,
1861,tomato,pick up,Counter_34,Counter,34,pick up tomato from counter,player_382c16cd,forced_division_of_labor,9fb93a4dd396edfd,1143.4128222817308,47.99999999999818,7.0,0.0,0.0,1.0,1.0,"(2, 2)","[p(2, 2)_cs(1.0)_ws(1.0)]_[p(5, 2)_cs(1.0)_ws(1.0)]",player_382c16cd_actions,player_a1c8732b,['player_a1c8732b'],,,True
1870,tomato,put down,Counter_33,Counter,33,put down tomato on counter,player_a1c8732b,forced_division_of_labor,9fb93a4dd396edfd,2166.5781699770146,32.00000000000182,7.0,0.0,7.0,1.0,1.0,"(5, 2)","[p(2, 2)_cs(1.0)_ws(1.0)]_[p(5, 2)_cs(1.0)_ws(1.0)]",player_a1c8732b_actions,player_a1c8732b,['player_a1c8732b'],,,
1888,tomato_salad,pick up,Counter_32,Counter,32,pick up tomato_salad from counter,player_a1c8732b,forced_division_of_labor,9fb93a4dd396edfd,2182.5781699770155,16.00000000000091,7.0,0.0,7.0,1.0,1.0,"(5, 2)","[p(2, 2)_cs(1.0)_ws(1.0)]_[p(5, 2)_cs(1.0)_ws(1.0)]",player_a1c8732b_actions,player_382c16cd,['player_382c16cd'],"['player_a1c8732b', 'player_382c16cd', 'player_382c16cd']",['player_a1c8732b'],True
1894,tomato,start cutting,CuttingBoard_10,CuttingBoard,10,start cutting tomato,player_382c16cd,forced_division_of_labor,9fb93a4dd396edfd,1197.832193924978,54.41937164324736,7.0,0.0,0.0,1.0,1.0,"(2, 2)","[p(2, 2)_cs(1.0)_ws(1.0)]_[p(5, 2)_cs(1.0)_ws(1.0)]",player_382c16cd_actions,player_382c16cd,"['player_a1c8732b', 'player_382c16cd']",,,
1912,tomato_salad,deliver,Delivery_64,Delivery,64,deliver tomato_salad,player_a1c8732b,forced_division_of_labor,9fb93a4dd396edfd,2220.9894298170425,38.411259840027014,8.0,1.0,8.0,1.0,1.0,"(5, 2)","[p(2, 2)_cs(1.0)_ws(1.0)]_[p(5, 2)_cs(1.0)_ws(1.0)]",player_a1c8732b_actions,player_a1c8732b,"['player_382c16cd', 'player_a1c8732b']","['player_a1c8732b', 'player_382c16cd', 'player_382c16cd']",['player_a1c8732b'],
1943,plate,pick up,Dispenser_71,Dispenser,71,pick up plate from dispenser,player_a1c8732b,forced_division_of_labor,9fb93a4dd396edfd,2275.4088014602917,54.41937164324918,8.0,0.0,8.0,1.0,1.0,"(5, 2)","[p(2, 2)_cs(1.0)_ws(1.0)]_[p(5, 2)_cs(1.0)_ws(1.0)]",player_a1c8732b_actions,,[],,,
1974,plate,put down,Counter_32,Counter,32,put down plate on counter,player_a1c8732b,forced_division_of_labor,9fb93a4dd396edfd,2313.8158641270556,38.40706266676398,8.0,0.0,8.0,1.0,1.0,"(5, 2)","[p(2, 2)_cs(1.0)_ws(1.0)]_[p(5, 2)_cs(1.0)_ws(1.0)]",player_a1c8732b_actions,player_a1c8732b,['player_a1c8732b'],,,
1993,tomato_cut,pick up,CuttingBoard_20,CuttingBoard,20,pick up tomato_cut from cuttingboard,player_382c16cd,forced_division_of_labor,9fb93a4dd396edfd,1213.8321939249777,15.999999999999543,8.0,0.0,0.0,1.0,1.0,"(2, 2)","[p(2, 2)_cs(1.0)_ws(1.0)]_[p(5, 2)_cs(1.0)_ws(1.0)]",player_382c16cd_actions,player_382c16cd,"['player_a1c8732b', 'player_382c16cd']",,,False
2000,plate,pick up,Dispenser_71,Dispenser,71,pick up plate from dispenser,player_a1c8732b,forced_division_of_labor,9fb93a4dd396edfd,2352.2229267938196,38.40706266676398,8.0,0.0,8.0,1.0,1.0,"(5, 2)","[p(2, 2)_cs(1.0)_ws(1.0)]_[p(5, 2)_cs(1.0)_ws(1.0)]",player_a1c8732b_actions,,[],,,
2010,tomato_cut,assemble salad,Counter_32,Counter,32,assemble salad,player_382c16cd,forced_division_of_labor,9fb93a4dd396edfd,1229.8321939249772,15.999999999999543,8.0,0.0,0.0,1.0,1.0,"(2, 2)","[p(2, 2)_cs(1.0)_ws(1.0)]_[p(5, 2)_cs(1.0)_ws(1.0)]",player_382c16cd_actions,player_a1c8732b,['player_382c16cd'],"['player_a1c8732b', 'player_382c16cd', 'player_382c16cd']",['player_a1c8732b'],True
2028,tomato,pick up,Counter_33,Counter,33,pick up tomato from counter,player_382c16cd,forced_division_of_labor,9fb93a4dd396edfd,1245.8321939249768,15.999999999999543,8.0,0.0,0.0,1.0,1.0,"(2, 2)","[p(2, 2)_cs(1.0)_ws(1.0)]_[p(5, 2)_cs(1.0)_ws(1.0)]",player_382c16cd_actions,player_a1c8732b,['player_a1c8732b'],,,True
2035,plate,put down,Counter_34,Counter,34,put down plate on counter,player_a1c8732b,forced_division_of_labor,9fb93a4dd396edfd,2413.1391136963584,60.91618690253881,8.0,0.0,8.0,1.0,1.0,"(5, 2)","[p(2, 2)_cs(1.0)_ws(1.0)]_[p(5, 2)_cs(1.0)_ws(1.0)]",player_a1c8732b_actions,player_a1c8732b,['player_a1c8732b'],,,
2051,tomato,start cutting,CuttingBoard_20,CuttingBoard,20,start cutting tomato,player_382c16cd,forced_division_of_labor,9fb93a4dd396edfd,1277.832193924976,31.99999999999909,8.0,0.0,0.0,1.0,1.0,"(2, 2)","[p(2, 2)_cs(1.0)_ws(1.0)]_[p(5, 2)_cs(1.0)_ws(1.0)]",player_382c16cd_actions,player_382c16cd,"['player_a1c8732b', 'player_382c16cd']",,,
2067,tomato,pick up,Dispenser_40,Dispenser,40,pick up tomato from dispenser,player_a1c8732b,forced_division_of_labor,9fb93a4dd396edfd,2461.1391136963603,48.00000000000182,8.0,0.0,8.0,1.0,1.0,"(5, 2)","[p(2, 2)_cs(1.0)_ws(1.0)]_[p(5, 2)_cs(1.0)_ws(1.0)]",player_a1c8732b_actions,,[],,,
2069,tomato_cut,pick up,CuttingBoard_10,CuttingBoard,10,pick up tomato_cut from cuttingboard,player_382c16cd,forced_division_of_labor,9fb93a4dd396edfd,1293.8321939249754,15.999999999999543,8.0,0.0,0.0,1.0,1.0,"(2, 2)","[p(2, 2)_cs(1.0)_ws(1.0)]_[p(5, 2)_cs(1.0)_ws(1.0)]",player_382c16cd_actions,player_382c16cd,"['player_a1c8732b', 'player_382c16cd']",,,False
2092,tomato,put down,Counter_33,Counter,33,put down tomato on counter,player_a1c8732b,forced_division_of_labor,9fb93a4dd396edfd,2493.139113696362,32.00000000000182,8.0,0.0,8.0,1.0,1.0,"(5, 2)","[p(2, 2)_cs(1.0)_ws(1.0)]_[p(5, 2)_cs(1.0)_ws(1.0)]",player_a1c8732b_actions,player_a1c8732b,['player_a1c8732b'],,,
2109,tomato_salad,pick up,Counter_32,Counter,32,pick up tomato_salad from counter,player_a1c8732b,forced_division_of_labor,9fb93a4dd396edfd,2509.139113696363,16.00000000000091,8.0,0.0,8.0,1.0,1.0,"(5, 2)","[p(2, 2)_cs(1.0)_ws(1.0)]_[p(5, 2)_cs(1.0)_ws(1.0)]",player_a1c8732b_actions,player_382c16cd,['player_382c16cd'],"['player_a1c8732b', 'player_382c16cd', 'player_382c16cd']",['player_a1c8732b'],True
2109,tomato_cut,assemble salad,Counter_34,Counter,34,assemble salad,player_382c16cd,forced_division_of_labor,9fb93a4dd396edfd,1348.261951399247,54.42975747427158,8.0,0.0,0.0,1.0,1.0,"(2, 2)","[p(2, 2)_cs(1.0)_ws(1.0)]_[p(5, 2)_cs(1.0)_ws(1.0)]",player_382c16cd_actions,player_a1c8732b,['player_382c16cd'],"['player_a1c8732b', 'player_382c16cd', 'player_382c16cd']",['player_a1c8732b'],True
2127,tomato,pick up,Counter_33,Counter,33,pick up tomato from counter,player_382c16cd,forced_division_of_labor,9fb93a4dd396edfd,1364.2619513992468,15.999999999999773,8.0,0.0,0.0,1.0,1.0,"(2, 2)","[p(2, 2)_cs(1.0)_ws(1.0)]_[p(5, 2)_cs(1.0)_ws(1.0)]",player_382c16cd_actions,player_a1c8732b,['player_a1c8732b'],,,True
2133,tomato_salad,deliver,Delivery_64,Delivery,64,deliver tomato_salad,player_a1c8732b,forced_division_of_labor,9fb93a4dd396edfd,2546.3420547138335,37.20294101747049,9.0,1.0,9.0,1.0,1.0,"(5, 2)","[p(2, 2)_cs(1.0)_ws(1.0)]_[p(5, 2)_cs(1.0)_ws(1.0)]",player_a1c8732b_actions,player_a1c8732b,"['player_382c16cd', 'player_a1c8732b']","['player_a1c8732b', 'player_382c16cd', 'player_382c16cd']",['player_a1c8732b'],
2146,tomato,start cutting,CuttingBoard_10,CuttingBoard,10,start cutting tomato,player_382c16cd,forced_division_of_labor,9fb93a4dd396edfd,1402.6732112392726,38.41125984002588,9.0,0.0,0.0,1.0,1.0,"(2, 2)","[p(2, 2)_cs(1.0)_ws(1.0)]_[p(5, 2)_cs(1.0)_ws(1.0)]",player_382c16cd_actions,player_382c16cd,"['player_a1c8732b', 'player_382c16cd']",,,
2149,tomato_salad,pick up,Counter_34,Counter,34,pick up tomato_salad from counter,player_a1c8732b,forced_division_of_labor,9fb93a4dd396edfd,2562.342054713833,15.999999999999543,9.0,0.0,9.0,1.0,1.0,"(5, 2)","[p(2, 2)_cs(1.0)_ws(1.0)]_[p(5, 2)_cs(1.0)_ws(1.0)]",player_a1c8732b_actions,player_382c16cd,['player_382c16cd'],"['player_a1c8732b', 'player_382c16cd', 'player_382c16cd']",['player_a1c8732b'],True
