{"agents": {"player_382c16cd": {"initial_state": {"agent_id": "player_382c16cd", "x": 40, "y": 40, "item": null, "url_params": {"gameType": ["tomatoSaladOnly"], "PROLIFIC_PID": ["5a7226d9f660ae0001a9a547"], "map": ["forced_division_of_labor"], "cutting_speed_p1": ["1"], "walking_speed_p1": ["1"], "cutting_speed_p2": ["1"], "walking_speed_p2": ["1"], "slot_x_p1": ["2"], "slot_y_p1": ["2"], "slot_x_p2": ["5"], "slot_y_p2": ["2"], "EIO": ["4"], "transport": ["polling"], "t": ["PZJy_UF"]}, "cut_speed": 1.0, "walk_speed": 30.0, "player_nr": 1}, "player_score": 0.0, "total_actions": 50, "first_action_tick": 122, "last_action_tick": 2146}, "player_a1c8732b": {"initial_state": {"agent_id": "player_a1c8732b", "x": 88, "y": 40, "item": null, "url_params": {"gameType": ["tomatoSaladOnly"], "PROLIFIC_PID": ["66706191120230e6a89ddd0e"], "map": ["forced_division_of_labor"], "cutting_speed_p1": ["1"], "walking_speed_p1": ["1"], "cutting_speed_p2": ["1"], "walking_speed_p2": ["1"], "slot_x_p1": ["2"], "slot_y_p1": ["2"], "slot_x_p2": ["5"], "slot_y_p2": ["2"], "EIO": ["4"], "transport": ["polling"], "t": ["PZJz0NF"]}, "cut_speed": 1.0, "walk_speed": 30.0, "player_nr": 2}, "player_score": 9.0, "total_actions": 73, "first_action_tick": 59, "last_action_tick": 2149}}, "map_name": "forced_division_of_labor", "final_score": 9.0}