tick,item,action,target,target_type,target_position,action_long,player_id,map_name,game_id,distance_walked,distance_walked_since_last_action,overall_score,player_score_change,player_score,walking_speed,cutting_speed,start_pos,condition,source,last_touched,touched_list,tomato_history,plate_history,is_exchange_collaboration
84,tomato,pick up,Dispenser_40,Dispenser,40,pick up tomato from dispenser,player_eb0d9a15,baseline_division_of_labor,cb28b00bacc5fa49,22.62741699796952,0.0,0.0,0.0,0.0,1.0,0.5,"(5, 2)","[p(2, 2)_cs(1.0)_ws(0.5)]_[p(5, 2)_cs(0.5)_ws(1.0)]",player_eb0d9a15_actions,,[],,,
113,tomato,start cutting,CuttingBoard_20,CuttingBoard,20,start cutting tomato,player_eb0d9a15,baseline_division_of_labor,cb28b00bacc5fa49,54.62741699796952,32.0,0.0,0.0,0.0,1.0,0.5,"(5, 2)","[p(2, 2)_cs(1.0)_ws(0.5)]_[p(5, 2)_cs(0.5)_ws(1.0)]",player_eb0d9a15_actions,player_eb0d9a15,['player_eb0d9a15'],,,
120,tomato,pick up,Dispenser_50,Dispenser,50,pick up tomato from dispenser,player_0c770215,baseline_division_of_labor,cb28b00bacc5fa49,54.509197983939174,0.0,0.0,0.0,0.0,0.5,1.0,"(2, 2)","[p(2, 2)_cs(1.0)_ws(0.5)]_[p(5, 2)_cs(0.5)_ws(1.0)]",player_0c770215_actions,,[],,,
139,tomato,pick up,Dispenser_40,Dispenser,40,pick up tomato from dispenser,player_eb0d9a15,baseline_division_of_labor,cb28b00bacc5fa49,86.62741699796952,32.0,0.0,0.0,0.0,1.0,0.5,"(5, 2)","[p(2, 2)_cs(1.0)_ws(0.5)]_[p(5, 2)_cs(0.5)_ws(1.0)]",player_eb0d9a15_actions,,[],,,
178,tomato,start cutting,CuttingBoard_10,CuttingBoard,10,start cutting tomato,player_eb0d9a15,baseline_division_of_labor,cb28b00bacc5fa49,134.6274169979695,47.999999999999986,0.0,0.0,0.0,1.0,0.5,"(5, 2)","[p(2, 2)_cs(1.0)_ws(0.5)]_[p(5, 2)_cs(0.5)_ws(1.0)]",player_eb0d9a15_actions,player_eb0d9a15,['player_eb0d9a15'],,,
207,tomato,put down,Counter_32,Counter,32,put down tomato on counter,player_0c770215,baseline_division_of_labor,cb28b00bacc5fa49,77.13661498190874,22.62741699796956,0.0,0.0,0.0,0.5,1.0,"(2, 2)","[p(2, 2)_cs(1.0)_ws(0.5)]_[p(5, 2)_cs(0.5)_ws(1.0)]",player_0c770215_actions,player_0c770215,['player_0c770215'],,,
220,plate,pick up,Dispenser_71,Dispenser,71,pick up plate from dispenser,player_eb0d9a15,baseline_division_of_labor,cb28b00bacc5fa49,214.6274169979695,80.0,0.0,0.0,0.0,1.0,0.5,"(5, 2)","[p(2, 2)_cs(1.0)_ws(0.5)]_[p(5, 2)_cs(0.5)_ws(1.0)]",player_eb0d9a15_actions,,[],,,
248,plate,put down,Counter_33,Counter,33,put down plate on counter,player_eb0d9a15,baseline_division_of_labor,cb28b00bacc5fa49,259.88225099390866,45.25483399593915,0.0,0.0,0.0,1.0,0.5,"(5, 2)","[p(2, 2)_cs(1.0)_ws(0.5)]_[p(5, 2)_cs(0.5)_ws(1.0)]",player_eb0d9a15_actions,player_eb0d9a15,['player_eb0d9a15'],,,
254,plate,pick up,Dispenser_71,Dispenser,71,pick up plate from dispenser,player_0c770215,baseline_division_of_labor,cb28b00bacc5fa49,115.61983806768112,38.48322308577238,0.0,0.0,0.0,0.5,1.0,"(2, 2)","[p(2, 2)_cs(1.0)_ws(0.5)]_[p(5, 2)_cs(0.5)_ws(1.0)]",player_0c770215_actions,,[],,,
317,plate,put down,Counter_34,Counter,34,put down plate on counter,player_0c770215,baseline_division_of_labor,cb28b00bacc5fa49,176.62209965546066,61.00226158777954,0.0,0.0,0.0,0.5,1.0,"(2, 2)","[p(2, 2)_cs(1.0)_ws(0.5)]_[p(5, 2)_cs(0.5)_ws(1.0)]",player_0c770215_actions,player_0c770215,['player_0c770215'],,,
382,tomato_cut,pick up,CuttingBoard_20,CuttingBoard,20,pick up tomato_cut from cuttingboard,player_0c770215,baseline_division_of_labor,cb28b00bacc5fa49,246.92778142612948,70.30568177066883,0.0,0.0,0.0,0.5,1.0,"(2, 2)","[p(2, 2)_cs(1.0)_ws(0.5)]_[p(5, 2)_cs(0.5)_ws(1.0)]",player_0c770215_actions,player_eb0d9a15,['player_eb0d9a15'],,,True
426,tomato_cut,assemble salad,Counter_33,Counter,33,assemble salad,player_0c770215,baseline_division_of_labor,cb28b00bacc5fa49,278.9277814261295,32.00000000000003,0.0,0.0,0.0,0.5,1.0,"(2, 2)","[p(2, 2)_cs(1.0)_ws(0.5)]_[p(5, 2)_cs(0.5)_ws(1.0)]",player_0c770215_actions,player_eb0d9a15,['player_0c770215'],"['player_eb0d9a15', 'player_0c770215']",['player_eb0d9a15'],True
435,tomato,pick up,Counter_32,Counter,32,pick up tomato from counter,player_eb0d9a15,baseline_division_of_labor,cb28b00bacc5fa49,352.67805482051136,92.79580382660272,0.0,0.0,0.0,1.0,0.5,"(5, 2)","[p(2, 2)_cs(1.0)_ws(0.5)]_[p(5, 2)_cs(0.5)_ws(1.0)]",player_eb0d9a15_actions,player_0c770215,['player_0c770215'],,,True
436,tomato_salad,pick up,Counter_33,Counter,33,pick up tomato_salad from counter,player_0c770215,baseline_division_of_labor,cb28b00bacc5fa49,278.9277814261295,0.0,0.0,0.0,0.0,0.5,1.0,"(2, 2)","[p(2, 2)_cs(1.0)_ws(0.5)]_[p(5, 2)_cs(0.5)_ws(1.0)]",player_0c770215_actions,player_0c770215,['player_0c770215'],"['player_eb0d9a15', 'player_0c770215']",['player_eb0d9a15'],False
451,tomato,start cutting,CuttingBoard_20,CuttingBoard,20,start cutting tomato,player_eb0d9a15,baseline_division_of_labor,cb28b00bacc5fa49,368.6780548205115,16.000000000000114,0.0,0.0,0.0,1.0,0.5,"(5, 2)","[p(2, 2)_cs(1.0)_ws(0.5)]_[p(5, 2)_cs(0.5)_ws(1.0)]",player_eb0d9a15_actions,player_eb0d9a15,"['player_0c770215', 'player_eb0d9a15']",,,
511,tomato_cut,pick up,CuttingBoard_10,CuttingBoard,10,pick up tomato_cut from cuttingboard,player_eb0d9a15,baseline_division_of_labor,cb28b00bacc5fa49,462.90413473543623,94.22607991492475,0.0,0.0,0.0,1.0,0.5,"(5, 2)","[p(2, 2)_cs(1.0)_ws(0.5)]_[p(5, 2)_cs(0.5)_ws(1.0)]",player_eb0d9a15_actions,player_eb0d9a15,['player_eb0d9a15'],,,False
522,tomato_salad,deliver,Delivery_64,Delivery,64,deliver tomato_salad,player_0c770215,baseline_division_of_labor,cb28b00bacc5fa49,377.75563442299034,98.82785299686084,1.0,1.0,1.0,0.5,1.0,"(2, 2)","[p(2, 2)_cs(1.0)_ws(0.5)]_[p(5, 2)_cs(0.5)_ws(1.0)]",player_0c770215_actions,player_0c770215,"['player_0c770215', 'player_0c770215']","['player_eb0d9a15', 'player_0c770215']",['player_eb0d9a15'],
547,tomato_cut,assemble salad,Counter_34,Counter,34,assemble salad,player_eb0d9a15,baseline_division_of_labor,cb28b00bacc5fa49,517.3338922097087,54.429757474272435,1.0,0.0,0.0,1.0,0.5,"(5, 2)","[p(2, 2)_cs(1.0)_ws(0.5)]_[p(5, 2)_cs(0.5)_ws(1.0)]",player_eb0d9a15_actions,player_0c770215,['player_eb0d9a15'],"['player_eb0d9a15', 'player_eb0d9a15']",['player_0c770215'],True
577,tomato,pick up,Dispenser_50,Dispenser,50,pick up tomato from dispenser,player_0c770215,baseline_division_of_labor,cb28b00bacc5fa49,425.75563442299045,48.000000000000114,1.0,0.0,1.0,0.5,1.0,"(2, 2)","[p(2, 2)_cs(1.0)_ws(0.5)]_[p(5, 2)_cs(0.5)_ws(1.0)]",player_0c770215_actions,,[],,,
585,tomato_salad,pick up,Counter_34,Counter,34,pick up tomato_salad from counter,player_eb0d9a15,baseline_division_of_labor,cb28b00bacc5fa49,581.9692486188014,64.63535640909276,1.0,0.0,0.0,1.0,0.5,"(5, 2)","[p(2, 2)_cs(1.0)_ws(0.5)]_[p(5, 2)_cs(0.5)_ws(1.0)]",player_eb0d9a15_actions,player_eb0d9a15,['player_eb0d9a15'],"['player_eb0d9a15', 'player_eb0d9a15']",['player_0c770215'],False
631,tomato_salad,deliver,Delivery_64,Delivery,64,deliver tomato_salad,player_eb0d9a15,baseline_division_of_labor,cb28b00bacc5fa49,664.7446881221465,82.77543950334507,2.0,1.0,1.0,1.0,0.5,"(5, 2)","[p(2, 2)_cs(1.0)_ws(0.5)]_[p(5, 2)_cs(0.5)_ws(1.0)]",player_eb0d9a15_actions,player_eb0d9a15,"['player_eb0d9a15', 'player_eb0d9a15']","['player_eb0d9a15', 'player_eb0d9a15']",['player_0c770215'],
636,tomato,put down,Counter_32,Counter,32,put down tomato on counter,player_0c770215,baseline_division_of_labor,cb28b00bacc5fa49,484.48736695847737,58.73173253548691,2.0,0.0,1.0,0.5,1.0,"(2, 2)","[p(2, 2)_cs(1.0)_ws(0.5)]_[p(5, 2)_cs(0.5)_ws(1.0)]",player_0c770215_actions,player_0c770215,['player_0c770215'],,,
662,plate,pick up,Dispenser_71,Dispenser,71,pick up plate from dispenser,player_eb0d9a15,baseline_division_of_labor,cb28b00bacc5fa49,719.1640597653955,54.41937164324895,2.0,0.0,1.0,1.0,0.5,"(5, 2)","[p(2, 2)_cs(1.0)_ws(0.5)]_[p(5, 2)_cs(0.5)_ws(1.0)]",player_eb0d9a15_actions,,[],,,
680,plate,pick up,Dispenser_60,Dispenser,60,pick up plate from dispenser,player_0c770215,baseline_division_of_labor,cb28b00bacc5fa49,522.9705900442495,38.48322308577218,2.0,0.0,1.0,0.5,1.0,"(2, 2)","[p(2, 2)_cs(1.0)_ws(0.5)]_[p(5, 2)_cs(0.5)_ws(1.0)]",player_0c770215_actions,,[],,,
694,plate,put down,Counter_34,Counter,34,put down plate on counter,player_eb0d9a15,baseline_division_of_labor,cb28b00bacc5fa49,780.0802466679338,60.91618690253836,2.0,0.0,1.0,1.0,0.5,"(5, 2)","[p(2, 2)_cs(1.0)_ws(0.5)]_[p(5, 2)_cs(0.5)_ws(1.0)]",player_eb0d9a15_actions,player_eb0d9a15,['player_eb0d9a15'],,,
736,plate,put down,Counter_33,Counter,33,put down plate on counter,player_0c770215,baseline_division_of_labor,cb28b00bacc5fa49,568.2254240401874,45.254833995937815,2.0,0.0,1.0,0.5,1.0,"(2, 2)","[p(2, 2)_cs(1.0)_ws(0.5)]_[p(5, 2)_cs(0.5)_ws(1.0)]",player_0c770215_actions,player_0c770215,['player_0c770215'],,,
760,tomato,pick up,Counter_32,Counter,32,pick up tomato from counter,player_0c770215,baseline_division_of_labor,cb28b00bacc5fa49,584.2254240401867,15.999999999999318,2.0,0.0,1.0,0.5,1.0,"(2, 2)","[p(2, 2)_cs(1.0)_ws(0.5)]_[p(5, 2)_cs(0.5)_ws(1.0)]",player_0c770215_actions,player_0c770215,['player_0c770215'],,,False
776,tomato,pick up,Dispenser_40,Dispenser,40,pick up tomato from dispenser,player_eb0d9a15,baseline_division_of_labor,cb28b00bacc5fa49,882.2705683295421,102.19032166160832,2.0,0.0,1.0,1.0,0.5,"(5, 2)","[p(2, 2)_cs(1.0)_ws(0.5)]_[p(5, 2)_cs(0.5)_ws(1.0)]",player_eb0d9a15_actions,,[],,,
814,tomato,start cutting,CuttingBoard_10,CuttingBoard,10,start cutting tomato,player_0c770215,baseline_division_of_labor,cb28b00bacc5fa49,638.734622024125,54.50919798393829,2.0,0.0,1.0,0.5,1.0,"(2, 2)","[p(2, 2)_cs(1.0)_ws(0.5)]_[p(5, 2)_cs(0.5)_ws(1.0)]",player_0c770215_actions,player_0c770215,"['player_0c770215', 'player_0c770215']",,,
866,tomato_cut,pick up,CuttingBoard_10,CuttingBoard,10,pick up tomato_cut from cuttingboard,player_0c770215,baseline_division_of_labor,cb28b00bacc5fa49,638.734622024125,0.0,2.0,0.0,1.0,0.5,1.0,"(2, 2)","[p(2, 2)_cs(1.0)_ws(0.5)]_[p(5, 2)_cs(0.5)_ws(1.0)]",player_0c770215_actions,player_0c770215,"['player_0c770215', 'player_0c770215']",,,False
876,tomato,put down,Counter_32,Counter,32,put down tomato on counter,player_eb0d9a15,baseline_division_of_labor,cb28b00bacc5fa49,930.2705683295426,48.000000000000455,2.0,0.0,1.0,1.0,0.5,"(5, 2)","[p(2, 2)_cs(1.0)_ws(0.5)]_[p(5, 2)_cs(0.5)_ws(1.0)]",player_eb0d9a15_actions,player_eb0d9a15,['player_eb0d9a15'],,,
908,tomato_cut,assemble salad,Counter_33,Counter,33,assemble salad,player_0c770215,baseline_division_of_labor,cb28b00bacc5fa49,677.2178451098957,38.48322308577076,2.0,0.0,1.0,0.5,1.0,"(2, 2)","[p(2, 2)_cs(1.0)_ws(0.5)]_[p(5, 2)_cs(0.5)_ws(1.0)]",player_0c770215_actions,player_0c770215,['player_0c770215'],"['player_0c770215', 'player_0c770215', 'player_0c770215']",['player_0c770215'],False
919,tomato_salad,pick up,Counter_33,Counter,33,pick up tomato_salad from counter,player_0c770215,baseline_division_of_labor,cb28b00bacc5fa49,677.2178451098957,0.0,2.0,0.0,1.0,0.5,1.0,"(2, 2)","[p(2, 2)_cs(1.0)_ws(0.5)]_[p(5, 2)_cs(0.5)_ws(1.0)]",player_0c770215_actions,player_0c770215,['player_0c770215'],"['player_0c770215', 'player_0c770215', 'player_0c770215']",['player_0c770215'],False
923,plate,pick up,Counter_34,Counter,34,pick up plate from counter,player_eb0d9a15,baseline_division_of_labor,cb28b00bacc5fa49,994.2705683295432,64.00000000000068,2.0,0.0,1.0,1.0,0.5,"(5, 2)","[p(2, 2)_cs(1.0)_ws(0.5)]_[p(5, 2)_cs(0.5)_ws(1.0)]",player_eb0d9a15_actions,player_eb0d9a15,['player_eb0d9a15'],,,False
948,plate,put down,Counter_34,Counter,34,put down plate on counter,player_eb0d9a15,baseline_division_of_labor,cb28b00bacc5fa49,994.2705683295432,0.0,2.0,0.0,1.0,1.0,0.5,"(5, 2)","[p(2, 2)_cs(1.0)_ws(0.5)]_[p(5, 2)_cs(0.5)_ws(1.0)]",player_eb0d9a15_actions,player_eb0d9a15,"['player_eb0d9a15', 'player_eb0d9a15']",,,
995,tomato_salad,deliver,Delivery_63,Delivery,63,deliver tomato_salad,player_0c770215,baseline_division_of_labor,cb28b00bacc5fa49,760.3566201887809,83.13877507888515,3.0,1.0,2.0,0.5,1.0,"(2, 2)","[p(2, 2)_cs(1.0)_ws(0.5)]_[p(5, 2)_cs(0.5)_ws(1.0)]",player_0c770215_actions,player_0c770215,"['player_0c770215', 'player_0c770215']","['player_0c770215', 'player_0c770215', 'player_0c770215']",['player_0c770215'],
1037,tomato_cut,pick up,CuttingBoard_20,CuttingBoard,20,pick up tomato_cut from cuttingboard,player_eb0d9a15,baseline_division_of_labor,cb28b00bacc5fa49,1042.2705683295428,47.999999999999545,3.0,0.0,1.0,1.0,0.5,"(5, 2)","[p(2, 2)_cs(1.0)_ws(0.5)]_[p(5, 2)_cs(0.5)_ws(1.0)]",player_eb0d9a15_actions,player_eb0d9a15,"['player_0c770215', 'player_eb0d9a15']",,,False
1040,plate,pick up,Dispenser_60,Dispenser,60,pick up plate from dispenser,player_0c770215,baseline_division_of_labor,cb28b00bacc5fa49,798.8398432745525,38.48322308577167,3.0,0.0,2.0,0.5,1.0,"(2, 2)","[p(2, 2)_cs(1.0)_ws(0.5)]_[p(5, 2)_cs(0.5)_ws(1.0)]",player_0c770215_actions,,[],,,
1068,tomato_cut,assemble salad,Counter_34,Counter,34,assemble salad,player_eb0d9a15,baseline_division_of_labor,cb28b00bacc5fa49,1090.2705683295412,47.99999999999841,3.0,0.0,1.0,1.0,0.5,"(5, 2)","[p(2, 2)_cs(1.0)_ws(0.5)]_[p(5, 2)_cs(0.5)_ws(1.0)]",player_eb0d9a15_actions,player_eb0d9a15,['player_eb0d9a15'],"['player_0c770215', 'player_eb0d9a15', 'player_eb0d9a15']","['player_eb0d9a15', 'player_eb0d9a15']",False
1079,tomato_salad,pick up,Counter_34,Counter,34,pick up tomato_salad from counter,player_eb0d9a15,baseline_division_of_labor,cb28b00bacc5fa49,1090.2705683295412,0.0,3.0,0.0,1.0,1.0,0.5,"(5, 2)","[p(2, 2)_cs(1.0)_ws(0.5)]_[p(5, 2)_cs(0.5)_ws(1.0)]",player_eb0d9a15_actions,player_eb0d9a15,['player_eb0d9a15'],"['player_0c770215', 'player_eb0d9a15', 'player_eb0d9a15']","['player_eb0d9a15', 'player_eb0d9a15']",False
1085,plate,put down,Counter_33,Counter,33,put down plate on counter,player_0c770215,baseline_division_of_labor,cb28b00bacc5fa49,844.0946772704904,45.254833995937815,3.0,0.0,2.0,0.5,1.0,"(2, 2)","[p(2, 2)_cs(1.0)_ws(0.5)]_[p(5, 2)_cs(0.5)_ws(1.0)]",player_0c770215_actions,player_0c770215,['player_0c770215'],,,
1110,tomato,pick up,Counter_32,Counter,32,pick up tomato from counter,player_0c770215,baseline_division_of_labor,cb28b00bacc5fa49,860.0946772704897,15.999999999999318,3.0,0.0,2.0,0.5,1.0,"(2, 2)","[p(2, 2)_cs(1.0)_ws(0.5)]_[p(5, 2)_cs(0.5)_ws(1.0)]",player_0c770215_actions,player_eb0d9a15,['player_eb0d9a15'],,,True
1120,tomato_salad,deliver,Delivery_64,Delivery,64,deliver tomato_salad,player_eb0d9a15,baseline_division_of_labor,cb28b00bacc5fa49,1173.0460078328858,82.77543950334461,4.0,1.0,2.0,1.0,0.5,"(5, 2)","[p(2, 2)_cs(1.0)_ws(0.5)]_[p(5, 2)_cs(0.5)_ws(1.0)]",player_eb0d9a15_actions,player_eb0d9a15,"['player_eb0d9a15', 'player_eb0d9a15']","['player_0c770215', 'player_eb0d9a15', 'player_eb0d9a15']","['player_eb0d9a15', 'player_eb0d9a15']",
1150,tomato,start cutting,CuttingBoard_20,CuttingBoard,20,start cutting tomato,player_0c770215,baseline_division_of_labor,cb28b00bacc5fa49,898.6039090167973,38.50923174630759,4.0,0.0,2.0,0.5,1.0,"(2, 2)","[p(2, 2)_cs(1.0)_ws(0.5)]_[p(5, 2)_cs(0.5)_ws(1.0)]",player_0c770215_actions,player_0c770215,"['player_eb0d9a15', 'player_0c770215']",,,
1154,plate,pick up,Dispenser_71,Dispenser,71,pick up plate from dispenser,player_eb0d9a15,baseline_division_of_labor,cb28b00bacc5fa49,1227.4653794761334,54.41937164324759,4.0,0.0,2.0,1.0,0.5,"(5, 2)","[p(2, 2)_cs(1.0)_ws(0.5)]_[p(5, 2)_cs(0.5)_ws(1.0)]",player_eb0d9a15_actions,,[],,,
1191,plate,put down,Counter_34,Counter,34,put down plate on counter,player_eb0d9a15,baseline_division_of_labor,cb28b00bacc5fa49,1288.3815663786702,60.916186902536765,4.0,0.0,2.0,1.0,0.5,"(5, 2)","[p(2, 2)_cs(1.0)_ws(0.5)]_[p(5, 2)_cs(0.5)_ws(1.0)]",player_eb0d9a15_actions,player_eb0d9a15,['player_eb0d9a15'],,,
1203,tomato_cut,pick up,CuttingBoard_20,CuttingBoard,20,pick up tomato_cut from cuttingboard,player_0c770215,baseline_division_of_labor,cb28b00bacc5fa49,898.6039090167973,0.0,4.0,0.0,2.0,0.5,1.0,"(2, 2)","[p(2, 2)_cs(1.0)_ws(0.5)]_[p(5, 2)_cs(0.5)_ws(1.0)]",player_0c770215_actions,player_0c770215,"['player_eb0d9a15', 'player_0c770215']",,,False
1226,tomato,pick up,Dispenser_40,Dispenser,40,pick up tomato from dispenser,player_eb0d9a15,baseline_division_of_labor,cb28b00bacc5fa49,1336.3815663786688,47.99999999999864,4.0,0.0,2.0,1.0,0.5,"(5, 2)","[p(2, 2)_cs(1.0)_ws(0.5)]_[p(5, 2)_cs(0.5)_ws(1.0)]",player_eb0d9a15_actions,,[],,,
1242,tomato_cut,assemble salad,Counter_33,Counter,33,assemble salad,player_0c770215,baseline_division_of_labor,cb28b00bacc5fa49,930.603909016796,31.99999999999875,4.0,0.0,2.0,0.5,1.0,"(2, 2)","[p(2, 2)_cs(1.0)_ws(0.5)]_[p(5, 2)_cs(0.5)_ws(1.0)]",player_0c770215_actions,player_0c770215,['player_0c770215'],"['player_eb0d9a15', 'player_0c770215', 'player_0c770215']",['player_0c770215'],False
1254,tomato_salad,pick up,Counter_33,Counter,33,pick up tomato_salad from counter,player_0c770215,baseline_division_of_labor,cb28b00bacc5fa49,930.603909016796,0.0,4.0,0.0,2.0,0.5,1.0,"(2, 2)","[p(2, 2)_cs(1.0)_ws(0.5)]_[p(5, 2)_cs(0.5)_ws(1.0)]",player_0c770215_actions,player_0c770215,['player_0c770215'],"['player_eb0d9a15', 'player_0c770215', 'player_0c770215']",['player_0c770215'],False
1257,tomato,start cutting,CuttingBoard_10,CuttingBoard,10,start cutting tomato,player_eb0d9a15,baseline_division_of_labor,cb28b00bacc5fa49,1384.3815663786677,47.99999999999864,4.0,0.0,2.0,1.0,0.5,"(5, 2)","[p(2, 2)_cs(1.0)_ws(0.5)]_[p(5, 2)_cs(0.5)_ws(1.0)]",player_eb0d9a15_actions,player_eb0d9a15,['player_eb0d9a15'],,,
1290,tomato,pick up,Dispenser_40,Dispenser,40,pick up tomato from dispenser,player_eb0d9a15,baseline_division_of_labor,cb28b00bacc5fa49,1432.381566378666,47.99999999999841,4.0,0.0,2.0,1.0,0.5,"(5, 2)","[p(2, 2)_cs(1.0)_ws(0.5)]_[p(5, 2)_cs(0.5)_ws(1.0)]",player_eb0d9a15_actions,,[],,,
1328,tomato_salad,deliver,Delivery_63,Delivery,63,deliver tomato_salad,player_0c770215,baseline_division_of_labor,cb28b00bacc5fa49,1013.7426840956812,83.13877507888515,5.0,1.0,3.0,0.5,1.0,"(2, 2)","[p(2, 2)_cs(1.0)_ws(0.5)]_[p(5, 2)_cs(0.5)_ws(1.0)]",player_0c770215_actions,player_0c770215,"['player_0c770215', 'player_0c770215']","['player_eb0d9a15', 'player_0c770215', 'player_0c770215']",['player_0c770215'],
1353,tomato,start cutting,CuttingBoard_20,CuttingBoard,20,start cutting tomato,player_eb0d9a15,baseline_division_of_labor,cb28b00bacc5fa49,1496.381566378664,63.99999999999818,5.0,0.0,2.0,1.0,0.5,"(5, 2)","[p(2, 2)_cs(1.0)_ws(0.5)]_[p(5, 2)_cs(0.5)_ws(1.0)]",player_eb0d9a15_actions,player_eb0d9a15,['player_eb0d9a15'],,,
1405,plate,pick up,Dispenser_60,Dispenser,60,pick up plate from dispenser,player_0c770215,baseline_division_of_labor,cb28b00bacc5fa49,1089.7252506437385,75.98256654805732,5.0,0.0,3.0,0.5,1.0,"(2, 2)","[p(2, 2)_cs(1.0)_ws(0.5)]_[p(5, 2)_cs(0.5)_ws(1.0)]",player_0c770215_actions,,[],,,
1459,plate,put down,Counter_33,Counter,33,put down plate on counter,player_0c770215,baseline_division_of_labor,cb28b00bacc5fa49,1134.9800846396763,45.254833995937815,5.0,0.0,3.0,0.5,1.0,"(2, 2)","[p(2, 2)_cs(1.0)_ws(0.5)]_[p(5, 2)_cs(0.5)_ws(1.0)]",player_0c770215_actions,player_0c770215,['player_0c770215'],,,
1477,tomato_cut,pick up,CuttingBoard_20,CuttingBoard,20,pick up tomato_cut from cuttingboard,player_eb0d9a15,baseline_division_of_labor,cb28b00bacc5fa49,1528.3815663786631,31.99999999999909,5.0,0.0,2.0,1.0,0.5,"(5, 2)","[p(2, 2)_cs(1.0)_ws(0.5)]_[p(5, 2)_cs(0.5)_ws(1.0)]",player_eb0d9a15_actions,player_eb0d9a15,['player_eb0d9a15'],,,False
1505,tomato_cut,assemble salad,Counter_34,Counter,34,assemble salad,player_eb0d9a15,baseline_division_of_labor,cb28b00bacc5fa49,1576.381566378661,47.99999999999818,5.0,0.0,2.0,1.0,0.5,"(5, 2)","[p(2, 2)_cs(1.0)_ws(0.5)]_[p(5, 2)_cs(0.5)_ws(1.0)]",player_eb0d9a15_actions,player_eb0d9a15,['player_eb0d9a15'],"['player_eb0d9a15', 'player_eb0d9a15']",['player_eb0d9a15'],False
1520,tomato_salad,pick up,Counter_34,Counter,34,pick up tomato_salad from counter,player_eb0d9a15,baseline_division_of_labor,cb28b00bacc5fa49,1576.381566378661,0.0,5.0,0.0,2.0,1.0,0.5,"(5, 2)","[p(2, 2)_cs(1.0)_ws(0.5)]_[p(5, 2)_cs(0.5)_ws(1.0)]",player_eb0d9a15_actions,player_eb0d9a15,['player_eb0d9a15'],"['player_eb0d9a15', 'player_eb0d9a15']",['player_eb0d9a15'],False
1565,tomato_salad,deliver,Delivery_64,Delivery,64,deliver tomato_salad,player_eb0d9a15,baseline_division_of_labor,cb28b00bacc5fa49,1659.157005882006,82.77543950334461,6.0,1.0,3.0,1.0,0.5,"(5, 2)","[p(2, 2)_cs(1.0)_ws(0.5)]_[p(5, 2)_cs(0.5)_ws(1.0)]",player_eb0d9a15_actions,player_eb0d9a15,"['player_eb0d9a15', 'player_eb0d9a15']","['player_eb0d9a15', 'player_eb0d9a15']",['player_eb0d9a15'],
1600,plate,pick up,Dispenser_71,Dispenser,71,pick up plate from dispenser,player_eb0d9a15,baseline_division_of_labor,cb28b00bacc5fa49,1713.5763775252535,54.41937164324759,6.0,0.0,3.0,1.0,0.5,"(5, 2)","[p(2, 2)_cs(1.0)_ws(0.5)]_[p(5, 2)_cs(0.5)_ws(1.0)]",player_eb0d9a15_actions,,[],,,
1625,plate,put down,Counter_32,Counter,32,put down plate on counter,player_eb0d9a15,baseline_division_of_labor,cb28b00bacc5fa49,1751.9834401920175,38.40706266676398,6.0,0.0,3.0,1.0,0.5,"(5, 2)","[p(2, 2)_cs(1.0)_ws(0.5)]_[p(5, 2)_cs(0.5)_ws(1.0)]",player_eb0d9a15_actions,player_eb0d9a15,['player_eb0d9a15'],,,
1645,tomato,pick up,Dispenser_40,Dispenser,40,pick up tomato from dispenser,player_eb0d9a15,baseline_division_of_labor,cb28b00bacc5fa49,1767.983440192017,15.999999999999543,6.0,0.0,3.0,1.0,0.5,"(5, 2)","[p(2, 2)_cs(1.0)_ws(0.5)]_[p(5, 2)_cs(0.5)_ws(1.0)]",player_eb0d9a15_actions,,[],,,
1655,tomato_cut,pick up,CuttingBoard_10,CuttingBoard,10,pick up tomato_cut from cuttingboard,player_0c770215,baseline_division_of_labor,cb28b00bacc5fa49,1205.2981688028174,70.31808416314107,6.0,0.0,3.0,0.5,1.0,"(2, 2)","[p(2, 2)_cs(1.0)_ws(0.5)]_[p(5, 2)_cs(0.5)_ws(1.0)]",player_0c770215_actions,player_eb0d9a15,['player_eb0d9a15'],,,True
1671,tomato,start cutting,CuttingBoard_20,CuttingBoard,20,start cutting tomato,player_eb0d9a15,baseline_division_of_labor,cb28b00bacc5fa49,1799.983440192016,31.99999999999909,6.0,0.0,3.0,1.0,0.5,"(5, 2)","[p(2, 2)_cs(1.0)_ws(0.5)]_[p(5, 2)_cs(0.5)_ws(1.0)]",player_eb0d9a15_actions,player_eb0d9a15,['player_eb0d9a15'],,,
1697,tomato_cut,assemble salad,Counter_33,Counter,33,assemble salad,player_0c770215,baseline_division_of_labor,cb28b00bacc5fa49,1243.78139188859,38.48322308577258,6.0,0.0,3.0,0.5,1.0,"(2, 2)","[p(2, 2)_cs(1.0)_ws(0.5)]_[p(5, 2)_cs(0.5)_ws(1.0)]",player_0c770215_actions,player_0c770215,['player_0c770215'],"['player_eb0d9a15', 'player_0c770215']",['player_0c770215'],False
1704,tomato,pick up,Dispenser_40,Dispenser,40,pick up tomato from dispenser,player_eb0d9a15,baseline_division_of_labor,cb28b00bacc5fa49,1831.9834401920152,31.99999999999909,6.0,0.0,3.0,1.0,0.5,"(5, 2)","[p(2, 2)_cs(1.0)_ws(0.5)]_[p(5, 2)_cs(0.5)_ws(1.0)]",player_eb0d9a15_actions,,[],,,
1709,tomato_salad,pick up,Counter_33,Counter,33,pick up tomato_salad from counter,player_0c770215,baseline_division_of_labor,cb28b00bacc5fa49,1243.78139188859,0.0,6.0,0.0,3.0,0.5,1.0,"(2, 2)","[p(2, 2)_cs(1.0)_ws(0.5)]_[p(5, 2)_cs(0.5)_ws(1.0)]",player_0c770215_actions,player_0c770215,['player_0c770215'],"['player_eb0d9a15', 'player_0c770215']",['player_0c770215'],False
1732,tomato,start cutting,CuttingBoard_10,CuttingBoard,10,start cutting tomato,player_eb0d9a15,baseline_division_of_labor,cb28b00bacc5fa49,1879.9834401920136,47.99999999999841,6.0,0.0,3.0,1.0,0.5,"(5, 2)","[p(2, 2)_cs(1.0)_ws(0.5)]_[p(5, 2)_cs(0.5)_ws(1.0)]",player_eb0d9a15_actions,player_eb0d9a15,['player_eb0d9a15'],,,
1783,tomato_salad,deliver,Delivery_63,Delivery,63,deliver tomato_salad,player_0c770215,baseline_division_of_labor,cb28b00bacc5fa49,1326.920166967478,83.1387750788881,7.0,1.0,4.0,0.5,1.0,"(2, 2)","[p(2, 2)_cs(1.0)_ws(0.5)]_[p(5, 2)_cs(0.5)_ws(1.0)]",player_0c770215_actions,player_0c770215,"['player_0c770215', 'player_0c770215']","['player_eb0d9a15', 'player_0c770215']",['player_0c770215'],
1828,plate,pick up,Dispenser_71,Dispenser,71,pick up plate from dispenser,player_0c770215,baseline_division_of_labor,cb28b00bacc5fa49,1365.4033900532495,38.48322308577144,7.0,0.0,4.0,0.5,1.0,"(2, 2)","[p(2, 2)_cs(1.0)_ws(0.5)]_[p(5, 2)_cs(0.5)_ws(1.0)]",player_0c770215_actions,,[],,,
1832,tomato_cut,pick up,CuttingBoard_20,CuttingBoard,20,pick up tomato_cut from cuttingboard,player_eb0d9a15,baseline_division_of_labor,cb28b00bacc5fa49,1895.9834401920132,15.999999999999543,7.0,0.0,3.0,1.0,0.5,"(5, 2)","[p(2, 2)_cs(1.0)_ws(0.5)]_[p(5, 2)_cs(0.5)_ws(1.0)]",player_eb0d9a15_actions,player_eb0d9a15,['player_eb0d9a15'],,,False
1852,tomato_cut,assemble salad,Counter_32,Counter,32,assemble salad,player_eb0d9a15,baseline_division_of_labor,cb28b00bacc5fa49,1911.9834401920127,15.999999999999543,7.0,0.0,3.0,1.0,0.5,"(5, 2)","[p(2, 2)_cs(1.0)_ws(0.5)]_[p(5, 2)_cs(0.5)_ws(1.0)]",player_eb0d9a15_actions,player_eb0d9a15,['player_eb0d9a15'],"['player_eb0d9a15', 'player_eb0d9a15']",['player_eb0d9a15'],False
1871,tomato_salad,pick up,Counter_32,Counter,32,pick up tomato_salad from counter,player_eb0d9a15,baseline_division_of_labor,cb28b00bacc5fa49,1911.9834401920127,0.0,7.0,0.0,3.0,1.0,0.5,"(5, 2)","[p(2, 2)_cs(1.0)_ws(0.5)]_[p(5, 2)_cs(0.5)_ws(1.0)]",player_eb0d9a15_actions,player_eb0d9a15,['player_eb0d9a15'],"['player_eb0d9a15', 'player_eb0d9a15']",['player_eb0d9a15'],False
1876,plate,put down,Counter_33,Counter,33,put down plate on counter,player_0c770215,baseline_division_of_labor,cb28b00bacc5fa49,1410.6582240491873,45.254833995937815,7.0,0.0,4.0,0.5,1.0,"(2, 2)","[p(2, 2)_cs(1.0)_ws(0.5)]_[p(5, 2)_cs(0.5)_ws(1.0)]",player_0c770215_actions,player_0c770215,['player_0c770215'],,,
1906,tomato_salad,deliver,Delivery_63,Delivery,63,deliver tomato_salad,player_eb0d9a15,baseline_division_of_labor,cb28b00bacc5fa49,1957.2382741879508,45.25483399593804,8.0,1.0,4.0,1.0,0.5,"(5, 2)","[p(2, 2)_cs(1.0)_ws(0.5)]_[p(5, 2)_cs(0.5)_ws(1.0)]",player_eb0d9a15_actions,player_eb0d9a15,"['player_eb0d9a15', 'player_eb0d9a15']","['player_eb0d9a15', 'player_eb0d9a15']",['player_eb0d9a15'],
1936,plate,pick up,Dispenser_60,Dispenser,60,pick up plate from dispenser,player_0c770215,baseline_division_of_labor,cb28b00bacc5fa49,1455.9130580451251,45.254833995937815,8.0,0.0,4.0,0.5,1.0,"(2, 2)","[p(2, 2)_cs(1.0)_ws(0.5)]_[p(5, 2)_cs(0.5)_ws(1.0)]",player_0c770215_actions,,[],,,
1947,tomato,pick up,Dispenser_40,Dispenser,40,pick up tomato from dispenser,player_eb0d9a15,baseline_division_of_labor,cb28b00bacc5fa49,1995.6495340279764,38.41125984002565,8.0,0.0,4.0,1.0,0.5,"(5, 2)","[p(2, 2)_cs(1.0)_ws(0.5)]_[p(5, 2)_cs(0.5)_ws(1.0)]",player_eb0d9a15_actions,,[],,,
1975,tomato,start cutting,CuttingBoard_20,CuttingBoard,20,start cutting tomato,player_eb0d9a15,baseline_division_of_labor,cb28b00bacc5fa49,2027.6495340279755,31.99999999999932,8.0,0.0,4.0,1.0,0.5,"(5, 2)","[p(2, 2)_cs(1.0)_ws(0.5)]_[p(5, 2)_cs(0.5)_ws(1.0)]",player_eb0d9a15_actions,player_eb0d9a15,['player_eb0d9a15'],,,
1978,plate,put down,Counter_32,Counter,32,put down plate on counter,player_0c770215,baseline_division_of_labor,cb28b00bacc5fa49,1494.3962811308952,38.48322308577008,8.0,0.0,4.0,0.5,1.0,"(2, 2)","[p(2, 2)_cs(1.0)_ws(0.5)]_[p(5, 2)_cs(0.5)_ws(1.0)]",player_0c770215_actions,player_0c770215,['player_0c770215'],,,
2067,tomato_cut,pick up,CuttingBoard_20,CuttingBoard,20,pick up tomato_cut from cuttingboard,player_0c770215,baseline_division_of_labor,cb28b00bacc5fa49,1532.9055128772038,38.509231746308615,8.0,0.0,4.0,0.5,1.0,"(2, 2)","[p(2, 2)_cs(1.0)_ws(0.5)]_[p(5, 2)_cs(0.5)_ws(1.0)]",player_0c770215_actions,player_eb0d9a15,['player_eb0d9a15'],,,True
2088,tomato_cut,assemble salad,Counter_32,Counter,32,assemble salad,player_0c770215,baseline_division_of_labor,cb28b00bacc5fa49,1548.9055128772031,15.999999999999318,8.0,0.0,4.0,0.5,1.0,"(2, 2)","[p(2, 2)_cs(1.0)_ws(0.5)]_[p(5, 2)_cs(0.5)_ws(1.0)]",player_0c770215_actions,player_0c770215,['player_0c770215'],"['player_eb0d9a15', 'player_0c770215']",['player_0c770215'],False
2103,tomato_salad,pick up,Counter_32,Counter,32,pick up tomato_salad from counter,player_0c770215,baseline_division_of_labor,cb28b00bacc5fa49,1548.9055128772031,0.0,8.0,0.0,4.0,0.5,1.0,"(2, 2)","[p(2, 2)_cs(1.0)_ws(0.5)]_[p(5, 2)_cs(0.5)_ws(1.0)]",player_0c770215_actions,player_0c770215,['player_0c770215'],"['player_eb0d9a15', 'player_0c770215']",['player_0c770215'],False
2118,tomato_cut,pick up,CuttingBoard_10,CuttingBoard,10,pick up tomato_cut from cuttingboard,player_eb0d9a15,baseline_division_of_labor,cb28b00bacc5fa49,2120.472053708029,92.82251968005312,8.0,0.0,4.0,1.0,0.5,"(5, 2)","[p(2, 2)_cs(1.0)_ws(0.5)]_[p(5, 2)_cs(0.5)_ws(1.0)]",player_eb0d9a15_actions,player_eb0d9a15,['player_eb0d9a15'],,,False
2143,tomato_cut,assemble salad,Counter_33,Counter,33,assemble salad,player_eb0d9a15,baseline_division_of_labor,cb28b00bacc5fa49,2158.883313548056,38.411259840027014,8.0,0.0,4.0,1.0,0.5,"(5, 2)","[p(2, 2)_cs(1.0)_ws(0.5)]_[p(5, 2)_cs(0.5)_ws(1.0)]",player_eb0d9a15_actions,player_0c770215,['player_eb0d9a15'],"['player_eb0d9a15', 'player_eb0d9a15']",['player_0c770215'],True
2144,tomato_salad,deliver,Delivery_63,Delivery,63,deliver tomato_salad,player_0c770215,baseline_division_of_labor,cb28b00bacc5fa49,1594.160346873141,45.254833995937815,9.0,1.0,5.0,0.5,1.0,"(2, 2)","[p(2, 2)_cs(1.0)_ws(0.5)]_[p(5, 2)_cs(0.5)_ws(1.0)]",player_0c770215_actions,player_0c770215,"['player_0c770215', 'player_0c770215']","['player_eb0d9a15', 'player_0c770215']",['player_0c770215'],
