{"agents": {"player_0c770215": {"initial_state": {"agent_id": "player_0c770215", "x": 40, "y": 40, "item": null, "url_params": {"gameType": ["tomatoSaladOnly"], "PROLIFIC_PID": ["66620e96515dcea073792f41"], "map": ["baseline_division_of_labor"], "cutting_speed_p1": ["1"], "walking_speed_p1": ["0.5"], "cutting_speed_p2": ["0.5"], "walking_speed_p2": ["1"], "slot_x_p1": ["2"], "slot_y_p1": ["2"], "slot_x_p2": ["5"], "slot_y_p2": ["2"], "EIO": ["4"], "transport": ["polling"], "t": ["PZywJai"]}, "cut_speed": 1.0, "walk_speed": 15.0, "player_nr": 1}, "player_score": 5.0, "total_actions": 40, "first_action_tick": 120, "last_action_tick": 2144}, "player_eb0d9a15": {"initial_state": {"agent_id": "player_eb0d9a15", "x": 88, "y": 40, "item": null, "url_params": {"gameType": ["tomatoSaladOnly"], "PROLIFIC_PID": ["5e204990b062543612e9a254"], "map": ["baseline_division_of_labor"], "cutting_speed_p1": ["1"], "walking_speed_p1": ["0.5"], "cutting_speed_p2": ["0.5"], "walking_speed_p2": ["1"], "slot_x_p1": ["2"], "slot_y_p1": ["2"], "slot_x_p2": ["5"], "slot_y_p2": ["2"], "EIO": ["4"], "transport": ["polling"], "t": ["PZywKwh"]}, "cut_speed": 0.5, "walk_speed": 30.0, "player_nr": 2}, "player_score": 4.0, "total_actions": 46, "first_action_tick": 84, "last_action_tick": 2143}}, "map_name": "baseline_division_of_labor", "final_score": 9.0}