tick,item,action,target,target_type,target_position,action_long,player_id,map_name,game_id,distance_walked,distance_walked_since_last_action,overall_score,player_score_change,player_score,walking_speed,cutting_speed,start_pos,condition
120,tomato,pick up,Dispenser_50,Dispenser,50,pick up tomato from dispenser,player_0c770215,baseline_division_of_labor,cb28b00bacc5fa49,54.509197983939174,0.0,0.0,0.0,0.0,0.5,1.0,"(2, 2)","[p(2, 2)_cs(1.0)_ws(0.5)]_[p(5, 2)_cs(0.5)_ws(1.0)]"
207,tomato,put down,Counter_32,Counter,32,put down tomato on counter,player_0c770215,baseline_division_of_labor,cb28b00bacc5fa49,77.13661498190874,22.62741699796956,0.0,0.0,0.0,0.5,1.0,"(2, 2)","[p(2, 2)_cs(1.0)_ws(0.5)]_[p(5, 2)_cs(0.5)_ws(1.0)]"
254,plate,pick up,Dispenser_71,Dispenser,71,pick up plate from dispenser,player_0c770215,baseline_division_of_labor,cb28b00bacc5fa49,115.61983806768112,38.48322308577238,0.0,0.0,0.0,0.5,1.0,"(2, 2)","[p(2, 2)_cs(1.0)_ws(0.5)]_[p(5, 2)_cs(0.5)_ws(1.0)]"
317,plate,put down,Counter_34,Counter,34,put down plate on counter,player_0c770215,baseline_division_of_labor,cb28b00bacc5fa49,176.62209965546066,61.00226158777954,0.0,0.0,0.0,0.5,1.0,"(2, 2)","[p(2, 2)_cs(1.0)_ws(0.5)]_[p(5, 2)_cs(0.5)_ws(1.0)]"
382,tomato_cut,pick up,CuttingBoard_20,CuttingBoard,20,pick up tomato_cut from cuttingboard,player_0c770215,baseline_division_of_labor,cb28b00bacc5fa49,246.92778142612948,70.30568177066883,0.0,0.0,0.0,0.5,1.0,"(2, 2)","[p(2, 2)_cs(1.0)_ws(0.5)]_[p(5, 2)_cs(0.5)_ws(1.0)]"
426,tomato_cut,assemble salad,Counter_33,Counter,33,assemble salad,player_0c770215,baseline_division_of_labor,cb28b00bacc5fa49,278.9277814261295,32.00000000000003,0.0,0.0,0.0,0.5,1.0,"(2, 2)","[p(2, 2)_cs(1.0)_ws(0.5)]_[p(5, 2)_cs(0.5)_ws(1.0)]"
436,tomato_salad,pick up,Counter_33,Counter,33,pick up tomato_salad from counter,player_0c770215,baseline_division_of_labor,cb28b00bacc5fa49,278.9277814261295,0.0,0.0,0.0,0.0,0.5,1.0,"(2, 2)","[p(2, 2)_cs(1.0)_ws(0.5)]_[p(5, 2)_cs(0.5)_ws(1.0)]"
522,tomato_salad,deliver,Delivery_64,Delivery,64,deliver tomato_salad,player_0c770215,baseline_division_of_labor,cb28b00bacc5fa49,377.75563442299034,98.82785299686083,1.0,1.0,1.0,0.5,1.0,"(2, 2)","[p(2, 2)_cs(1.0)_ws(0.5)]_[p(5, 2)_cs(0.5)_ws(1.0)]"
577,tomato,pick up,Dispenser_50,Dispenser,50,pick up tomato from dispenser,player_0c770215,baseline_division_of_labor,cb28b00bacc5fa49,425.75563442299045,48.000000000000114,1.0,0.0,1.0,0.5,1.0,"(2, 2)","[p(2, 2)_cs(1.0)_ws(0.5)]_[p(5, 2)_cs(0.5)_ws(1.0)]"
636,tomato,put down,Counter_32,Counter,32,put down tomato on counter,player_0c770215,baseline_division_of_labor,cb28b00bacc5fa49,484.48736695847737,58.73173253548691,2.0,0.0,1.0,0.5,1.0,"(2, 2)","[p(2, 2)_cs(1.0)_ws(0.5)]_[p(5, 2)_cs(0.5)_ws(1.0)]"
680,plate,pick up,Dispenser_60,Dispenser,60,pick up plate from dispenser,player_0c770215,baseline_division_of_labor,cb28b00bacc5fa49,522.9705900442495,38.48322308577218,2.0,0.0,1.0,0.5,1.0,"(2, 2)","[p(2, 2)_cs(1.0)_ws(0.5)]_[p(5, 2)_cs(0.5)_ws(1.0)]"
736,plate,put down,Counter_33,Counter,33,put down plate on counter,player_0c770215,baseline_division_of_labor,cb28b00bacc5fa49,568.2254240401874,45.254833995937815,2.0,0.0,1.0,0.5,1.0,"(2, 2)","[p(2, 2)_cs(1.0)_ws(0.5)]_[p(5, 2)_cs(0.5)_ws(1.0)]"
760,tomato,pick up,Counter_32,Counter,32,pick up tomato from counter,player_0c770215,baseline_division_of_labor,cb28b00bacc5fa49,584.2254240401867,15.999999999999318,2.0,0.0,1.0,0.5,1.0,"(2, 2)","[p(2, 2)_cs(1.0)_ws(0.5)]_[p(5, 2)_cs(0.5)_ws(1.0)]"
814,tomato,start cutting,CuttingBoard_10,CuttingBoard,10,start cutting tomato,player_0c770215,baseline_division_of_labor,cb28b00bacc5fa49,638.734622024125,54.50919798393829,2.0,0.0,1.0,0.5,1.0,"(2, 2)","[p(2, 2)_cs(1.0)_ws(0.5)]_[p(5, 2)_cs(0.5)_ws(1.0)]"
866,tomato_cut,pick up,CuttingBoard_10,CuttingBoard,10,pick up tomato_cut from cuttingboard,player_0c770215,baseline_division_of_labor,cb28b00bacc5fa49,638.734622024125,0.0,2.0,0.0,1.0,0.5,1.0,"(2, 2)","[p(2, 2)_cs(1.0)_ws(0.5)]_[p(5, 2)_cs(0.5)_ws(1.0)]"
908,tomato_cut,assemble salad,Counter_33,Counter,33,assemble salad,player_0c770215,baseline_division_of_labor,cb28b00bacc5fa49,677.2178451098957,38.48322308577076,2.0,0.0,1.0,0.5,1.0,"(2, 2)","[p(2, 2)_cs(1.0)_ws(0.5)]_[p(5, 2)_cs(0.5)_ws(1.0)]"
919,tomato_salad,pick up,Counter_33,Counter,33,pick up tomato_salad from counter,player_0c770215,baseline_division_of_labor,cb28b00bacc5fa49,677.2178451098957,0.0,2.0,0.0,1.0,0.5,1.0,"(2, 2)","[p(2, 2)_cs(1.0)_ws(0.5)]_[p(5, 2)_cs(0.5)_ws(1.0)]"
995,tomato_salad,deliver,Delivery_63,Delivery,63,deliver tomato_salad,player_0c770215,baseline_division_of_labor,cb28b00bacc5fa49,760.3566201887809,83.13877507888515,3.0,1.0,2.0,0.5,1.0,"(2, 2)","[p(2, 2)_cs(1.0)_ws(0.5)]_[p(5, 2)_cs(0.5)_ws(1.0)]"
1040,plate,pick up,Dispenser_60,Dispenser,60,pick up plate from dispenser,player_0c770215,baseline_division_of_labor,cb28b00bacc5fa49,798.8398432745525,38.48322308577167,3.0,0.0,2.0,0.5,1.0,"(2, 2)","[p(2, 2)_cs(1.0)_ws(0.5)]_[p(5, 2)_cs(0.5)_ws(1.0)]"
1085,plate,put down,Counter_33,Counter,33,put down plate on counter,player_0c770215,baseline_division_of_labor,cb28b00bacc5fa49,844.0946772704904,45.254833995937815,3.0,0.0,2.0,0.5,1.0,"(2, 2)","[p(2, 2)_cs(1.0)_ws(0.5)]_[p(5, 2)_cs(0.5)_ws(1.0)]"
1110,tomato,pick up,Counter_32,Counter,32,pick up tomato from counter,player_0c770215,baseline_division_of_labor,cb28b00bacc5fa49,860.0946772704897,15.999999999999318,3.0,0.0,2.0,0.5,1.0,"(2, 2)","[p(2, 2)_cs(1.0)_ws(0.5)]_[p(5, 2)_cs(0.5)_ws(1.0)]"
1150,tomato,start cutting,CuttingBoard_20,CuttingBoard,20,start cutting tomato,player_0c770215,baseline_division_of_labor,cb28b00bacc5fa49,898.6039090167973,38.50923174630759,4.0,0.0,2.0,0.5,1.0,"(2, 2)","[p(2, 2)_cs(1.0)_ws(0.5)]_[p(5, 2)_cs(0.5)_ws(1.0)]"
1203,tomato_cut,pick up,CuttingBoard_20,CuttingBoard,20,pick up tomato_cut from cuttingboard,player_0c770215,baseline_division_of_labor,cb28b00bacc5fa49,898.6039090167973,0.0,4.0,0.0,2.0,0.5,1.0,"(2, 2)","[p(2, 2)_cs(1.0)_ws(0.5)]_[p(5, 2)_cs(0.5)_ws(1.0)]"
1242,tomato_cut,assemble salad,Counter_33,Counter,33,assemble salad,player_0c770215,baseline_division_of_labor,cb28b00bacc5fa49,930.603909016796,31.99999999999875,4.0,0.0,2.0,0.5,1.0,"(2, 2)","[p(2, 2)_cs(1.0)_ws(0.5)]_[p(5, 2)_cs(0.5)_ws(1.0)]"
1254,tomato_salad,pick up,Counter_33,Counter,33,pick up tomato_salad from counter,player_0c770215,baseline_division_of_labor,cb28b00bacc5fa49,930.603909016796,0.0,4.0,0.0,2.0,0.5,1.0,"(2, 2)","[p(2, 2)_cs(1.0)_ws(0.5)]_[p(5, 2)_cs(0.5)_ws(1.0)]"
1328,tomato_salad,deliver,Delivery_63,Delivery,63,deliver tomato_salad,player_0c770215,baseline_division_of_labor,cb28b00bacc5fa49,1013.7426840956812,83.13877507888515,5.0,1.0,3.0,0.5,1.0,"(2, 2)","[p(2, 2)_cs(1.0)_ws(0.5)]_[p(5, 2)_cs(0.5)_ws(1.0)]"
1405,plate,pick up,Dispenser_60,Dispenser,60,pick up plate from dispenser,player_0c770215,baseline_division_of_labor,cb28b00bacc5fa49,1089.7252506437385,75.98256654805732,5.0,0.0,3.0,0.5,1.0,"(2, 2)","[p(2, 2)_cs(1.0)_ws(0.5)]_[p(5, 2)_cs(0.5)_ws(1.0)]"
1459,plate,put down,Counter_33,Counter,33,put down plate on counter,player_0c770215,baseline_division_of_labor,cb28b00bacc5fa49,1134.9800846396763,45.254833995937815,5.0,0.0,3.0,0.5,1.0,"(2, 2)","[p(2, 2)_cs(1.0)_ws(0.5)]_[p(5, 2)_cs(0.5)_ws(1.0)]"
1655,tomato_cut,pick up,CuttingBoard_10,CuttingBoard,10,pick up tomato_cut from cuttingboard,player_0c770215,baseline_division_of_labor,cb28b00bacc5fa49,1205.2981688028174,70.31808416314107,6.0,0.0,3.0,0.5,1.0,"(2, 2)","[p(2, 2)_cs(1.0)_ws(0.5)]_[p(5, 2)_cs(0.5)_ws(1.0)]"
1697,tomato_cut,assemble salad,Counter_33,Counter,33,assemble salad,player_0c770215,baseline_division_of_labor,cb28b00bacc5fa49,1243.78139188859,38.48322308577258,6.0,0.0,3.0,0.5,1.0,"(2, 2)","[p(2, 2)_cs(1.0)_ws(0.5)]_[p(5, 2)_cs(0.5)_ws(1.0)]"
1709,tomato_salad,pick up,Counter_33,Counter,33,pick up tomato_salad from counter,player_0c770215,baseline_division_of_labor,cb28b00bacc5fa49,1243.78139188859,0.0,6.0,0.0,3.0,0.5,1.0,"(2, 2)","[p(2, 2)_cs(1.0)_ws(0.5)]_[p(5, 2)_cs(0.5)_ws(1.0)]"
1783,tomato_salad,deliver,Delivery_63,Delivery,63,deliver tomato_salad,player_0c770215,baseline_division_of_labor,cb28b00bacc5fa49,1326.920166967478,83.1387750788881,7.0,1.0,4.0,0.5,1.0,"(2, 2)","[p(2, 2)_cs(1.0)_ws(0.5)]_[p(5, 2)_cs(0.5)_ws(1.0)]"
1828,plate,pick up,Dispenser_71,Dispenser,71,pick up plate from dispenser,player_0c770215,baseline_division_of_labor,cb28b00bacc5fa49,1365.4033900532495,38.48322308577144,7.0,0.0,4.0,0.5,1.0,"(2, 2)","[p(2, 2)_cs(1.0)_ws(0.5)]_[p(5, 2)_cs(0.5)_ws(1.0)]"
1876,plate,put down,Counter_33,Counter,33,put down plate on counter,player_0c770215,baseline_division_of_labor,cb28b00bacc5fa49,1410.6582240491873,45.254833995937815,7.0,0.0,4.0,0.5,1.0,"(2, 2)","[p(2, 2)_cs(1.0)_ws(0.5)]_[p(5, 2)_cs(0.5)_ws(1.0)]"
1936,plate,pick up,Dispenser_60,Dispenser,60,pick up plate from dispenser,player_0c770215,baseline_division_of_labor,cb28b00bacc5fa49,1455.9130580451251,45.254833995937815,8.0,0.0,4.0,0.5,1.0,"(2, 2)","[p(2, 2)_cs(1.0)_ws(0.5)]_[p(5, 2)_cs(0.5)_ws(1.0)]"
1978,plate,put down,Counter_32,Counter,32,put down plate on counter,player_0c770215,baseline_division_of_labor,cb28b00bacc5fa49,1494.3962811308952,38.48322308577008,8.0,0.0,4.0,0.5,1.0,"(2, 2)","[p(2, 2)_cs(1.0)_ws(0.5)]_[p(5, 2)_cs(0.5)_ws(1.0)]"
2067,tomato_cut,pick up,CuttingBoard_20,CuttingBoard,20,pick up tomato_cut from cuttingboard,player_0c770215,baseline_division_of_labor,cb28b00bacc5fa49,1532.9055128772038,38.509231746308615,8.0,0.0,4.0,0.5,1.0,"(2, 2)","[p(2, 2)_cs(1.0)_ws(0.5)]_[p(5, 2)_cs(0.5)_ws(1.0)]"
2088,tomato_cut,assemble salad,Counter_32,Counter,32,assemble salad,player_0c770215,baseline_division_of_labor,cb28b00bacc5fa49,1548.9055128772031,15.999999999999318,8.0,0.0,4.0,0.5,1.0,"(2, 2)","[p(2, 2)_cs(1.0)_ws(0.5)]_[p(5, 2)_cs(0.5)_ws(1.0)]"
2103,tomato_salad,pick up,Counter_32,Counter,32,pick up tomato_salad from counter,player_0c770215,baseline_division_of_labor,cb28b00bacc5fa49,1548.9055128772031,0.0,8.0,0.0,4.0,0.5,1.0,"(2, 2)","[p(2, 2)_cs(1.0)_ws(0.5)]_[p(5, 2)_cs(0.5)_ws(1.0)]"
2144,tomato_salad,deliver,Delivery_63,Delivery,63,deliver tomato_salad,player_0c770215,baseline_division_of_labor,cb28b00bacc5fa49,1594.160346873141,45.254833995937815,9.0,1.0,5.0,0.5,1.0,"(2, 2)","[p(2, 2)_cs(1.0)_ws(0.5)]_[p(5, 2)_cs(0.5)_ws(1.0)]"
