{"agents": {"player_d8370f56": {"initial_state": {"agent_id": "player_d8370f56", "x": 40, "y": 40, "item": null, "url_params": {"gameType": ["tomatoSaladOnly"], "PROLIFIC_PID": ["6646d66dff946ef256719adf"], "map": ["baseline_division_of_labor"], "cutting_speed_p1": ["1"], "walking_speed_p1": ["0.2"], "cutting_speed_p2": ["0.2"], "walking_speed_p2": ["1"], "slot_x_p1": ["2"], "slot_y_p1": ["2"], "slot_x_p2": ["5"], "slot_y_p2": ["2"], "EIO": ["4"], "transport": ["polling"], "t": ["PZzZzx_"]}, "cut_speed": 1.0, "walk_speed": 6.0, "player_nr": 1}, "player_score": 2.0, "total_actions": 23, "first_action_tick": 241, "last_action_tick": 2094}, "player_a618437e": {"initial_state": {"agent_id": "player_a618437e", "x": 88, "y": 40, "item": null, "url_params": {"gameType": ["tomatoSaladOnly"], "PROLIFIC_PID": ["559c3e07fdf99b32b55f2d8d"], "map": ["baseline_division_of_labor"], "cutting_speed_p1": ["1"], "walking_speed_p1": ["0.2"], "cutting_speed_p2": ["0.2"], "walking_speed_p2": ["1"], "slot_x_p1": ["2"], "slot_y_p1": ["2"], "slot_x_p2": ["5"], "slot_y_p2": ["2"], "EIO": ["4"], "transport": ["polling"], "t": ["PZzZ_xc"]}, "cut_speed": 0.2, "walk_speed": 30.0, "player_nr": 2}, "player_score": 4.0, "total_actions": 38, "first_action_tick": 53, "last_action_tick": 2128}}, "map_name": "baseline_division_of_labor", "final_score": 6.0}