tick,item,action,target,target_type,target_position,action_long,player_id,map_name,game_id,distance_walked,distance_walked_since_last_action,overall_score,player_score_change,player_score,walking_speed,cutting_speed,start_pos,condition
53,tomato,pick up,Dispenser_50,Dispenser,50,pick up tomato from dispenser,player_a618437e,baseline_division_of_labor,d8ba19984669c45d,16.0,0.0,0.0,0.0,0.0,1.0,0.2,"(5, 2)","[p(2, 2)_cs(1.0)_ws(0.2)]_[p(5, 2)_cs(0.2)_ws(1.0)]"
80,tomato,put down,Dispenser_60,Dispenser,60,put down tomato on dispenser,player_a618437e,baseline_division_of_labor,d8ba19984669c45d,32.0,16.0,0.0,0.0,0.0,1.0,0.2,"(5, 2)","[p(2, 2)_cs(1.0)_ws(0.2)]_[p(5, 2)_cs(0.2)_ws(1.0)]"
80,plate,pick up,Dispenser_60,Dispenser,60,pick up plate from dispenser,player_a618437e,baseline_division_of_labor,d8ba19984669c45d,32.0,0.0,0.0,0.0,0.0,1.0,0.2,"(5, 2)","[p(2, 2)_cs(1.0)_ws(0.2)]_[p(5, 2)_cs(0.2)_ws(1.0)]"
121,plate,put down,Counter_33,Counter,33,put down plate on counter,player_a618437e,baseline_division_of_labor,d8ba19984669c45d,77.25483399593904,45.25483399593904,0.0,0.0,0.0,1.0,0.2,"(5, 2)","[p(2, 2)_cs(1.0)_ws(0.2)]_[p(5, 2)_cs(0.2)_ws(1.0)]"
152,tomato,pick up,Dispenser_40,Dispenser,40,pick up tomato from dispenser,player_a618437e,baseline_division_of_labor,d8ba19984669c45d,109.25483399593904,32.0,0.0,0.0,0.0,1.0,0.2,"(5, 2)","[p(2, 2)_cs(1.0)_ws(0.2)]_[p(5, 2)_cs(0.2)_ws(1.0)]"
179,tomato,start cutting,CuttingBoard_20,CuttingBoard,20,start cutting tomato,player_a618437e,baseline_division_of_labor,d8ba19984669c45d,141.25483399593904,32.0,0.0,0.0,0.0,1.0,0.2,"(5, 2)","[p(2, 2)_cs(1.0)_ws(0.2)]_[p(5, 2)_cs(0.2)_ws(1.0)]"
269,plate,pick up,Counter_33,Counter,33,pick up plate from counter,player_a618437e,baseline_division_of_labor,d8ba19984669c45d,173.25483399593904,32.0,0.0,0.0,0.0,1.0,0.2,"(5, 2)","[p(2, 2)_cs(1.0)_ws(0.2)]_[p(5, 2)_cs(0.2)_ws(1.0)]"
293,plate,put down,Counter_32,Counter,32,put down plate on counter,player_a618437e,baseline_division_of_labor,d8ba19984669c45d,189.25483399593904,16.0,0.0,0.0,0.0,1.0,0.2,"(5, 2)","[p(2, 2)_cs(1.0)_ws(0.2)]_[p(5, 2)_cs(0.2)_ws(1.0)]"
428,tomato_cut,pick up,CuttingBoard_20,CuttingBoard,20,pick up tomato_cut from cuttingboard,player_a618437e,baseline_division_of_labor,d8ba19984669c45d,205.25483399593904,16.0,0.0,0.0,0.0,1.0,0.2,"(5, 2)","[p(2, 2)_cs(1.0)_ws(0.2)]_[p(5, 2)_cs(0.2)_ws(1.0)]"
455,tomato_cut,assemble salad,Counter_32,Counter,32,assemble salad,player_a618437e,baseline_division_of_labor,d8ba19984669c45d,221.25483399593904,16.0,0.0,0.0,0.0,1.0,0.2,"(5, 2)","[p(2, 2)_cs(1.0)_ws(0.2)]_[p(5, 2)_cs(0.2)_ws(1.0)]"
473,tomato_salad,pick up,Counter_32,Counter,32,pick up tomato_salad from counter,player_a618437e,baseline_division_of_labor,d8ba19984669c45d,221.25483399593904,0.0,0.0,0.0,0.0,1.0,0.2,"(5, 2)","[p(2, 2)_cs(1.0)_ws(0.2)]_[p(5, 2)_cs(0.2)_ws(1.0)]"
508,tomato_salad,deliver,Delivery_63,Delivery,63,deliver tomato_salad,player_a618437e,baseline_division_of_labor,d8ba19984669c45d,266.5096679918781,45.25483399593904,1.0,1.0,1.0,1.0,0.2,"(5, 2)","[p(2, 2)_cs(1.0)_ws(0.2)]_[p(5, 2)_cs(0.2)_ws(1.0)]"
551,tomato,pick up,Dispenser_50,Dispenser,50,pick up tomato from dispenser,player_a618437e,baseline_division_of_labor,d8ba19984669c45d,298.50966799187836,32.000000000000284,1.0,0.0,1.0,1.0,0.2,"(5, 2)","[p(2, 2)_cs(1.0)_ws(0.2)]_[p(5, 2)_cs(0.2)_ws(1.0)]"
603,tomato,start cutting,CuttingBoard_10,CuttingBoard,10,start cutting tomato,player_a618437e,baseline_division_of_labor,d8ba19984669c45d,362.50966799187876,64.0000000000004,1.0,0.0,1.0,1.0,0.2,"(5, 2)","[p(2, 2)_cs(1.0)_ws(0.2)]_[p(5, 2)_cs(0.2)_ws(1.0)]"
806,tomato_cut,pick up,CuttingBoard_10,CuttingBoard,10,pick up tomato_cut from cuttingboard,player_a618437e,baseline_division_of_labor,d8ba19984669c45d,362.50966799187876,0.0,1.0,0.0,1.0,1.0,0.2,"(5, 2)","[p(2, 2)_cs(1.0)_ws(0.2)]_[p(5, 2)_cs(0.2)_ws(1.0)]"
832,tomato_cut,put down,Counter_32,Counter,32,put down tomato_cut on counter,player_a618437e,baseline_division_of_labor,d8ba19984669c45d,385.13708498984823,22.627416997969476,1.0,0.0,1.0,1.0,0.2,"(5, 2)","[p(2, 2)_cs(1.0)_ws(0.2)]_[p(5, 2)_cs(0.2)_ws(1.0)]"
882,plate,pick up,Dispenser_60,Dispenser,60,pick up plate from dispenser,player_a618437e,baseline_division_of_labor,d8ba19984669c45d,455.6439572633669,70.50687227351864,1.0,0.0,1.0,1.0,0.2,"(5, 2)","[p(2, 2)_cs(1.0)_ws(0.2)]_[p(5, 2)_cs(0.2)_ws(1.0)]"
919,plate,put down,Counter_33,Counter,33,put down plate on counter,player_a618437e,baseline_division_of_labor,d8ba19984669c45d,500.8987912593058,45.25483399593895,2.0,0.0,1.0,1.0,0.2,"(5, 2)","[p(2, 2)_cs(1.0)_ws(0.2)]_[p(5, 2)_cs(0.2)_ws(1.0)]"
941,tomato_cut,pick up,Counter_32,Counter,32,pick up tomato_cut from counter,player_a618437e,baseline_division_of_labor,d8ba19984669c45d,516.8987912593059,16.000000000000057,2.0,0.0,1.0,1.0,0.2,"(5, 2)","[p(2, 2)_cs(1.0)_ws(0.2)]_[p(5, 2)_cs(0.2)_ws(1.0)]"
962,tomato_cut,assemble salad,Counter_33,Counter,33,assemble salad,player_a618437e,baseline_division_of_labor,d8ba19984669c45d,532.8987912593061,16.000000000000227,2.0,0.0,1.0,1.0,0.2,"(5, 2)","[p(2, 2)_cs(1.0)_ws(0.2)]_[p(5, 2)_cs(0.2)_ws(1.0)]"
977,tomato_salad,pick up,Counter_33,Counter,33,pick up tomato_salad from counter,player_a618437e,baseline_division_of_labor,d8ba19984669c45d,532.8987912593061,0.0,2.0,0.0,1.0,1.0,0.2,"(5, 2)","[p(2, 2)_cs(1.0)_ws(0.2)]_[p(5, 2)_cs(0.2)_ws(1.0)]"
1001,tomato_salad,deliver,Delivery_63,Delivery,63,deliver tomato_salad,player_a618437e,baseline_division_of_labor,d8ba19984669c45d,548.8987912593061,16.0,3.0,1.0,2.0,1.0,0.2,"(5, 2)","[p(2, 2)_cs(1.0)_ws(0.2)]_[p(5, 2)_cs(0.2)_ws(1.0)]"
1043,tomato,pick up,Dispenser_40,Dispenser,40,pick up tomato from dispenser,player_a618437e,baseline_division_of_labor,d8ba19984669c45d,587.3100510993323,38.41125984002622,3.0,0.0,2.0,1.0,0.2,"(5, 2)","[p(2, 2)_cs(1.0)_ws(0.2)]_[p(5, 2)_cs(0.2)_ws(1.0)]"
1077,tomato,start cutting,CuttingBoard_10,CuttingBoard,10,start cutting tomato,player_a618437e,baseline_division_of_labor,d8ba19984669c45d,635.3100510993328,48.000000000000455,3.0,0.0,2.0,1.0,0.2,"(5, 2)","[p(2, 2)_cs(1.0)_ws(0.2)]_[p(5, 2)_cs(0.2)_ws(1.0)]"
1302,tomato_cut,pick up,CuttingBoard_10,CuttingBoard,10,pick up tomato_cut from cuttingboard,player_a618437e,baseline_division_of_labor,d8ba19984669c45d,635.3100510993328,0.0,3.0,0.0,2.0,1.0,0.2,"(5, 2)","[p(2, 2)_cs(1.0)_ws(0.2)]_[p(5, 2)_cs(0.2)_ws(1.0)]"
1328,tomato_cut,assemble salad,Counter_33,Counter,33,assemble salad,player_a618437e,baseline_division_of_labor,d8ba19984669c45d,673.7213109393588,38.41125984002599,3.0,0.0,2.0,1.0,0.2,"(5, 2)","[p(2, 2)_cs(1.0)_ws(0.2)]_[p(5, 2)_cs(0.2)_ws(1.0)]"
1354,tomato_salad,pick up,Counter_33,Counter,33,pick up tomato_salad from counter,player_a618437e,baseline_division_of_labor,d8ba19984669c45d,673.7213109393588,0.0,3.0,0.0,2.0,1.0,0.2,"(5, 2)","[p(2, 2)_cs(1.0)_ws(0.2)]_[p(5, 2)_cs(0.2)_ws(1.0)]"
1450,tomato_salad,deliver,Delivery_63,Delivery,63,deliver tomato_salad,player_a618437e,baseline_division_of_labor,d8ba19984669c45d,756.4947687301268,82.77345779076802,4.0,1.0,3.0,1.0,0.2,"(5, 2)","[p(2, 2)_cs(1.0)_ws(0.2)]_[p(5, 2)_cs(0.2)_ws(1.0)]"
1487,tomato,pick up,Dispenser_40,Dispenser,40,pick up tomato from dispenser,player_a618437e,baseline_division_of_labor,d8ba19984669c45d,794.906028570153,38.41125984002622,4.0,0.0,3.0,1.0,0.2,"(5, 2)","[p(2, 2)_cs(1.0)_ws(0.2)]_[p(5, 2)_cs(0.2)_ws(1.0)]"
1534,tomato,start cutting,CuttingBoard_10,CuttingBoard,10,start cutting tomato,player_a618437e,baseline_division_of_labor,d8ba19984669c45d,842.9060285701535,48.000000000000455,4.0,0.0,3.0,1.0,0.2,"(5, 2)","[p(2, 2)_cs(1.0)_ws(0.2)]_[p(5, 2)_cs(0.2)_ws(1.0)]"
1741,tomato_cut,pick up,CuttingBoard_10,CuttingBoard,10,pick up tomato_cut from cuttingboard,player_a618437e,baseline_division_of_labor,d8ba19984669c45d,842.9060285701535,0.0,4.0,0.0,3.0,1.0,0.2,"(5, 2)","[p(2, 2)_cs(1.0)_ws(0.2)]_[p(5, 2)_cs(0.2)_ws(1.0)]"
1766,tomato_cut,assemble salad,Counter_33,Counter,33,assemble salad,player_a618437e,baseline_division_of_labor,d8ba19984669c45d,881.3172884101795,38.41125984002599,4.0,0.0,3.0,1.0,0.2,"(5, 2)","[p(2, 2)_cs(1.0)_ws(0.2)]_[p(5, 2)_cs(0.2)_ws(1.0)]"
1777,tomato_salad,pick up,Counter_33,Counter,33,pick up tomato_salad from counter,player_a618437e,baseline_division_of_labor,d8ba19984669c45d,881.3172884101795,0.0,4.0,0.0,3.0,1.0,0.2,"(5, 2)","[p(2, 2)_cs(1.0)_ws(0.2)]_[p(5, 2)_cs(0.2)_ws(1.0)]"
1830,tomato_salad,deliver,Delivery_64,Delivery,64,deliver tomato_salad,player_a618437e,baseline_division_of_labor,d8ba19984669c45d,979.6457564824467,98.32846807226724,5.0,1.0,4.0,1.0,0.2,"(5, 2)","[p(2, 2)_cs(1.0)_ws(0.2)]_[p(5, 2)_cs(0.2)_ws(1.0)]"
1871,tomato,pick up,Dispenser_50,Dispenser,50,pick up tomato from dispenser,player_a618437e,baseline_division_of_labor,d8ba19984669c45d,1027.645756482447,48.00000000000034,5.0,0.0,4.0,1.0,0.2,"(5, 2)","[p(2, 2)_cs(1.0)_ws(0.2)]_[p(5, 2)_cs(0.2)_ws(1.0)]"
1909,tomato,start cutting,CuttingBoard_10,CuttingBoard,10,start cutting tomato,player_a618437e,baseline_division_of_labor,d8ba19984669c45d,1091.645756482445,63.999999999997954,5.0,0.0,4.0,1.0,0.2,"(5, 2)","[p(2, 2)_cs(1.0)_ws(0.2)]_[p(5, 2)_cs(0.2)_ws(1.0)]"
2107,tomato_cut,pick up,CuttingBoard_10,CuttingBoard,10,pick up tomato_cut from cuttingboard,player_a618437e,baseline_division_of_labor,d8ba19984669c45d,1091.645756482445,0.0,6.0,0.0,4.0,1.0,0.2,"(5, 2)","[p(2, 2)_cs(1.0)_ws(0.2)]_[p(5, 2)_cs(0.2)_ws(1.0)]"
2128,tomato_cut,put down,Counter_32,Counter,32,put down tomato_cut on counter,player_a618437e,baseline_division_of_labor,d8ba19984669c45d,1114.2731734804147,22.627416997969704,6.0,0.0,4.0,1.0,0.2,"(5, 2)","[p(2, 2)_cs(1.0)_ws(0.2)]_[p(5, 2)_cs(0.2)_ws(1.0)]"
