tick,item,action,target,target_type,target_position,action_long,player_id,map_name,game_id,distance_walked,distance_walked_since_last_action,overall_score,player_score_change,player_score,walking_speed,cutting_speed,start_pos,condition,source,last_touched,touched_list,tomato_history,plate_history,is_exchange_collaboration
75,plate,pick up,Dispenser_60,Dispenser,60,pick up plate from dispenser,player_4de729b0,baseline_division_of_labor,d3c86fd5382c2eef,22.62741699796952,0.0,0.0,0.0,0.0,1.0,1.0,"(5, 2)","[p(2, 2)_cs(1.0)_ws(1.0)]_[p(5, 2)_cs(1.0)_ws(1.0)]",player_4de729b0_actions,,[],,,
105,tomato,pick up,Dispenser_40,Dispenser,40,pick up tomato from dispenser,player_a32cea33,baseline_division_of_labor,d3c86fd5382c2eef,38.50692672489653,0.0,0.0,0.0,0.0,1.0,1.0,"(2, 2)","[p(2, 2)_cs(1.0)_ws(1.0)]_[p(5, 2)_cs(1.0)_ws(1.0)]",player_a32cea33_actions,,[],,,
108,plate,put down,Counter_33,Counter,33,put down plate on counter,player_4de729b0,baseline_division_of_labor,d3c86fd5382c2eef,67.88225099390854,45.25483399593902,0.0,0.0,0.0,1.0,1.0,"(5, 2)","[p(2, 2)_cs(1.0)_ws(1.0)]_[p(5, 2)_cs(1.0)_ws(1.0)]",player_4de729b0_actions,player_4de729b0,['player_4de729b0'],,,
131,tomato,pick up,Dispenser_40,Dispenser,40,pick up tomato from dispenser,player_4de729b0,baseline_division_of_labor,d3c86fd5382c2eef,99.88225099390854,32.0,0.0,0.0,0.0,1.0,1.0,"(5, 2)","[p(2, 2)_cs(1.0)_ws(1.0)]_[p(5, 2)_cs(1.0)_ws(1.0)]",player_4de729b0_actions,,[],,,
154,tomato,start cutting,CuttingBoard_20,CuttingBoard,20,start cutting tomato,player_a32cea33,baseline_division_of_labor,d3c86fd5382c2eef,70.50692672489652,31.999999999999982,0.0,0.0,0.0,1.0,1.0,"(2, 2)","[p(2, 2)_cs(1.0)_ws(1.0)]_[p(5, 2)_cs(1.0)_ws(1.0)]",player_a32cea33_actions,player_a32cea33,['player_a32cea33'],,,
215,tomato,start cutting,CuttingBoard_10,CuttingBoard,10,start cutting tomato,player_4de729b0,baseline_division_of_labor,d3c86fd5382c2eef,147.88225099390854,48.0,0.0,0.0,0.0,1.0,1.0,"(5, 2)","[p(2, 2)_cs(1.0)_ws(1.0)]_[p(5, 2)_cs(1.0)_ws(1.0)]",player_4de729b0_actions,player_4de729b0,['player_4de729b0'],,,
267,tomato_cut,pick up,CuttingBoard_10,CuttingBoard,10,pick up tomato_cut from cuttingboard,player_4de729b0,baseline_division_of_labor,d3c86fd5382c2eef,147.88225099390854,0.0,0.0,0.0,0.0,1.0,1.0,"(5, 2)","[p(2, 2)_cs(1.0)_ws(1.0)]_[p(5, 2)_cs(1.0)_ws(1.0)]",player_4de729b0_actions,player_4de729b0,['player_4de729b0'],,,False
302,tomato_cut,assemble salad,Counter_33,Counter,33,assemble salad,player_4de729b0,baseline_division_of_labor,d3c86fd5382c2eef,186.29351083393456,38.41125984002602,0.0,0.0,0.0,1.0,1.0,"(5, 2)","[p(2, 2)_cs(1.0)_ws(1.0)]_[p(5, 2)_cs(1.0)_ws(1.0)]",player_4de729b0_actions,player_4de729b0,['player_4de729b0'],"['player_4de729b0', 'player_4de729b0']",['player_4de729b0'],False
311,tomato_cut,pick up,CuttingBoard_20,CuttingBoard,20,pick up tomato_cut from cuttingboard,player_a32cea33,baseline_division_of_labor,d3c86fd5382c2eef,166.50692672489652,96.0,0.0,0.0,0.0,1.0,1.0,"(2, 2)","[p(2, 2)_cs(1.0)_ws(1.0)]_[p(5, 2)_cs(1.0)_ws(1.0)]",player_a32cea33_actions,player_a32cea33,['player_a32cea33'],,,False
333,tomato_salad,pick up,Counter_33,Counter,33,pick up tomato_salad from counter,player_4de729b0,baseline_division_of_labor,d3c86fd5382c2eef,186.29351083393456,0.0,0.0,0.0,0.0,1.0,1.0,"(5, 2)","[p(2, 2)_cs(1.0)_ws(1.0)]_[p(5, 2)_cs(1.0)_ws(1.0)]",player_4de729b0_actions,player_4de729b0,['player_4de729b0'],"['player_4de729b0', 'player_4de729b0']",['player_4de729b0'],False
345,tomato_cut,put down,Counter_33,Counter,33,put down tomato_cut on counter,player_a32cea33,baseline_division_of_labor,d3c86fd5382c2eef,198.50692672489652,32.0,0.0,0.0,0.0,1.0,1.0,"(2, 2)","[p(2, 2)_cs(1.0)_ws(1.0)]_[p(5, 2)_cs(1.0)_ws(1.0)]",player_a32cea33_actions,player_a32cea33,"['player_a32cea33', 'player_a32cea33']",,,
367,tomato_cut,pick up,Counter_33,Counter,33,pick up tomato_cut from counter,player_a32cea33,baseline_division_of_labor,d3c86fd5382c2eef,198.50692672489652,0.0,0.0,0.0,0.0,1.0,1.0,"(2, 2)","[p(2, 2)_cs(1.0)_ws(1.0)]_[p(5, 2)_cs(1.0)_ws(1.0)]",player_a32cea33_actions,player_a32cea33,"['player_a32cea33', 'player_a32cea33']",,,False
393,tomato_salad,deliver,Delivery_63,Delivery,63,deliver tomato_salad,player_4de729b0,baseline_division_of_labor,d3c86fd5382c2eef,269.0669686247024,82.77345779076782,1.0,1.0,1.0,1.0,1.0,"(5, 2)","[p(2, 2)_cs(1.0)_ws(1.0)]_[p(5, 2)_cs(1.0)_ws(1.0)]",player_4de729b0_actions,player_4de729b0,"['player_4de729b0', 'player_4de729b0']","['player_4de729b0', 'player_4de729b0']",['player_4de729b0'],
418,tomato_cut,put down,Counter_33,Counter,33,put down tomato_cut on counter,player_a32cea33,baseline_division_of_labor,d3c86fd5382c2eef,198.50692672489652,0.0,1.0,0.0,0.0,1.0,1.0,"(2, 2)","[p(2, 2)_cs(1.0)_ws(1.0)]_[p(5, 2)_cs(1.0)_ws(1.0)]",player_a32cea33_actions,player_a32cea33,"['player_a32cea33', 'player_a32cea33', 'player_a32cea33']",,,
480,tomato,pick up,Dispenser_40,Dispenser,40,pick up tomato from dispenser,player_a32cea33,baseline_division_of_labor,d3c86fd5382c2eef,262.5069267248965,64.0,1.0,0.0,0.0,1.0,1.0,"(2, 2)","[p(2, 2)_cs(1.0)_ws(1.0)]_[p(5, 2)_cs(1.0)_ws(1.0)]",player_a32cea33_actions,,[],,,
511,plate,pick up,Dispenser_60,Dispenser,60,pick up plate from dispenser,player_4de729b0,baseline_division_of_labor,d3c86fd5382c2eef,455.1118948851926,186.04492626049023,1.0,0.0,1.0,1.0,1.0,"(5, 2)","[p(2, 2)_cs(1.0)_ws(1.0)]_[p(5, 2)_cs(1.0)_ws(1.0)]",player_4de729b0_actions,,[],,,
523,tomato,start cutting,CuttingBoard_20,CuttingBoard,20,start cutting tomato,player_a32cea33,baseline_division_of_labor,d3c86fd5382c2eef,294.50692672489674,32.00000000000023,1.0,0.0,0.0,1.0,1.0,"(2, 2)","[p(2, 2)_cs(1.0)_ws(1.0)]_[p(5, 2)_cs(1.0)_ws(1.0)]",player_a32cea33_actions,player_a32cea33,['player_a32cea33'],,,
556,plate,assemble salad,Counter_33,Counter,33,assemble salad,player_4de729b0,baseline_division_of_labor,d3c86fd5382c2eef,500.3667288811315,45.25483399593895,1.0,0.0,1.0,1.0,1.0,"(5, 2)","[p(2, 2)_cs(1.0)_ws(1.0)]_[p(5, 2)_cs(1.0)_ws(1.0)]",player_4de729b0_actions,player_a32cea33,['player_4de729b0'],"['player_a32cea33', 'player_a32cea33', 'player_a32cea33']",['player_4de729b0'],True
575,tomato_salad,pick up,Counter_33,Counter,33,pick up tomato_salad from counter,player_4de729b0,baseline_division_of_labor,d3c86fd5382c2eef,500.3667288811315,0.0,1.0,0.0,1.0,1.0,1.0,"(5, 2)","[p(2, 2)_cs(1.0)_ws(1.0)]_[p(5, 2)_cs(1.0)_ws(1.0)]",player_4de729b0_actions,player_4de729b0,['player_4de729b0'],"['player_a32cea33', 'player_a32cea33', 'player_a32cea33']",['player_4de729b0'],False
593,tomato_salad,deliver,Delivery_63,Delivery,63,deliver tomato_salad,player_4de729b0,baseline_division_of_labor,d3c86fd5382c2eef,516.3667288811315,15.999999999999943,2.0,1.0,2.0,1.0,1.0,"(5, 2)","[p(2, 2)_cs(1.0)_ws(1.0)]_[p(5, 2)_cs(1.0)_ws(1.0)]",player_4de729b0_actions,player_4de729b0,"['player_4de729b0', 'player_4de729b0']","['player_a32cea33', 'player_a32cea33', 'player_a32cea33']",['player_4de729b0'],
609,plate,pick up,Dispenser_60,Dispenser,60,pick up plate from dispenser,player_a32cea33,baseline_division_of_labor,d3c86fd5382c2eef,358.50692672489697,64.00000000000023,2.0,0.0,0.0,1.0,1.0,"(2, 2)","[p(2, 2)_cs(1.0)_ws(1.0)]_[p(5, 2)_cs(1.0)_ws(1.0)]",player_a32cea33_actions,,[],,,
633,plate,pick up,Dispenser_60,Dispenser,60,pick up plate from dispenser,player_4de729b0,baseline_division_of_labor,d3c86fd5382c2eef,554.7779887211577,38.41125984002622,2.0,0.0,2.0,1.0,1.0,"(5, 2)","[p(2, 2)_cs(1.0)_ws(1.0)]_[p(5, 2)_cs(1.0)_ws(1.0)]",player_4de729b0_actions,,[],,,
642,plate,put down,Counter_32,Counter,32,put down plate on counter,player_a32cea33,baseline_division_of_labor,d3c86fd5382c2eef,396.913989391662,38.407062666765,2.0,0.0,0.0,1.0,1.0,"(2, 2)","[p(2, 2)_cs(1.0)_ws(1.0)]_[p(5, 2)_cs(1.0)_ws(1.0)]",player_a32cea33_actions,player_a32cea33,['player_a32cea33'],,,
672,plate,put down,Dispenser_40,Dispenser,40,put down plate on dispenser,player_4de729b0,baseline_division_of_labor,d3c86fd5382c2eef,586.7779887211577,32.0,2.0,0.0,2.0,1.0,1.0,"(5, 2)","[p(2, 2)_cs(1.0)_ws(1.0)]_[p(5, 2)_cs(1.0)_ws(1.0)]",player_4de729b0_actions,player_4de729b0,['player_4de729b0'],,,
672,tomato,pick up,Dispenser_40,Dispenser,40,pick up tomato from dispenser,player_4de729b0,baseline_division_of_labor,d3c86fd5382c2eef,586.7779887211577,0.0,2.0,0.0,2.0,1.0,1.0,"(5, 2)","[p(2, 2)_cs(1.0)_ws(1.0)]_[p(5, 2)_cs(1.0)_ws(1.0)]",player_4de729b0_actions,,[],,,
686,tomato_cut,pick up,CuttingBoard_20,CuttingBoard,20,pick up tomato_cut from cuttingboard,player_a32cea33,baseline_division_of_labor,d3c86fd5382c2eef,435.4209161165586,38.50692672489663,2.0,0.0,0.0,1.0,1.0,"(2, 2)","[p(2, 2)_cs(1.0)_ws(1.0)]_[p(5, 2)_cs(1.0)_ws(1.0)]",player_a32cea33_actions,player_a32cea33,['player_a32cea33'],,,False
708,tomato,put down,Counter_33,Counter,33,put down tomato on counter,player_4de729b0,baseline_division_of_labor,d3c86fd5382c2eef,618.7779887211581,32.00000000000034,2.0,0.0,2.0,1.0,1.0,"(5, 2)","[p(2, 2)_cs(1.0)_ws(1.0)]_[p(5, 2)_cs(1.0)_ws(1.0)]",player_4de729b0_actions,player_4de729b0,['player_4de729b0'],,,
710,tomato_cut,assemble salad,Counter_32,Counter,32,assemble salad,player_a32cea33,baseline_division_of_labor,d3c86fd5382c2eef,451.4209161165588,16.00000000000017,2.0,0.0,0.0,1.0,1.0,"(2, 2)","[p(2, 2)_cs(1.0)_ws(1.0)]_[p(5, 2)_cs(1.0)_ws(1.0)]",player_a32cea33_actions,player_a32cea33,['player_a32cea33'],"['player_a32cea33', 'player_a32cea33']",['player_a32cea33'],False
734,tomato,pick up,Dispenser_40,Dispenser,40,pick up tomato from dispenser,player_4de729b0,baseline_division_of_labor,d3c86fd5382c2eef,650.7779887211584,32.00000000000034,2.0,0.0,2.0,1.0,1.0,"(5, 2)","[p(2, 2)_cs(1.0)_ws(1.0)]_[p(5, 2)_cs(1.0)_ws(1.0)]",player_4de729b0_actions,,[],,,
738,tomato_salad,pick up,Counter_32,Counter,32,pick up tomato_salad from counter,player_a32cea33,baseline_division_of_labor,d3c86fd5382c2eef,451.4209161165588,0.0,2.0,0.0,0.0,1.0,1.0,"(2, 2)","[p(2, 2)_cs(1.0)_ws(1.0)]_[p(5, 2)_cs(1.0)_ws(1.0)]",player_a32cea33_actions,player_a32cea33,['player_a32cea33'],"['player_a32cea33', 'player_a32cea33']",['player_a32cea33'],False
765,tomato_salad,deliver,Delivery_63,Delivery,63,deliver tomato_salad,player_a32cea33,baseline_division_of_labor,d3c86fd5382c2eef,496.67575011249767,45.254833995938895,3.0,1.0,1.0,1.0,1.0,"(2, 2)","[p(2, 2)_cs(1.0)_ws(1.0)]_[p(5, 2)_cs(1.0)_ws(1.0)]",player_a32cea33_actions,player_a32cea33,"['player_a32cea33', 'player_a32cea33']","['player_a32cea33', 'player_a32cea33']",['player_a32cea33'],
776,tomato,start cutting,CuttingBoard_20,CuttingBoard,20,start cutting tomato,player_4de729b0,baseline_division_of_labor,d3c86fd5382c2eef,682.7779887211586,32.00000000000023,3.0,0.0,2.0,1.0,1.0,"(5, 2)","[p(2, 2)_cs(1.0)_ws(1.0)]_[p(5, 2)_cs(1.0)_ws(1.0)]",player_4de729b0_actions,player_4de729b0,['player_4de729b0'],,,
821,tomato,pick up,Dispenser_50,Dispenser,50,pick up tomato from dispenser,player_a32cea33,baseline_division_of_labor,d3c86fd5382c2eef,528.675750112498,32.00000000000034,3.0,0.0,1.0,1.0,1.0,"(2, 2)","[p(2, 2)_cs(1.0)_ws(1.0)]_[p(5, 2)_cs(1.0)_ws(1.0)]",player_a32cea33_actions,,[],,,
848,plate,pick up,Dispenser_60,Dispenser,60,pick up plate from dispenser,player_4de729b0,baseline_division_of_labor,d3c86fd5382c2eef,746.7779887211589,64.00000000000023,3.0,0.0,2.0,1.0,1.0,"(5, 2)","[p(2, 2)_cs(1.0)_ws(1.0)]_[p(5, 2)_cs(1.0)_ws(1.0)]",player_4de729b0_actions,,[],,,
871,tomato,start cutting,CuttingBoard_10,CuttingBoard,10,start cutting tomato,player_a32cea33,baseline_division_of_labor,d3c86fd5382c2eef,592.6757501124983,64.00000000000034,3.0,0.0,1.0,1.0,1.0,"(2, 2)","[p(2, 2)_cs(1.0)_ws(1.0)]_[p(5, 2)_cs(1.0)_ws(1.0)]",player_a32cea33_actions,player_a32cea33,['player_a32cea33'],,,
885,plate,put down,Counter_32,Counter,32,put down plate on counter,player_4de729b0,baseline_division_of_labor,d3c86fd5382c2eef,785.1850513879236,38.40706266676477,3.0,0.0,2.0,1.0,1.0,"(5, 2)","[p(2, 2)_cs(1.0)_ws(1.0)]_[p(5, 2)_cs(1.0)_ws(1.0)]",player_4de729b0_actions,player_4de729b0,['player_4de729b0'],,,
915,tomato_cut,pick up,CuttingBoard_20,CuttingBoard,20,pick up tomato_cut from cuttingboard,player_4de729b0,baseline_division_of_labor,d3c86fd5382c2eef,823.6919781128205,38.50692672489686,3.0,0.0,2.0,1.0,1.0,"(5, 2)","[p(2, 2)_cs(1.0)_ws(1.0)]_[p(5, 2)_cs(1.0)_ws(1.0)]",player_4de729b0_actions,player_4de729b0,['player_4de729b0'],,,False
936,tomato_cut,assemble salad,Counter_32,Counter,32,assemble salad,player_4de729b0,baseline_division_of_labor,d3c86fd5382c2eef,839.6919781128206,16.000000000000114,3.0,0.0,2.0,1.0,1.0,"(5, 2)","[p(2, 2)_cs(1.0)_ws(1.0)]_[p(5, 2)_cs(1.0)_ws(1.0)]",player_4de729b0_actions,player_4de729b0,['player_4de729b0'],"['player_4de729b0', 'player_4de729b0']",['player_4de729b0'],False
961,tomato_salad,pick up,Counter_32,Counter,32,pick up tomato_salad from counter,player_4de729b0,baseline_division_of_labor,d3c86fd5382c2eef,839.6919781128206,0.0,3.0,0.0,2.0,1.0,1.0,"(5, 2)","[p(2, 2)_cs(1.0)_ws(1.0)]_[p(5, 2)_cs(1.0)_ws(1.0)]",player_4de729b0_actions,player_4de729b0,['player_4de729b0'],"['player_4de729b0', 'player_4de729b0']",['player_4de729b0'],False
999,tomato_salad,deliver,Delivery_63,Delivery,63,deliver tomato_salad,player_4de729b0,baseline_division_of_labor,d3c86fd5382c2eef,884.9468121087602,45.254833995939634,4.0,1.0,3.0,1.0,1.0,"(5, 2)","[p(2, 2)_cs(1.0)_ws(1.0)]_[p(5, 2)_cs(1.0)_ws(1.0)]",player_4de729b0_actions,player_4de729b0,"['player_4de729b0', 'player_4de729b0']","['player_4de729b0', 'player_4de729b0']",['player_4de729b0'],
1024,tomato,pick up,Counter_33,Counter,33,pick up tomato from counter,player_4de729b0,baseline_division_of_labor,d3c86fd5382c2eef,900.9468121087602,16.0,4.0,0.0,3.0,1.0,1.0,"(5, 2)","[p(2, 2)_cs(1.0)_ws(1.0)]_[p(5, 2)_cs(1.0)_ws(1.0)]",player_4de729b0_actions,player_4de729b0,['player_4de729b0'],,,False
1032,plate,pick up,Dispenser_60,Dispenser,60,pick up plate from dispenser,player_a32cea33,baseline_division_of_labor,d3c86fd5382c2eef,775.9391787020808,183.2634285895824,4.0,0.0,1.0,1.0,1.0,"(2, 2)","[p(2, 2)_cs(1.0)_ws(1.0)]_[p(5, 2)_cs(1.0)_ws(1.0)]",player_a32cea33_actions,,[],,,
1066,plate,put down,Counter_33,Counter,33,put down plate on counter,player_a32cea33,baseline_division_of_labor,d3c86fd5382c2eef,821.1940126980204,45.254833995939634,4.0,0.0,1.0,1.0,1.0,"(2, 2)","[p(2, 2)_cs(1.0)_ws(1.0)]_[p(5, 2)_cs(1.0)_ws(1.0)]",player_a32cea33_actions,player_a32cea33,['player_a32cea33'],,,
1067,tomato,start cutting,CuttingBoard_20,CuttingBoard,20,start cutting tomato,player_4de729b0,baseline_division_of_labor,d3c86fd5382c2eef,955.1151989373934,54.168386828633174,4.0,0.0,3.0,1.0,1.0,"(5, 2)","[p(2, 2)_cs(1.0)_ws(1.0)]_[p(5, 2)_cs(1.0)_ws(1.0)]",player_4de729b0_actions,player_4de729b0,"['player_4de729b0', 'player_4de729b0']",,,
1100,plate,pick up,Dispenser_60,Dispenser,60,pick up plate from dispenser,player_a32cea33,baseline_division_of_labor,d3c86fd5382c2eef,866.44884669396,45.254833995939634,4.0,0.0,1.0,1.0,1.0,"(2, 2)","[p(2, 2)_cs(1.0)_ws(1.0)]_[p(5, 2)_cs(1.0)_ws(1.0)]",player_a32cea33_actions,,[],,,
1115,tomato_cut,pick up,CuttingBoard_10,CuttingBoard,10,pick up tomato_cut from cuttingboard,player_4de729b0,baseline_division_of_labor,d3c86fd5382c2eef,971.1151989373936,16.000000000000227,4.0,0.0,3.0,1.0,1.0,"(5, 2)","[p(2, 2)_cs(1.0)_ws(1.0)]_[p(5, 2)_cs(1.0)_ws(1.0)]",player_4de729b0_actions,player_a32cea33,['player_a32cea33'],,,True
1134,plate,put down,Counter_32,Counter,32,put down plate on counter,player_a32cea33,baseline_division_of_labor,d3c86fd5382c2eef,904.8559093607248,38.40706266676477,4.0,0.0,1.0,1.0,1.0,"(2, 2)","[p(2, 2)_cs(1.0)_ws(1.0)]_[p(5, 2)_cs(1.0)_ws(1.0)]",player_a32cea33_actions,player_a32cea33,['player_a32cea33'],,,
1149,tomato_cut,assemble salad,Counter_33,Counter,33,assemble salad,player_4de729b0,baseline_division_of_labor,d3c86fd5382c2eef,1009.5264587774196,38.41125984002599,4.0,0.0,3.0,1.0,1.0,"(5, 2)","[p(2, 2)_cs(1.0)_ws(1.0)]_[p(5, 2)_cs(1.0)_ws(1.0)]",player_4de729b0_actions,player_a32cea33,['player_4de729b0'],"['player_a32cea33', 'player_4de729b0']",['player_a32cea33'],True
1166,plate,pick up,Dispenser_60,Dispenser,60,pick up plate from dispenser,player_a32cea33,baseline_division_of_labor,d3c86fd5382c2eef,943.26297202749,38.407062666765114,4.0,0.0,1.0,1.0,1.0,"(2, 2)","[p(2, 2)_cs(1.0)_ws(1.0)]_[p(5, 2)_cs(1.0)_ws(1.0)]",player_a32cea33_actions,,[],,,
1206,plate,put down,Counter_34,Counter,34,put down plate on counter,player_a32cea33,baseline_division_of_labor,d3c86fd5382c2eef,1004.1791589300284,60.91618690253836,4.0,0.0,1.0,1.0,1.0,"(2, 2)","[p(2, 2)_cs(1.0)_ws(1.0)]_[p(5, 2)_cs(1.0)_ws(1.0)]",player_a32cea33_actions,player_a32cea33,['player_a32cea33'],,,
1226,tomato_cut,pick up,CuttingBoard_20,CuttingBoard,20,pick up tomato_cut from cuttingboard,player_4de729b0,baseline_division_of_labor,d3c86fd5382c2eef,1041.526458777419,31.99999999999943,4.0,0.0,3.0,1.0,1.0,"(5, 2)","[p(2, 2)_cs(1.0)_ws(1.0)]_[p(5, 2)_cs(1.0)_ws(1.0)]",player_4de729b0_actions,player_4de729b0,"['player_4de729b0', 'player_4de729b0']",,,False
1236,tomato_salad,pick up,Counter_33,Counter,33,pick up tomato_salad from counter,player_a32cea33,baseline_division_of_labor,d3c86fd5382c2eef,1020.1791589300284,16.000000000000114,4.0,0.0,1.0,1.0,1.0,"(2, 2)","[p(2, 2)_cs(1.0)_ws(1.0)]_[p(5, 2)_cs(1.0)_ws(1.0)]",player_a32cea33_actions,player_4de729b0,['player_4de729b0'],"['player_a32cea33', 'player_4de729b0']",['player_a32cea33'],True
1249,tomato_cut,assemble salad,Counter_32,Counter,32,assemble salad,player_4de729b0,baseline_division_of_labor,d3c86fd5382c2eef,1057.5264587774186,15.999999999999543,4.0,0.0,3.0,1.0,1.0,"(5, 2)","[p(2, 2)_cs(1.0)_ws(1.0)]_[p(5, 2)_cs(1.0)_ws(1.0)]",player_4de729b0_actions,player_a32cea33,['player_4de729b0'],"['player_4de729b0', 'player_4de729b0', 'player_4de729b0']",['player_a32cea33'],True
1258,tomato_salad,deliver,Delivery_63,Delivery,63,deliver tomato_salad,player_a32cea33,baseline_division_of_labor,d3c86fd5382c2eef,1036.179158930028,15.99999999999966,5.0,1.0,2.0,1.0,1.0,"(2, 2)","[p(2, 2)_cs(1.0)_ws(1.0)]_[p(5, 2)_cs(1.0)_ws(1.0)]",player_a32cea33_actions,player_a32cea33,"['player_4de729b0', 'player_a32cea33']","['player_a32cea33', 'player_4de729b0']",['player_a32cea33'],
1288,tomato_salad,pick up,Counter_32,Counter,32,pick up tomato_salad from counter,player_a32cea33,baseline_division_of_labor,d3c86fd5382c2eef,1058.806575927997,22.62741699796902,5.0,0.0,2.0,1.0,1.0,"(2, 2)","[p(2, 2)_cs(1.0)_ws(1.0)]_[p(5, 2)_cs(1.0)_ws(1.0)]",player_a32cea33_actions,player_4de729b0,['player_4de729b0'],"['player_4de729b0', 'player_4de729b0', 'player_4de729b0']",['player_a32cea33'],True
1306,tomato,pick up,Dispenser_40,Dispenser,40,pick up tomato from dispenser,player_4de729b0,baseline_division_of_labor,d3c86fd5382c2eef,1073.5264587774184,15.999999999999773,5.0,0.0,3.0,1.0,1.0,"(5, 2)","[p(2, 2)_cs(1.0)_ws(1.0)]_[p(5, 2)_cs(1.0)_ws(1.0)]",player_4de729b0_actions,,[],,,
1313,tomato_salad,put down,Counter_32,Counter,32,put down tomato_salad on counter,player_a32cea33,baseline_division_of_labor,d3c86fd5382c2eef,1058.806575927997,0.0,5.0,0.0,2.0,1.0,1.0,"(2, 2)","[p(2, 2)_cs(1.0)_ws(1.0)]_[p(5, 2)_cs(1.0)_ws(1.0)]",player_a32cea33_actions,player_a32cea33,"['player_4de729b0', 'player_a32cea33']","['player_4de729b0', 'player_4de729b0', 'player_4de729b0']",['player_a32cea33'],
1332,tomato,start cutting,CuttingBoard_10,CuttingBoard,10,start cutting tomato,player_4de729b0,baseline_division_of_labor,d3c86fd5382c2eef,1121.526458777417,47.99999999999864,5.0,0.0,3.0,1.0,1.0,"(5, 2)","[p(2, 2)_cs(1.0)_ws(1.0)]_[p(5, 2)_cs(1.0)_ws(1.0)]",player_4de729b0_actions,player_4de729b0,['player_4de729b0'],,,
1375,plate,pick up,Dispenser_60,Dispenser,60,pick up plate from dispenser,player_a32cea33,baseline_division_of_labor,d3c86fd5382c2eef,1119.8452527659915,61.03867683799467,5.0,0.0,2.0,1.0,1.0,"(2, 2)","[p(2, 2)_cs(1.0)_ws(1.0)]_[p(5, 2)_cs(1.0)_ws(1.0)]",player_a32cea33_actions,,[],,,
1383,tomato_cut,pick up,CuttingBoard_10,CuttingBoard,10,pick up tomato_cut from cuttingboard,player_4de729b0,baseline_division_of_labor,d3c86fd5382c2eef,1121.526458777417,0.0,5.0,0.0,3.0,1.0,1.0,"(5, 2)","[p(2, 2)_cs(1.0)_ws(1.0)]_[p(5, 2)_cs(1.0)_ws(1.0)]",player_4de729b0_actions,player_4de729b0,['player_4de729b0'],,,False
1410,plate,put down,Counter_33,Counter,33,put down plate on counter,player_a32cea33,baseline_division_of_labor,d3c86fd5382c2eef,1165.1000867619296,45.254833995937815,5.0,0.0,2.0,1.0,1.0,"(2, 2)","[p(2, 2)_cs(1.0)_ws(1.0)]_[p(5, 2)_cs(1.0)_ws(1.0)]",player_a32cea33_actions,player_a32cea33,['player_a32cea33'],,,
1427,tomato_cut,assemble salad,Counter_34,Counter,34,assemble salad,player_4de729b0,baseline_division_of_labor,d3c86fd5382c2eef,1175.9562162516886,54.42975747427158,5.0,0.0,3.0,1.0,1.0,"(5, 2)","[p(2, 2)_cs(1.0)_ws(1.0)]_[p(5, 2)_cs(1.0)_ws(1.0)]",player_4de729b0_actions,player_a32cea33,['player_4de729b0'],"['player_4de729b0', 'player_4de729b0']",['player_a32cea33'],True
1430,tomato_salad,pick up,Counter_32,Counter,32,pick up tomato_salad from counter,player_a32cea33,baseline_division_of_labor,d3c86fd5382c2eef,1181.100086761929,15.999999999999543,5.0,0.0,2.0,1.0,1.0,"(2, 2)","[p(2, 2)_cs(1.0)_ws(1.0)]_[p(5, 2)_cs(1.0)_ws(1.0)]",player_a32cea33_actions,player_a32cea33,"['player_4de729b0', 'player_a32cea33']","['player_4de729b0', 'player_4de729b0', 'player_4de729b0']",['player_a32cea33'],False
1454,tomato_salad,deliver,Delivery_63,Delivery,63,deliver tomato_salad,player_a32cea33,baseline_division_of_labor,d3c86fd5382c2eef,1203.727503759898,22.62741699796902,6.0,1.0,3.0,1.0,1.0,"(2, 2)","[p(2, 2)_cs(1.0)_ws(1.0)]_[p(5, 2)_cs(1.0)_ws(1.0)]",player_a32cea33_actions,player_a32cea33,"['player_4de729b0', 'player_a32cea33', 'player_a32cea33']","['player_4de729b0', 'player_4de729b0', 'player_4de729b0']",['player_a32cea33'],
1484,tomato,pick up,Dispenser_40,Dispenser,40,pick up tomato from dispenser,player_4de729b0,baseline_division_of_labor,d3c86fd5382c2eef,1246.1465379132958,70.19032166160719,6.0,0.0,3.0,1.0,1.0,"(5, 2)","[p(2, 2)_cs(1.0)_ws(1.0)]_[p(5, 2)_cs(1.0)_ws(1.0)]",player_4de729b0_actions,,[],,,
1503,plate,pick up,Dispenser_60,Dispenser,60,pick up plate from dispenser,player_a32cea33,baseline_division_of_labor,d3c86fd5382c2eef,1242.1387635999238,38.41125984002565,6.0,0.0,3.0,1.0,1.0,"(2, 2)","[p(2, 2)_cs(1.0)_ws(1.0)]_[p(5, 2)_cs(1.0)_ws(1.0)]",player_a32cea33_actions,,[],,,
1519,tomato,start cutting,CuttingBoard_20,CuttingBoard,20,start cutting tomato,player_4de729b0,baseline_division_of_labor,d3c86fd5382c2eef,1278.146537913295,31.99999999999932,6.0,0.0,3.0,1.0,1.0,"(5, 2)","[p(2, 2)_cs(1.0)_ws(1.0)]_[p(5, 2)_cs(1.0)_ws(1.0)]",player_4de729b0_actions,player_4de729b0,['player_4de729b0'],,,
1522,plate,put down,Counter_32,Counter,32,put down plate on counter,player_a32cea33,baseline_division_of_labor,d3c86fd5382c2eef,1280.545826266688,38.407062666764205,6.0,0.0,3.0,1.0,1.0,"(2, 2)","[p(2, 2)_cs(1.0)_ws(1.0)]_[p(5, 2)_cs(1.0)_ws(1.0)]",player_a32cea33_actions,player_a32cea33,['player_a32cea33'],,,
1571,tomato_salad,pick up,Counter_34,Counter,34,pick up tomato_salad from counter,player_a32cea33,baseline_division_of_labor,d3c86fd5382c2eef,1312.545826266687,31.99999999999909,6.0,0.0,3.0,1.0,1.0,"(2, 2)","[p(2, 2)_cs(1.0)_ws(1.0)]_[p(5, 2)_cs(1.0)_ws(1.0)]",player_a32cea33_actions,player_4de729b0,['player_4de729b0'],"['player_4de729b0', 'player_4de729b0']",['player_a32cea33'],True
1572,tomato_cut,pick up,CuttingBoard_20,CuttingBoard,20,pick up tomato_cut from cuttingboard,player_4de729b0,baseline_division_of_labor,d3c86fd5382c2eef,1278.146537913295,0.0,6.0,0.0,3.0,1.0,1.0,"(5, 2)","[p(2, 2)_cs(1.0)_ws(1.0)]_[p(5, 2)_cs(1.0)_ws(1.0)]",player_4de729b0_actions,player_4de729b0,['player_4de729b0'],,,False
1599,tomato_salad,deliver,Delivery_63,Delivery,63,deliver tomato_salad,player_a32cea33,baseline_division_of_labor,d3c86fd5382c2eef,1335.173243264656,22.62741699796902,7.0,1.0,4.0,1.0,1.0,"(2, 2)","[p(2, 2)_cs(1.0)_ws(1.0)]_[p(5, 2)_cs(1.0)_ws(1.0)]",player_a32cea33_actions,player_a32cea33,"['player_4de729b0', 'player_a32cea33']","['player_4de729b0', 'player_4de729b0']",['player_a32cea33'],
1607,tomato_cut,assemble salad,Counter_33,Counter,33,assemble salad,player_4de729b0,baseline_division_of_labor,d3c86fd5382c2eef,1310.1465379132942,31.99999999999909,7.0,0.0,3.0,1.0,1.0,"(5, 2)","[p(2, 2)_cs(1.0)_ws(1.0)]_[p(5, 2)_cs(1.0)_ws(1.0)]",player_4de729b0_actions,player_a32cea33,['player_4de729b0'],"['player_4de729b0', 'player_4de729b0']",['player_a32cea33'],True
1647,tomato,pick up,Dispenser_40,Dispenser,40,pick up tomato from dispenser,player_4de729b0,baseline_division_of_labor,d3c86fd5382c2eef,1364.3149247419265,54.168386828632265,7.0,0.0,3.0,1.0,1.0,"(5, 2)","[p(2, 2)_cs(1.0)_ws(1.0)]_[p(5, 2)_cs(1.0)_ws(1.0)]",player_4de729b0_actions,,[],,,
1651,plate,pick up,Dispenser_60,Dispenser,60,pick up plate from dispenser,player_a32cea33,baseline_division_of_labor,d3c86fd5382c2eef,1373.5845031046815,38.41125984002565,7.0,0.0,4.0,1.0,1.0,"(2, 2)","[p(2, 2)_cs(1.0)_ws(1.0)]_[p(5, 2)_cs(1.0)_ws(1.0)]",player_a32cea33_actions,,[],,,
1682,tomato,start cutting,CuttingBoard_20,CuttingBoard,20,start cutting tomato,player_4de729b0,baseline_division_of_labor,d3c86fd5382c2eef,1396.3149247419256,31.99999999999909,7.0,0.0,3.0,1.0,1.0,"(5, 2)","[p(2, 2)_cs(1.0)_ws(1.0)]_[p(5, 2)_cs(1.0)_ws(1.0)]",player_4de729b0_actions,player_4de729b0,['player_4de729b0'],,,
1685,plate,put down,Counter_34,Counter,34,put down plate on counter,player_a32cea33,baseline_division_of_labor,d3c86fd5382c2eef,1434.5006900072185,60.916186902536765,7.0,0.0,4.0,1.0,1.0,"(2, 2)","[p(2, 2)_cs(1.0)_ws(1.0)]_[p(5, 2)_cs(1.0)_ws(1.0)]",player_a32cea33_actions,player_a32cea33,['player_a32cea33'],,,
1725,plate,pick up,Dispenser_60,Dispenser,60,pick up plate from dispenser,player_a32cea33,baseline_division_of_labor,d3c86fd5382c2eef,1495.4168769097553,60.916186902536765,7.0,0.0,4.0,1.0,1.0,"(2, 2)","[p(2, 2)_cs(1.0)_ws(1.0)]_[p(5, 2)_cs(1.0)_ws(1.0)]",player_a32cea33_actions,,[],,,
1734,tomato_cut,pick up,CuttingBoard_20,CuttingBoard,20,pick up tomato_cut from cuttingboard,player_4de729b0,baseline_division_of_labor,d3c86fd5382c2eef,1396.3149247419256,0.0,7.0,0.0,3.0,1.0,1.0,"(5, 2)","[p(2, 2)_cs(1.0)_ws(1.0)]_[p(5, 2)_cs(1.0)_ws(1.0)]",player_4de729b0_actions,player_4de729b0,['player_4de729b0'],,,False
1759,tomato_cut,assemble salad,Counter_32,Counter,32,assemble salad,player_4de729b0,baseline_division_of_labor,d3c86fd5382c2eef,1412.314924741925,15.999999999999543,7.0,0.0,3.0,1.0,1.0,"(5, 2)","[p(2, 2)_cs(1.0)_ws(1.0)]_[p(5, 2)_cs(1.0)_ws(1.0)]",player_4de729b0_actions,player_a32cea33,['player_4de729b0'],"['player_4de729b0', 'player_4de729b0']",['player_a32cea33'],True
1778,plate,put down,Counter_35,Counter,35,put down plate on counter,player_a32cea33,baseline_division_of_labor,d3c86fd5382c2eef,1572.350981340324,76.9341044305686,7.0,0.0,4.0,1.0,1.0,"(2, 2)","[p(2, 2)_cs(1.0)_ws(1.0)]_[p(5, 2)_cs(1.0)_ws(1.0)]",player_a32cea33_actions,player_a32cea33,['player_a32cea33'],,,
1780,tomato,pick up,Dispenser_40,Dispenser,40,pick up tomato from dispenser,player_4de729b0,baseline_division_of_labor,d3c86fd5382c2eef,1428.3149247419249,15.999999999999773,7.0,0.0,3.0,1.0,1.0,"(5, 2)","[p(2, 2)_cs(1.0)_ws(1.0)]_[p(5, 2)_cs(1.0)_ws(1.0)]",player_4de729b0_actions,,[],,,
1806,tomato,start cutting,CuttingBoard_20,CuttingBoard,20,start cutting tomato,player_4de729b0,baseline_division_of_labor,d3c86fd5382c2eef,1460.3149247419242,31.99999999999932,7.0,0.0,3.0,1.0,1.0,"(5, 2)","[p(2, 2)_cs(1.0)_ws(1.0)]_[p(5, 2)_cs(1.0)_ws(1.0)]",player_4de729b0_actions,player_4de729b0,['player_4de729b0'],,,
1819,tomato_salad,pick up,Counter_32,Counter,32,pick up tomato_salad from counter,player_a32cea33,baseline_division_of_labor,d3c86fd5382c2eef,1620.350981340322,47.99999999999818,7.0,0.0,4.0,1.0,1.0,"(2, 2)","[p(2, 2)_cs(1.0)_ws(1.0)]_[p(5, 2)_cs(1.0)_ws(1.0)]",player_a32cea33_actions,player_4de729b0,['player_4de729b0'],"['player_4de729b0', 'player_4de729b0']",['player_a32cea33'],True
1843,tomato_salad,deliver,Delivery_63,Delivery,63,deliver tomato_salad,player_a32cea33,baseline_division_of_labor,d3c86fd5382c2eef,1642.978398338291,22.62741699796902,8.0,1.0,5.0,1.0,1.0,"(2, 2)","[p(2, 2)_cs(1.0)_ws(1.0)]_[p(5, 2)_cs(1.0)_ws(1.0)]",player_a32cea33_actions,player_a32cea33,"['player_4de729b0', 'player_a32cea33']","['player_4de729b0', 'player_4de729b0']",['player_a32cea33'],
1861,tomato_cut,pick up,CuttingBoard_20,CuttingBoard,20,pick up tomato_cut from cuttingboard,player_4de729b0,baseline_division_of_labor,d3c86fd5382c2eef,1460.3149247419242,0.0,8.0,0.0,3.0,1.0,1.0,"(5, 2)","[p(2, 2)_cs(1.0)_ws(1.0)]_[p(5, 2)_cs(1.0)_ws(1.0)]",player_4de729b0_actions,player_4de729b0,['player_4de729b0'],,,False
1869,tomato_salad,pick up,Counter_33,Counter,33,pick up tomato_salad from counter,player_a32cea33,baseline_division_of_labor,d3c86fd5382c2eef,1658.9783983382906,15.999999999999543,8.0,0.0,5.0,1.0,1.0,"(2, 2)","[p(2, 2)_cs(1.0)_ws(1.0)]_[p(5, 2)_cs(1.0)_ws(1.0)]",player_a32cea33_actions,player_4de729b0,['player_4de729b0'],"['player_4de729b0', 'player_4de729b0']",['player_a32cea33'],True
1891,tomato_salad,deliver,Delivery_63,Delivery,63,deliver tomato_salad,player_a32cea33,baseline_division_of_labor,d3c86fd5382c2eef,1674.9783983382902,15.999999999999543,9.0,1.0,6.0,1.0,1.0,"(2, 2)","[p(2, 2)_cs(1.0)_ws(1.0)]_[p(5, 2)_cs(1.0)_ws(1.0)]",player_a32cea33_actions,player_a32cea33,"['player_4de729b0', 'player_a32cea33']","['player_4de729b0', 'player_4de729b0']",['player_a32cea33'],
1897,tomato_cut,assemble salad,Counter_34,Counter,34,assemble salad,player_4de729b0,baseline_division_of_labor,d3c86fd5382c2eef,1508.3149247419224,47.99999999999818,9.0,0.0,3.0,1.0,1.0,"(5, 2)","[p(2, 2)_cs(1.0)_ws(1.0)]_[p(5, 2)_cs(1.0)_ws(1.0)]",player_4de729b0_actions,player_a32cea33,['player_4de729b0'],"['player_4de729b0', 'player_4de729b0']",['player_a32cea33'],True
1932,plate,pick up,Dispenser_60,Dispenser,60,pick up plate from dispenser,player_a32cea33,baseline_division_of_labor,d3c86fd5382c2eef,1713.3896581783158,38.41125984002565,9.0,0.0,6.0,1.0,1.0,"(2, 2)","[p(2, 2)_cs(1.0)_ws(1.0)]_[p(5, 2)_cs(1.0)_ws(1.0)]",player_a32cea33_actions,,[],,,
1945,tomato,pick up,Dispenser_40,Dispenser,40,pick up tomato from dispenser,player_4de729b0,baseline_division_of_labor,d3c86fd5382c2eef,1578.5052464035296,70.19032166160719,9.0,0.0,3.0,1.0,1.0,"(5, 2)","[p(2, 2)_cs(1.0)_ws(1.0)]_[p(5, 2)_cs(1.0)_ws(1.0)]",player_4de729b0_actions,,[],,,
1970,plate,put down,Counter_33,Counter,33,put down plate on counter,player_a32cea33,baseline_division_of_labor,d3c86fd5382c2eef,1758.6444921742536,45.254833995937815,9.0,0.0,6.0,1.0,1.0,"(2, 2)","[p(2, 2)_cs(1.0)_ws(1.0)]_[p(5, 2)_cs(1.0)_ws(1.0)]",player_a32cea33_actions,player_a32cea33,['player_a32cea33'],,,
1971,tomato,start cutting,CuttingBoard_20,CuttingBoard,20,start cutting tomato,player_4de729b0,baseline_division_of_labor,d3c86fd5382c2eef,1610.5052464035289,31.99999999999932,9.0,0.0,3.0,1.0,1.0,"(5, 2)","[p(2, 2)_cs(1.0)_ws(1.0)]_[p(5, 2)_cs(1.0)_ws(1.0)]",player_4de729b0_actions,player_4de729b0,['player_4de729b0'],,,
1998,tomato_salad,pick up,Counter_34,Counter,34,pick up tomato_salad from counter,player_a32cea33,baseline_division_of_labor,d3c86fd5382c2eef,1774.6444921742534,15.999999999999773,9.0,0.0,6.0,1.0,1.0,"(2, 2)","[p(2, 2)_cs(1.0)_ws(1.0)]_[p(5, 2)_cs(1.0)_ws(1.0)]",player_a32cea33_actions,player_4de729b0,['player_4de729b0'],"['player_4de729b0', 'player_4de729b0']",['player_a32cea33'],True
2022,tomato_salad,deliver,Delivery_64,Delivery,64,deliver tomato_salad,player_a32cea33,baseline_division_of_labor,d3c86fd5382c2eef,1790.644492174253,15.999999999999543,10.0,1.0,7.0,1.0,1.0,"(2, 2)","[p(2, 2)_cs(1.0)_ws(1.0)]_[p(5, 2)_cs(1.0)_ws(1.0)]",player_a32cea33_actions,player_a32cea33,"['player_4de729b0', 'player_a32cea33']","['player_4de729b0', 'player_4de729b0']",['player_a32cea33'],
2029,tomato_cut,pick up,CuttingBoard_20,CuttingBoard,20,pick up tomato_cut from cuttingboard,player_4de729b0,baseline_division_of_labor,d3c86fd5382c2eef,1610.5052464035289,0.0,10.0,0.0,3.0,1.0,1.0,"(5, 2)","[p(2, 2)_cs(1.0)_ws(1.0)]_[p(5, 2)_cs(1.0)_ws(1.0)]",player_4de729b0_actions,player_4de729b0,['player_4de729b0'],,,False
2060,tomato_cut,assemble salad,Counter_33,Counter,33,assemble salad,player_4de729b0,baseline_division_of_labor,d3c86fd5382c2eef,1642.505246403528,31.99999999999909,10.0,0.0,3.0,1.0,1.0,"(5, 2)","[p(2, 2)_cs(1.0)_ws(1.0)]_[p(5, 2)_cs(1.0)_ws(1.0)]",player_4de729b0_actions,player_a32cea33,['player_4de729b0'],"['player_4de729b0', 'player_4de729b0']",['player_a32cea33'],True
2061,plate,pick up,Dispenser_60,Dispenser,60,pick up plate from dispenser,player_a32cea33,baseline_division_of_labor,d3c86fd5382c2eef,1845.0638638175003,54.41937164324759,10.0,0.0,7.0,1.0,1.0,"(2, 2)","[p(2, 2)_cs(1.0)_ws(1.0)]_[p(5, 2)_cs(1.0)_ws(1.0)]",player_a32cea33_actions,,[],,,
2090,plate,put down,Counter_32,Counter,32,put down plate on counter,player_a32cea33,baseline_division_of_labor,d3c86fd5382c2eef,1883.4709264842645,38.40706266676398,10.0,0.0,7.0,1.0,1.0,"(2, 2)","[p(2, 2)_cs(1.0)_ws(1.0)]_[p(5, 2)_cs(1.0)_ws(1.0)]",player_a32cea33_actions,player_a32cea33,['player_a32cea33'],,,
2094,tomato,pick up,Dispenser_40,Dispenser,40,pick up tomato from dispenser,player_4de729b0,baseline_division_of_labor,d3c86fd5382c2eef,1696.6736332321602,54.168386828632265,10.0,0.0,3.0,1.0,1.0,"(5, 2)","[p(2, 2)_cs(1.0)_ws(1.0)]_[p(5, 2)_cs(1.0)_ws(1.0)]",player_4de729b0_actions,,[],,,
2121,tomato,start cutting,CuttingBoard_20,CuttingBoard,20,start cutting tomato,player_4de729b0,baseline_division_of_labor,d3c86fd5382c2eef,1728.673633232159,31.99999999999909,10.0,0.0,3.0,1.0,1.0,"(5, 2)","[p(2, 2)_cs(1.0)_ws(1.0)]_[p(5, 2)_cs(1.0)_ws(1.0)]",player_4de729b0_actions,player_4de729b0,['player_4de729b0'],,,
2122,plate,pick up,Dispenser_60,Dispenser,60,pick up plate from dispenser,player_a32cea33,baseline_division_of_labor,d3c86fd5382c2eef,1921.8779891510285,38.40706266676375,10.0,0.0,7.0,1.0,1.0,"(2, 2)","[p(2, 2)_cs(1.0)_ws(1.0)]_[p(5, 2)_cs(1.0)_ws(1.0)]",player_a32cea33_actions,,[],,,
