{"agents": {"player_a32cea33": {"initial_state": {"agent_id": "player_a32cea33", "x": 40, "y": 40, "item": null, "url_params": {"gameType": ["tomatoSaladOnly"], "PROLIFIC_PID": ["67ee6f72aa206db46d5e9d11"], "map": ["baseline_division_of_labor"], "cutting_speed_p1": ["1"], "walking_speed_p1": ["1"], "cutting_speed_p2": ["1"], "walking_speed_p2": ["1"], "slot_x_p1": ["2"], "slot_y_p1": ["2"], "slot_x_p2": ["5"], "slot_y_p2": ["2"], "EIO": ["4"], "transport": ["polling"], "t": ["PZuLcyI"]}, "cut_speed": 1.0, "walk_speed": 30.0, "player_nr": 1}, "player_score": 7.0, "total_actions": 49, "first_action_tick": 105, "last_action_tick": 2122}, "player_4de729b0": {"initial_state": {"agent_id": "player_4de729b0", "x": 88, "y": 40, "item": null, "url_params": {"gameType": ["tomatoSaladOnly"], "PROLIFIC_PID": ["66f3834246fbf1be6109d9b3"], "map": ["baseline_division_of_labor"], "cutting_speed_p1": ["1"], "walking_speed_p1": ["1"], "cutting_speed_p2": ["1"], "walking_speed_p2": ["1"], "slot_x_p1": ["2"], "slot_y_p1": ["2"], "slot_x_p2": ["5"], "slot_y_p2": ["2"], "EIO": ["4"], "transport": ["polling"], "t": ["PZuLsNF"]}, "cut_speed": 1.0, "walk_speed": 30.0, "player_nr": 2}, "player_score": 3.0, "total_actions": 52, "first_action_tick": 75, "last_action_tick": 2121}}, "map_name": "baseline_division_of_labor", "final_score": 10.0}