tick,item,action,target,target_type,target_position,action_long,player_id,map_name,game_id,distance_walked,distance_walked_since_last_action,overall_score,player_score_change,player_score,walking_speed,cutting_speed,start_pos,condition
75,plate,pick up,Dispenser_60,Dispenser,60,pick up plate from dispenser,player_4de729b0,baseline_division_of_labor,d3c86fd5382c2eef,22.62741699796952,0.0,0.0,0.0,0.0,1.0,1.0,"(5, 2)","[p(2, 2)_cs(1.0)_ws(1.0)]_[p(5, 2)_cs(1.0)_ws(1.0)]"
108,plate,put down,Counter_33,Counter,33,put down plate on counter,player_4de729b0,baseline_division_of_labor,d3c86fd5382c2eef,67.88225099390854,45.25483399593902,0.0,0.0,0.0,1.0,1.0,"(5, 2)","[p(2, 2)_cs(1.0)_ws(1.0)]_[p(5, 2)_cs(1.0)_ws(1.0)]"
131,tomato,pick up,Dispenser_40,Dispenser,40,pick up tomato from dispenser,player_4de729b0,baseline_division_of_labor,d3c86fd5382c2eef,99.88225099390854,32.0,0.0,0.0,0.0,1.0,1.0,"(5, 2)","[p(2, 2)_cs(1.0)_ws(1.0)]_[p(5, 2)_cs(1.0)_ws(1.0)]"
215,tomato,start cutting,CuttingBoard_10,CuttingBoard,10,start cutting tomato,player_4de729b0,baseline_division_of_labor,d3c86fd5382c2eef,147.88225099390854,48.0,0.0,0.0,0.0,1.0,1.0,"(5, 2)","[p(2, 2)_cs(1.0)_ws(1.0)]_[p(5, 2)_cs(1.0)_ws(1.0)]"
267,tomato_cut,pick up,CuttingBoard_10,CuttingBoard,10,pick up tomato_cut from cuttingboard,player_4de729b0,baseline_division_of_labor,d3c86fd5382c2eef,147.88225099390854,0.0,0.0,0.0,0.0,1.0,1.0,"(5, 2)","[p(2, 2)_cs(1.0)_ws(1.0)]_[p(5, 2)_cs(1.0)_ws(1.0)]"
302,tomato_cut,assemble salad,Counter_33,Counter,33,assemble salad,player_4de729b0,baseline_division_of_labor,d3c86fd5382c2eef,186.29351083393456,38.41125984002602,0.0,0.0,0.0,1.0,1.0,"(5, 2)","[p(2, 2)_cs(1.0)_ws(1.0)]_[p(5, 2)_cs(1.0)_ws(1.0)]"
333,tomato_salad,pick up,Counter_33,Counter,33,pick up tomato_salad from counter,player_4de729b0,baseline_division_of_labor,d3c86fd5382c2eef,186.29351083393456,0.0,0.0,0.0,0.0,1.0,1.0,"(5, 2)","[p(2, 2)_cs(1.0)_ws(1.0)]_[p(5, 2)_cs(1.0)_ws(1.0)]"
393,tomato_salad,deliver,Delivery_63,Delivery,63,deliver tomato_salad,player_4de729b0,baseline_division_of_labor,d3c86fd5382c2eef,269.0669686247024,82.77345779076782,1.0,1.0,1.0,1.0,1.0,"(5, 2)","[p(2, 2)_cs(1.0)_ws(1.0)]_[p(5, 2)_cs(1.0)_ws(1.0)]"
511,plate,pick up,Dispenser_60,Dispenser,60,pick up plate from dispenser,player_4de729b0,baseline_division_of_labor,d3c86fd5382c2eef,455.1118948851926,186.04492626049023,1.0,0.0,1.0,1.0,1.0,"(5, 2)","[p(2, 2)_cs(1.0)_ws(1.0)]_[p(5, 2)_cs(1.0)_ws(1.0)]"
556,plate,assemble salad,Counter_33,Counter,33,assemble salad,player_4de729b0,baseline_division_of_labor,d3c86fd5382c2eef,500.36672888113156,45.25483399593895,1.0,0.0,1.0,1.0,1.0,"(5, 2)","[p(2, 2)_cs(1.0)_ws(1.0)]_[p(5, 2)_cs(1.0)_ws(1.0)]"
575,tomato_salad,pick up,Counter_33,Counter,33,pick up tomato_salad from counter,player_4de729b0,baseline_division_of_labor,d3c86fd5382c2eef,500.36672888113156,0.0,1.0,0.0,1.0,1.0,1.0,"(5, 2)","[p(2, 2)_cs(1.0)_ws(1.0)]_[p(5, 2)_cs(1.0)_ws(1.0)]"
593,tomato_salad,deliver,Delivery_63,Delivery,63,deliver tomato_salad,player_4de729b0,baseline_division_of_labor,d3c86fd5382c2eef,516.3667288811315,15.999999999999943,2.0,1.0,2.0,1.0,1.0,"(5, 2)","[p(2, 2)_cs(1.0)_ws(1.0)]_[p(5, 2)_cs(1.0)_ws(1.0)]"
633,plate,pick up,Dispenser_60,Dispenser,60,pick up plate from dispenser,player_4de729b0,baseline_division_of_labor,d3c86fd5382c2eef,554.7779887211577,38.41125984002622,2.0,0.0,2.0,1.0,1.0,"(5, 2)","[p(2, 2)_cs(1.0)_ws(1.0)]_[p(5, 2)_cs(1.0)_ws(1.0)]"
672,plate,put down,Dispenser_40,Dispenser,40,put down plate on dispenser,player_4de729b0,baseline_division_of_labor,d3c86fd5382c2eef,586.7779887211577,32.0,2.0,0.0,2.0,1.0,1.0,"(5, 2)","[p(2, 2)_cs(1.0)_ws(1.0)]_[p(5, 2)_cs(1.0)_ws(1.0)]"
672,tomato,pick up,Dispenser_40,Dispenser,40,pick up tomato from dispenser,player_4de729b0,baseline_division_of_labor,d3c86fd5382c2eef,586.7779887211577,0.0,2.0,0.0,2.0,1.0,1.0,"(5, 2)","[p(2, 2)_cs(1.0)_ws(1.0)]_[p(5, 2)_cs(1.0)_ws(1.0)]"
708,tomato,put down,Counter_33,Counter,33,put down tomato on counter,player_4de729b0,baseline_division_of_labor,d3c86fd5382c2eef,618.7779887211581,32.00000000000034,2.0,0.0,2.0,1.0,1.0,"(5, 2)","[p(2, 2)_cs(1.0)_ws(1.0)]_[p(5, 2)_cs(1.0)_ws(1.0)]"
734,tomato,pick up,Dispenser_40,Dispenser,40,pick up tomato from dispenser,player_4de729b0,baseline_division_of_labor,d3c86fd5382c2eef,650.7779887211584,32.00000000000034,2.0,0.0,2.0,1.0,1.0,"(5, 2)","[p(2, 2)_cs(1.0)_ws(1.0)]_[p(5, 2)_cs(1.0)_ws(1.0)]"
776,tomato,start cutting,CuttingBoard_20,CuttingBoard,20,start cutting tomato,player_4de729b0,baseline_division_of_labor,d3c86fd5382c2eef,682.7779887211586,32.00000000000023,3.0,0.0,2.0,1.0,1.0,"(5, 2)","[p(2, 2)_cs(1.0)_ws(1.0)]_[p(5, 2)_cs(1.0)_ws(1.0)]"
848,plate,pick up,Dispenser_60,Dispenser,60,pick up plate from dispenser,player_4de729b0,baseline_division_of_labor,d3c86fd5382c2eef,746.7779887211589,64.00000000000023,3.0,0.0,2.0,1.0,1.0,"(5, 2)","[p(2, 2)_cs(1.0)_ws(1.0)]_[p(5, 2)_cs(1.0)_ws(1.0)]"
885,plate,put down,Counter_32,Counter,32,put down plate on counter,player_4de729b0,baseline_division_of_labor,d3c86fd5382c2eef,785.1850513879236,38.40706266676477,3.0,0.0,2.0,1.0,1.0,"(5, 2)","[p(2, 2)_cs(1.0)_ws(1.0)]_[p(5, 2)_cs(1.0)_ws(1.0)]"
915,tomato_cut,pick up,CuttingBoard_20,CuttingBoard,20,pick up tomato_cut from cuttingboard,player_4de729b0,baseline_division_of_labor,d3c86fd5382c2eef,823.6919781128205,38.50692672489686,3.0,0.0,2.0,1.0,1.0,"(5, 2)","[p(2, 2)_cs(1.0)_ws(1.0)]_[p(5, 2)_cs(1.0)_ws(1.0)]"
936,tomato_cut,assemble salad,Counter_32,Counter,32,assemble salad,player_4de729b0,baseline_division_of_labor,d3c86fd5382c2eef,839.6919781128206,16.000000000000114,3.0,0.0,2.0,1.0,1.0,"(5, 2)","[p(2, 2)_cs(1.0)_ws(1.0)]_[p(5, 2)_cs(1.0)_ws(1.0)]"
961,tomato_salad,pick up,Counter_32,Counter,32,pick up tomato_salad from counter,player_4de729b0,baseline_division_of_labor,d3c86fd5382c2eef,839.6919781128206,0.0,3.0,0.0,2.0,1.0,1.0,"(5, 2)","[p(2, 2)_cs(1.0)_ws(1.0)]_[p(5, 2)_cs(1.0)_ws(1.0)]"
999,tomato_salad,deliver,Delivery_63,Delivery,63,deliver tomato_salad,player_4de729b0,baseline_division_of_labor,d3c86fd5382c2eef,884.9468121087602,45.254833995939634,4.0,1.0,3.0,1.0,1.0,"(5, 2)","[p(2, 2)_cs(1.0)_ws(1.0)]_[p(5, 2)_cs(1.0)_ws(1.0)]"
1024,tomato,pick up,Counter_33,Counter,33,pick up tomato from counter,player_4de729b0,baseline_division_of_labor,d3c86fd5382c2eef,900.9468121087602,16.0,4.0,0.0,3.0,1.0,1.0,"(5, 2)","[p(2, 2)_cs(1.0)_ws(1.0)]_[p(5, 2)_cs(1.0)_ws(1.0)]"
1067,tomato,start cutting,CuttingBoard_20,CuttingBoard,20,start cutting tomato,player_4de729b0,baseline_division_of_labor,d3c86fd5382c2eef,955.1151989373934,54.168386828633174,4.0,0.0,3.0,1.0,1.0,"(5, 2)","[p(2, 2)_cs(1.0)_ws(1.0)]_[p(5, 2)_cs(1.0)_ws(1.0)]"
1115,tomato_cut,pick up,CuttingBoard_10,CuttingBoard,10,pick up tomato_cut from cuttingboard,player_4de729b0,baseline_division_of_labor,d3c86fd5382c2eef,971.1151989373936,16.000000000000227,4.0,0.0,3.0,1.0,1.0,"(5, 2)","[p(2, 2)_cs(1.0)_ws(1.0)]_[p(5, 2)_cs(1.0)_ws(1.0)]"
1149,tomato_cut,assemble salad,Counter_33,Counter,33,assemble salad,player_4de729b0,baseline_division_of_labor,d3c86fd5382c2eef,1009.5264587774196,38.41125984002599,4.0,0.0,3.0,1.0,1.0,"(5, 2)","[p(2, 2)_cs(1.0)_ws(1.0)]_[p(5, 2)_cs(1.0)_ws(1.0)]"
1226,tomato_cut,pick up,CuttingBoard_20,CuttingBoard,20,pick up tomato_cut from cuttingboard,player_4de729b0,baseline_division_of_labor,d3c86fd5382c2eef,1041.526458777419,31.99999999999943,4.0,0.0,3.0,1.0,1.0,"(5, 2)","[p(2, 2)_cs(1.0)_ws(1.0)]_[p(5, 2)_cs(1.0)_ws(1.0)]"
1249,tomato_cut,assemble salad,Counter_32,Counter,32,assemble salad,player_4de729b0,baseline_division_of_labor,d3c86fd5382c2eef,1057.5264587774186,15.999999999999545,4.0,0.0,3.0,1.0,1.0,"(5, 2)","[p(2, 2)_cs(1.0)_ws(1.0)]_[p(5, 2)_cs(1.0)_ws(1.0)]"
1306,tomato,pick up,Dispenser_40,Dispenser,40,pick up tomato from dispenser,player_4de729b0,baseline_division_of_labor,d3c86fd5382c2eef,1073.5264587774184,15.999999999999773,5.0,0.0,3.0,1.0,1.0,"(5, 2)","[p(2, 2)_cs(1.0)_ws(1.0)]_[p(5, 2)_cs(1.0)_ws(1.0)]"
1332,tomato,start cutting,CuttingBoard_10,CuttingBoard,10,start cutting tomato,player_4de729b0,baseline_division_of_labor,d3c86fd5382c2eef,1121.526458777417,47.999999999998636,5.0,0.0,3.0,1.0,1.0,"(5, 2)","[p(2, 2)_cs(1.0)_ws(1.0)]_[p(5, 2)_cs(1.0)_ws(1.0)]"
1383,tomato_cut,pick up,CuttingBoard_10,CuttingBoard,10,pick up tomato_cut from cuttingboard,player_4de729b0,baseline_division_of_labor,d3c86fd5382c2eef,1121.526458777417,0.0,5.0,0.0,3.0,1.0,1.0,"(5, 2)","[p(2, 2)_cs(1.0)_ws(1.0)]_[p(5, 2)_cs(1.0)_ws(1.0)]"
1427,tomato_cut,assemble salad,Counter_34,Counter,34,assemble salad,player_4de729b0,baseline_division_of_labor,d3c86fd5382c2eef,1175.9562162516886,54.42975747427158,5.0,0.0,3.0,1.0,1.0,"(5, 2)","[p(2, 2)_cs(1.0)_ws(1.0)]_[p(5, 2)_cs(1.0)_ws(1.0)]"
1484,tomato,pick up,Dispenser_40,Dispenser,40,pick up tomato from dispenser,player_4de729b0,baseline_division_of_labor,d3c86fd5382c2eef,1246.1465379132958,70.19032166160719,6.0,0.0,3.0,1.0,1.0,"(5, 2)","[p(2, 2)_cs(1.0)_ws(1.0)]_[p(5, 2)_cs(1.0)_ws(1.0)]"
1519,tomato,start cutting,CuttingBoard_20,CuttingBoard,20,start cutting tomato,player_4de729b0,baseline_division_of_labor,d3c86fd5382c2eef,1278.146537913295,31.999999999999318,6.0,0.0,3.0,1.0,1.0,"(5, 2)","[p(2, 2)_cs(1.0)_ws(1.0)]_[p(5, 2)_cs(1.0)_ws(1.0)]"
1572,tomato_cut,pick up,CuttingBoard_20,CuttingBoard,20,pick up tomato_cut from cuttingboard,player_4de729b0,baseline_division_of_labor,d3c86fd5382c2eef,1278.146537913295,0.0,6.0,0.0,3.0,1.0,1.0,"(5, 2)","[p(2, 2)_cs(1.0)_ws(1.0)]_[p(5, 2)_cs(1.0)_ws(1.0)]"
1607,tomato_cut,assemble salad,Counter_33,Counter,33,assemble salad,player_4de729b0,baseline_division_of_labor,d3c86fd5382c2eef,1310.1465379132942,31.99999999999909,7.0,0.0,3.0,1.0,1.0,"(5, 2)","[p(2, 2)_cs(1.0)_ws(1.0)]_[p(5, 2)_cs(1.0)_ws(1.0)]"
1647,tomato,pick up,Dispenser_40,Dispenser,40,pick up tomato from dispenser,player_4de729b0,baseline_division_of_labor,d3c86fd5382c2eef,1364.3149247419265,54.168386828632265,7.0,0.0,3.0,1.0,1.0,"(5, 2)","[p(2, 2)_cs(1.0)_ws(1.0)]_[p(5, 2)_cs(1.0)_ws(1.0)]"
1682,tomato,start cutting,CuttingBoard_20,CuttingBoard,20,start cutting tomato,player_4de729b0,baseline_division_of_labor,d3c86fd5382c2eef,1396.3149247419256,31.99999999999909,7.0,0.0,3.0,1.0,1.0,"(5, 2)","[p(2, 2)_cs(1.0)_ws(1.0)]_[p(5, 2)_cs(1.0)_ws(1.0)]"
1734,tomato_cut,pick up,CuttingBoard_20,CuttingBoard,20,pick up tomato_cut from cuttingboard,player_4de729b0,baseline_division_of_labor,d3c86fd5382c2eef,1396.3149247419256,0.0,7.0,0.0,3.0,1.0,1.0,"(5, 2)","[p(2, 2)_cs(1.0)_ws(1.0)]_[p(5, 2)_cs(1.0)_ws(1.0)]"
1759,tomato_cut,assemble salad,Counter_32,Counter,32,assemble salad,player_4de729b0,baseline_division_of_labor,d3c86fd5382c2eef,1412.314924741925,15.999999999999545,7.0,0.0,3.0,1.0,1.0,"(5, 2)","[p(2, 2)_cs(1.0)_ws(1.0)]_[p(5, 2)_cs(1.0)_ws(1.0)]"
1780,tomato,pick up,Dispenser_40,Dispenser,40,pick up tomato from dispenser,player_4de729b0,baseline_division_of_labor,d3c86fd5382c2eef,1428.3149247419249,15.999999999999773,7.0,0.0,3.0,1.0,1.0,"(5, 2)","[p(2, 2)_cs(1.0)_ws(1.0)]_[p(5, 2)_cs(1.0)_ws(1.0)]"
1806,tomato,start cutting,CuttingBoard_20,CuttingBoard,20,start cutting tomato,player_4de729b0,baseline_division_of_labor,d3c86fd5382c2eef,1460.3149247419242,31.999999999999318,7.0,0.0,3.0,1.0,1.0,"(5, 2)","[p(2, 2)_cs(1.0)_ws(1.0)]_[p(5, 2)_cs(1.0)_ws(1.0)]"
1861,tomato_cut,pick up,CuttingBoard_20,CuttingBoard,20,pick up tomato_cut from cuttingboard,player_4de729b0,baseline_division_of_labor,d3c86fd5382c2eef,1460.3149247419242,0.0,8.0,0.0,3.0,1.0,1.0,"(5, 2)","[p(2, 2)_cs(1.0)_ws(1.0)]_[p(5, 2)_cs(1.0)_ws(1.0)]"
1897,tomato_cut,assemble salad,Counter_34,Counter,34,assemble salad,player_4de729b0,baseline_division_of_labor,d3c86fd5382c2eef,1508.3149247419224,47.99999999999818,9.0,0.0,3.0,1.0,1.0,"(5, 2)","[p(2, 2)_cs(1.0)_ws(1.0)]_[p(5, 2)_cs(1.0)_ws(1.0)]"
1945,tomato,pick up,Dispenser_40,Dispenser,40,pick up tomato from dispenser,player_4de729b0,baseline_division_of_labor,d3c86fd5382c2eef,1578.5052464035296,70.19032166160719,9.0,0.0,3.0,1.0,1.0,"(5, 2)","[p(2, 2)_cs(1.0)_ws(1.0)]_[p(5, 2)_cs(1.0)_ws(1.0)]"
1971,tomato,start cutting,CuttingBoard_20,CuttingBoard,20,start cutting tomato,player_4de729b0,baseline_division_of_labor,d3c86fd5382c2eef,1610.5052464035289,31.999999999999318,9.0,0.0,3.0,1.0,1.0,"(5, 2)","[p(2, 2)_cs(1.0)_ws(1.0)]_[p(5, 2)_cs(1.0)_ws(1.0)]"
2029,tomato_cut,pick up,CuttingBoard_20,CuttingBoard,20,pick up tomato_cut from cuttingboard,player_4de729b0,baseline_division_of_labor,d3c86fd5382c2eef,1610.5052464035289,0.0,10.0,0.0,3.0,1.0,1.0,"(5, 2)","[p(2, 2)_cs(1.0)_ws(1.0)]_[p(5, 2)_cs(1.0)_ws(1.0)]"
2060,tomato_cut,assemble salad,Counter_33,Counter,33,assemble salad,player_4de729b0,baseline_division_of_labor,d3c86fd5382c2eef,1642.505246403528,31.99999999999909,10.0,0.0,3.0,1.0,1.0,"(5, 2)","[p(2, 2)_cs(1.0)_ws(1.0)]_[p(5, 2)_cs(1.0)_ws(1.0)]"
2094,tomato,pick up,Dispenser_40,Dispenser,40,pick up tomato from dispenser,player_4de729b0,baseline_division_of_labor,d3c86fd5382c2eef,1696.6736332321602,54.168386828632265,10.0,0.0,3.0,1.0,1.0,"(5, 2)","[p(2, 2)_cs(1.0)_ws(1.0)]_[p(5, 2)_cs(1.0)_ws(1.0)]"
2121,tomato,start cutting,CuttingBoard_20,CuttingBoard,20,start cutting tomato,player_4de729b0,baseline_division_of_labor,d3c86fd5382c2eef,1728.6736332321593,31.99999999999909,10.0,0.0,3.0,1.0,1.0,"(5, 2)","[p(2, 2)_cs(1.0)_ws(1.0)]_[p(5, 2)_cs(1.0)_ws(1.0)]"
