tick,item,action,target,target_type,target_position,action_long,player_id,map_name,game_id,distance_walked,distance_walked_since_last_action,overall_score,player_score_change,player_score,walking_speed,cutting_speed,start_pos,condition
105,tomato,pick up,Dispenser_40,Dispenser,40,pick up tomato from dispenser,player_a32cea33,baseline_division_of_labor,d3c86fd5382c2eef,38.50692672489653,0.0,0.0,0.0,0.0,1.0,1.0,"(2, 2)","[p(2, 2)_cs(1.0)_ws(1.0)]_[p(5, 2)_cs(1.0)_ws(1.0)]"
154,tomato,start cutting,CuttingBoard_20,CuttingBoard,20,start cutting tomato,player_a32cea33,baseline_division_of_labor,d3c86fd5382c2eef,70.50692672489652,31.999999999999986,0.0,0.0,0.0,1.0,1.0,"(2, 2)","[p(2, 2)_cs(1.0)_ws(1.0)]_[p(5, 2)_cs(1.0)_ws(1.0)]"
311,tomato_cut,pick up,CuttingBoard_20,CuttingBoard,20,pick up tomato_cut from cuttingboard,player_a32cea33,baseline_division_of_labor,d3c86fd5382c2eef,166.50692672489652,96.0,0.0,0.0,0.0,1.0,1.0,"(2, 2)","[p(2, 2)_cs(1.0)_ws(1.0)]_[p(5, 2)_cs(1.0)_ws(1.0)]"
345,tomato_cut,put down,Counter_33,Counter,33,put down tomato_cut on counter,player_a32cea33,baseline_division_of_labor,d3c86fd5382c2eef,198.50692672489652,32.0,0.0,0.0,0.0,1.0,1.0,"(2, 2)","[p(2, 2)_cs(1.0)_ws(1.0)]_[p(5, 2)_cs(1.0)_ws(1.0)]"
367,tomato_cut,pick up,Counter_33,Counter,33,pick up tomato_cut from counter,player_a32cea33,baseline_division_of_labor,d3c86fd5382c2eef,198.50692672489652,0.0,0.0,0.0,0.0,1.0,1.0,"(2, 2)","[p(2, 2)_cs(1.0)_ws(1.0)]_[p(5, 2)_cs(1.0)_ws(1.0)]"
418,tomato_cut,put down,Counter_33,Counter,33,put down tomato_cut on counter,player_a32cea33,baseline_division_of_labor,d3c86fd5382c2eef,198.50692672489652,0.0,1.0,0.0,0.0,1.0,1.0,"(2, 2)","[p(2, 2)_cs(1.0)_ws(1.0)]_[p(5, 2)_cs(1.0)_ws(1.0)]"
480,tomato,pick up,Dispenser_40,Dispenser,40,pick up tomato from dispenser,player_a32cea33,baseline_division_of_labor,d3c86fd5382c2eef,262.5069267248965,64.0,1.0,0.0,0.0,1.0,1.0,"(2, 2)","[p(2, 2)_cs(1.0)_ws(1.0)]_[p(5, 2)_cs(1.0)_ws(1.0)]"
523,tomato,start cutting,CuttingBoard_20,CuttingBoard,20,start cutting tomato,player_a32cea33,baseline_division_of_labor,d3c86fd5382c2eef,294.50692672489674,32.00000000000023,1.0,0.0,0.0,1.0,1.0,"(2, 2)","[p(2, 2)_cs(1.0)_ws(1.0)]_[p(5, 2)_cs(1.0)_ws(1.0)]"
609,plate,pick up,Dispenser_60,Dispenser,60,pick up plate from dispenser,player_a32cea33,baseline_division_of_labor,d3c86fd5382c2eef,358.50692672489697,64.00000000000023,2.0,0.0,0.0,1.0,1.0,"(2, 2)","[p(2, 2)_cs(1.0)_ws(1.0)]_[p(5, 2)_cs(1.0)_ws(1.0)]"
642,plate,put down,Counter_32,Counter,32,put down plate on counter,player_a32cea33,baseline_division_of_labor,d3c86fd5382c2eef,396.91398939166197,38.407062666765,2.0,0.0,0.0,1.0,1.0,"(2, 2)","[p(2, 2)_cs(1.0)_ws(1.0)]_[p(5, 2)_cs(1.0)_ws(1.0)]"
686,tomato_cut,pick up,CuttingBoard_20,CuttingBoard,20,pick up tomato_cut from cuttingboard,player_a32cea33,baseline_division_of_labor,d3c86fd5382c2eef,435.4209161165586,38.50692672489663,2.0,0.0,0.0,1.0,1.0,"(2, 2)","[p(2, 2)_cs(1.0)_ws(1.0)]_[p(5, 2)_cs(1.0)_ws(1.0)]"
710,tomato_cut,assemble salad,Counter_32,Counter,32,assemble salad,player_a32cea33,baseline_division_of_labor,d3c86fd5382c2eef,451.4209161165588,16.00000000000017,2.0,0.0,0.0,1.0,1.0,"(2, 2)","[p(2, 2)_cs(1.0)_ws(1.0)]_[p(5, 2)_cs(1.0)_ws(1.0)]"
738,tomato_salad,pick up,Counter_32,Counter,32,pick up tomato_salad from counter,player_a32cea33,baseline_division_of_labor,d3c86fd5382c2eef,451.4209161165588,0.0,2.0,0.0,0.0,1.0,1.0,"(2, 2)","[p(2, 2)_cs(1.0)_ws(1.0)]_[p(5, 2)_cs(1.0)_ws(1.0)]"
765,tomato_salad,deliver,Delivery_63,Delivery,63,deliver tomato_salad,player_a32cea33,baseline_division_of_labor,d3c86fd5382c2eef,496.67575011249767,45.254833995938895,3.0,1.0,1.0,1.0,1.0,"(2, 2)","[p(2, 2)_cs(1.0)_ws(1.0)]_[p(5, 2)_cs(1.0)_ws(1.0)]"
821,tomato,pick up,Dispenser_50,Dispenser,50,pick up tomato from dispenser,player_a32cea33,baseline_division_of_labor,d3c86fd5382c2eef,528.675750112498,32.00000000000034,3.0,0.0,1.0,1.0,1.0,"(2, 2)","[p(2, 2)_cs(1.0)_ws(1.0)]_[p(5, 2)_cs(1.0)_ws(1.0)]"
871,tomato,start cutting,CuttingBoard_10,CuttingBoard,10,start cutting tomato,player_a32cea33,baseline_division_of_labor,d3c86fd5382c2eef,592.6757501124983,64.00000000000034,3.0,0.0,1.0,1.0,1.0,"(2, 2)","[p(2, 2)_cs(1.0)_ws(1.0)]_[p(5, 2)_cs(1.0)_ws(1.0)]"
1032,plate,pick up,Dispenser_60,Dispenser,60,pick up plate from dispenser,player_a32cea33,baseline_division_of_labor,d3c86fd5382c2eef,775.9391787020808,183.26342858958242,4.0,0.0,1.0,1.0,1.0,"(2, 2)","[p(2, 2)_cs(1.0)_ws(1.0)]_[p(5, 2)_cs(1.0)_ws(1.0)]"
1066,plate,put down,Counter_33,Counter,33,put down plate on counter,player_a32cea33,baseline_division_of_labor,d3c86fd5382c2eef,821.1940126980204,45.254833995939634,4.0,0.0,1.0,1.0,1.0,"(2, 2)","[p(2, 2)_cs(1.0)_ws(1.0)]_[p(5, 2)_cs(1.0)_ws(1.0)]"
1100,plate,pick up,Dispenser_60,Dispenser,60,pick up plate from dispenser,player_a32cea33,baseline_division_of_labor,d3c86fd5382c2eef,866.44884669396,45.254833995939634,4.0,0.0,1.0,1.0,1.0,"(2, 2)","[p(2, 2)_cs(1.0)_ws(1.0)]_[p(5, 2)_cs(1.0)_ws(1.0)]"
1134,plate,put down,Counter_32,Counter,32,put down plate on counter,player_a32cea33,baseline_division_of_labor,d3c86fd5382c2eef,904.8559093607248,38.40706266676477,4.0,0.0,1.0,1.0,1.0,"(2, 2)","[p(2, 2)_cs(1.0)_ws(1.0)]_[p(5, 2)_cs(1.0)_ws(1.0)]"
1166,plate,pick up,Dispenser_60,Dispenser,60,pick up plate from dispenser,player_a32cea33,baseline_division_of_labor,d3c86fd5382c2eef,943.2629720274899,38.407062666765114,4.0,0.0,1.0,1.0,1.0,"(2, 2)","[p(2, 2)_cs(1.0)_ws(1.0)]_[p(5, 2)_cs(1.0)_ws(1.0)]"
1206,plate,put down,Counter_34,Counter,34,put down plate on counter,player_a32cea33,baseline_division_of_labor,d3c86fd5382c2eef,1004.1791589300283,60.91618690253836,4.0,0.0,1.0,1.0,1.0,"(2, 2)","[p(2, 2)_cs(1.0)_ws(1.0)]_[p(5, 2)_cs(1.0)_ws(1.0)]"
1236,tomato_salad,pick up,Counter_33,Counter,33,pick up tomato_salad from counter,player_a32cea33,baseline_division_of_labor,d3c86fd5382c2eef,1020.1791589300284,16.000000000000114,4.0,0.0,1.0,1.0,1.0,"(2, 2)","[p(2, 2)_cs(1.0)_ws(1.0)]_[p(5, 2)_cs(1.0)_ws(1.0)]"
1258,tomato_salad,deliver,Delivery_63,Delivery,63,deliver tomato_salad,player_a32cea33,baseline_division_of_labor,d3c86fd5382c2eef,1036.179158930028,15.999999999999659,5.0,1.0,2.0,1.0,1.0,"(2, 2)","[p(2, 2)_cs(1.0)_ws(1.0)]_[p(5, 2)_cs(1.0)_ws(1.0)]"
1288,tomato_salad,pick up,Counter_32,Counter,32,pick up tomato_salad from counter,player_a32cea33,baseline_division_of_labor,d3c86fd5382c2eef,1058.806575927997,22.62741699796902,5.0,0.0,2.0,1.0,1.0,"(2, 2)","[p(2, 2)_cs(1.0)_ws(1.0)]_[p(5, 2)_cs(1.0)_ws(1.0)]"
1313,tomato_salad,put down,Counter_32,Counter,32,put down tomato_salad on counter,player_a32cea33,baseline_division_of_labor,d3c86fd5382c2eef,1058.806575927997,0.0,5.0,0.0,2.0,1.0,1.0,"(2, 2)","[p(2, 2)_cs(1.0)_ws(1.0)]_[p(5, 2)_cs(1.0)_ws(1.0)]"
1375,plate,pick up,Dispenser_60,Dispenser,60,pick up plate from dispenser,player_a32cea33,baseline_division_of_labor,d3c86fd5382c2eef,1119.8452527659917,61.03867683799467,5.0,0.0,2.0,1.0,1.0,"(2, 2)","[p(2, 2)_cs(1.0)_ws(1.0)]_[p(5, 2)_cs(1.0)_ws(1.0)]"
1410,plate,put down,Counter_33,Counter,33,put down plate on counter,player_a32cea33,baseline_division_of_labor,d3c86fd5382c2eef,1165.1000867619296,45.254833995937815,5.0,0.0,2.0,1.0,1.0,"(2, 2)","[p(2, 2)_cs(1.0)_ws(1.0)]_[p(5, 2)_cs(1.0)_ws(1.0)]"
1430,tomato_salad,pick up,Counter_32,Counter,32,pick up tomato_salad from counter,player_a32cea33,baseline_division_of_labor,d3c86fd5382c2eef,1181.100086761929,15.999999999999545,5.0,0.0,2.0,1.0,1.0,"(2, 2)","[p(2, 2)_cs(1.0)_ws(1.0)]_[p(5, 2)_cs(1.0)_ws(1.0)]"
1454,tomato_salad,deliver,Delivery_63,Delivery,63,deliver tomato_salad,player_a32cea33,baseline_division_of_labor,d3c86fd5382c2eef,1203.7275037598981,22.62741699796902,6.0,1.0,3.0,1.0,1.0,"(2, 2)","[p(2, 2)_cs(1.0)_ws(1.0)]_[p(5, 2)_cs(1.0)_ws(1.0)]"
1503,plate,pick up,Dispenser_60,Dispenser,60,pick up plate from dispenser,player_a32cea33,baseline_division_of_labor,d3c86fd5382c2eef,1242.1387635999238,38.41125984002565,6.0,0.0,3.0,1.0,1.0,"(2, 2)","[p(2, 2)_cs(1.0)_ws(1.0)]_[p(5, 2)_cs(1.0)_ws(1.0)]"
1522,plate,put down,Counter_32,Counter,32,put down plate on counter,player_a32cea33,baseline_division_of_labor,d3c86fd5382c2eef,1280.545826266688,38.407062666764205,6.0,0.0,3.0,1.0,1.0,"(2, 2)","[p(2, 2)_cs(1.0)_ws(1.0)]_[p(5, 2)_cs(1.0)_ws(1.0)]"
1571,tomato_salad,pick up,Counter_34,Counter,34,pick up tomato_salad from counter,player_a32cea33,baseline_division_of_labor,d3c86fd5382c2eef,1312.545826266687,31.99999999999909,6.0,0.0,3.0,1.0,1.0,"(2, 2)","[p(2, 2)_cs(1.0)_ws(1.0)]_[p(5, 2)_cs(1.0)_ws(1.0)]"
1599,tomato_salad,deliver,Delivery_63,Delivery,63,deliver tomato_salad,player_a32cea33,baseline_division_of_labor,d3c86fd5382c2eef,1335.173243264656,22.62741699796902,7.0,1.0,4.0,1.0,1.0,"(2, 2)","[p(2, 2)_cs(1.0)_ws(1.0)]_[p(5, 2)_cs(1.0)_ws(1.0)]"
1651,plate,pick up,Dispenser_60,Dispenser,60,pick up plate from dispenser,player_a32cea33,baseline_division_of_labor,d3c86fd5382c2eef,1373.5845031046817,38.41125984002565,7.0,0.0,4.0,1.0,1.0,"(2, 2)","[p(2, 2)_cs(1.0)_ws(1.0)]_[p(5, 2)_cs(1.0)_ws(1.0)]"
1685,plate,put down,Counter_34,Counter,34,put down plate on counter,player_a32cea33,baseline_division_of_labor,d3c86fd5382c2eef,1434.5006900072185,60.916186902536765,7.0,0.0,4.0,1.0,1.0,"(2, 2)","[p(2, 2)_cs(1.0)_ws(1.0)]_[p(5, 2)_cs(1.0)_ws(1.0)]"
1725,plate,pick up,Dispenser_60,Dispenser,60,pick up plate from dispenser,player_a32cea33,baseline_division_of_labor,d3c86fd5382c2eef,1495.4168769097553,60.916186902536765,7.0,0.0,4.0,1.0,1.0,"(2, 2)","[p(2, 2)_cs(1.0)_ws(1.0)]_[p(5, 2)_cs(1.0)_ws(1.0)]"
1778,plate,put down,Counter_35,Counter,35,put down plate on counter,player_a32cea33,baseline_division_of_labor,d3c86fd5382c2eef,1572.3509813403239,76.9341044305686,7.0,0.0,4.0,1.0,1.0,"(2, 2)","[p(2, 2)_cs(1.0)_ws(1.0)]_[p(5, 2)_cs(1.0)_ws(1.0)]"
1819,tomato_salad,pick up,Counter_32,Counter,32,pick up tomato_salad from counter,player_a32cea33,baseline_division_of_labor,d3c86fd5382c2eef,1620.350981340322,47.99999999999818,7.0,0.0,4.0,1.0,1.0,"(2, 2)","[p(2, 2)_cs(1.0)_ws(1.0)]_[p(5, 2)_cs(1.0)_ws(1.0)]"
1843,tomato_salad,deliver,Delivery_63,Delivery,63,deliver tomato_salad,player_a32cea33,baseline_division_of_labor,d3c86fd5382c2eef,1642.978398338291,22.62741699796902,8.0,1.0,5.0,1.0,1.0,"(2, 2)","[p(2, 2)_cs(1.0)_ws(1.0)]_[p(5, 2)_cs(1.0)_ws(1.0)]"
1869,tomato_salad,pick up,Counter_33,Counter,33,pick up tomato_salad from counter,player_a32cea33,baseline_division_of_labor,d3c86fd5382c2eef,1658.9783983382906,15.999999999999545,8.0,0.0,5.0,1.0,1.0,"(2, 2)","[p(2, 2)_cs(1.0)_ws(1.0)]_[p(5, 2)_cs(1.0)_ws(1.0)]"
1891,tomato_salad,deliver,Delivery_63,Delivery,63,deliver tomato_salad,player_a32cea33,baseline_division_of_labor,d3c86fd5382c2eef,1674.9783983382902,15.999999999999545,9.0,1.0,6.0,1.0,1.0,"(2, 2)","[p(2, 2)_cs(1.0)_ws(1.0)]_[p(5, 2)_cs(1.0)_ws(1.0)]"
1932,plate,pick up,Dispenser_60,Dispenser,60,pick up plate from dispenser,player_a32cea33,baseline_division_of_labor,d3c86fd5382c2eef,1713.3896581783158,38.41125984002565,9.0,0.0,6.0,1.0,1.0,"(2, 2)","[p(2, 2)_cs(1.0)_ws(1.0)]_[p(5, 2)_cs(1.0)_ws(1.0)]"
1970,plate,put down,Counter_33,Counter,33,put down plate on counter,player_a32cea33,baseline_division_of_labor,d3c86fd5382c2eef,1758.6444921742536,45.254833995937815,9.0,0.0,6.0,1.0,1.0,"(2, 2)","[p(2, 2)_cs(1.0)_ws(1.0)]_[p(5, 2)_cs(1.0)_ws(1.0)]"
1998,tomato_salad,pick up,Counter_34,Counter,34,pick up tomato_salad from counter,player_a32cea33,baseline_division_of_labor,d3c86fd5382c2eef,1774.6444921742534,15.999999999999773,9.0,0.0,6.0,1.0,1.0,"(2, 2)","[p(2, 2)_cs(1.0)_ws(1.0)]_[p(5, 2)_cs(1.0)_ws(1.0)]"
2022,tomato_salad,deliver,Delivery_64,Delivery,64,deliver tomato_salad,player_a32cea33,baseline_division_of_labor,d3c86fd5382c2eef,1790.644492174253,15.999999999999545,10.0,1.0,7.0,1.0,1.0,"(2, 2)","[p(2, 2)_cs(1.0)_ws(1.0)]_[p(5, 2)_cs(1.0)_ws(1.0)]"
2061,plate,pick up,Dispenser_60,Dispenser,60,pick up plate from dispenser,player_a32cea33,baseline_division_of_labor,d3c86fd5382c2eef,1845.0638638175005,54.41937164324759,10.0,0.0,7.0,1.0,1.0,"(2, 2)","[p(2, 2)_cs(1.0)_ws(1.0)]_[p(5, 2)_cs(1.0)_ws(1.0)]"
2090,plate,put down,Counter_32,Counter,32,put down plate on counter,player_a32cea33,baseline_division_of_labor,d3c86fd5382c2eef,1883.4709264842645,38.40706266676398,10.0,0.0,7.0,1.0,1.0,"(2, 2)","[p(2, 2)_cs(1.0)_ws(1.0)]_[p(5, 2)_cs(1.0)_ws(1.0)]"
2122,plate,pick up,Dispenser_60,Dispenser,60,pick up plate from dispenser,player_a32cea33,baseline_division_of_labor,d3c86fd5382c2eef,1921.8779891510283,38.40706266676375,10.0,0.0,7.0,1.0,1.0,"(2, 2)","[p(2, 2)_cs(1.0)_ws(1.0)]_[p(5, 2)_cs(1.0)_ws(1.0)]"
