{"agents": {"player_8e8fbcbf": {"initial_state": {"agent_id": "player_8e8fbcbf", "x": 40, "y": 40, "item": null, "url_params": {"gameType": ["tomatoSaladOnly"], "PROLIFIC_PID": ["631fdedf78d4f7b0a6b985ad"], "map": ["encouraged_division_of_labor"], "cutting_speed_p1": ["1"], "walking_speed_p1": ["0.2"], "cutting_speed_p2": ["0.2"], "walking_speed_p2": ["1"], "slot_x_p1": ["2"], "slot_y_p1": ["2"], "slot_x_p2": ["5"], "slot_y_p2": ["2"], "EIO": ["4"], "transport": ["polling"], "t": ["Pa11eMU"]}, "cut_speed": 1.0, "walk_speed": 6.0, "player_nr": 1}, "player_score": 0.0, "total_actions": 29, "first_action_tick": 130, "last_action_tick": 2085}, "player_5ec6d30c": {"initial_state": {"agent_id": "player_5ec6d30c", "x": 88, "y": 40, "item": null, "url_params": {"gameType": ["tomatoSaladOnly"], "PROLIFIC_PID": ["63ea4a7fa7d709c8e7887a93"], "map": ["encouraged_division_of_labor"], "cutting_speed_p1": ["1"], "walking_speed_p1": ["0.2"], "cutting_speed_p2": ["0.2"], "walking_speed_p2": ["1"], "slot_x_p1": ["2"], "slot_y_p1": ["2"], "slot_x_p2": ["5"], "slot_y_p2": ["2"], "EIO": ["4"], "transport": ["polling"], "t": ["Pa11h67"]}, "cut_speed": 0.2, "walk_speed": 30.0, "player_nr": 2}, "player_score": 5.0, "total_actions": 48, "first_action_tick": 76, "last_action_tick": 2008}}, "map_name": "encouraged_division_of_labor", "final_score": 5.0}