tick,item,action,target,target_type,target_position,action_long,player_id,map_name,game_id,distance_walked,distance_walked_since_last_action,overall_score,player_score_change,player_score,walking_speed,cutting_speed,start_pos,condition,source,last_touched,touched_list,tomato_history,plate_history,is_exchange_collaboration
44,tomato,pick up,Dispenser_40,Dispenser,40,pick up tomato from dispenser,player_339ba3bc,baseline_division_of_labor,94d31ca79a37efcb,22.62741699796952,0.0,0.0,0.0,0.0,1.0,0.2,"(5, 2)","[p(2, 2)_cs(1.0)_ws(0.2)]_[p(5, 2)_cs(0.2)_ws(1.0)]",player_339ba3bc_actions,,[],,,
60,tomato,put down,Counter_32,Counter,32,put down tomato on counter,player_339ba3bc,baseline_division_of_labor,94d31ca79a37efcb,38.62741699796952,16.0,0.0,0.0,0.0,1.0,0.2,"(5, 2)","[p(2, 2)_cs(1.0)_ws(0.2)]_[p(5, 2)_cs(0.2)_ws(1.0)]",player_339ba3bc_actions,player_339ba3bc,['player_339ba3bc'],,,
76,tomato,pick up,Dispenser_40,Dispenser,40,pick up tomato from dispenser,player_339ba3bc,baseline_division_of_labor,94d31ca79a37efcb,54.62741699796952,16.0,0.0,0.0,0.0,1.0,0.2,"(5, 2)","[p(2, 2)_cs(1.0)_ws(0.2)]_[p(5, 2)_cs(0.2)_ws(1.0)]",player_339ba3bc_actions,,[],,,
95,tomato,put down,Counter_33,Counter,33,put down tomato on counter,player_339ba3bc,baseline_division_of_labor,94d31ca79a37efcb,86.62741699796952,32.0,0.0,0.0,0.0,1.0,0.2,"(5, 2)","[p(2, 2)_cs(1.0)_ws(0.2)]_[p(5, 2)_cs(0.2)_ws(1.0)]",player_339ba3bc_actions,player_339ba3bc,['player_339ba3bc'],,,
124,tomato,pick up,Dispenser_40,Dispenser,40,pick up tomato from dispenser,player_339ba3bc,baseline_division_of_labor,94d31ca79a37efcb,118.62741699796952,32.0,0.0,0.0,0.0,1.0,0.2,"(5, 2)","[p(2, 2)_cs(1.0)_ws(0.2)]_[p(5, 2)_cs(0.2)_ws(1.0)]",player_339ba3bc_actions,,[],,,
151,tomato,put down,Counter_34,Counter,34,put down tomato on counter,player_339ba3bc,baseline_division_of_labor,94d31ca79a37efcb,166.62741699796953,48.000000000000014,0.0,0.0,0.0,1.0,0.2,"(5, 2)","[p(2, 2)_cs(1.0)_ws(0.2)]_[p(5, 2)_cs(0.2)_ws(1.0)]",player_339ba3bc_actions,player_339ba3bc,['player_339ba3bc'],,,
180,tomato,pick up,Counter_32,Counter,32,pick up tomato from counter,player_339ba3bc,baseline_division_of_labor,94d31ca79a37efcb,198.62741699796953,32.0,0.0,0.0,0.0,1.0,0.2,"(5, 2)","[p(2, 2)_cs(1.0)_ws(0.2)]_[p(5, 2)_cs(0.2)_ws(1.0)]",player_339ba3bc_actions,player_339ba3bc,['player_339ba3bc'],,,False
204,tomato,start cutting,CuttingBoard_20,CuttingBoard,20,start cutting tomato,player_339ba3bc,baseline_division_of_labor,94d31ca79a37efcb,237.13434372286608,38.506926724896545,0.0,0.0,0.0,1.0,0.2,"(5, 2)","[p(2, 2)_cs(1.0)_ws(0.2)]_[p(5, 2)_cs(0.2)_ws(1.0)]",player_339ba3bc_actions,player_339ba3bc,"['player_339ba3bc', 'player_339ba3bc']",,,
226,tomato,pick up,Counter_33,Counter,33,pick up tomato from counter,player_339ba3bc,baseline_division_of_labor,94d31ca79a37efcb,269.1343437228662,32.00000000000014,0.0,0.0,0.0,1.0,0.2,"(5, 2)","[p(2, 2)_cs(1.0)_ws(0.2)]_[p(5, 2)_cs(0.2)_ws(1.0)]",player_339ba3bc_actions,player_339ba3bc,['player_339ba3bc'],,,False
228,plate,pick up,Dispenser_60,Dispenser,60,pick up plate from dispenser,player_e328d13a,baseline_division_of_labor,94d31ca79a37efcb,68.91528792450707,0.0,0.0,0.0,0.0,0.2,1.0,"(2, 2)","[p(2, 2)_cs(1.0)_ws(0.2)]_[p(5, 2)_cs(0.2)_ws(1.0)]",player_e328d13a_actions,,[],,,
249,tomato,start cutting,CuttingBoard_10,CuttingBoard,10,start cutting tomato,player_339ba3bc,baseline_division_of_labor,94d31ca79a37efcb,307.54560356289244,38.41125984002622,0.0,0.0,0.0,1.0,0.2,"(5, 2)","[p(2, 2)_cs(1.0)_ws(0.2)]_[p(5, 2)_cs(0.2)_ws(1.0)]",player_339ba3bc_actions,player_339ba3bc,"['player_339ba3bc', 'player_339ba3bc']",,,
278,tomato,pick up,Dispenser_40,Dispenser,40,pick up tomato from dispenser,player_339ba3bc,baseline_division_of_labor,94d31ca79a37efcb,355.5456035628929,48.000000000000455,0.0,0.0,0.0,1.0,0.2,"(5, 2)","[p(2, 2)_cs(1.0)_ws(0.2)]_[p(5, 2)_cs(0.2)_ws(1.0)]",player_339ba3bc_actions,,[],,,
291,tomato,put down,Counter_32,Counter,32,put down tomato on counter,player_339ba3bc,baseline_division_of_labor,94d31ca79a37efcb,371.54560356289295,16.000000000000057,0.0,0.0,0.0,1.0,0.2,"(5, 2)","[p(2, 2)_cs(1.0)_ws(0.2)]_[p(5, 2)_cs(0.2)_ws(1.0)]",player_339ba3bc_actions,player_339ba3bc,['player_339ba3bc'],,,
348,plate,put down,Counter_33,Counter,33,put down plate on counter,player_e328d13a,baseline_division_of_labor,94d31ca79a37efcb,122.56271274159656,53.64742481708949,0.0,0.0,0.0,0.2,1.0,"(2, 2)","[p(2, 2)_cs(1.0)_ws(0.2)]_[p(5, 2)_cs(0.2)_ws(1.0)]",player_e328d13a_actions,player_e328d13a,['player_e328d13a'],,,
401,tomato,pick up,Counter_32,Counter,32,pick up tomato from counter,player_e328d13a,baseline_division_of_labor,94d31ca79a37efcb,138.56271274159656,16.0,0.0,0.0,0.0,0.2,1.0,"(2, 2)","[p(2, 2)_cs(1.0)_ws(0.2)]_[p(5, 2)_cs(0.2)_ws(1.0)]",player_e328d13a_actions,player_339ba3bc,['player_339ba3bc'],,,True
559,tomato_cut,pick up,CuttingBoard_10,CuttingBoard,10,pick up tomato_cut from cuttingboard,player_339ba3bc,baseline_division_of_labor,94d31ca79a37efcb,403.5456035628932,32.00000000000023,0.0,0.0,0.0,1.0,0.2,"(5, 2)","[p(2, 2)_cs(1.0)_ws(0.2)]_[p(5, 2)_cs(0.2)_ws(1.0)]",player_339ba3bc_actions,player_339ba3bc,"['player_339ba3bc', 'player_339ba3bc']",,,False
584,tomato_cut,assemble salad,Counter_33,Counter,33,assemble salad,player_339ba3bc,baseline_division_of_labor,94d31ca79a37efcb,441.9568634029194,38.41125984002622,0.0,0.0,0.0,1.0,0.2,"(5, 2)","[p(2, 2)_cs(1.0)_ws(0.2)]_[p(5, 2)_cs(0.2)_ws(1.0)]",player_339ba3bc_actions,player_e328d13a,['player_339ba3bc'],"['player_339ba3bc', 'player_339ba3bc', 'player_339ba3bc']",['player_e328d13a'],True
684,tomato,start cutting,CuttingBoard_10,CuttingBoard,10,start cutting tomato,player_e328d13a,baseline_division_of_labor,94d31ca79a37efcb,193.07723664627156,54.514523904675,0.0,0.0,0.0,0.2,1.0,"(2, 2)","[p(2, 2)_cs(1.0)_ws(0.2)]_[p(5, 2)_cs(0.2)_ws(1.0)]",player_e328d13a_actions,player_e328d13a,"['player_339ba3bc', 'player_e328d13a']",,,
749,plate,pick up,Dispenser_60,Dispenser,60,pick up plate from dispenser,player_339ba3bc,baseline_division_of_labor,94d31ca79a37efcb,537.9568634029199,96.00000000000053,0.0,0.0,0.0,1.0,0.2,"(5, 2)","[p(2, 2)_cs(1.0)_ws(0.2)]_[p(5, 2)_cs(0.2)_ws(1.0)]",player_339ba3bc_actions,,[],,,
770,plate,put down,Counter_32,Counter,32,put down plate on counter,player_339ba3bc,baseline_division_of_labor,94d31ca79a37efcb,576.3639260696847,38.40706266676477,0.0,0.0,0.0,1.0,0.2,"(5, 2)","[p(2, 2)_cs(1.0)_ws(0.2)]_[p(5, 2)_cs(0.2)_ws(1.0)]",player_339ba3bc_actions,player_339ba3bc,['player_339ba3bc'],,,
808,tomato_salad,pick up,Counter_33,Counter,33,pick up tomato_salad from counter,player_339ba3bc,baseline_division_of_labor,94d31ca79a37efcb,592.3639260696848,16.000000000000114,0.0,0.0,0.0,1.0,0.2,"(5, 2)","[p(2, 2)_cs(1.0)_ws(0.2)]_[p(5, 2)_cs(0.2)_ws(1.0)]",player_339ba3bc_actions,player_339ba3bc,['player_339ba3bc'],"['player_339ba3bc', 'player_339ba3bc', 'player_339ba3bc']",['player_e328d13a'],False
815,tomato_cut,pick up,CuttingBoard_10,CuttingBoard,10,pick up tomato_cut from cuttingboard,player_e328d13a,baseline_division_of_labor,94d31ca79a37efcb,230.0772366462787,37.000000000007134,0.0,0.0,0.0,0.2,1.0,"(2, 2)","[p(2, 2)_cs(1.0)_ws(0.2)]_[p(5, 2)_cs(0.2)_ws(1.0)]",player_e328d13a_actions,player_e328d13a,"['player_339ba3bc', 'player_e328d13a']",,,False
821,tomato_salad,deliver,Delivery_63,Delivery,63,deliver tomato_salad,player_339ba3bc,baseline_division_of_labor,94d31ca79a37efcb,608.3639260696848,16.0,1.0,1.0,1.0,1.0,0.2,"(5, 2)","[p(2, 2)_cs(1.0)_ws(0.2)]_[p(5, 2)_cs(0.2)_ws(1.0)]",player_339ba3bc_actions,player_339ba3bc,"['player_339ba3bc', 'player_339ba3bc']","['player_339ba3bc', 'player_339ba3bc', 'player_339ba3bc']",['player_e328d13a'],
857,plate,pick up,Dispenser_60,Dispenser,60,pick up plate from dispenser,player_339ba3bc,baseline_division_of_labor,94d31ca79a37efcb,646.775185909711,38.41125984002622,1.0,0.0,1.0,1.0,0.2,"(5, 2)","[p(2, 2)_cs(1.0)_ws(0.2)]_[p(5, 2)_cs(0.2)_ws(1.0)]",player_339ba3bc_actions,,[],,,
870,tomato_cut,assemble salad,Counter_32,Counter,32,assemble salad,player_e328d13a,baseline_division_of_labor,94d31ca79a37efcb,252.70465364424783,22.627416997969135,1.0,0.0,0.0,0.2,1.0,"(2, 2)","[p(2, 2)_cs(1.0)_ws(0.2)]_[p(5, 2)_cs(0.2)_ws(1.0)]",player_e328d13a_actions,player_339ba3bc,['player_e328d13a'],"['player_339ba3bc', 'player_e328d13a', 'player_e328d13a']",['player_339ba3bc'],True
883,tomato_salad,pick up,Counter_32,Counter,32,pick up tomato_salad from counter,player_e328d13a,baseline_division_of_labor,94d31ca79a37efcb,252.70465364424783,0.0,1.0,0.0,0.0,0.2,1.0,"(2, 2)","[p(2, 2)_cs(1.0)_ws(0.2)]_[p(5, 2)_cs(0.2)_ws(1.0)]",player_e328d13a_actions,player_e328d13a,['player_e328d13a'],"['player_339ba3bc', 'player_e328d13a', 'player_e328d13a']",['player_339ba3bc'],False
886,plate,put down,Counter_33,Counter,33,put down plate on counter,player_339ba3bc,baseline_division_of_labor,94d31ca79a37efcb,692.0300199056506,45.254833995939634,1.0,0.0,1.0,1.0,0.2,"(5, 2)","[p(2, 2)_cs(1.0)_ws(0.2)]_[p(5, 2)_cs(0.2)_ws(1.0)]",player_339ba3bc_actions,player_339ba3bc,['player_339ba3bc'],,,
1018,tomato_cut,pick up,CuttingBoard_20,CuttingBoard,20,pick up tomato_cut from cuttingboard,player_339ba3bc,baseline_division_of_labor,94d31ca79a37efcb,810.1984067342844,118.16838682863374,1.0,0.0,1.0,1.0,0.2,"(5, 2)","[p(2, 2)_cs(1.0)_ws(0.2)]_[p(5, 2)_cs(0.2)_ws(1.0)]",player_339ba3bc_actions,player_339ba3bc,"['player_339ba3bc', 'player_339ba3bc']",,,False
1037,tomato_salad,deliver,Delivery_63,Delivery,63,deliver tomato_salad,player_e328d13a,baseline_division_of_labor,94d31ca79a37efcb,320.1861994490882,67.48154580484035,2.0,1.0,1.0,0.2,1.0,"(2, 2)","[p(2, 2)_cs(1.0)_ws(0.2)]_[p(5, 2)_cs(0.2)_ws(1.0)]",player_e328d13a_actions,player_e328d13a,"['player_e328d13a', 'player_e328d13a']","['player_339ba3bc', 'player_e328d13a', 'player_e328d13a']",['player_339ba3bc'],
1041,tomato_cut,assemble salad,Counter_33,Counter,33,assemble salad,player_339ba3bc,baseline_division_of_labor,94d31ca79a37efcb,842.1984067342847,32.00000000000034,2.0,0.0,1.0,1.0,0.2,"(5, 2)","[p(2, 2)_cs(1.0)_ws(0.2)]_[p(5, 2)_cs(0.2)_ws(1.0)]",player_339ba3bc_actions,player_339ba3bc,['player_339ba3bc'],"['player_339ba3bc', 'player_339ba3bc', 'player_339ba3bc']",['player_339ba3bc'],False
1057,tomato,pick up,Counter_34,Counter,34,pick up tomato from counter,player_339ba3bc,baseline_division_of_labor,94d31ca79a37efcb,858.1984067342848,16.000000000000114,2.0,0.0,1.0,1.0,0.2,"(5, 2)","[p(2, 2)_cs(1.0)_ws(0.2)]_[p(5, 2)_cs(0.2)_ws(1.0)]",player_339ba3bc_actions,player_339ba3bc,['player_339ba3bc'],,,False
1084,tomato,start cutting,CuttingBoard_20,CuttingBoard,20,start cutting tomato,player_339ba3bc,baseline_division_of_labor,94d31ca79a37efcb,906.1984067342852,48.000000000000455,2.0,0.0,1.0,1.0,0.2,"(5, 2)","[p(2, 2)_cs(1.0)_ws(0.2)]_[p(5, 2)_cs(0.2)_ws(1.0)]",player_339ba3bc_actions,player_339ba3bc,"['player_339ba3bc', 'player_339ba3bc']",,,
1095,tomato_salad,pick up,Counter_33,Counter,33,pick up tomato_salad from counter,player_e328d13a,baseline_division_of_labor,94d31ca79a37efcb,336.1861994490882,16.0,2.0,0.0,1.0,0.2,1.0,"(2, 2)","[p(2, 2)_cs(1.0)_ws(0.2)]_[p(5, 2)_cs(0.2)_ws(1.0)]",player_e328d13a_actions,player_339ba3bc,['player_339ba3bc'],"['player_339ba3bc', 'player_339ba3bc', 'player_339ba3bc']",['player_339ba3bc'],True
1139,tomato_salad,deliver,Delivery_63,Delivery,63,deliver tomato_salad,player_e328d13a,baseline_division_of_labor,94d31ca79a37efcb,352.1861994490882,16.0,3.0,1.0,2.0,0.2,1.0,"(2, 2)","[p(2, 2)_cs(1.0)_ws(0.2)]_[p(5, 2)_cs(0.2)_ws(1.0)]",player_e328d13a_actions,player_e328d13a,"['player_339ba3bc', 'player_e328d13a']","['player_339ba3bc', 'player_339ba3bc', 'player_339ba3bc']",['player_339ba3bc'],
1234,plate,pick up,Dispenser_60,Dispenser,60,pick up plate from dispenser,player_e328d13a,baseline_division_of_labor,94d31ca79a37efcb,390.71956556815854,38.533366119070365,3.0,0.0,2.0,0.2,1.0,"(2, 2)","[p(2, 2)_cs(1.0)_ws(0.2)]_[p(5, 2)_cs(0.2)_ws(1.0)]",player_e328d13a_actions,,[],,,
1285,tomato_cut,pick up,CuttingBoard_20,CuttingBoard,20,pick up tomato_cut from cuttingboard,player_339ba3bc,baseline_division_of_labor,94d31ca79a37efcb,906.1984067342852,0.0,3.0,0.0,1.0,1.0,0.2,"(5, 2)","[p(2, 2)_cs(1.0)_ws(0.2)]_[p(5, 2)_cs(0.2)_ws(1.0)]",player_339ba3bc_actions,player_339ba3bc,"['player_339ba3bc', 'player_339ba3bc']",,,False
1320,plate,put down,Counter_32,Counter,32,put down plate on counter,player_e328d13a,baseline_division_of_labor,94d31ca79a37efcb,429.2546869110878,38.53512134292925,3.0,0.0,2.0,0.2,1.0,"(2, 2)","[p(2, 2)_cs(1.0)_ws(0.2)]_[p(5, 2)_cs(0.2)_ws(1.0)]",player_e328d13a_actions,player_e328d13a,['player_e328d13a'],,,
1338,tomato_cut,assemble salad,Counter_32,Counter,32,assemble salad,player_339ba3bc,baseline_division_of_labor,94d31ca79a37efcb,922.1984067342856,16.000000000000227,3.0,0.0,1.0,1.0,0.2,"(5, 2)","[p(2, 2)_cs(1.0)_ws(0.2)]_[p(5, 2)_cs(0.2)_ws(1.0)]",player_339ba3bc_actions,player_e328d13a,['player_339ba3bc'],"['player_339ba3bc', 'player_339ba3bc', 'player_339ba3bc']",['player_e328d13a'],True
1355,tomato,pick up,Dispenser_40,Dispenser,40,pick up tomato from dispenser,player_339ba3bc,baseline_division_of_labor,94d31ca79a37efcb,938.1984067342856,16.000000000000114,3.0,0.0,1.0,1.0,0.2,"(5, 2)","[p(2, 2)_cs(1.0)_ws(0.2)]_[p(5, 2)_cs(0.2)_ws(1.0)]",player_339ba3bc_actions,,[],,,
1364,tomato,pick up,Dispenser_40,Dispenser,40,pick up tomato from dispenser,player_e328d13a,baseline_division_of_labor,94d31ca79a37efcb,445.2546869110871,15.999999999999318,3.0,0.0,2.0,0.2,1.0,"(2, 2)","[p(2, 2)_cs(1.0)_ws(0.2)]_[p(5, 2)_cs(0.2)_ws(1.0)]",player_e328d13a_actions,,[],,,
1379,tomato,start cutting,CuttingBoard_20,CuttingBoard,20,start cutting tomato,player_339ba3bc,baseline_division_of_labor,94d31ca79a37efcb,970.198406734286,32.00000000000023,3.0,0.0,1.0,1.0,0.2,"(5, 2)","[p(2, 2)_cs(1.0)_ws(0.2)]_[p(5, 2)_cs(0.2)_ws(1.0)]",player_339ba3bc_actions,player_339ba3bc,['player_339ba3bc'],,,
1546,tomato,put down,Counter_33,Counter,33,put down tomato on counter,player_e328d13a,baseline_division_of_labor,94d31ca79a37efcb,529.3174663164959,84.06277940540883,3.0,0.0,2.0,0.2,1.0,"(2, 2)","[p(2, 2)_cs(1.0)_ws(0.2)]_[p(5, 2)_cs(0.2)_ws(1.0)]",player_e328d13a_actions,player_e328d13a,['player_e328d13a'],,,
1585,tomato,pick up,Dispenser_40,Dispenser,40,pick up tomato from dispenser,player_339ba3bc,baseline_division_of_labor,94d31ca79a37efcb,1002.198406734286,32.00000000000023,3.0,0.0,1.0,1.0,0.2,"(5, 2)","[p(2, 2)_cs(1.0)_ws(0.2)]_[p(5, 2)_cs(0.2)_ws(1.0)]",player_339ba3bc_actions,,[],,,
1589,tomato_salad,pick up,Counter_32,Counter,32,pick up tomato_salad from counter,player_e328d13a,baseline_division_of_labor,94d31ca79a37efcb,545.317466316495,15.99999999999909,3.0,0.0,2.0,0.2,1.0,"(2, 2)","[p(2, 2)_cs(1.0)_ws(0.2)]_[p(5, 2)_cs(0.2)_ws(1.0)]",player_e328d13a_actions,player_339ba3bc,['player_339ba3bc'],"['player_339ba3bc', 'player_339ba3bc', 'player_339ba3bc']",['player_e328d13a'],True
1614,tomato,start cutting,CuttingBoard_10,CuttingBoard,10,start cutting tomato,player_339ba3bc,baseline_division_of_labor,94d31ca79a37efcb,1050.1984067342853,47.9999999999992,3.0,0.0,1.0,1.0,0.2,"(5, 2)","[p(2, 2)_cs(1.0)_ws(0.2)]_[p(5, 2)_cs(0.2)_ws(1.0)]",player_339ba3bc_actions,player_339ba3bc,['player_339ba3bc'],,,
1650,tomato_salad,deliver,Delivery_63,Delivery,63,deliver tomato_salad,player_e328d13a,baseline_division_of_labor,94d31ca79a37efcb,567.9448833144629,22.627416997967885,4.0,1.0,3.0,0.2,1.0,"(2, 2)","[p(2, 2)_cs(1.0)_ws(0.2)]_[p(5, 2)_cs(0.2)_ws(1.0)]",player_e328d13a_actions,player_e328d13a,"['player_339ba3bc', 'player_e328d13a']","['player_339ba3bc', 'player_339ba3bc', 'player_339ba3bc']",['player_e328d13a'],
1743,plate,pick up,Dispenser_60,Dispenser,60,pick up plate from dispenser,player_e328d13a,baseline_division_of_labor,94d31ca79a37efcb,606.4782494335332,38.53336611907025,4.0,0.0,3.0,0.2,1.0,"(2, 2)","[p(2, 2)_cs(1.0)_ws(0.2)]_[p(5, 2)_cs(0.2)_ws(1.0)]",player_e328d13a_actions,,[],,,
1811,tomato_cut,pick up,CuttingBoard_20,CuttingBoard,20,pick up tomato_cut from cuttingboard,player_339ba3bc,baseline_division_of_labor,94d31ca79a37efcb,1066.1984067342848,15.999999999999543,4.0,0.0,1.0,1.0,0.2,"(5, 2)","[p(2, 2)_cs(1.0)_ws(0.2)]_[p(5, 2)_cs(0.2)_ws(1.0)]",player_339ba3bc_actions,player_339ba3bc,['player_339ba3bc'],,,False
1833,plate,put down,Counter_32,Counter,32,put down plate on counter,player_e328d13a,baseline_division_of_labor,94d31ca79a37efcb,645.0133707764637,38.53512134293055,4.0,0.0,3.0,0.2,1.0,"(2, 2)","[p(2, 2)_cs(1.0)_ws(0.2)]_[p(5, 2)_cs(0.2)_ws(1.0)]",player_e328d13a_actions,player_e328d13a,['player_e328d13a'],,,
1850,tomato_cut,assemble salad,Counter_32,Counter,32,assemble salad,player_339ba3bc,baseline_division_of_labor,94d31ca79a37efcb,1082.1984067342844,15.999999999999543,4.0,0.0,1.0,1.0,0.2,"(5, 2)","[p(2, 2)_cs(1.0)_ws(0.2)]_[p(5, 2)_cs(0.2)_ws(1.0)]",player_339ba3bc_actions,player_e328d13a,['player_339ba3bc'],"['player_339ba3bc', 'player_339ba3bc']",['player_e328d13a'],True
1875,tomato,pick up,Counter_33,Counter,33,pick up tomato from counter,player_339ba3bc,baseline_division_of_labor,94d31ca79a37efcb,1120.7053334591806,38.506926724896175,4.0,0.0,1.0,1.0,0.2,"(5, 2)","[p(2, 2)_cs(1.0)_ws(0.2)]_[p(5, 2)_cs(0.2)_ws(1.0)]",player_339ba3bc_actions,player_e328d13a,['player_e328d13a'],,,True
1896,tomato,start cutting,CuttingBoard_20,CuttingBoard,20,start cutting tomato,player_339ba3bc,baseline_division_of_labor,94d31ca79a37efcb,1152.7053334591797,31.99999999999909,4.0,0.0,1.0,1.0,0.2,"(5, 2)","[p(2, 2)_cs(1.0)_ws(0.2)]_[p(5, 2)_cs(0.2)_ws(1.0)]",player_339ba3bc_actions,player_339ba3bc,"['player_e328d13a', 'player_339ba3bc']",,,
1918,tomato,pick up,Dispenser_40,Dispenser,40,pick up tomato from dispenser,player_339ba3bc,baseline_division_of_labor,94d31ca79a37efcb,1184.7053334591787,31.99999999999909,4.0,0.0,1.0,1.0,0.2,"(5, 2)","[p(2, 2)_cs(1.0)_ws(0.2)]_[p(5, 2)_cs(0.2)_ws(1.0)]",player_339ba3bc_actions,,[],,,
1937,tomato_salad,pick up,Counter_32,Counter,32,pick up tomato_salad from counter,player_e328d13a,baseline_division_of_labor,94d31ca79a37efcb,678.969562925783,33.956192149319236,4.0,0.0,3.0,0.2,1.0,"(2, 2)","[p(2, 2)_cs(1.0)_ws(0.2)]_[p(5, 2)_cs(0.2)_ws(1.0)]",player_e328d13a_actions,player_339ba3bc,['player_339ba3bc'],"['player_339ba3bc', 'player_339ba3bc']",['player_e328d13a'],True
1947,tomato,put down,Counter_01,Counter,1,put down tomato on counter,player_339ba3bc,baseline_division_of_labor,94d31ca79a37efcb,1232.7053334591772,47.99999999999841,4.0,0.0,1.0,1.0,0.2,"(5, 2)","[p(2, 2)_cs(1.0)_ws(0.2)]_[p(5, 2)_cs(0.2)_ws(1.0)]",player_339ba3bc_actions,player_339ba3bc,['player_339ba3bc'],,,
1974,tomato,pick up,Dispenser_40,Dispenser,40,pick up tomato from dispenser,player_339ba3bc,baseline_division_of_labor,94d31ca79a37efcb,1280.7053334591756,47.99999999999841,4.0,0.0,1.0,1.0,0.2,"(5, 2)","[p(2, 2)_cs(1.0)_ws(0.2)]_[p(5, 2)_cs(0.2)_ws(1.0)]",player_339ba3bc_actions,,[],,,
2001,tomato,put down,Counter_02,Counter,2,put down tomato on counter,player_339ba3bc,baseline_division_of_labor,94d31ca79a37efcb,1335.124705102423,54.41937164324736,4.0,0.0,1.0,1.0,0.2,"(5, 2)","[p(2, 2)_cs(1.0)_ws(0.2)]_[p(5, 2)_cs(0.2)_ws(1.0)]",player_339ba3bc_actions,player_339ba3bc,['player_339ba3bc'],,,
2002,tomato_salad,deliver,Delivery_63,Delivery,63,deliver tomato_salad,player_e328d13a,baseline_division_of_labor,94d31ca79a37efcb,701.5969799237508,22.627416997967885,5.0,1.0,4.0,0.2,1.0,"(2, 2)","[p(2, 2)_cs(1.0)_ws(0.2)]_[p(5, 2)_cs(0.2)_ws(1.0)]",player_e328d13a_actions,player_e328d13a,"['player_339ba3bc', 'player_e328d13a']","['player_339ba3bc', 'player_339ba3bc']",['player_e328d13a'],
2125,plate,pick up,Dispenser_60,Dispenser,60,pick up plate from dispenser,player_e328d13a,baseline_division_of_labor,94d31ca79a37efcb,738.7058553083061,37.10887538455529,5.0,0.0,4.0,0.2,1.0,"(2, 2)","[p(2, 2)_cs(1.0)_ws(0.2)]_[p(5, 2)_cs(0.2)_ws(1.0)]",player_e328d13a_actions,,[],,,
