{"agents": {"player_e328d13a": {"initial_state": {"agent_id": "player_e328d13a", "x": 40, "y": 40, "item": null, "url_params": {"gameType": ["tomatoSaladOnly"], "PROLIFIC_PID": ["5c7ea67cdbc25f0016972c1b"], "map": ["baseline_division_of_labor"], "cutting_speed_p1": ["1"], "walking_speed_p1": ["0.2"], "cutting_speed_p2": ["0.2"], "walking_speed_p2": ["1"], "slot_x_p1": ["2"], "slot_y_p1": ["2"], "slot_x_p2": ["5"], "slot_y_p2": ["2"], "EIO": ["4"], "transport": ["polling"], "t": ["PZzCLl2"]}, "cut_speed": 1.0, "walk_speed": 6.0, "player_nr": 1}, "player_score": 4.0, "total_actions": 21, "first_action_tick": 228, "last_action_tick": 2125}, "player_339ba3bc": {"initial_state": {"agent_id": "player_339ba3bc", "x": 88, "y": 40, "item": null, "url_params": {"gameType": ["tomatoSaladOnly"], "PROLIFIC_PID": ["666640831e2f8d963f8c528f"], "map": ["baseline_division_of_labor"], "cutting_speed_p1": ["1"], "walking_speed_p1": ["0.2"], "cutting_speed_p2": ["0.2"], "walking_speed_p2": ["1"], "slot_x_p1": ["2"], "slot_y_p1": ["2"], "slot_x_p2": ["5"], "slot_y_p2": ["2"], "EIO": ["4"], "transport": ["polling"], "t": ["PZzqyyP"]}, "cut_speed": 0.2, "walk_speed": 30.0, "player_nr": 2}, "player_score": 1.0, "total_actions": 38, "first_action_tick": 44, "last_action_tick": 2001}}, "map_name": "baseline_division_of_labor", "final_score": 5.0}