tick,item,action,target,target_type,target_position,action_long,player_id,map_name,game_id,distance_walked,distance_walked_since_last_action,overall_score,player_score_change,player_score,walking_speed,cutting_speed,start_pos,condition
228,plate,pick up,Dispenser_60,Dispenser,60,pick up plate from dispenser,player_e328d13a,baseline_division_of_labor,94d31ca79a37efcb,68.91528792450707,0.0,0.0,0.0,0.0,0.2,1.0,"(2, 2)","[p(2, 2)_cs(1.0)_ws(0.2)]_[p(5, 2)_cs(0.2)_ws(1.0)]"
348,plate,put down,Counter_33,Counter,33,put down plate on counter,player_e328d13a,baseline_division_of_labor,94d31ca79a37efcb,122.56271274159656,53.64742481708949,0.0,0.0,0.0,0.2,1.0,"(2, 2)","[p(2, 2)_cs(1.0)_ws(0.2)]_[p(5, 2)_cs(0.2)_ws(1.0)]"
401,tomato,pick up,Counter_32,Counter,32,pick up tomato from counter,player_e328d13a,baseline_division_of_labor,94d31ca79a37efcb,138.56271274159656,16.0,0.0,0.0,0.0,0.2,1.0,"(2, 2)","[p(2, 2)_cs(1.0)_ws(0.2)]_[p(5, 2)_cs(0.2)_ws(1.0)]"
684,tomato,start cutting,CuttingBoard_10,CuttingBoard,10,start cutting tomato,player_e328d13a,baseline_division_of_labor,94d31ca79a37efcb,193.07723664627156,54.514523904675,0.0,0.0,0.0,0.2,1.0,"(2, 2)","[p(2, 2)_cs(1.0)_ws(0.2)]_[p(5, 2)_cs(0.2)_ws(1.0)]"
815,tomato_cut,pick up,CuttingBoard_10,CuttingBoard,10,pick up tomato_cut from cuttingboard,player_e328d13a,baseline_division_of_labor,94d31ca79a37efcb,230.0772366462787,37.000000000007134,0.0,0.0,0.0,0.2,1.0,"(2, 2)","[p(2, 2)_cs(1.0)_ws(0.2)]_[p(5, 2)_cs(0.2)_ws(1.0)]"
870,tomato_cut,assemble salad,Counter_32,Counter,32,assemble salad,player_e328d13a,baseline_division_of_labor,94d31ca79a37efcb,252.70465364424783,22.627416997969135,1.0,0.0,0.0,0.2,1.0,"(2, 2)","[p(2, 2)_cs(1.0)_ws(0.2)]_[p(5, 2)_cs(0.2)_ws(1.0)]"
883,tomato_salad,pick up,Counter_32,Counter,32,pick up tomato_salad from counter,player_e328d13a,baseline_division_of_labor,94d31ca79a37efcb,252.70465364424783,0.0,1.0,0.0,0.0,0.2,1.0,"(2, 2)","[p(2, 2)_cs(1.0)_ws(0.2)]_[p(5, 2)_cs(0.2)_ws(1.0)]"
1037,tomato_salad,deliver,Delivery_63,Delivery,63,deliver tomato_salad,player_e328d13a,baseline_division_of_labor,94d31ca79a37efcb,320.1861994490882,67.48154580484035,2.0,1.0,1.0,0.2,1.0,"(2, 2)","[p(2, 2)_cs(1.0)_ws(0.2)]_[p(5, 2)_cs(0.2)_ws(1.0)]"
1095,tomato_salad,pick up,Counter_33,Counter,33,pick up tomato_salad from counter,player_e328d13a,baseline_division_of_labor,94d31ca79a37efcb,336.1861994490882,16.0,2.0,0.0,1.0,0.2,1.0,"(2, 2)","[p(2, 2)_cs(1.0)_ws(0.2)]_[p(5, 2)_cs(0.2)_ws(1.0)]"
1139,tomato_salad,deliver,Delivery_63,Delivery,63,deliver tomato_salad,player_e328d13a,baseline_division_of_labor,94d31ca79a37efcb,352.1861994490882,16.0,3.0,1.0,2.0,0.2,1.0,"(2, 2)","[p(2, 2)_cs(1.0)_ws(0.2)]_[p(5, 2)_cs(0.2)_ws(1.0)]"
1234,plate,pick up,Dispenser_60,Dispenser,60,pick up plate from dispenser,player_e328d13a,baseline_division_of_labor,94d31ca79a37efcb,390.71956556815854,38.533366119070365,3.0,0.0,2.0,0.2,1.0,"(2, 2)","[p(2, 2)_cs(1.0)_ws(0.2)]_[p(5, 2)_cs(0.2)_ws(1.0)]"
1320,plate,put down,Counter_32,Counter,32,put down plate on counter,player_e328d13a,baseline_division_of_labor,94d31ca79a37efcb,429.2546869110878,38.535121342929244,3.0,0.0,2.0,0.2,1.0,"(2, 2)","[p(2, 2)_cs(1.0)_ws(0.2)]_[p(5, 2)_cs(0.2)_ws(1.0)]"
1364,tomato,pick up,Dispenser_40,Dispenser,40,pick up tomato from dispenser,player_e328d13a,baseline_division_of_labor,94d31ca79a37efcb,445.2546869110871,15.999999999999318,3.0,0.0,2.0,0.2,1.0,"(2, 2)","[p(2, 2)_cs(1.0)_ws(0.2)]_[p(5, 2)_cs(0.2)_ws(1.0)]"
1546,tomato,put down,Counter_33,Counter,33,put down tomato on counter,player_e328d13a,baseline_division_of_labor,94d31ca79a37efcb,529.3174663164959,84.06277940540883,3.0,0.0,2.0,0.2,1.0,"(2, 2)","[p(2, 2)_cs(1.0)_ws(0.2)]_[p(5, 2)_cs(0.2)_ws(1.0)]"
1589,tomato_salad,pick up,Counter_32,Counter,32,pick up tomato_salad from counter,player_e328d13a,baseline_division_of_labor,94d31ca79a37efcb,545.317466316495,15.99999999999909,3.0,0.0,2.0,0.2,1.0,"(2, 2)","[p(2, 2)_cs(1.0)_ws(0.2)]_[p(5, 2)_cs(0.2)_ws(1.0)]"
1650,tomato_salad,deliver,Delivery_63,Delivery,63,deliver tomato_salad,player_e328d13a,baseline_division_of_labor,94d31ca79a37efcb,567.9448833144629,22.627416997967885,4.0,1.0,3.0,0.2,1.0,"(2, 2)","[p(2, 2)_cs(1.0)_ws(0.2)]_[p(5, 2)_cs(0.2)_ws(1.0)]"
1743,plate,pick up,Dispenser_60,Dispenser,60,pick up plate from dispenser,player_e328d13a,baseline_division_of_labor,94d31ca79a37efcb,606.4782494335332,38.53336611907025,4.0,0.0,3.0,0.2,1.0,"(2, 2)","[p(2, 2)_cs(1.0)_ws(0.2)]_[p(5, 2)_cs(0.2)_ws(1.0)]"
1833,plate,put down,Counter_32,Counter,32,put down plate on counter,player_e328d13a,baseline_division_of_labor,94d31ca79a37efcb,645.0133707764637,38.53512134293055,4.0,0.0,3.0,0.2,1.0,"(2, 2)","[p(2, 2)_cs(1.0)_ws(0.2)]_[p(5, 2)_cs(0.2)_ws(1.0)]"
1937,tomato_salad,pick up,Counter_32,Counter,32,pick up tomato_salad from counter,player_e328d13a,baseline_division_of_labor,94d31ca79a37efcb,678.969562925783,33.956192149319236,4.0,0.0,3.0,0.2,1.0,"(2, 2)","[p(2, 2)_cs(1.0)_ws(0.2)]_[p(5, 2)_cs(0.2)_ws(1.0)]"
2002,tomato_salad,deliver,Delivery_63,Delivery,63,deliver tomato_salad,player_e328d13a,baseline_division_of_labor,94d31ca79a37efcb,701.5969799237508,22.627416997967885,5.0,1.0,4.0,0.2,1.0,"(2, 2)","[p(2, 2)_cs(1.0)_ws(0.2)]_[p(5, 2)_cs(0.2)_ws(1.0)]"
2125,plate,pick up,Dispenser_60,Dispenser,60,pick up plate from dispenser,player_e328d13a,baseline_division_of_labor,94d31ca79a37efcb,738.7058553083061,37.10887538455529,5.0,0.0,4.0,0.2,1.0,"(2, 2)","[p(2, 2)_cs(1.0)_ws(0.2)]_[p(5, 2)_cs(0.2)_ws(1.0)]"
