tick,item,action,target,target_type,target_position,action_long,player_id,map_name,game_id,distance_walked,distance_walked_since_last_action,overall_score,player_score_change,player_score,walking_speed,cutting_speed,start_pos,condition
44,tomato,pick up,Dispenser_40,Dispenser,40,pick up tomato from dispenser,player_339ba3bc,baseline_division_of_labor,94d31ca79a37efcb,22.62741699796952,0.0,0.0,0.0,0.0,1.0,0.2,"(5, 2)","[p(2, 2)_cs(1.0)_ws(0.2)]_[p(5, 2)_cs(0.2)_ws(1.0)]"
60,tomato,put down,Counter_32,Counter,32,put down tomato on counter,player_339ba3bc,baseline_division_of_labor,94d31ca79a37efcb,38.62741699796952,16.0,0.0,0.0,0.0,1.0,0.2,"(5, 2)","[p(2, 2)_cs(1.0)_ws(0.2)]_[p(5, 2)_cs(0.2)_ws(1.0)]"
76,tomato,pick up,Dispenser_40,Dispenser,40,pick up tomato from dispenser,player_339ba3bc,baseline_division_of_labor,94d31ca79a37efcb,54.62741699796952,16.0,0.0,0.0,0.0,1.0,0.2,"(5, 2)","[p(2, 2)_cs(1.0)_ws(0.2)]_[p(5, 2)_cs(0.2)_ws(1.0)]"
95,tomato,put down,Counter_33,Counter,33,put down tomato on counter,player_339ba3bc,baseline_division_of_labor,94d31ca79a37efcb,86.62741699796952,32.0,0.0,0.0,0.0,1.0,0.2,"(5, 2)","[p(2, 2)_cs(1.0)_ws(0.2)]_[p(5, 2)_cs(0.2)_ws(1.0)]"
124,tomato,pick up,Dispenser_40,Dispenser,40,pick up tomato from dispenser,player_339ba3bc,baseline_division_of_labor,94d31ca79a37efcb,118.62741699796952,32.0,0.0,0.0,0.0,1.0,0.2,"(5, 2)","[p(2, 2)_cs(1.0)_ws(0.2)]_[p(5, 2)_cs(0.2)_ws(1.0)]"
151,tomato,put down,Counter_34,Counter,34,put down tomato on counter,player_339ba3bc,baseline_division_of_labor,94d31ca79a37efcb,166.62741699796953,48.000000000000014,0.0,0.0,0.0,1.0,0.2,"(5, 2)","[p(2, 2)_cs(1.0)_ws(0.2)]_[p(5, 2)_cs(0.2)_ws(1.0)]"
180,tomato,pick up,Counter_32,Counter,32,pick up tomato from counter,player_339ba3bc,baseline_division_of_labor,94d31ca79a37efcb,198.62741699796953,32.0,0.0,0.0,0.0,1.0,0.2,"(5, 2)","[p(2, 2)_cs(1.0)_ws(0.2)]_[p(5, 2)_cs(0.2)_ws(1.0)]"
204,tomato,start cutting,CuttingBoard_20,CuttingBoard,20,start cutting tomato,player_339ba3bc,baseline_division_of_labor,94d31ca79a37efcb,237.13434372286608,38.506926724896545,0.0,0.0,0.0,1.0,0.2,"(5, 2)","[p(2, 2)_cs(1.0)_ws(0.2)]_[p(5, 2)_cs(0.2)_ws(1.0)]"
226,tomato,pick up,Counter_33,Counter,33,pick up tomato from counter,player_339ba3bc,baseline_division_of_labor,94d31ca79a37efcb,269.1343437228662,32.00000000000014,0.0,0.0,0.0,1.0,0.2,"(5, 2)","[p(2, 2)_cs(1.0)_ws(0.2)]_[p(5, 2)_cs(0.2)_ws(1.0)]"
249,tomato,start cutting,CuttingBoard_10,CuttingBoard,10,start cutting tomato,player_339ba3bc,baseline_division_of_labor,94d31ca79a37efcb,307.54560356289244,38.41125984002622,0.0,0.0,0.0,1.0,0.2,"(5, 2)","[p(2, 2)_cs(1.0)_ws(0.2)]_[p(5, 2)_cs(0.2)_ws(1.0)]"
278,tomato,pick up,Dispenser_40,Dispenser,40,pick up tomato from dispenser,player_339ba3bc,baseline_division_of_labor,94d31ca79a37efcb,355.5456035628929,48.000000000000455,0.0,0.0,0.0,1.0,0.2,"(5, 2)","[p(2, 2)_cs(1.0)_ws(0.2)]_[p(5, 2)_cs(0.2)_ws(1.0)]"
291,tomato,put down,Counter_32,Counter,32,put down tomato on counter,player_339ba3bc,baseline_division_of_labor,94d31ca79a37efcb,371.54560356289295,16.000000000000057,0.0,0.0,0.0,1.0,0.2,"(5, 2)","[p(2, 2)_cs(1.0)_ws(0.2)]_[p(5, 2)_cs(0.2)_ws(1.0)]"
559,tomato_cut,pick up,CuttingBoard_10,CuttingBoard,10,pick up tomato_cut from cuttingboard,player_339ba3bc,baseline_division_of_labor,94d31ca79a37efcb,403.5456035628932,32.00000000000023,0.0,0.0,0.0,1.0,0.2,"(5, 2)","[p(2, 2)_cs(1.0)_ws(0.2)]_[p(5, 2)_cs(0.2)_ws(1.0)]"
584,tomato_cut,assemble salad,Counter_33,Counter,33,assemble salad,player_339ba3bc,baseline_division_of_labor,94d31ca79a37efcb,441.9568634029194,38.41125984002622,0.0,0.0,0.0,1.0,0.2,"(5, 2)","[p(2, 2)_cs(1.0)_ws(0.2)]_[p(5, 2)_cs(0.2)_ws(1.0)]"
749,plate,pick up,Dispenser_60,Dispenser,60,pick up plate from dispenser,player_339ba3bc,baseline_division_of_labor,94d31ca79a37efcb,537.9568634029199,96.00000000000051,0.0,0.0,0.0,1.0,0.2,"(5, 2)","[p(2, 2)_cs(1.0)_ws(0.2)]_[p(5, 2)_cs(0.2)_ws(1.0)]"
770,plate,put down,Counter_32,Counter,32,put down plate on counter,player_339ba3bc,baseline_division_of_labor,94d31ca79a37efcb,576.3639260696847,38.40706266676477,0.0,0.0,0.0,1.0,0.2,"(5, 2)","[p(2, 2)_cs(1.0)_ws(0.2)]_[p(5, 2)_cs(0.2)_ws(1.0)]"
808,tomato_salad,pick up,Counter_33,Counter,33,pick up tomato_salad from counter,player_339ba3bc,baseline_division_of_labor,94d31ca79a37efcb,592.3639260696848,16.000000000000114,0.0,0.0,0.0,1.0,0.2,"(5, 2)","[p(2, 2)_cs(1.0)_ws(0.2)]_[p(5, 2)_cs(0.2)_ws(1.0)]"
821,tomato_salad,deliver,Delivery_63,Delivery,63,deliver tomato_salad,player_339ba3bc,baseline_division_of_labor,94d31ca79a37efcb,608.3639260696848,16.0,1.0,1.0,1.0,1.0,0.2,"(5, 2)","[p(2, 2)_cs(1.0)_ws(0.2)]_[p(5, 2)_cs(0.2)_ws(1.0)]"
857,plate,pick up,Dispenser_60,Dispenser,60,pick up plate from dispenser,player_339ba3bc,baseline_division_of_labor,94d31ca79a37efcb,646.775185909711,38.41125984002622,1.0,0.0,1.0,1.0,0.2,"(5, 2)","[p(2, 2)_cs(1.0)_ws(0.2)]_[p(5, 2)_cs(0.2)_ws(1.0)]"
886,plate,put down,Counter_33,Counter,33,put down plate on counter,player_339ba3bc,baseline_division_of_labor,94d31ca79a37efcb,692.0300199056506,45.254833995939634,1.0,0.0,1.0,1.0,0.2,"(5, 2)","[p(2, 2)_cs(1.0)_ws(0.2)]_[p(5, 2)_cs(0.2)_ws(1.0)]"
1018,tomato_cut,pick up,CuttingBoard_20,CuttingBoard,20,pick up tomato_cut from cuttingboard,player_339ba3bc,baseline_division_of_labor,94d31ca79a37efcb,810.1984067342844,118.16838682863374,1.0,0.0,1.0,1.0,0.2,"(5, 2)","[p(2, 2)_cs(1.0)_ws(0.2)]_[p(5, 2)_cs(0.2)_ws(1.0)]"
1041,tomato_cut,assemble salad,Counter_33,Counter,33,assemble salad,player_339ba3bc,baseline_division_of_labor,94d31ca79a37efcb,842.1984067342847,32.00000000000034,2.0,0.0,1.0,1.0,0.2,"(5, 2)","[p(2, 2)_cs(1.0)_ws(0.2)]_[p(5, 2)_cs(0.2)_ws(1.0)]"
1057,tomato,pick up,Counter_34,Counter,34,pick up tomato from counter,player_339ba3bc,baseline_division_of_labor,94d31ca79a37efcb,858.1984067342848,16.000000000000114,2.0,0.0,1.0,1.0,0.2,"(5, 2)","[p(2, 2)_cs(1.0)_ws(0.2)]_[p(5, 2)_cs(0.2)_ws(1.0)]"
1084,tomato,start cutting,CuttingBoard_20,CuttingBoard,20,start cutting tomato,player_339ba3bc,baseline_division_of_labor,94d31ca79a37efcb,906.1984067342853,48.000000000000455,2.0,0.0,1.0,1.0,0.2,"(5, 2)","[p(2, 2)_cs(1.0)_ws(0.2)]_[p(5, 2)_cs(0.2)_ws(1.0)]"
1285,tomato_cut,pick up,CuttingBoard_20,CuttingBoard,20,pick up tomato_cut from cuttingboard,player_339ba3bc,baseline_division_of_labor,94d31ca79a37efcb,906.1984067342853,0.0,3.0,0.0,1.0,1.0,0.2,"(5, 2)","[p(2, 2)_cs(1.0)_ws(0.2)]_[p(5, 2)_cs(0.2)_ws(1.0)]"
1338,tomato_cut,assemble salad,Counter_32,Counter,32,assemble salad,player_339ba3bc,baseline_division_of_labor,94d31ca79a37efcb,922.1984067342855,16.000000000000227,3.0,0.0,1.0,1.0,0.2,"(5, 2)","[p(2, 2)_cs(1.0)_ws(0.2)]_[p(5, 2)_cs(0.2)_ws(1.0)]"
1355,tomato,pick up,Dispenser_40,Dispenser,40,pick up tomato from dispenser,player_339ba3bc,baseline_division_of_labor,94d31ca79a37efcb,938.1984067342856,16.000000000000114,3.0,0.0,1.0,1.0,0.2,"(5, 2)","[p(2, 2)_cs(1.0)_ws(0.2)]_[p(5, 2)_cs(0.2)_ws(1.0)]"
1379,tomato,start cutting,CuttingBoard_20,CuttingBoard,20,start cutting tomato,player_339ba3bc,baseline_division_of_labor,94d31ca79a37efcb,970.1984067342859,32.00000000000023,3.0,0.0,1.0,1.0,0.2,"(5, 2)","[p(2, 2)_cs(1.0)_ws(0.2)]_[p(5, 2)_cs(0.2)_ws(1.0)]"
1585,tomato,pick up,Dispenser_40,Dispenser,40,pick up tomato from dispenser,player_339ba3bc,baseline_division_of_labor,94d31ca79a37efcb,1002.1984067342861,32.00000000000023,3.0,0.0,1.0,1.0,0.2,"(5, 2)","[p(2, 2)_cs(1.0)_ws(0.2)]_[p(5, 2)_cs(0.2)_ws(1.0)]"
1614,tomato,start cutting,CuttingBoard_10,CuttingBoard,10,start cutting tomato,player_339ba3bc,baseline_division_of_labor,94d31ca79a37efcb,1050.1984067342853,47.999999999999204,3.0,0.0,1.0,1.0,0.2,"(5, 2)","[p(2, 2)_cs(1.0)_ws(0.2)]_[p(5, 2)_cs(0.2)_ws(1.0)]"
1811,tomato_cut,pick up,CuttingBoard_20,CuttingBoard,20,pick up tomato_cut from cuttingboard,player_339ba3bc,baseline_division_of_labor,94d31ca79a37efcb,1066.1984067342848,15.999999999999545,4.0,0.0,1.0,1.0,0.2,"(5, 2)","[p(2, 2)_cs(1.0)_ws(0.2)]_[p(5, 2)_cs(0.2)_ws(1.0)]"
1850,tomato_cut,assemble salad,Counter_32,Counter,32,assemble salad,player_339ba3bc,baseline_division_of_labor,94d31ca79a37efcb,1082.1984067342844,15.999999999999545,4.0,0.0,1.0,1.0,0.2,"(5, 2)","[p(2, 2)_cs(1.0)_ws(0.2)]_[p(5, 2)_cs(0.2)_ws(1.0)]"
1875,tomato,pick up,Counter_33,Counter,33,pick up tomato from counter,player_339ba3bc,baseline_division_of_labor,94d31ca79a37efcb,1120.7053334591806,38.506926724896175,4.0,0.0,1.0,1.0,0.2,"(5, 2)","[p(2, 2)_cs(1.0)_ws(0.2)]_[p(5, 2)_cs(0.2)_ws(1.0)]"
1896,tomato,start cutting,CuttingBoard_20,CuttingBoard,20,start cutting tomato,player_339ba3bc,baseline_division_of_labor,94d31ca79a37efcb,1152.7053334591797,31.99999999999909,4.0,0.0,1.0,1.0,0.2,"(5, 2)","[p(2, 2)_cs(1.0)_ws(0.2)]_[p(5, 2)_cs(0.2)_ws(1.0)]"
1918,tomato,pick up,Dispenser_40,Dispenser,40,pick up tomato from dispenser,player_339ba3bc,baseline_division_of_labor,94d31ca79a37efcb,1184.7053334591787,31.99999999999909,4.0,0.0,1.0,1.0,0.2,"(5, 2)","[p(2, 2)_cs(1.0)_ws(0.2)]_[p(5, 2)_cs(0.2)_ws(1.0)]"
1947,tomato,put down,Counter_01,Counter,01,put down tomato on counter,player_339ba3bc,baseline_division_of_labor,94d31ca79a37efcb,1232.7053334591772,47.99999999999841,4.0,0.0,1.0,1.0,0.2,"(5, 2)","[p(2, 2)_cs(1.0)_ws(0.2)]_[p(5, 2)_cs(0.2)_ws(1.0)]"
1974,tomato,pick up,Dispenser_40,Dispenser,40,pick up tomato from dispenser,player_339ba3bc,baseline_division_of_labor,94d31ca79a37efcb,1280.7053334591756,47.99999999999841,4.0,0.0,1.0,1.0,0.2,"(5, 2)","[p(2, 2)_cs(1.0)_ws(0.2)]_[p(5, 2)_cs(0.2)_ws(1.0)]"
2001,tomato,put down,Counter_02,Counter,02,put down tomato on counter,player_339ba3bc,baseline_division_of_labor,94d31ca79a37efcb,1335.124705102423,54.41937164324736,4.0,0.0,1.0,1.0,0.2,"(5, 2)","[p(2, 2)_cs(1.0)_ws(0.2)]_[p(5, 2)_cs(0.2)_ws(1.0)]"
