tick,item,action,target,target_type,target_position,action_long,player_id,map_name,game_id,distance_walked,distance_walked_since_last_action,overall_score,player_score_change,player_score,walking_speed,cutting_speed,start_pos,condition,source,last_touched,touched_list,tomato_history,plate_history,is_exchange_collaboration
61,tomato,pick up,Dispenser_40,Dispenser,40,pick up tomato from dispenser,player_31cf389e,baseline_division_of_labor,e43534fef1b60c6f,22.62741699796952,0.0,0.0,0.0,0.0,1.0,1.0,"(5, 2)","[p(2, 2)_cs(1.0)_ws(1.0)]_[p(5, 2)_cs(1.0)_ws(1.0)]",player_31cf389e_actions,,[],,,
80,tomato,pick up,Dispenser_40,Dispenser,40,pick up tomato from dispenser,player_557ff309,baseline_division_of_labor,e43534fef1b60c6f,38.50692672489653,0.0,0.0,0.0,0.0,1.0,1.0,"(2, 2)","[p(2, 2)_cs(1.0)_ws(1.0)]_[p(5, 2)_cs(1.0)_ws(1.0)]",player_557ff309_actions,,[],,,
89,tomato,start cutting,CuttingBoard_20,CuttingBoard,20,start cutting tomato,player_31cf389e,baseline_division_of_labor,e43534fef1b60c6f,54.62741699796952,32.0,0.0,0.0,0.0,1.0,1.0,"(5, 2)","[p(2, 2)_cs(1.0)_ws(1.0)]_[p(5, 2)_cs(1.0)_ws(1.0)]",player_31cf389e_actions,player_31cf389e,['player_31cf389e'],,,
109,tomato,put down,Counter_33,Counter,33,put down tomato on counter,player_557ff309,baseline_division_of_labor,e43534fef1b60c6f,70.50692672489653,32.0,0.0,0.0,0.0,1.0,1.0,"(2, 2)","[p(2, 2)_cs(1.0)_ws(1.0)]_[p(5, 2)_cs(1.0)_ws(1.0)]",player_557ff309_actions,player_557ff309,['player_557ff309'],,,
117,tomato,pick up,Dispenser_40,Dispenser,40,pick up tomato from dispenser,player_31cf389e,baseline_division_of_labor,e43534fef1b60c6f,86.62741699796952,32.0,0.0,0.0,0.0,1.0,1.0,"(5, 2)","[p(2, 2)_cs(1.0)_ws(1.0)]_[p(5, 2)_cs(1.0)_ws(1.0)]",player_31cf389e_actions,,[],,,
139,plate,pick up,Dispenser_71,Dispenser,71,pick up plate from dispenser,player_557ff309,baseline_division_of_labor,e43534fef1b60c6f,115.76176072083554,45.25483399593901,0.0,0.0,0.0,1.0,1.0,"(2, 2)","[p(2, 2)_cs(1.0)_ws(1.0)]_[p(5, 2)_cs(1.0)_ws(1.0)]",player_557ff309_actions,,[],,,
156,tomato,start cutting,CuttingBoard_10,CuttingBoard,10,start cutting tomato,player_31cf389e,baseline_division_of_labor,e43534fef1b60c6f,134.6274169979695,47.999999999999986,0.0,0.0,0.0,1.0,1.0,"(5, 2)","[p(2, 2)_cs(1.0)_ws(1.0)]_[p(5, 2)_cs(1.0)_ws(1.0)]",player_31cf389e_actions,player_31cf389e,['player_31cf389e'],,,
167,plate,put down,Counter_32,Counter,32,put down plate on counter,player_557ff309,baseline_division_of_labor,e43534fef1b60c6f,154.1688233876005,38.40706266676496,0.0,0.0,0.0,1.0,1.0,"(2, 2)","[p(2, 2)_cs(1.0)_ws(1.0)]_[p(5, 2)_cs(1.0)_ws(1.0)]",player_557ff309_actions,player_557ff309,['player_557ff309'],,,
195,plate,pick up,Dispenser_71,Dispenser,71,pick up plate from dispenser,player_557ff309,baseline_division_of_labor,e43534fef1b60c6f,192.57588605436544,38.40706266676494,0.0,0.0,0.0,1.0,1.0,"(2, 2)","[p(2, 2)_cs(1.0)_ws(1.0)]_[p(5, 2)_cs(1.0)_ws(1.0)]",player_557ff309_actions,,[],,,
233,plate,put down,Counter_34,Counter,34,put down plate on counter,player_557ff309,baseline_division_of_labor,e43534fef1b60c6f,253.4920729569037,60.91618690253827,0.0,0.0,0.0,1.0,1.0,"(2, 2)","[p(2, 2)_cs(1.0)_ws(1.0)]_[p(5, 2)_cs(1.0)_ws(1.0)]",player_557ff309_actions,player_557ff309,['player_557ff309'],,,
271,plate,pick up,Dispenser_60,Dispenser,60,pick up plate from dispenser,player_31cf389e,baseline_division_of_labor,e43534fef1b60c6f,304.6274169979673,169.9999999999978,0.0,0.0,0.0,1.0,1.0,"(5, 2)","[p(2, 2)_cs(1.0)_ws(1.0)]_[p(5, 2)_cs(1.0)_ws(1.0)]",player_31cf389e_actions,,[],,,
289,plate,pick up,Counter_32,Counter,32,pick up plate from counter,player_557ff309,baseline_division_of_labor,e43534fef1b60c6f,339.68239461851243,86.19032166160872,0.0,0.0,0.0,1.0,1.0,"(2, 2)","[p(2, 2)_cs(1.0)_ws(1.0)]_[p(5, 2)_cs(1.0)_ws(1.0)]",player_557ff309_actions,player_557ff309,['player_557ff309'],,,False
314,plate,put down,Counter_32,Counter,32,put down plate on counter,player_557ff309,baseline_division_of_labor,e43534fef1b60c6f,371.6823946185126,32.00000000000017,0.0,0.0,0.0,1.0,1.0,"(2, 2)","[p(2, 2)_cs(1.0)_ws(1.0)]_[p(5, 2)_cs(1.0)_ws(1.0)]",player_557ff309_actions,player_557ff309,"['player_557ff309', 'player_557ff309']",,,
327,plate,put down,Counter_01,Counter,1,put down plate on counter,player_31cf389e,baseline_division_of_labor,e43534fef1b60c6f,384.62741699796777,80.00000000000045,0.0,0.0,0.0,1.0,1.0,"(5, 2)","[p(2, 2)_cs(1.0)_ws(1.0)]_[p(5, 2)_cs(1.0)_ws(1.0)]",player_31cf389e_actions,player_31cf389e,['player_31cf389e'],,,
359,plate,pick up,Counter_01,Counter,1,pick up plate from counter,player_31cf389e,baseline_division_of_labor,e43534fef1b60c6f,384.62741699796777,0.0,0.0,0.0,0.0,1.0,1.0,"(5, 2)","[p(2, 2)_cs(1.0)_ws(1.0)]_[p(5, 2)_cs(1.0)_ws(1.0)]",player_31cf389e_actions,player_31cf389e,['player_31cf389e'],,,False
369,tomato_cut,pick up,CuttingBoard_20,CuttingBoard,20,pick up tomato_cut from cuttingboard,player_557ff309,baseline_division_of_labor,e43534fef1b60c6f,387.6823946185128,16.00000000000017,0.0,0.0,0.0,1.0,1.0,"(2, 2)","[p(2, 2)_cs(1.0)_ws(1.0)]_[p(5, 2)_cs(1.0)_ws(1.0)]",player_557ff309_actions,player_31cf389e,['player_31cf389e'],,,True
385,plate,put down,Counter_01,Counter,1,put down plate on counter,player_31cf389e,baseline_division_of_labor,e43534fef1b60c6f,384.62741699796777,0.0,0.0,0.0,0.0,1.0,1.0,"(5, 2)","[p(2, 2)_cs(1.0)_ws(1.0)]_[p(5, 2)_cs(1.0)_ws(1.0)]",player_31cf389e_actions,player_31cf389e,"['player_31cf389e', 'player_31cf389e']",,,
391,tomato_cut,assemble salad,Counter_32,Counter,32,assemble salad,player_557ff309,baseline_division_of_labor,e43534fef1b60c6f,403.6823946185129,16.000000000000114,0.0,0.0,0.0,1.0,1.0,"(2, 2)","[p(2, 2)_cs(1.0)_ws(1.0)]_[p(5, 2)_cs(1.0)_ws(1.0)]",player_557ff309_actions,player_557ff309,['player_557ff309'],"['player_31cf389e', 'player_557ff309']","['player_557ff309', 'player_557ff309']",False
404,tomato_salad,pick up,Counter_32,Counter,32,pick up tomato_salad from counter,player_557ff309,baseline_division_of_labor,e43534fef1b60c6f,403.6823946185129,0.0,0.0,0.0,0.0,1.0,1.0,"(2, 2)","[p(2, 2)_cs(1.0)_ws(1.0)]_[p(5, 2)_cs(1.0)_ws(1.0)]",player_557ff309_actions,player_557ff309,['player_557ff309'],"['player_31cf389e', 'player_557ff309']","['player_557ff309', 'player_557ff309']",False
411,plate,pick up,Counter_01,Counter,1,pick up plate from counter,player_31cf389e,baseline_division_of_labor,e43534fef1b60c6f,384.62741699796777,0.0,0.0,0.0,0.0,1.0,1.0,"(5, 2)","[p(2, 2)_cs(1.0)_ws(1.0)]_[p(5, 2)_cs(1.0)_ws(1.0)]",player_31cf389e_actions,player_31cf389e,"['player_31cf389e', 'player_31cf389e']",,,False
430,tomato_salad,deliver,Delivery_63,Delivery,63,deliver tomato_salad,player_557ff309,baseline_division_of_labor,e43534fef1b60c6f,448.9372286144518,45.254833995938895,1.0,1.0,1.0,1.0,1.0,"(2, 2)","[p(2, 2)_cs(1.0)_ws(1.0)]_[p(5, 2)_cs(1.0)_ws(1.0)]",player_557ff309_actions,player_557ff309,"['player_557ff309', 'player_557ff309']","['player_31cf389e', 'player_557ff309']","['player_557ff309', 'player_557ff309']",
431,plate,put down,CuttingBoard_10,CuttingBoard,10,put down plate on cuttingboard,player_31cf389e,baseline_division_of_labor,e43534fef1b60c6f,384.62741699796777,0.0,1.0,0.0,0.0,1.0,1.0,"(5, 2)","[p(2, 2)_cs(1.0)_ws(1.0)]_[p(5, 2)_cs(1.0)_ws(1.0)]",player_31cf389e_actions,player_31cf389e,"['player_31cf389e', 'player_31cf389e', 'player_31cf389e']",,,
431,tomato_cut,pick up,CuttingBoard_10,CuttingBoard,10,pick up tomato_cut from cuttingboard,player_31cf389e,baseline_division_of_labor,e43534fef1b60c6f,384.62741699796777,0.0,1.0,0.0,0.0,1.0,1.0,"(5, 2)","[p(2, 2)_cs(1.0)_ws(1.0)]_[p(5, 2)_cs(1.0)_ws(1.0)]",player_31cf389e_actions,player_31cf389e,"['player_31cf389e', 'player_31cf389e', 'player_31cf389e']",,,False
464,tomato_cut,put down,Counter_32,Counter,32,put down tomato_cut on counter,player_31cf389e,baseline_division_of_labor,e43534fef1b60c6f,407.2548339959373,22.627416997969476,1.0,0.0,0.0,1.0,1.0,"(5, 2)","[p(2, 2)_cs(1.0)_ws(1.0)]_[p(5, 2)_cs(1.0)_ws(1.0)]",player_31cf389e_actions,player_31cf389e,"['player_31cf389e', 'player_31cf389e', 'player_31cf389e', 'player_31cf389e']",,,
468,plate,pick up,Dispenser_71,Dispenser,71,pick up plate from dispenser,player_557ff309,baseline_division_of_labor,e43534fef1b60c6f,487.34848845447794,38.41125984002616,1.0,0.0,1.0,1.0,1.0,"(2, 2)","[p(2, 2)_cs(1.0)_ws(1.0)]_[p(5, 2)_cs(1.0)_ws(1.0)]",player_557ff309_actions,,[],,,
518,plate,pick up,Dispenser_60,Dispenser,60,pick up plate from dispenser,player_31cf389e,baseline_division_of_labor,e43534fef1b60c6f,477.7617062694559,70.50687227351864,1.0,0.0,0.0,1.0,1.0,"(5, 2)","[p(2, 2)_cs(1.0)_ws(1.0)]_[p(5, 2)_cs(1.0)_ws(1.0)]",player_31cf389e_actions,,[],,,
519,plate,put down,Counter_35,Counter,35,put down plate on counter,player_557ff309,baseline_division_of_labor,e43534fef1b60c6f,564.2825928850478,76.9341044305699,1.0,0.0,1.0,1.0,1.0,"(2, 2)","[p(2, 2)_cs(1.0)_ws(1.0)]_[p(5, 2)_cs(1.0)_ws(1.0)]",player_557ff309_actions,player_557ff309,['player_557ff309'],,,
550,tomato_cut,pick up,Counter_32,Counter,32,pick up tomato_cut from counter,player_557ff309,baseline_division_of_labor,e43534fef1b60c6f,612.2825928850481,48.00000000000023,1.0,0.0,1.0,1.0,1.0,"(2, 2)","[p(2, 2)_cs(1.0)_ws(1.0)]_[p(5, 2)_cs(1.0)_ws(1.0)]",player_557ff309_actions,player_31cf389e,"['player_31cf389e', 'player_31cf389e', 'player_31cf389e', 'player_31cf389e']",,,True
571,plate,put down,Counter_01,Counter,1,put down plate on counter,player_31cf389e,baseline_division_of_labor,e43534fef1b60c6f,579.9770786505275,102.21537238107156,1.0,0.0,0.0,1.0,1.0,"(5, 2)","[p(2, 2)_cs(1.0)_ws(1.0)]_[p(5, 2)_cs(1.0)_ws(1.0)]",player_31cf389e_actions,player_31cf389e,['player_31cf389e'],,,
573,tomato_cut,assemble salad,Counter_34,Counter,34,assemble salad,player_557ff309,baseline_division_of_labor,e43534fef1b60c6f,644.2825928850483,32.00000000000023,1.0,0.0,1.0,1.0,1.0,"(2, 2)","[p(2, 2)_cs(1.0)_ws(1.0)]_[p(5, 2)_cs(1.0)_ws(1.0)]",player_557ff309_actions,player_557ff309,['player_557ff309'],"['player_31cf389e', 'player_31cf389e', 'player_31cf389e', 'player_31cf389e', 'player_557ff309']",['player_557ff309'],False
586,tomato_salad,pick up,Counter_34,Counter,34,pick up tomato_salad from counter,player_557ff309,baseline_division_of_labor,e43534fef1b60c6f,644.2825928850483,0.0,1.0,0.0,1.0,1.0,1.0,"(2, 2)","[p(2, 2)_cs(1.0)_ws(1.0)]_[p(5, 2)_cs(1.0)_ws(1.0)]",player_557ff309_actions,player_557ff309,['player_557ff309'],"['player_31cf389e', 'player_31cf389e', 'player_31cf389e', 'player_31cf389e', 'player_557ff309']",['player_557ff309'],False
610,tomato_salad,deliver,Delivery_63,Delivery,63,deliver tomato_salad,player_557ff309,baseline_division_of_labor,e43534fef1b60c6f,666.9100098830181,22.627416997969817,2.0,1.0,2.0,1.0,1.0,"(2, 2)","[p(2, 2)_cs(1.0)_ws(1.0)]_[p(5, 2)_cs(1.0)_ws(1.0)]",player_557ff309_actions,player_557ff309,"['player_557ff309', 'player_557ff309']","['player_31cf389e', 'player_31cf389e', 'player_31cf389e', 'player_31cf389e', 'player_557ff309']",['player_557ff309'],
617,tomato,pick up,Dispenser_40,Dispenser,40,pick up tomato from dispenser,player_31cf389e,baseline_division_of_labor,e43534fef1b60c6f,627.9770786505279,48.000000000000455,2.0,0.0,0.0,1.0,1.0,"(5, 2)","[p(2, 2)_cs(1.0)_ws(1.0)]_[p(5, 2)_cs(1.0)_ws(1.0)]",player_31cf389e_actions,,[],,,
642,tomato,pick up,Counter_33,Counter,33,pick up tomato from counter,player_557ff309,baseline_division_of_labor,e43534fef1b60c6f,682.9100098830181,16.0,2.0,0.0,2.0,1.0,1.0,"(2, 2)","[p(2, 2)_cs(1.0)_ws(1.0)]_[p(5, 2)_cs(1.0)_ws(1.0)]",player_557ff309_actions,player_557ff309,['player_557ff309'],,,False
651,tomato,start cutting,CuttingBoard_10,CuttingBoard,10,start cutting tomato,player_31cf389e,baseline_division_of_labor,e43534fef1b60c6f,675.9770786505284,48.000000000000455,2.0,0.0,0.0,1.0,1.0,"(5, 2)","[p(2, 2)_cs(1.0)_ws(1.0)]_[p(5, 2)_cs(1.0)_ws(1.0)]",player_31cf389e_actions,player_31cf389e,['player_31cf389e'],,,
677,tomato,start cutting,CuttingBoard_20,CuttingBoard,20,start cutting tomato,player_557ff309,baseline_division_of_labor,e43534fef1b60c6f,737.0783967116513,54.168386828633174,2.0,0.0,2.0,1.0,1.0,"(2, 2)","[p(2, 2)_cs(1.0)_ws(1.0)]_[p(5, 2)_cs(1.0)_ws(1.0)]",player_557ff309_actions,player_557ff309,"['player_557ff309', 'player_557ff309']",,,
691,tomato_cut,pick up,CuttingBoard_10,CuttingBoard,10,pick up tomato_cut from cuttingboard,player_31cf389e,baseline_division_of_labor,e43534fef1b60c6f,675.9770786505284,0.0,2.0,0.0,0.0,1.0,1.0,"(5, 2)","[p(2, 2)_cs(1.0)_ws(1.0)]_[p(5, 2)_cs(1.0)_ws(1.0)]",player_31cf389e_actions,player_31cf389e,['player_31cf389e'],,,False
712,tomato_cut,assemble salad,Counter_01,Counter,1,assemble salad,player_31cf389e,baseline_division_of_labor,e43534fef1b60c6f,675.9770786505284,0.0,2.0,0.0,0.0,1.0,1.0,"(5, 2)","[p(2, 2)_cs(1.0)_ws(1.0)]_[p(5, 2)_cs(1.0)_ws(1.0)]",player_31cf389e_actions,player_31cf389e,['player_31cf389e'],"['player_31cf389e', 'player_31cf389e']",['player_31cf389e'],False
726,tomato_salad,pick up,Counter_01,Counter,1,pick up tomato_salad from counter,player_31cf389e,baseline_division_of_labor,e43534fef1b60c6f,675.9770786505284,0.0,2.0,0.0,0.0,1.0,1.0,"(5, 2)","[p(2, 2)_cs(1.0)_ws(1.0)]_[p(5, 2)_cs(1.0)_ws(1.0)]",player_31cf389e_actions,player_31cf389e,['player_31cf389e'],"['player_31cf389e', 'player_31cf389e']",['player_31cf389e'],False
730,tomato_cut,pick up,CuttingBoard_20,CuttingBoard,20,pick up tomato_cut from cuttingboard,player_557ff309,baseline_division_of_labor,e43534fef1b60c6f,737.0783967116513,0.0,2.0,0.0,2.0,1.0,1.0,"(2, 2)","[p(2, 2)_cs(1.0)_ws(1.0)]_[p(5, 2)_cs(1.0)_ws(1.0)]",player_557ff309_actions,player_557ff309,"['player_557ff309', 'player_557ff309']",,,False
771,tomato_salad,deliver,Delivery_63,Delivery,63,deliver tomato_salad,player_31cf389e,baseline_division_of_labor,e43534fef1b60c6f,753.034241806647,77.05716315611858,3.0,1.0,1.0,1.0,1.0,"(5, 2)","[p(2, 2)_cs(1.0)_ws(1.0)]_[p(5, 2)_cs(1.0)_ws(1.0)]",player_31cf389e_actions,player_31cf389e,"['player_31cf389e', 'player_31cf389e']","['player_31cf389e', 'player_31cf389e']",['player_31cf389e'],
772,tomato_cut,assemble salad,Counter_35,Counter,35,assemble salad,player_557ff309,baseline_division_of_labor,e43534fef1b60c6f,801.0783967116517,64.00000000000045,3.0,0.0,2.0,1.0,1.0,"(2, 2)","[p(2, 2)_cs(1.0)_ws(1.0)]_[p(5, 2)_cs(1.0)_ws(1.0)]",player_557ff309_actions,player_557ff309,['player_557ff309'],"['player_557ff309', 'player_557ff309', 'player_557ff309']",['player_557ff309'],False
782,tomato_salad,pick up,Counter_35,Counter,35,pick up tomato_salad from counter,player_557ff309,baseline_division_of_labor,e43534fef1b60c6f,801.0783967116517,0.0,3.0,0.0,2.0,1.0,1.0,"(2, 2)","[p(2, 2)_cs(1.0)_ws(1.0)]_[p(5, 2)_cs(1.0)_ws(1.0)]",player_557ff309_actions,player_557ff309,['player_557ff309'],"['player_557ff309', 'player_557ff309', 'player_557ff309']",['player_557ff309'],False
809,tomato,pick up,Dispenser_40,Dispenser,40,pick up tomato from dispenser,player_31cf389e,baseline_division_of_labor,e43534fef1b60c6f,791.4455016466732,38.41125984002622,3.0,0.0,1.0,1.0,1.0,"(5, 2)","[p(2, 2)_cs(1.0)_ws(1.0)]_[p(5, 2)_cs(1.0)_ws(1.0)]",player_31cf389e_actions,,[],,,
822,tomato_salad,deliver,Delivery_64,Delivery,64,deliver tomato_salad,player_557ff309,baseline_division_of_labor,e43534fef1b60c6f,868.5415079742838,67.46311126263208,4.0,1.0,3.0,1.0,1.0,"(2, 2)","[p(2, 2)_cs(1.0)_ws(1.0)]_[p(5, 2)_cs(1.0)_ws(1.0)]",player_557ff309_actions,player_557ff309,"['player_557ff309', 'player_557ff309']","['player_557ff309', 'player_557ff309', 'player_557ff309']",['player_557ff309'],
834,tomato,start cutting,CuttingBoard_20,CuttingBoard,20,start cutting tomato,player_31cf389e,baseline_division_of_labor,e43534fef1b60c6f,823.4455016466734,32.00000000000023,4.0,0.0,1.0,1.0,1.0,"(5, 2)","[p(2, 2)_cs(1.0)_ws(1.0)]_[p(5, 2)_cs(1.0)_ws(1.0)]",player_31cf389e_actions,player_31cf389e,['player_31cf389e'],,,
860,plate,pick up,Dispenser_60,Dispenser,60,pick up plate from dispenser,player_557ff309,baseline_division_of_labor,e43534fef1b60c6f,922.9608796175328,54.41937164324895,4.0,0.0,3.0,1.0,1.0,"(2, 2)","[p(2, 2)_cs(1.0)_ws(1.0)]_[p(5, 2)_cs(1.0)_ws(1.0)]",player_557ff309_actions,,[],,,
872,plate,pick up,Dispenser_60,Dispenser,60,pick up plate from dispenser,player_31cf389e,baseline_division_of_labor,e43534fef1b60c6f,887.4455016466736,64.00000000000023,4.0,0.0,1.0,1.0,1.0,"(5, 2)","[p(2, 2)_cs(1.0)_ws(1.0)]_[p(5, 2)_cs(1.0)_ws(1.0)]",player_31cf389e_actions,,[],,,
888,plate,put down,Counter_32,Counter,32,put down plate on counter,player_557ff309,baseline_division_of_labor,e43534fef1b60c6f,961.3679422842976,38.40706266676477,4.0,0.0,3.0,1.0,1.0,"(2, 2)","[p(2, 2)_cs(1.0)_ws(1.0)]_[p(5, 2)_cs(1.0)_ws(1.0)]",player_557ff309_actions,player_557ff309,['player_557ff309'],,,
926,plate,put down,Counter_01,Counter,1,put down plate on counter,player_31cf389e,baseline_division_of_labor,e43534fef1b60c6f,967.445501646674,80.00000000000045,4.0,0.0,1.0,1.0,1.0,"(5, 2)","[p(2, 2)_cs(1.0)_ws(1.0)]_[p(5, 2)_cs(1.0)_ws(1.0)]",player_31cf389e_actions,player_31cf389e,['player_31cf389e'],,,
944,plate,pick up,Dispenser_71,Dispenser,71,pick up plate from dispenser,player_557ff309,baseline_division_of_labor,e43534fef1b60c6f,1022.6227762802372,61.25483399593975,4.0,0.0,3.0,1.0,1.0,"(2, 2)","[p(2, 2)_cs(1.0)_ws(1.0)]_[p(5, 2)_cs(1.0)_ws(1.0)]",player_557ff309_actions,,[],,,
978,plate,put down,Counter_33,Counter,33,put down plate on counter,player_557ff309,baseline_division_of_labor,e43534fef1b60c6f,1067.8776102761751,45.254833995937815,4.0,0.0,3.0,1.0,1.0,"(2, 2)","[p(2, 2)_cs(1.0)_ws(1.0)]_[p(5, 2)_cs(1.0)_ws(1.0)]",player_557ff309_actions,player_557ff309,['player_557ff309'],,,
997,tomato_cut,pick up,CuttingBoard_20,CuttingBoard,20,pick up tomato_cut from cuttingboard,player_31cf389e,baseline_division_of_labor,e43534fef1b60c6f,983.4455016466744,16.000000000000227,4.0,0.0,1.0,1.0,1.0,"(5, 2)","[p(2, 2)_cs(1.0)_ws(1.0)]_[p(5, 2)_cs(1.0)_ws(1.0)]",player_31cf389e_actions,player_31cf389e,['player_31cf389e'],,,False
1004,tomato,pick up,Dispenser_40,Dispenser,40,pick up tomato from dispenser,player_557ff309,baseline_division_of_labor,e43534fef1b60c6f,1099.877610276174,31.999999999998863,4.0,0.0,3.0,1.0,1.0,"(2, 2)","[p(2, 2)_cs(1.0)_ws(1.0)]_[p(5, 2)_cs(1.0)_ws(1.0)]",player_557ff309_actions,,[],,,
1028,tomato_cut,assemble salad,Counter_01,Counter,1,assemble salad,player_31cf389e,baseline_division_of_labor,e43534fef1b60c6f,999.4455016466744,16.000000000000227,4.0,0.0,1.0,1.0,1.0,"(5, 2)","[p(2, 2)_cs(1.0)_ws(1.0)]_[p(5, 2)_cs(1.0)_ws(1.0)]",player_31cf389e_actions,player_31cf389e,['player_31cf389e'],"['player_31cf389e', 'player_31cf389e']",['player_31cf389e'],False
1032,tomato,start cutting,CuttingBoard_20,CuttingBoard,20,start cutting tomato,player_557ff309,baseline_division_of_labor,e43534fef1b60c6f,1131.877610276173,31.99999999999909,4.0,0.0,3.0,1.0,1.0,"(2, 2)","[p(2, 2)_cs(1.0)_ws(1.0)]_[p(5, 2)_cs(1.0)_ws(1.0)]",player_557ff309_actions,player_557ff309,['player_557ff309'],,,
1046,tomato_salad,pick up,Counter_01,Counter,1,pick up tomato_salad from counter,player_31cf389e,baseline_division_of_labor,e43534fef1b60c6f,999.4455016466744,0.0,4.0,0.0,1.0,1.0,1.0,"(5, 2)","[p(2, 2)_cs(1.0)_ws(1.0)]_[p(5, 2)_cs(1.0)_ws(1.0)]",player_31cf389e_actions,player_31cf389e,['player_31cf389e'],"['player_31cf389e', 'player_31cf389e']",['player_31cf389e'],False
1087,tomato_cut,pick up,CuttingBoard_20,CuttingBoard,20,pick up tomato_cut from cuttingboard,player_557ff309,baseline_division_of_labor,e43534fef1b60c6f,1131.877610276173,0.0,4.0,0.0,3.0,1.0,1.0,"(2, 2)","[p(2, 2)_cs(1.0)_ws(1.0)]_[p(5, 2)_cs(1.0)_ws(1.0)]",player_557ff309_actions,player_557ff309,['player_557ff309'],,,False
1091,tomato_salad,deliver,Delivery_63,Delivery,63,deliver tomato_salad,player_31cf389e,baseline_division_of_labor,e43534fef1b60c6f,1076.502664802794,77.05716315611949,5.0,1.0,2.0,1.0,1.0,"(5, 2)","[p(2, 2)_cs(1.0)_ws(1.0)]_[p(5, 2)_cs(1.0)_ws(1.0)]",player_31cf389e_actions,player_31cf389e,"['player_31cf389e', 'player_31cf389e']","['player_31cf389e', 'player_31cf389e']",['player_31cf389e'],
1105,tomato_cut,assemble salad,Counter_32,Counter,32,assemble salad,player_557ff309,baseline_division_of_labor,e43534fef1b60c6f,1147.8776102761726,15.999999999999543,5.0,0.0,3.0,1.0,1.0,"(2, 2)","[p(2, 2)_cs(1.0)_ws(1.0)]_[p(5, 2)_cs(1.0)_ws(1.0)]",player_557ff309_actions,player_557ff309,['player_557ff309'],"['player_557ff309', 'player_557ff309']",['player_557ff309'],False
1127,tomato,pick up,Dispenser_40,Dispenser,40,pick up tomato from dispenser,player_557ff309,baseline_division_of_labor,e43534fef1b60c6f,1163.8776102761724,15.999999999999773,5.0,0.0,3.0,1.0,1.0,"(2, 2)","[p(2, 2)_cs(1.0)_ws(1.0)]_[p(5, 2)_cs(1.0)_ws(1.0)]",player_557ff309_actions,,[],,,
1138,tomato,pick up,Dispenser_40,Dispenser,40,pick up tomato from dispenser,player_31cf389e,baseline_division_of_labor,e43534fef1b60c6f,1114.9139246428197,38.41125984002565,5.0,0.0,2.0,1.0,1.0,"(5, 2)","[p(2, 2)_cs(1.0)_ws(1.0)]_[p(5, 2)_cs(1.0)_ws(1.0)]",player_31cf389e_actions,,[],,,
1154,tomato,start cutting,CuttingBoard_20,CuttingBoard,20,start cutting tomato,player_557ff309,baseline_division_of_labor,e43534fef1b60c6f,1195.8776102761717,31.99999999999932,5.0,0.0,3.0,1.0,1.0,"(2, 2)","[p(2, 2)_cs(1.0)_ws(1.0)]_[p(5, 2)_cs(1.0)_ws(1.0)]",player_557ff309_actions,player_557ff309,['player_557ff309'],,,
1175,tomato,start cutting,CuttingBoard_10,CuttingBoard,10,start cutting tomato,player_31cf389e,baseline_division_of_labor,e43534fef1b60c6f,1162.9139246428183,47.99999999999864,5.0,0.0,2.0,1.0,1.0,"(5, 2)","[p(2, 2)_cs(1.0)_ws(1.0)]_[p(5, 2)_cs(1.0)_ws(1.0)]",player_31cf389e_actions,player_31cf389e,['player_31cf389e'],,,
1213,tomato_cut,pick up,CuttingBoard_20,CuttingBoard,20,pick up tomato_cut from cuttingboard,player_557ff309,baseline_division_of_labor,e43534fef1b60c6f,1195.8776102761717,0.0,5.0,0.0,3.0,1.0,1.0,"(2, 2)","[p(2, 2)_cs(1.0)_ws(1.0)]_[p(5, 2)_cs(1.0)_ws(1.0)]",player_557ff309_actions,player_557ff309,['player_557ff309'],,,False
1243,tomato_cut,assemble salad,Counter_33,Counter,33,assemble salad,player_557ff309,baseline_division_of_labor,e43534fef1b60c6f,1227.8776102761708,31.99999999999909,5.0,0.0,3.0,1.0,1.0,"(2, 2)","[p(2, 2)_cs(1.0)_ws(1.0)]_[p(5, 2)_cs(1.0)_ws(1.0)]",player_557ff309_actions,player_557ff309,['player_557ff309'],"['player_557ff309', 'player_557ff309']",['player_557ff309'],False
1256,tomato_salad,pick up,Counter_33,Counter,33,pick up tomato_salad from counter,player_557ff309,baseline_division_of_labor,e43534fef1b60c6f,1227.8776102761708,0.0,5.0,0.0,3.0,1.0,1.0,"(2, 2)","[p(2, 2)_cs(1.0)_ws(1.0)]_[p(5, 2)_cs(1.0)_ws(1.0)]",player_557ff309_actions,player_557ff309,['player_557ff309'],"['player_557ff309', 'player_557ff309']",['player_557ff309'],False
1265,plate,pick up,Dispenser_60,Dispenser,60,pick up plate from dispenser,player_31cf389e,baseline_division_of_labor,e43534fef1b60c6f,1242.9139246428151,79.99999999999704,5.0,0.0,2.0,1.0,1.0,"(5, 2)","[p(2, 2)_cs(1.0)_ws(1.0)]_[p(5, 2)_cs(1.0)_ws(1.0)]",player_31cf389e_actions,,[],,,
1301,tomato_salad,deliver,Delivery_63,Delivery,63,deliver tomato_salad,player_557ff309,baseline_division_of_labor,e43534fef1b60c6f,1310.6510680669371,82.77345779076654,6.0,1.0,4.0,1.0,1.0,"(2, 2)","[p(2, 2)_cs(1.0)_ws(1.0)]_[p(5, 2)_cs(1.0)_ws(1.0)]",player_557ff309_actions,player_557ff309,"['player_557ff309', 'player_557ff309']","['player_557ff309', 'player_557ff309']",['player_557ff309'],
1321,tomato_salad,pick up,Counter_32,Counter,32,pick up tomato_salad from counter,player_557ff309,baseline_division_of_labor,e43534fef1b60c6f,1333.2784850649064,22.62741699796902,6.0,0.0,4.0,1.0,1.0,"(2, 2)","[p(2, 2)_cs(1.0)_ws(1.0)]_[p(5, 2)_cs(1.0)_ws(1.0)]",player_557ff309_actions,player_557ff309,['player_557ff309'],"['player_557ff309', 'player_557ff309']",['player_557ff309'],False
1340,tomato_salad,deliver,Delivery_63,Delivery,63,deliver tomato_salad,player_557ff309,baseline_division_of_labor,e43534fef1b60c6f,1355.9059020628754,22.62741699796902,7.0,1.0,5.0,1.0,1.0,"(2, 2)","[p(2, 2)_cs(1.0)_ws(1.0)]_[p(5, 2)_cs(1.0)_ws(1.0)]",player_557ff309_actions,player_557ff309,"['player_557ff309', 'player_557ff309']","['player_557ff309', 'player_557ff309']",['player_557ff309'],
1341,plate,put down,Counter_01,Counter,1,put down plate on counter,player_31cf389e,baseline_division_of_labor,e43534fef1b60c6f,1322.9139246428122,79.99999999999682,7.0,0.0,2.0,1.0,1.0,"(5, 2)","[p(2, 2)_cs(1.0)_ws(1.0)]_[p(5, 2)_cs(1.0)_ws(1.0)]",player_31cf389e_actions,player_31cf389e,['player_31cf389e'],,,
1363,tomato_cut,pick up,CuttingBoard_10,CuttingBoard,10,pick up tomato_cut from cuttingboard,player_31cf389e,baseline_division_of_labor,e43534fef1b60c6f,1322.9139246428122,0.0,7.0,0.0,2.0,1.0,1.0,"(5, 2)","[p(2, 2)_cs(1.0)_ws(1.0)]_[p(5, 2)_cs(1.0)_ws(1.0)]",player_31cf389e_actions,player_31cf389e,['player_31cf389e'],,,False
1372,plate,pick up,Dispenser_60,Dispenser,60,pick up plate from dispenser,player_557ff309,baseline_division_of_labor,e43534fef1b60c6f,1394.317161902901,38.41125984002565,7.0,0.0,5.0,1.0,1.0,"(2, 2)","[p(2, 2)_cs(1.0)_ws(1.0)]_[p(5, 2)_cs(1.0)_ws(1.0)]",player_557ff309_actions,,[],,,
1383,tomato_cut,assemble salad,Counter_01,Counter,1,assemble salad,player_31cf389e,baseline_division_of_labor,e43534fef1b60c6f,1322.9139246428122,0.0,7.0,0.0,2.0,1.0,1.0,"(5, 2)","[p(2, 2)_cs(1.0)_ws(1.0)]_[p(5, 2)_cs(1.0)_ws(1.0)]",player_31cf389e_actions,player_31cf389e,['player_31cf389e'],"['player_31cf389e', 'player_31cf389e']",['player_31cf389e'],False
1395,tomato_salad,pick up,Counter_01,Counter,1,pick up tomato_salad from counter,player_31cf389e,baseline_division_of_labor,e43534fef1b60c6f,1322.9139246428122,0.0,7.0,0.0,2.0,1.0,1.0,"(5, 2)","[p(2, 2)_cs(1.0)_ws(1.0)]_[p(5, 2)_cs(1.0)_ws(1.0)]",player_31cf389e_actions,player_31cf389e,['player_31cf389e'],"['player_31cf389e', 'player_31cf389e']",['player_31cf389e'],False
1396,plate,put down,Counter_32,Counter,32,put down plate on counter,player_557ff309,baseline_division_of_labor,e43534fef1b60c6f,1432.7242245696652,38.407062666764205,7.0,0.0,5.0,1.0,1.0,"(2, 2)","[p(2, 2)_cs(1.0)_ws(1.0)]_[p(5, 2)_cs(1.0)_ws(1.0)]",player_557ff309_actions,player_557ff309,['player_557ff309'],,,
1413,tomato,pick up,Dispenser_40,Dispenser,40,pick up tomato from dispenser,player_557ff309,baseline_division_of_labor,e43534fef1b60c6f,1448.7242245696648,15.999999999999543,7.0,0.0,5.0,1.0,1.0,"(2, 2)","[p(2, 2)_cs(1.0)_ws(1.0)]_[p(5, 2)_cs(1.0)_ws(1.0)]",player_557ff309_actions,,[],,,
1435,tomato,start cutting,CuttingBoard_20,CuttingBoard,20,start cutting tomato,player_557ff309,baseline_division_of_labor,e43534fef1b60c6f,1480.724224569664,31.99999999999909,7.0,0.0,5.0,1.0,1.0,"(2, 2)","[p(2, 2)_cs(1.0)_ws(1.0)]_[p(5, 2)_cs(1.0)_ws(1.0)]",player_557ff309_actions,player_557ff309,['player_557ff309'],,,
1445,tomato_salad,deliver,Delivery_63,Delivery,63,deliver tomato_salad,player_31cf389e,baseline_division_of_labor,e43534fef1b60c6f,1399.9710877989305,77.05716315611835,8.0,1.0,3.0,1.0,1.0,"(5, 2)","[p(2, 2)_cs(1.0)_ws(1.0)]_[p(5, 2)_cs(1.0)_ws(1.0)]",player_31cf389e_actions,player_31cf389e,"['player_31cf389e', 'player_31cf389e']","['player_31cf389e', 'player_31cf389e']",['player_31cf389e'],
1488,tomato_cut,pick up,CuttingBoard_20,CuttingBoard,20,pick up tomato_cut from cuttingboard,player_557ff309,baseline_division_of_labor,e43534fef1b60c6f,1480.724224569664,0.0,8.0,0.0,5.0,1.0,1.0,"(2, 2)","[p(2, 2)_cs(1.0)_ws(1.0)]_[p(5, 2)_cs(1.0)_ws(1.0)]",player_557ff309_actions,player_557ff309,['player_557ff309'],,,False
1493,tomato,pick up,Dispenser_40,Dispenser,40,pick up tomato from dispenser,player_31cf389e,baseline_division_of_labor,e43534fef1b60c6f,1438.3823476389562,38.41125984002565,8.0,0.0,3.0,1.0,1.0,"(5, 2)","[p(2, 2)_cs(1.0)_ws(1.0)]_[p(5, 2)_cs(1.0)_ws(1.0)]",player_31cf389e_actions,,[],,,
1504,tomato_cut,assemble salad,Counter_32,Counter,32,assemble salad,player_557ff309,baseline_division_of_labor,e43534fef1b60c6f,1496.7242245696634,15.999999999999543,8.0,0.0,5.0,1.0,1.0,"(2, 2)","[p(2, 2)_cs(1.0)_ws(1.0)]_[p(5, 2)_cs(1.0)_ws(1.0)]",player_557ff309_actions,player_557ff309,['player_557ff309'],"['player_557ff309', 'player_557ff309']",['player_557ff309'],False
1513,tomato_salad,pick up,Counter_32,Counter,32,pick up tomato_salad from counter,player_557ff309,baseline_division_of_labor,e43534fef1b60c6f,1496.7242245696634,0.0,8.0,0.0,5.0,1.0,1.0,"(2, 2)","[p(2, 2)_cs(1.0)_ws(1.0)]_[p(5, 2)_cs(1.0)_ws(1.0)]",player_557ff309_actions,player_557ff309,['player_557ff309'],"['player_557ff309', 'player_557ff309']",['player_557ff309'],False
1523,tomato,start cutting,CuttingBoard_10,CuttingBoard,10,start cutting tomato,player_31cf389e,baseline_division_of_labor,e43534fef1b60c6f,1486.3823476389546,47.99999999999841,8.0,0.0,3.0,1.0,1.0,"(5, 2)","[p(2, 2)_cs(1.0)_ws(1.0)]_[p(5, 2)_cs(1.0)_ws(1.0)]",player_31cf389e_actions,player_31cf389e,['player_31cf389e'],,,
1542,tomato_salad,deliver,Delivery_63,Delivery,63,deliver tomato_salad,player_557ff309,baseline_division_of_labor,e43534fef1b60c6f,1541.9790585656017,45.25483399593804,9.0,1.0,6.0,1.0,1.0,"(2, 2)","[p(2, 2)_cs(1.0)_ws(1.0)]_[p(5, 2)_cs(1.0)_ws(1.0)]",player_557ff309_actions,player_557ff309,"['player_557ff309', 'player_557ff309']","['player_557ff309', 'player_557ff309']",['player_557ff309'],
1571,tomato,pick up,Dispenser_40,Dispenser,40,pick up tomato from dispenser,player_557ff309,baseline_division_of_labor,e43534fef1b60c6f,1580.390318405627,38.41125984002565,9.0,0.0,6.0,1.0,1.0,"(2, 2)","[p(2, 2)_cs(1.0)_ws(1.0)]_[p(5, 2)_cs(1.0)_ws(1.0)]",player_557ff309_actions,,[],,,
1587,tomato,put down,Counter_32,Counter,32,put down tomato on counter,player_557ff309,baseline_division_of_labor,e43534fef1b60c6f,1596.3903184056269,15.999999999999543,9.0,0.0,6.0,1.0,1.0,"(2, 2)","[p(2, 2)_cs(1.0)_ws(1.0)]_[p(5, 2)_cs(1.0)_ws(1.0)]",player_557ff309_actions,player_557ff309,['player_557ff309'],,,
1608,tomato,pick up,Counter_32,Counter,32,pick up tomato from counter,player_557ff309,baseline_division_of_labor,e43534fef1b60c6f,1596.3903184056269,0.0,9.0,0.0,6.0,1.0,1.0,"(2, 2)","[p(2, 2)_cs(1.0)_ws(1.0)]_[p(5, 2)_cs(1.0)_ws(1.0)]",player_557ff309_actions,player_557ff309,['player_557ff309'],,,False
1618,plate,pick up,Dispenser_60,Dispenser,60,pick up plate from dispenser,player_31cf389e,baseline_division_of_labor,e43534fef1b60c6f,1566.3823476389516,79.99999999999704,9.0,0.0,3.0,1.0,1.0,"(5, 2)","[p(2, 2)_cs(1.0)_ws(1.0)]_[p(5, 2)_cs(1.0)_ws(1.0)]",player_31cf389e_actions,,[],,,
1625,tomato,start cutting,CuttingBoard_20,CuttingBoard,20,start cutting tomato,player_557ff309,baseline_division_of_labor,e43534fef1b60c6f,1612.3903184056262,15.999999999999543,9.0,0.0,6.0,1.0,1.0,"(2, 2)","[p(2, 2)_cs(1.0)_ws(1.0)]_[p(5, 2)_cs(1.0)_ws(1.0)]",player_557ff309_actions,player_557ff309,"['player_557ff309', 'player_557ff309']",,,
1672,plate,put down,Counter_01,Counter,1,put down plate on counter,player_31cf389e,baseline_division_of_labor,e43534fef1b60c6f,1646.3823476389484,79.99999999999682,9.0,0.0,3.0,1.0,1.0,"(5, 2)","[p(2, 2)_cs(1.0)_ws(1.0)]_[p(5, 2)_cs(1.0)_ws(1.0)]",player_31cf389e_actions,player_31cf389e,['player_31cf389e'],,,
1687,tomato_cut,pick up,CuttingBoard_10,CuttingBoard,10,pick up tomato_cut from cuttingboard,player_31cf389e,baseline_division_of_labor,e43534fef1b60c6f,1646.3823476389484,0.0,9.0,0.0,3.0,1.0,1.0,"(5, 2)","[p(2, 2)_cs(1.0)_ws(1.0)]_[p(5, 2)_cs(1.0)_ws(1.0)]",player_31cf389e_actions,player_31cf389e,['player_31cf389e'],,,False
1705,tomato_cut,assemble salad,Counter_01,Counter,1,assemble salad,player_31cf389e,baseline_division_of_labor,e43534fef1b60c6f,1646.3823476389484,0.0,9.0,0.0,3.0,1.0,1.0,"(5, 2)","[p(2, 2)_cs(1.0)_ws(1.0)]_[p(5, 2)_cs(1.0)_ws(1.0)]",player_31cf389e_actions,player_31cf389e,['player_31cf389e'],"['player_31cf389e', 'player_31cf389e']",['player_31cf389e'],False
1708,plate,pick up,Dispenser_60,Dispenser,60,pick up plate from dispenser,player_557ff309,baseline_division_of_labor,e43534fef1b60c6f,1676.390318405624,63.999999999997726,9.0,0.0,6.0,1.0,1.0,"(2, 2)","[p(2, 2)_cs(1.0)_ws(1.0)]_[p(5, 2)_cs(1.0)_ws(1.0)]",player_557ff309_actions,,[],,,
1719,tomato_salad,pick up,Counter_01,Counter,1,pick up tomato_salad from counter,player_31cf389e,baseline_division_of_labor,e43534fef1b60c6f,1646.3823476389484,0.0,9.0,0.0,3.0,1.0,1.0,"(5, 2)","[p(2, 2)_cs(1.0)_ws(1.0)]_[p(5, 2)_cs(1.0)_ws(1.0)]",player_31cf389e_actions,player_31cf389e,['player_31cf389e'],"['player_31cf389e', 'player_31cf389e']",['player_31cf389e'],False
1734,plate,put down,Counter_32,Counter,32,put down plate on counter,player_557ff309,baseline_division_of_labor,e43534fef1b60c6f,1714.797381072388,38.40706266676398,9.0,0.0,6.0,1.0,1.0,"(2, 2)","[p(2, 2)_cs(1.0)_ws(1.0)]_[p(5, 2)_cs(1.0)_ws(1.0)]",player_557ff309_actions,player_557ff309,['player_557ff309'],,,
1763,plate,pick up,Dispenser_60,Dispenser,60,pick up plate from dispenser,player_557ff309,baseline_division_of_labor,e43534fef1b60c6f,1753.2044437391517,38.40706266676375,9.0,0.0,6.0,1.0,1.0,"(2, 2)","[p(2, 2)_cs(1.0)_ws(1.0)]_[p(5, 2)_cs(1.0)_ws(1.0)]",player_557ff309_actions,,[],,,
1768,tomato_salad,deliver,Delivery_63,Delivery,63,deliver tomato_salad,player_31cf389e,baseline_division_of_labor,e43534fef1b60c6f,1723.4395107950668,77.05716315611835,10.0,1.0,4.0,1.0,1.0,"(5, 2)","[p(2, 2)_cs(1.0)_ws(1.0)]_[p(5, 2)_cs(1.0)_ws(1.0)]",player_31cf389e_actions,player_31cf389e,"['player_31cf389e', 'player_31cf389e']","['player_31cf389e', 'player_31cf389e']",['player_31cf389e'],
1794,plate,put down,Counter_33,Counter,33,put down plate on counter,player_557ff309,baseline_division_of_labor,e43534fef1b60c6f,1798.4592777350897,45.254833995937815,10.0,0.0,6.0,1.0,1.0,"(2, 2)","[p(2, 2)_cs(1.0)_ws(1.0)]_[p(5, 2)_cs(1.0)_ws(1.0)]",player_557ff309_actions,player_557ff309,['player_557ff309'],,,
1810,tomato,pick up,Dispenser_40,Dispenser,40,pick up tomato from dispenser,player_31cf389e,baseline_division_of_labor,e43534fef1b60c6f,1761.8507706350924,38.41125984002565,10.0,0.0,4.0,1.0,1.0,"(5, 2)","[p(2, 2)_cs(1.0)_ws(1.0)]_[p(5, 2)_cs(1.0)_ws(1.0)]",player_31cf389e_actions,,[],,,
1825,tomato_cut,pick up,CuttingBoard_20,CuttingBoard,20,pick up tomato_cut from cuttingboard,player_557ff309,baseline_division_of_labor,e43534fef1b60c6f,1852.6276645637215,54.168386828632265,10.0,0.0,6.0,1.0,1.0,"(2, 2)","[p(2, 2)_cs(1.0)_ws(1.0)]_[p(5, 2)_cs(1.0)_ws(1.0)]",player_557ff309_actions,player_557ff309,"['player_557ff309', 'player_557ff309']",,,False
1841,tomato_cut,assemble salad,Counter_32,Counter,32,assemble salad,player_557ff309,baseline_division_of_labor,e43534fef1b60c6f,1868.6276645637213,15.999999999999543,10.0,0.0,6.0,1.0,1.0,"(2, 2)","[p(2, 2)_cs(1.0)_ws(1.0)]_[p(5, 2)_cs(1.0)_ws(1.0)]",player_557ff309_actions,player_557ff309,['player_557ff309'],"['player_557ff309', 'player_557ff309', 'player_557ff309']",['player_557ff309'],False
1855,tomato_salad,pick up,Counter_32,Counter,32,pick up tomato_salad from counter,player_557ff309,baseline_division_of_labor,e43534fef1b60c6f,1868.6276645637213,0.0,10.0,0.0,6.0,1.0,1.0,"(2, 2)","[p(2, 2)_cs(1.0)_ws(1.0)]_[p(5, 2)_cs(1.0)_ws(1.0)]",player_557ff309_actions,player_557ff309,['player_557ff309'],"['player_557ff309', 'player_557ff309', 'player_557ff309']",['player_557ff309'],False
1857,tomato,start cutting,CuttingBoard_10,CuttingBoard,10,start cutting tomato,player_31cf389e,baseline_division_of_labor,e43534fef1b60c6f,1809.8507706350908,47.99999999999841,10.0,0.0,4.0,1.0,1.0,"(5, 2)","[p(2, 2)_cs(1.0)_ws(1.0)]_[p(5, 2)_cs(1.0)_ws(1.0)]",player_31cf389e_actions,player_31cf389e,['player_31cf389e'],,,
1882,tomato_salad,deliver,Delivery_63,Delivery,63,deliver tomato_salad,player_557ff309,baseline_division_of_labor,e43534fef1b60c6f,1913.882498559659,45.25483399593804,11.0,1.0,7.0,1.0,1.0,"(2, 2)","[p(2, 2)_cs(1.0)_ws(1.0)]_[p(5, 2)_cs(1.0)_ws(1.0)]",player_557ff309_actions,player_557ff309,"['player_557ff309', 'player_557ff309']","['player_557ff309', 'player_557ff309', 'player_557ff309']",['player_557ff309'],
1905,plate,pick up,Dispenser_60,Dispenser,60,pick up plate from dispenser,player_31cf389e,baseline_division_of_labor,e43534fef1b60c6f,1889.850770635088,79.99999999999704,11.0,0.0,4.0,1.0,1.0,"(5, 2)","[p(2, 2)_cs(1.0)_ws(1.0)]_[p(5, 2)_cs(1.0)_ws(1.0)]",player_31cf389e_actions,,[],,,
1912,tomato,pick up,Dispenser_40,Dispenser,40,pick up tomato from dispenser,player_557ff309,baseline_division_of_labor,e43534fef1b60c6f,1952.293758399685,38.41125984002565,11.0,0.0,7.0,1.0,1.0,"(2, 2)","[p(2, 2)_cs(1.0)_ws(1.0)]_[p(5, 2)_cs(1.0)_ws(1.0)]",player_557ff309_actions,,[],,,
1940,tomato,start cutting,CuttingBoard_20,CuttingBoard,20,start cutting tomato,player_557ff309,baseline_division_of_labor,e43534fef1b60c6f,1984.293758399684,31.99999999999909,11.0,0.0,7.0,1.0,1.0,"(2, 2)","[p(2, 2)_cs(1.0)_ws(1.0)]_[p(5, 2)_cs(1.0)_ws(1.0)]",player_557ff309_actions,player_557ff309,['player_557ff309'],,,
1957,plate,put down,Counter_01,Counter,1,put down plate on counter,player_31cf389e,baseline_division_of_labor,e43534fef1b60c6f,1969.8507706350847,79.99999999999682,11.0,0.0,4.0,1.0,1.0,"(5, 2)","[p(2, 2)_cs(1.0)_ws(1.0)]_[p(5, 2)_cs(1.0)_ws(1.0)]",player_31cf389e_actions,player_31cf389e,['player_31cf389e'],,,
1996,tomato_cut,pick up,CuttingBoard_20,CuttingBoard,20,pick up tomato_cut from cuttingboard,player_557ff309,baseline_division_of_labor,e43534fef1b60c6f,1984.293758399684,0.0,11.0,0.0,7.0,1.0,1.0,"(2, 2)","[p(2, 2)_cs(1.0)_ws(1.0)]_[p(5, 2)_cs(1.0)_ws(1.0)]",player_557ff309_actions,player_557ff309,['player_557ff309'],,,False
2007,tomato_cut,pick up,CuttingBoard_10,CuttingBoard,10,pick up tomato_cut from cuttingboard,player_31cf389e,baseline_division_of_labor,e43534fef1b60c6f,1969.8507706350847,0.0,11.0,0.0,4.0,1.0,1.0,"(5, 2)","[p(2, 2)_cs(1.0)_ws(1.0)]_[p(5, 2)_cs(1.0)_ws(1.0)]",player_31cf389e_actions,player_31cf389e,['player_31cf389e'],,,False
2019,tomato_cut,assemble salad,Counter_33,Counter,33,assemble salad,player_557ff309,baseline_division_of_labor,e43534fef1b60c6f,2016.2937583996832,31.99999999999909,11.0,0.0,7.0,1.0,1.0,"(2, 2)","[p(2, 2)_cs(1.0)_ws(1.0)]_[p(5, 2)_cs(1.0)_ws(1.0)]",player_557ff309_actions,player_557ff309,['player_557ff309'],"['player_557ff309', 'player_557ff309']",['player_557ff309'],False
2024,tomato_cut,assemble salad,Counter_01,Counter,1,assemble salad,player_31cf389e,baseline_division_of_labor,e43534fef1b60c6f,1969.8507706350847,0.0,11.0,0.0,4.0,1.0,1.0,"(5, 2)","[p(2, 2)_cs(1.0)_ws(1.0)]_[p(5, 2)_cs(1.0)_ws(1.0)]",player_31cf389e_actions,player_31cf389e,['player_31cf389e'],"['player_31cf389e', 'player_31cf389e']",['player_31cf389e'],False
2038,tomato_salad,pick up,Counter_01,Counter,1,pick up tomato_salad from counter,player_31cf389e,baseline_division_of_labor,e43534fef1b60c6f,1969.8507706350847,0.0,11.0,0.0,4.0,1.0,1.0,"(5, 2)","[p(2, 2)_cs(1.0)_ws(1.0)]_[p(5, 2)_cs(1.0)_ws(1.0)]",player_31cf389e_actions,player_31cf389e,['player_31cf389e'],"['player_31cf389e', 'player_31cf389e']",['player_31cf389e'],False
2049,tomato_salad,pick up,Counter_33,Counter,33,pick up tomato_salad from counter,player_557ff309,baseline_division_of_labor,e43534fef1b60c6f,2075.9132578203858,59.61949942070259,11.0,0.0,7.0,1.0,1.0,"(2, 2)","[p(2, 2)_cs(1.0)_ws(1.0)]_[p(5, 2)_cs(1.0)_ws(1.0)]",player_557ff309_actions,player_557ff309,['player_557ff309'],"['player_557ff309', 'player_557ff309']",['player_557ff309'],False
2092,tomato_salad,deliver,Delivery_63,Delivery,63,deliver tomato_salad,player_31cf389e,baseline_division_of_labor,e43534fef1b60c6f,2046.907933791203,77.05716315611835,12.0,1.0,5.0,1.0,1.0,"(5, 2)","[p(2, 2)_cs(1.0)_ws(1.0)]_[p(5, 2)_cs(1.0)_ws(1.0)]",player_31cf389e_actions,player_31cf389e,"['player_31cf389e', 'player_31cf389e']","['player_31cf389e', 'player_31cf389e']",['player_31cf389e'],
2094,tomato_salad,deliver,Delivery_63,Delivery,63,deliver tomato_salad,player_557ff309,baseline_division_of_labor,e43534fef1b60c6f,2158.6867156111543,82.77345779076859,13.0,1.0,8.0,1.0,1.0,"(2, 2)","[p(2, 2)_cs(1.0)_ws(1.0)]_[p(5, 2)_cs(1.0)_ws(1.0)]",player_557ff309_actions,player_557ff309,"['player_557ff309', 'player_557ff309']","['player_557ff309', 'player_557ff309']",['player_557ff309'],
2132,plate,pick up,Dispenser_60,Dispenser,60,pick up plate from dispenser,player_557ff309,baseline_division_of_labor,e43534fef1b60c6f,2197.097975451182,38.411259840027014,13.0,0.0,8.0,1.0,1.0,"(2, 2)","[p(2, 2)_cs(1.0)_ws(1.0)]_[p(5, 2)_cs(1.0)_ws(1.0)]",player_557ff309_actions,,[],,,
2140,tomato,pick up,Dispenser_40,Dispenser,40,pick up tomato from dispenser,player_31cf389e,baseline_division_of_labor,e43534fef1b60c6f,2085.31919363123,38.411259840027014,13.0,0.0,5.0,1.0,1.0,"(5, 2)","[p(2, 2)_cs(1.0)_ws(1.0)]_[p(5, 2)_cs(1.0)_ws(1.0)]",player_31cf389e_actions,,[],,,
2157,plate,put down,Counter_32,Counter,32,put down plate on counter,player_557ff309,baseline_division_of_labor,e43534fef1b60c6f,2235.5050381179453,38.40706266676398,13.0,0.0,8.0,1.0,1.0,"(2, 2)","[p(2, 2)_cs(1.0)_ws(1.0)]_[p(5, 2)_cs(1.0)_ws(1.0)]",player_557ff309_actions,player_557ff309,['player_557ff309'],,,
