{"agents": {"player_557ff309": {"initial_state": {"agent_id": "player_557ff309", "x": 40, "y": 40, "item": null, "url_params": {"gameType": ["tomatoSaladOnly"], "PROLIFIC_PID": ["663d8f0edfd87b4c1f590b99"], "map": ["baseline_division_of_labor"], "cutting_speed_p1": ["1"], "walking_speed_p1": ["1"], "cutting_speed_p2": ["1"], "walking_speed_p2": ["1"], "slot_x_p1": ["2"], "slot_y_p1": ["2"], "slot_x_p2": ["5"], "slot_y_p2": ["2"], "EIO": ["4"], "transport": ["polling"], "t": ["PZKhYMG"]}, "cut_speed": 1.0, "walk_speed": 30.0, "player_nr": 1}, "player_score": 8.0, "total_actions": 68, "first_action_tick": 80, "last_action_tick": 2157}, "player_31cf389e": {"initial_state": {"agent_id": "player_31cf389e", "x": 88, "y": 40, "item": null, "url_params": {"gameType": ["tomatoSaladOnly"], "PROLIFIC_PID": ["667b4956c856f71ffbdfd3a1"], "map": ["baseline_division_of_labor"], "cutting_speed_p1": ["1"], "walking_speed_p1": ["1"], "cutting_speed_p2": ["1"], "walking_speed_p2": ["1"], "slot_x_p1": ["2"], "slot_y_p1": ["2"], "slot_x_p2": ["5"], "slot_y_p2": ["2"], "EIO": ["4"], "transport": ["polling"], "t": ["PZKhg5U"]}, "cut_speed": 1.0, "walk_speed": 30.0, "player_nr": 2}, "player_score": 5.0, "total_actions": 53, "first_action_tick": 61, "last_action_tick": 2140}}, "map_name": "baseline_division_of_labor", "final_score": 13.0}