{"agents": {"player_3acdbede": {"initial_state": {"agent_id": "player_3acdbede", "x": 40, "y": 40, "item": null, "url_params": {"gameType": ["tomatoSaladOnly"], "PROLIFIC_PID": ["undefined"], "map": ["baseline_division_of_labor"], "cutting_speed_p1": ["1"], "walking_speed_p1": ["1"], "cutting_speed_p2": ["1"], "walking_speed_p2": ["1"], "slot_x_p1": ["2"], "slot_y_p1": ["2"], "slot_x_p2": ["5"], "slot_y_p2": ["2"], "EIO": ["4"], "transport": ["polling"], "t": ["PZKsEyI"]}, "cut_speed": 1.0, "walk_speed": 30.0, "player_nr": 1}, "player_score": 8.0, "total_actions": 62, "first_action_tick": 71, "last_action_tick": 2144}, "player_1ec2160c": {"initial_state": {"agent_id": "player_1ec2160c", "x": 88, "y": 40, "item": null, "url_params": {"gameType": ["tomatoSaladOnly"], "PROLIFIC_PID": ["67c5998272715aa6a5130741"], "map": ["baseline_division_of_labor"], "cutting_speed_p1": ["1"], "walking_speed_p1": ["1"], "cutting_speed_p2": ["1"], "walking_speed_p2": ["1"], "slot_x_p1": ["2"], "slot_y_p1": ["2"], "slot_x_p2": ["5"], "slot_y_p2": ["2"], "EIO": ["4"], "transport": ["polling"], "t": ["PZKsJKh"]}, "cut_speed": 1.0, "walk_speed": 30.0, "player_nr": 2}, "player_score": 1.0, "total_actions": 44, "first_action_tick": 106, "last_action_tick": 2147}}, "map_name": "baseline_division_of_labor", "final_score": 9.0}