tick,item,action,target,target_type,target_position,action_long,player_id,map_name,game_id,distance_walked,distance_walked_since_last_action,overall_score,player_score_change,player_score,walking_speed,cutting_speed,start_pos,condition
106,tomato,pick up,Dispenser_40,Dispenser,40,pick up tomato from dispenser,player_1ec2160c,baseline_division_of_labor,f4718f56c0812b07,22.62741699796952,0.0,0.0,0.0,0.0,1.0,1.0,"(5, 2)","[p(2, 2)_cs(1.0)_ws(1.0)]_[p(5, 2)_cs(1.0)_ws(1.0)]"
131,tomato,start cutting,CuttingBoard_20,CuttingBoard,20,start cutting tomato,player_1ec2160c,baseline_division_of_labor,f4718f56c0812b07,54.62741699796952,32.0,0.0,0.0,0.0,1.0,1.0,"(5, 2)","[p(2, 2)_cs(1.0)_ws(1.0)]_[p(5, 2)_cs(1.0)_ws(1.0)]"
189,plate,pick up,Dispenser_60,Dispenser,60,pick up plate from dispenser,player_1ec2160c,baseline_division_of_labor,f4718f56c0812b07,118.62741699796952,64.0,0.0,0.0,0.0,1.0,1.0,"(5, 2)","[p(2, 2)_cs(1.0)_ws(1.0)]_[p(5, 2)_cs(1.0)_ws(1.0)]"
220,plate,put down,Counter_33,Counter,33,put down plate on counter,player_1ec2160c,baseline_division_of_labor,f4718f56c0812b07,163.88225099390868,45.254833995939165,0.0,0.0,0.0,1.0,1.0,"(5, 2)","[p(2, 2)_cs(1.0)_ws(1.0)]_[p(5, 2)_cs(1.0)_ws(1.0)]"
308,plate,pick up,Counter_33,Counter,33,pick up plate from counter,player_1ec2160c,baseline_division_of_labor,f4718f56c0812b07,250.05063782254157,86.16838682863289,0.0,0.0,0.0,1.0,1.0,"(5, 2)","[p(2, 2)_cs(1.0)_ws(1.0)]_[p(5, 2)_cs(1.0)_ws(1.0)]"
374,plate,put down,Counter_33,Counter,33,put down plate on counter,player_1ec2160c,baseline_division_of_labor,f4718f56c0812b07,250.05063782254157,0.0,0.0,0.0,0.0,1.0,1.0,"(5, 2)","[p(2, 2)_cs(1.0)_ws(1.0)]_[p(5, 2)_cs(1.0)_ws(1.0)]"
473,plate,pick up,Counter_33,Counter,33,pick up plate from counter,player_1ec2160c,baseline_division_of_labor,f4718f56c0812b07,326.873157502594,76.82251968005241,0.0,0.0,0.0,1.0,1.0,"(5, 2)","[p(2, 2)_cs(1.0)_ws(1.0)]_[p(5, 2)_cs(1.0)_ws(1.0)]"
508,plate,put down,Counter_33,Counter,33,put down plate on counter,player_1ec2160c,baseline_division_of_labor,f4718f56c0812b07,326.873157502594,0.0,1.0,0.0,0.0,1.0,1.0,"(5, 2)","[p(2, 2)_cs(1.0)_ws(1.0)]_[p(5, 2)_cs(1.0)_ws(1.0)]"
558,tomato,pick up,Dispenser_40,Dispenser,40,pick up tomato from dispenser,player_1ec2160c,baseline_division_of_labor,f4718f56c0812b07,381.041544331227,54.168386828633004,1.0,0.0,0.0,1.0,1.0,"(5, 2)","[p(2, 2)_cs(1.0)_ws(1.0)]_[p(5, 2)_cs(1.0)_ws(1.0)]"
653,tomato,start cutting,CuttingBoard_20,CuttingBoard,20,start cutting tomato,player_1ec2160c,baseline_division_of_labor,f4718f56c0812b07,413.0415443312272,32.00000000000023,1.0,0.0,0.0,1.0,1.0,"(5, 2)","[p(2, 2)_cs(1.0)_ws(1.0)]_[p(5, 2)_cs(1.0)_ws(1.0)]"
772,plate,pick up,Counter_33,Counter,33,pick up plate from counter,player_1ec2160c,baseline_division_of_labor,f4718f56c0812b07,522.2963783271666,109.2548339959394,2.0,0.0,0.0,1.0,1.0,"(5, 2)","[p(2, 2)_cs(1.0)_ws(1.0)]_[p(5, 2)_cs(1.0)_ws(1.0)]"
868,plate,put down,Counter_33,Counter,33,put down plate on counter,player_1ec2160c,baseline_division_of_labor,f4718f56c0812b07,608.4647651558001,86.16838682863352,2.0,0.0,0.0,1.0,1.0,"(5, 2)","[p(2, 2)_cs(1.0)_ws(1.0)]_[p(5, 2)_cs(1.0)_ws(1.0)]"
1022,plate,pick up,Counter_32,Counter,32,pick up plate from counter,player_1ec2160c,baseline_division_of_labor,f4718f56c0812b07,734.894522630086,126.4297574742859,3.0,0.0,0.0,1.0,1.0,"(5, 2)","[p(2, 2)_cs(1.0)_ws(1.0)]_[p(5, 2)_cs(1.0)_ws(1.0)]"
1068,plate,put down,CuttingBoard_20,CuttingBoard,20,put down plate on cuttingboard,player_1ec2160c,baseline_division_of_labor,f4718f56c0812b07,773.4014493549829,38.50692672489686,3.0,0.0,0.0,1.0,1.0,"(5, 2)","[p(2, 2)_cs(1.0)_ws(1.0)]_[p(5, 2)_cs(1.0)_ws(1.0)]"
1068,tomato_cut,pick up,CuttingBoard_20,CuttingBoard,20,pick up tomato_cut from cuttingboard,player_1ec2160c,baseline_division_of_labor,f4718f56c0812b07,773.4014493549829,0.0,3.0,0.0,0.0,1.0,1.0,"(5, 2)","[p(2, 2)_cs(1.0)_ws(1.0)]_[p(5, 2)_cs(1.0)_ws(1.0)]"
1094,tomato_cut,put down,Counter_32,Counter,32,put down tomato_cut on counter,player_1ec2160c,baseline_division_of_labor,f4718f56c0812b07,789.401449354983,16.000000000000114,3.0,0.0,0.0,1.0,1.0,"(5, 2)","[p(2, 2)_cs(1.0)_ws(1.0)]_[p(5, 2)_cs(1.0)_ws(1.0)]"
1139,plate,pick up,Counter_33,Counter,33,pick up plate from counter,player_1ec2160c,baseline_division_of_labor,f4718f56c0812b07,827.9083760798799,38.50692672489686,3.0,0.0,0.0,1.0,1.0,"(5, 2)","[p(2, 2)_cs(1.0)_ws(1.0)]_[p(5, 2)_cs(1.0)_ws(1.0)]"
1150,plate,assemble salad,Counter_32,Counter,32,assemble salad,player_1ec2160c,baseline_division_of_labor,f4718f56c0812b07,843.9083760798801,16.000000000000227,3.0,0.0,0.0,1.0,1.0,"(5, 2)","[p(2, 2)_cs(1.0)_ws(1.0)]_[p(5, 2)_cs(1.0)_ws(1.0)]"
1203,tomato,pick up,Dispenser_40,Dispenser,40,pick up tomato from dispenser,player_1ec2160c,baseline_division_of_labor,f4718f56c0812b07,882.4153028047771,38.50692672489697,3.0,0.0,0.0,1.0,1.0,"(5, 2)","[p(2, 2)_cs(1.0)_ws(1.0)]_[p(5, 2)_cs(1.0)_ws(1.0)]"
1259,tomato,put down,CuttingBoard_20,CuttingBoard,20,put down tomato on cuttingboard,player_1ec2160c,baseline_division_of_labor,f4718f56c0812b07,914.4153028047773,32.00000000000023,3.0,0.0,0.0,1.0,1.0,"(5, 2)","[p(2, 2)_cs(1.0)_ws(1.0)]_[p(5, 2)_cs(1.0)_ws(1.0)]"
1259,tomato_cut,pick up,CuttingBoard_20,CuttingBoard,20,pick up tomato_cut from cuttingboard,player_1ec2160c,baseline_division_of_labor,f4718f56c0812b07,914.4153028047773,0.0,3.0,0.0,0.0,1.0,1.0,"(5, 2)","[p(2, 2)_cs(1.0)_ws(1.0)]_[p(5, 2)_cs(1.0)_ws(1.0)]"
1291,tomato_cut,put down,Dispenser_71,Dispenser,71,put down tomato_cut on dispenser,player_1ec2160c,baseline_division_of_labor,f4718f56c0812b07,978.4153028047775,64.00000000000023,3.0,0.0,0.0,1.0,1.0,"(5, 2)","[p(2, 2)_cs(1.0)_ws(1.0)]_[p(5, 2)_cs(1.0)_ws(1.0)]"
1291,plate,pick up,Dispenser_71,Dispenser,71,pick up plate from dispenser,player_1ec2160c,baseline_division_of_labor,f4718f56c0812b07,978.4153028047775,0.0,3.0,0.0,0.0,1.0,1.0,"(5, 2)","[p(2, 2)_cs(1.0)_ws(1.0)]_[p(5, 2)_cs(1.0)_ws(1.0)]"
1340,plate,put down,Counter_33,Counter,33,put down plate on counter,player_1ec2160c,baseline_division_of_labor,f4718f56c0812b07,1023.6701368007172,45.254833995939634,3.0,0.0,0.0,1.0,1.0,"(5, 2)","[p(2, 2)_cs(1.0)_ws(1.0)]_[p(5, 2)_cs(1.0)_ws(1.0)]"
1398,tomato,pick up,Dispenser_50,Dispenser,50,pick up tomato from dispenser,player_1ec2160c,baseline_division_of_labor,f4718f56c0812b07,1062.081396640743,38.411259840025764,4.0,0.0,0.0,1.0,1.0,"(5, 2)","[p(2, 2)_cs(1.0)_ws(1.0)]_[p(5, 2)_cs(1.0)_ws(1.0)]"
1430,tomato,start cutting,CuttingBoard_20,CuttingBoard,20,start cutting tomato,player_1ec2160c,baseline_division_of_labor,f4718f56c0812b07,1110.0813966407413,47.99999999999841,4.0,0.0,0.0,1.0,1.0,"(5, 2)","[p(2, 2)_cs(1.0)_ws(1.0)]_[p(5, 2)_cs(1.0)_ws(1.0)]"
1496,plate,pick up,Counter_33,Counter,33,pick up plate from counter,player_1ec2160c,baseline_division_of_labor,f4718f56c0812b07,1142.0813966407404,31.99999999999909,5.0,0.0,0.0,1.0,1.0,"(5, 2)","[p(2, 2)_cs(1.0)_ws(1.0)]_[p(5, 2)_cs(1.0)_ws(1.0)]"
1531,plate,put down,CuttingBoard_20,CuttingBoard,20,put down plate on cuttingboard,player_1ec2160c,baseline_division_of_labor,f4718f56c0812b07,1174.0813966407395,31.99999999999909,5.0,0.0,0.0,1.0,1.0,"(5, 2)","[p(2, 2)_cs(1.0)_ws(1.0)]_[p(5, 2)_cs(1.0)_ws(1.0)]"
1531,tomato_cut,pick up,CuttingBoard_20,CuttingBoard,20,pick up tomato_cut from cuttingboard,player_1ec2160c,baseline_division_of_labor,f4718f56c0812b07,1174.0813966407395,0.0,5.0,0.0,0.0,1.0,1.0,"(5, 2)","[p(2, 2)_cs(1.0)_ws(1.0)]_[p(5, 2)_cs(1.0)_ws(1.0)]"
1565,tomato_cut,assemble salad,Counter_32,Counter,32,assemble salad,player_1ec2160c,baseline_division_of_labor,f4718f56c0812b07,1190.081396640739,15.999999999999545,5.0,0.0,0.0,1.0,1.0,"(5, 2)","[p(2, 2)_cs(1.0)_ws(1.0)]_[p(5, 2)_cs(1.0)_ws(1.0)]"
1609,tomato_cut,pick up,Counter_32,Counter,32,pick up tomato_cut from counter,player_1ec2160c,baseline_division_of_labor,f4718f56c0812b07,1190.081396640739,0.0,5.0,0.0,0.0,1.0,1.0,"(5, 2)","[p(2, 2)_cs(1.0)_ws(1.0)]_[p(5, 2)_cs(1.0)_ws(1.0)]"
1703,tomato_cut,put down,Dispenser_60,Dispenser,60,put down tomato_cut on dispenser,player_1ec2160c,baseline_division_of_labor,f4718f56c0812b07,1273.7474904767028,83.6660938359637,6.0,0.0,0.0,1.0,1.0,"(5, 2)","[p(2, 2)_cs(1.0)_ws(1.0)]_[p(5, 2)_cs(1.0)_ws(1.0)]"
1703,plate,pick up,Dispenser_60,Dispenser,60,pick up plate from dispenser,player_1ec2160c,baseline_division_of_labor,f4718f56c0812b07,1273.7474904767028,0.0,6.0,0.0,0.0,1.0,1.0,"(5, 2)","[p(2, 2)_cs(1.0)_ws(1.0)]_[p(5, 2)_cs(1.0)_ws(1.0)]"
1731,plate,put down,Counter_33,Counter,33,put down plate on counter,player_1ec2160c,baseline_division_of_labor,f4718f56c0812b07,1319.0023244726406,45.254833995937815,6.0,0.0,0.0,1.0,1.0,"(5, 2)","[p(2, 2)_cs(1.0)_ws(1.0)]_[p(5, 2)_cs(1.0)_ws(1.0)]"
1776,tomato,pick up,Dispenser_40,Dispenser,40,pick up tomato from dispenser,player_1ec2160c,baseline_division_of_labor,f4718f56c0812b07,1351.0023244726394,31.999999999998863,6.0,0.0,0.0,1.0,1.0,"(5, 2)","[p(2, 2)_cs(1.0)_ws(1.0)]_[p(5, 2)_cs(1.0)_ws(1.0)]"
1799,tomato,start cutting,CuttingBoard_20,CuttingBoard,20,start cutting tomato,player_1ec2160c,baseline_division_of_labor,f4718f56c0812b07,1383.0023244726385,31.99999999999909,6.0,0.0,0.0,1.0,1.0,"(5, 2)","[p(2, 2)_cs(1.0)_ws(1.0)]_[p(5, 2)_cs(1.0)_ws(1.0)]"
1882,tomato_cut,pick up,CuttingBoard_20,CuttingBoard,20,pick up tomato_cut from cuttingboard,player_1ec2160c,baseline_division_of_labor,f4718f56c0812b07,1383.0023244726385,0.0,6.0,0.0,0.0,1.0,1.0,"(5, 2)","[p(2, 2)_cs(1.0)_ws(1.0)]_[p(5, 2)_cs(1.0)_ws(1.0)]"
1912,tomato_cut,assemble salad,Counter_33,Counter,33,assemble salad,player_1ec2160c,baseline_division_of_labor,f4718f56c0812b07,1415.0023244726376,31.99999999999909,6.0,0.0,0.0,1.0,1.0,"(5, 2)","[p(2, 2)_cs(1.0)_ws(1.0)]_[p(5, 2)_cs(1.0)_ws(1.0)]"
1941,tomato_salad,pick up,Counter_33,Counter,33,pick up tomato_salad from counter,player_1ec2160c,baseline_division_of_labor,f4718f56c0812b07,1415.0023244726376,0.0,6.0,0.0,0.0,1.0,1.0,"(5, 2)","[p(2, 2)_cs(1.0)_ws(1.0)]_[p(5, 2)_cs(1.0)_ws(1.0)]"
1992,tomato_salad,deliver,Delivery_63,Delivery,63,deliver tomato_salad,player_1ec2160c,baseline_division_of_labor,f4718f56c0812b07,1497.7757822634042,82.77345779076654,8.0,1.0,1.0,1.0,1.0,"(5, 2)","[p(2, 2)_cs(1.0)_ws(1.0)]_[p(5, 2)_cs(1.0)_ws(1.0)]"
2038,plate,pick up,Dispenser_60,Dispenser,60,pick up plate from dispenser,player_1ec2160c,baseline_division_of_labor,f4718f56c0812b07,1536.1870421034298,38.41125984002565,8.0,0.0,1.0,1.0,1.0,"(5, 2)","[p(2, 2)_cs(1.0)_ws(1.0)]_[p(5, 2)_cs(1.0)_ws(1.0)]"
2066,plate,put down,Counter_33,Counter,33,put down plate on counter,player_1ec2160c,baseline_division_of_labor,f4718f56c0812b07,1581.4418760993676,45.254833995937815,8.0,0.0,1.0,1.0,1.0,"(5, 2)","[p(2, 2)_cs(1.0)_ws(1.0)]_[p(5, 2)_cs(1.0)_ws(1.0)]"
2108,tomato,pick up,Dispenser_40,Dispenser,40,pick up tomato from dispenser,player_1ec2160c,baseline_division_of_labor,f4718f56c0812b07,1613.4418760993667,31.99999999999909,8.0,0.0,1.0,1.0,1.0,"(5, 2)","[p(2, 2)_cs(1.0)_ws(1.0)]_[p(5, 2)_cs(1.0)_ws(1.0)]"
2147,tomato,start cutting,CuttingBoard_20,CuttingBoard,20,start cutting tomato,player_1ec2160c,baseline_division_of_labor,f4718f56c0812b07,1645.4418760993658,31.99999999999909,9.0,0.0,1.0,1.0,1.0,"(5, 2)","[p(2, 2)_cs(1.0)_ws(1.0)]_[p(5, 2)_cs(1.0)_ws(1.0)]"
