{"agents": {"player_cbcd43dc": {"initial_state": {"agent_id": "player_cbcd43dc", "x": 40, "y": 40, "item": null, "url_params": {"gameType": ["tomatoSaladOnly"], "PROLIFIC_PID": ["62a889993e01c9e01ee7066e"], "map": ["baseline_division_of_labor"], "cutting_speed_p1": ["1"], "walking_speed_p1": ["1"], "cutting_speed_p2": ["1"], "walking_speed_p2": ["1"], "slot_x_p1": ["2"], "slot_y_p1": ["2"], "slot_x_p2": ["5"], "slot_y_p2": ["2"], "EIO": ["4"], "transport": ["polling"], "t": ["PZuDak-"]}, "cut_speed": 1.0, "walk_speed": 30.0, "player_nr": 1}, "player_score": 10.0, "total_actions": 57, "first_action_tick": 117, "last_action_tick": 2158}, "player_5ffabd9e": {"initial_state": {"agent_id": "player_5ffabd9e", "x": 88, "y": 40, "item": null, "url_params": {"gameType": ["tomatoSaladOnly"], "PROLIFIC_PID": ["5fc3442312bc5917b8341963"], "map": ["baseline_division_of_labor"], "cutting_speed_p1": ["1"], "walking_speed_p1": ["1"], "cutting_speed_p2": ["1"], "walking_speed_p2": ["1"], "slot_x_p1": ["2"], "slot_y_p1": ["2"], "slot_x_p2": ["5"], "slot_y_p2": ["2"], "EIO": ["4"], "transport": ["polling"], "t": ["PZuDfv8"]}, "cut_speed": 1.0, "walk_speed": 30.0, "player_nr": 2}, "player_score": 1.0, "total_actions": 57, "first_action_tick": 49, "last_action_tick": 2139}}, "map_name": "baseline_division_of_labor", "final_score": 11.0}