tick,item,action,target,target_type,target_position,action_long,player_id,map_name,game_id,distance_walked,distance_walked_since_last_action,overall_score,player_score_change,player_score,walking_speed,cutting_speed,start_pos,condition
117,tomato,pick up,Dispenser_40,Dispenser,40,pick up tomato from dispenser,player_cbcd43dc,baseline_division_of_labor,326a37cd474d6426,38.50692672489653,0.0,0.0,0.0,0.0,1.0,1.0,"(2, 2)","[p(2, 2)_cs(1.0)_ws(1.0)]_[p(5, 2)_cs(1.0)_ws(1.0)]"
146,tomato,put down,Dispenser_71,Dispenser,71,put down tomato on dispenser,player_cbcd43dc,baseline_division_of_labor,326a37cd474d6426,70.50692672489653,32.0,0.0,0.0,0.0,1.0,1.0,"(2, 2)","[p(2, 2)_cs(1.0)_ws(1.0)]_[p(5, 2)_cs(1.0)_ws(1.0)]"
146,plate,pick up,Dispenser_71,Dispenser,71,pick up plate from dispenser,player_cbcd43dc,baseline_division_of_labor,326a37cd474d6426,70.50692672489653,0.0,0.0,0.0,0.0,1.0,1.0,"(2, 2)","[p(2, 2)_cs(1.0)_ws(1.0)]_[p(5, 2)_cs(1.0)_ws(1.0)]"
188,plate,put down,Counter_33,Counter,33,put down plate on counter,player_cbcd43dc,baseline_division_of_labor,326a37cd474d6426,115.76176072083557,45.25483399593904,0.0,0.0,0.0,1.0,1.0,"(2, 2)","[p(2, 2)_cs(1.0)_ws(1.0)]_[p(5, 2)_cs(1.0)_ws(1.0)]"
230,plate,pick up,Dispenser_71,Dispenser,71,pick up plate from dispenser,player_cbcd43dc,baseline_division_of_labor,326a37cd474d6426,161.0165947167747,45.25483399593914,0.0,0.0,0.0,1.0,1.0,"(2, 2)","[p(2, 2)_cs(1.0)_ws(1.0)]_[p(5, 2)_cs(1.0)_ws(1.0)]"
280,plate,put down,Counter_34,Counter,34,put down plate on counter,player_cbcd43dc,baseline_division_of_labor,326a37cd474d6426,221.93278161931298,60.91618690253827,0.0,0.0,0.0,1.0,1.0,"(2, 2)","[p(2, 2)_cs(1.0)_ws(1.0)]_[p(5, 2)_cs(1.0)_ws(1.0)]"
321,tomato_salad,pick up,Counter_33,Counter,33,pick up tomato_salad from counter,player_cbcd43dc,baseline_division_of_labor,326a37cd474d6426,237.93278161931298,16.0,0.0,0.0,0.0,1.0,1.0,"(2, 2)","[p(2, 2)_cs(1.0)_ws(1.0)]_[p(5, 2)_cs(1.0)_ws(1.0)]"
345,tomato_salad,deliver,Delivery_63,Delivery,63,deliver tomato_salad,player_cbcd43dc,baseline_division_of_labor,326a37cd474d6426,253.93278161931298,16.0,1.0,1.0,1.0,1.0,1.0,"(2, 2)","[p(2, 2)_cs(1.0)_ws(1.0)]_[p(5, 2)_cs(1.0)_ws(1.0)]"
384,plate,pick up,Dispenser_71,Dispenser,71,pick up plate from dispenser,player_cbcd43dc,baseline_division_of_labor,326a37cd474d6426,292.34404145933905,38.41125984002608,1.0,0.0,1.0,1.0,1.0,"(2, 2)","[p(2, 2)_cs(1.0)_ws(1.0)]_[p(5, 2)_cs(1.0)_ws(1.0)]"
428,plate,put down,Counter_33,Counter,33,put down plate on counter,player_cbcd43dc,baseline_division_of_labor,326a37cd474d6426,337.598875455278,45.25483399593895,1.0,0.0,1.0,1.0,1.0,"(2, 2)","[p(2, 2)_cs(1.0)_ws(1.0)]_[p(5, 2)_cs(1.0)_ws(1.0)]"
461,tomato,pick up,Dispenser_50,Dispenser,50,pick up tomato from dispenser,player_cbcd43dc,baseline_division_of_labor,326a37cd474d6426,376.0101352953041,38.411259840026105,1.0,0.0,1.0,1.0,1.0,"(2, 2)","[p(2, 2)_cs(1.0)_ws(1.0)]_[p(5, 2)_cs(1.0)_ws(1.0)]"
495,tomato,start cutting,CuttingBoard_20,CuttingBoard,20,start cutting tomato,player_cbcd43dc,baseline_division_of_labor,326a37cd474d6426,424.0101352953044,48.000000000000284,1.0,0.0,1.0,1.0,1.0,"(2, 2)","[p(2, 2)_cs(1.0)_ws(1.0)]_[p(5, 2)_cs(1.0)_ws(1.0)]"
538,plate,pick up,Counter_33,Counter,33,pick up plate from counter,player_cbcd43dc,baseline_division_of_labor,326a37cd474d6426,456.01013529530474,32.00000000000034,1.0,0.0,1.0,1.0,1.0,"(2, 2)","[p(2, 2)_cs(1.0)_ws(1.0)]_[p(5, 2)_cs(1.0)_ws(1.0)]"
569,plate,put down,Counter_33,Counter,33,put down plate on counter,player_cbcd43dc,baseline_division_of_labor,326a37cd474d6426,456.01013529530474,0.0,2.0,0.0,1.0,1.0,1.0,"(2, 2)","[p(2, 2)_cs(1.0)_ws(1.0)]_[p(5, 2)_cs(1.0)_ws(1.0)]"
581,plate,pick up,Counter_33,Counter,33,pick up plate from counter,player_cbcd43dc,baseline_division_of_labor,326a37cd474d6426,456.01013529530474,0.0,2.0,0.0,1.0,1.0,1.0,"(2, 2)","[p(2, 2)_cs(1.0)_ws(1.0)]_[p(5, 2)_cs(1.0)_ws(1.0)]"
633,plate,put down,Counter_32,Counter,32,put down plate on counter,player_cbcd43dc,baseline_division_of_labor,326a37cd474d6426,504.01013529530525,48.00000000000051,2.0,0.0,1.0,1.0,1.0,"(2, 2)","[p(2, 2)_cs(1.0)_ws(1.0)]_[p(5, 2)_cs(1.0)_ws(1.0)]"
683,plate,pick up,Dispenser_71,Dispenser,71,pick up plate from dispenser,player_cbcd43dc,baseline_division_of_labor,326a37cd474d6426,552.0101352953053,48.00000000000006,2.0,0.0,1.0,1.0,1.0,"(2, 2)","[p(2, 2)_cs(1.0)_ws(1.0)]_[p(5, 2)_cs(1.0)_ws(1.0)]"
722,plate,put down,Counter_33,Counter,33,put down plate on counter,player_cbcd43dc,baseline_division_of_labor,326a37cd474d6426,597.2649692912449,45.254833995939634,2.0,0.0,1.0,1.0,1.0,"(2, 2)","[p(2, 2)_cs(1.0)_ws(1.0)]_[p(5, 2)_cs(1.0)_ws(1.0)]"
750,tomato_salad,pick up,Counter_32,Counter,32,pick up tomato_salad from counter,player_cbcd43dc,baseline_division_of_labor,326a37cd474d6426,613.264969291245,16.000000000000114,2.0,0.0,1.0,1.0,1.0,"(2, 2)","[p(2, 2)_cs(1.0)_ws(1.0)]_[p(5, 2)_cs(1.0)_ws(1.0)]"
779,tomato_salad,deliver,Delivery_63,Delivery,63,deliver tomato_salad,player_cbcd43dc,baseline_division_of_labor,326a37cd474d6426,635.8923862892149,22.627416997969817,3.0,1.0,2.0,1.0,1.0,"(2, 2)","[p(2, 2)_cs(1.0)_ws(1.0)]_[p(5, 2)_cs(1.0)_ws(1.0)]"
822,plate,pick up,Dispenser_71,Dispenser,71,pick up plate from dispenser,player_cbcd43dc,baseline_division_of_labor,326a37cd474d6426,674.3036461292411,38.41125984002622,3.0,0.0,2.0,1.0,1.0,"(2, 2)","[p(2, 2)_cs(1.0)_ws(1.0)]_[p(5, 2)_cs(1.0)_ws(1.0)]"
869,plate,put down,Counter_32,Counter,32,put down plate on counter,player_cbcd43dc,baseline_division_of_labor,326a37cd474d6426,712.7107087960059,38.40706266676477,3.0,0.0,2.0,1.0,1.0,"(2, 2)","[p(2, 2)_cs(1.0)_ws(1.0)]_[p(5, 2)_cs(1.0)_ws(1.0)]"
897,tomato_salad,pick up,Counter_33,Counter,33,pick up tomato_salad from counter,player_cbcd43dc,baseline_division_of_labor,326a37cd474d6426,728.710708796006,16.000000000000114,3.0,0.0,2.0,1.0,1.0,"(2, 2)","[p(2, 2)_cs(1.0)_ws(1.0)]_[p(5, 2)_cs(1.0)_ws(1.0)]"
920,tomato_salad,deliver,Delivery_63,Delivery,63,deliver tomato_salad,player_cbcd43dc,baseline_division_of_labor,326a37cd474d6426,744.710708796006,16.0,4.0,1.0,3.0,1.0,1.0,"(2, 2)","[p(2, 2)_cs(1.0)_ws(1.0)]_[p(5, 2)_cs(1.0)_ws(1.0)]"
963,plate,pick up,Dispenser_71,Dispenser,71,pick up plate from dispenser,player_cbcd43dc,baseline_division_of_labor,326a37cd474d6426,783.1219686360322,38.41125984002622,4.0,0.0,3.0,1.0,1.0,"(2, 2)","[p(2, 2)_cs(1.0)_ws(1.0)]_[p(5, 2)_cs(1.0)_ws(1.0)]"
1001,plate,put down,Counter_33,Counter,33,put down plate on counter,player_cbcd43dc,baseline_division_of_labor,326a37cd474d6426,828.3768026319718,45.254833995939634,4.0,0.0,3.0,1.0,1.0,"(2, 2)","[p(2, 2)_cs(1.0)_ws(1.0)]_[p(5, 2)_cs(1.0)_ws(1.0)]"
1043,plate,pick up,Dispenser_71,Dispenser,71,pick up plate from dispenser,player_cbcd43dc,baseline_division_of_labor,326a37cd474d6426,873.6316366279115,45.254833995939634,4.0,0.0,3.0,1.0,1.0,"(2, 2)","[p(2, 2)_cs(1.0)_ws(1.0)]_[p(5, 2)_cs(1.0)_ws(1.0)]"
1085,plate,put down,Counter_34,Counter,34,put down plate on counter,player_cbcd43dc,baseline_division_of_labor,326a37cd474d6426,932.9119905303168,59.280353902405295,4.0,0.0,3.0,1.0,1.0,"(2, 2)","[p(2, 2)_cs(1.0)_ws(1.0)]_[p(5, 2)_cs(1.0)_ws(1.0)]"
1120,tomato_salad,pick up,Counter_33,Counter,33,pick up tomato_salad from counter,player_cbcd43dc,baseline_division_of_labor,326a37cd474d6426,948.9119905303169,16.000000000000114,4.0,0.0,3.0,1.0,1.0,"(2, 2)","[p(2, 2)_cs(1.0)_ws(1.0)]_[p(5, 2)_cs(1.0)_ws(1.0)]"
1147,tomato_salad,deliver,Delivery_63,Delivery,63,deliver tomato_salad,player_cbcd43dc,baseline_division_of_labor,326a37cd474d6426,964.9119905303169,16.0,5.0,1.0,4.0,1.0,1.0,"(2, 2)","[p(2, 2)_cs(1.0)_ws(1.0)]_[p(5, 2)_cs(1.0)_ws(1.0)]"
1195,plate,pick up,Dispenser_71,Dispenser,71,pick up plate from dispenser,player_cbcd43dc,baseline_division_of_labor,326a37cd474d6426,1003.3232503703431,38.41125984002622,5.0,0.0,4.0,1.0,1.0,"(2, 2)","[p(2, 2)_cs(1.0)_ws(1.0)]_[p(5, 2)_cs(1.0)_ws(1.0)]"
1234,plate,put down,Counter_33,Counter,33,put down plate on counter,player_cbcd43dc,baseline_division_of_labor,326a37cd474d6426,1048.5780843662817,45.25483399593861,5.0,0.0,4.0,1.0,1.0,"(2, 2)","[p(2, 2)_cs(1.0)_ws(1.0)]_[p(5, 2)_cs(1.0)_ws(1.0)]"
1265,tomato_salad,pick up,Counter_34,Counter,34,pick up tomato_salad from counter,player_cbcd43dc,baseline_division_of_labor,326a37cd474d6426,1064.5780843662812,15.999999999999545,5.0,0.0,4.0,1.0,1.0,"(2, 2)","[p(2, 2)_cs(1.0)_ws(1.0)]_[p(5, 2)_cs(1.0)_ws(1.0)]"
1292,tomato_salad,deliver,Delivery_63,Delivery,63,deliver tomato_salad,player_cbcd43dc,baseline_division_of_labor,326a37cd474d6426,1087.2055013642503,22.62741699796902,6.0,1.0,5.0,1.0,1.0,"(2, 2)","[p(2, 2)_cs(1.0)_ws(1.0)]_[p(5, 2)_cs(1.0)_ws(1.0)]"
1335,plate,pick up,Dispenser_71,Dispenser,71,pick up plate from dispenser,player_cbcd43dc,baseline_division_of_labor,326a37cd474d6426,1125.616761204276,38.41125984002565,6.0,0.0,5.0,1.0,1.0,"(2, 2)","[p(2, 2)_cs(1.0)_ws(1.0)]_[p(5, 2)_cs(1.0)_ws(1.0)]"
1376,plate,put down,Counter_34,Counter,34,put down plate on counter,player_cbcd43dc,baseline_division_of_labor,326a37cd474d6426,1186.5329481068127,60.916186902536765,6.0,0.0,5.0,1.0,1.0,"(2, 2)","[p(2, 2)_cs(1.0)_ws(1.0)]_[p(5, 2)_cs(1.0)_ws(1.0)]"
1449,plate,pick up,Dispenser_71,Dispenser,71,pick up plate from dispenser,player_cbcd43dc,baseline_division_of_labor,326a37cd474d6426,1247.4491350093494,60.916186902536765,6.0,0.0,5.0,1.0,1.0,"(2, 2)","[p(2, 2)_cs(1.0)_ws(1.0)]_[p(5, 2)_cs(1.0)_ws(1.0)]"
1512,plate,put down,Counter_35,Counter,35,put down plate on counter,player_cbcd43dc,baseline_division_of_labor,326a37cd474d6426,1324.383239439918,76.9341044305686,6.0,0.0,5.0,1.0,1.0,"(2, 2)","[p(2, 2)_cs(1.0)_ws(1.0)]_[p(5, 2)_cs(1.0)_ws(1.0)]"
1543,tomato_salad,pick up,Counter_32,Counter,32,pick up tomato_salad from counter,player_cbcd43dc,baseline_division_of_labor,326a37cd474d6426,1372.3832394399165,47.99999999999841,6.0,0.0,5.0,1.0,1.0,"(2, 2)","[p(2, 2)_cs(1.0)_ws(1.0)]_[p(5, 2)_cs(1.0)_ws(1.0)]"
1565,tomato_salad,deliver,Delivery_63,Delivery,63,deliver tomato_salad,player_cbcd43dc,baseline_division_of_labor,326a37cd474d6426,1395.0106564378855,22.62741699796902,7.0,1.0,6.0,1.0,1.0,"(2, 2)","[p(2, 2)_cs(1.0)_ws(1.0)]_[p(5, 2)_cs(1.0)_ws(1.0)]"
1629,tomato_salad,pick up,Counter_34,Counter,34,pick up tomato_salad from counter,player_cbcd43dc,baseline_division_of_labor,326a37cd474d6426,1417.6380734358545,22.62741699796902,7.0,0.0,6.0,1.0,1.0,"(2, 2)","[p(2, 2)_cs(1.0)_ws(1.0)]_[p(5, 2)_cs(1.0)_ws(1.0)]"
1658,tomato_salad,deliver,Delivery_63,Delivery,63,deliver tomato_salad,player_cbcd43dc,baseline_division_of_labor,326a37cd474d6426,1440.2654904338235,22.62741699796902,8.0,1.0,7.0,1.0,1.0,"(2, 2)","[p(2, 2)_cs(1.0)_ws(1.0)]_[p(5, 2)_cs(1.0)_ws(1.0)]"
1695,plate,pick up,Dispenser_71,Dispenser,71,pick up plate from dispenser,player_cbcd43dc,baseline_division_of_labor,326a37cd474d6426,1478.6767502738492,38.41125984002565,8.0,0.0,7.0,1.0,1.0,"(2, 2)","[p(2, 2)_cs(1.0)_ws(1.0)]_[p(5, 2)_cs(1.0)_ws(1.0)]"
1728,plate,put down,Counter_32,Counter,32,put down plate on counter,player_cbcd43dc,baseline_division_of_labor,326a37cd474d6426,1517.0838129406134,38.407062666764205,8.0,0.0,7.0,1.0,1.0,"(2, 2)","[p(2, 2)_cs(1.0)_ws(1.0)]_[p(5, 2)_cs(1.0)_ws(1.0)]"
1759,plate,pick up,Dispenser_71,Dispenser,71,pick up plate from dispenser,player_cbcd43dc,baseline_division_of_labor,326a37cd474d6426,1555.4908756073771,38.40706266676375,8.0,0.0,7.0,1.0,1.0,"(2, 2)","[p(2, 2)_cs(1.0)_ws(1.0)]_[p(5, 2)_cs(1.0)_ws(1.0)]"
1793,plate,put down,Counter_33,Counter,33,put down plate on counter,player_cbcd43dc,baseline_division_of_labor,326a37cd474d6426,1600.745709603315,45.254833995937815,8.0,0.0,7.0,1.0,1.0,"(2, 2)","[p(2, 2)_cs(1.0)_ws(1.0)]_[p(5, 2)_cs(1.0)_ws(1.0)]"
1848,tomato_salad,pick up,Counter_32,Counter,32,pick up tomato_salad from counter,player_cbcd43dc,baseline_division_of_labor,326a37cd474d6426,1662.0005435992525,61.25483399593759,8.0,0.0,7.0,1.0,1.0,"(2, 2)","[p(2, 2)_cs(1.0)_ws(1.0)]_[p(5, 2)_cs(1.0)_ws(1.0)]"
1871,tomato_salad,deliver,Delivery_63,Delivery,63,deliver tomato_salad,player_cbcd43dc,baseline_division_of_labor,326a37cd474d6426,1684.6279605972215,22.62741699796902,9.0,1.0,8.0,1.0,1.0,"(2, 2)","[p(2, 2)_cs(1.0)_ws(1.0)]_[p(5, 2)_cs(1.0)_ws(1.0)]"
1909,plate,pick up,Dispenser_71,Dispenser,71,pick up plate from dispenser,player_cbcd43dc,baseline_division_of_labor,326a37cd474d6426,1723.0392204372472,38.41125984002565,9.0,0.0,8.0,1.0,1.0,"(2, 2)","[p(2, 2)_cs(1.0)_ws(1.0)]_[p(5, 2)_cs(1.0)_ws(1.0)]"
1949,plate,put down,Counter_32,Counter,32,put down plate on counter,player_cbcd43dc,baseline_division_of_labor,326a37cd474d6426,1761.4462831040114,38.407062666764205,9.0,0.0,8.0,1.0,1.0,"(2, 2)","[p(2, 2)_cs(1.0)_ws(1.0)]_[p(5, 2)_cs(1.0)_ws(1.0)]"
1973,tomato_salad,pick up,Counter_33,Counter,33,pick up tomato_salad from counter,player_cbcd43dc,baseline_division_of_labor,326a37cd474d6426,1777.446283104011,15.999999999999545,9.0,0.0,8.0,1.0,1.0,"(2, 2)","[p(2, 2)_cs(1.0)_ws(1.0)]_[p(5, 2)_cs(1.0)_ws(1.0)]"
1993,tomato_salad,deliver,Delivery_63,Delivery,63,deliver tomato_salad,player_cbcd43dc,baseline_division_of_labor,326a37cd474d6426,1793.4462831040103,15.999999999999318,10.0,1.0,9.0,1.0,1.0,"(2, 2)","[p(2, 2)_cs(1.0)_ws(1.0)]_[p(5, 2)_cs(1.0)_ws(1.0)]"
2028,plate,pick up,Dispenser_71,Dispenser,71,pick up plate from dispenser,player_cbcd43dc,baseline_division_of_labor,326a37cd474d6426,1831.857542944036,38.41125984002565,10.0,0.0,9.0,1.0,1.0,"(2, 2)","[p(2, 2)_cs(1.0)_ws(1.0)]_[p(5, 2)_cs(1.0)_ws(1.0)]"
2062,plate,put down,Counter_33,Counter,33,put down plate on counter,player_cbcd43dc,baseline_division_of_labor,326a37cd474d6426,1877.1123769399737,45.254833995937815,10.0,0.0,9.0,1.0,1.0,"(2, 2)","[p(2, 2)_cs(1.0)_ws(1.0)]_[p(5, 2)_cs(1.0)_ws(1.0)]"
2103,tomato_salad,pick up,Counter_32,Counter,32,pick up tomato_salad from counter,player_cbcd43dc,baseline_division_of_labor,326a37cd474d6426,1893.1123769399733,15.999999999999545,10.0,0.0,9.0,1.0,1.0,"(2, 2)","[p(2, 2)_cs(1.0)_ws(1.0)]_[p(5, 2)_cs(1.0)_ws(1.0)]"
2125,tomato_salad,deliver,Delivery_63,Delivery,63,deliver tomato_salad,player_cbcd43dc,baseline_division_of_labor,326a37cd474d6426,1915.7397939379423,22.62741699796902,11.0,1.0,10.0,1.0,1.0,"(2, 2)","[p(2, 2)_cs(1.0)_ws(1.0)]_[p(5, 2)_cs(1.0)_ws(1.0)]"
2158,plate,pick up,Dispenser_71,Dispenser,71,pick up plate from dispenser,player_cbcd43dc,baseline_division_of_labor,326a37cd474d6426,1954.151053777968,38.41125984002565,11.0,0.0,10.0,1.0,1.0,"(2, 2)","[p(2, 2)_cs(1.0)_ws(1.0)]_[p(5, 2)_cs(1.0)_ws(1.0)]"
