tick,item,action,target,target_type,target_position,action_long,player_id,map_name,game_id,distance_walked,distance_walked_since_last_action,overall_score,player_score_change,player_score,walking_speed,cutting_speed,start_pos,condition
49,tomato,pick up,Dispenser_40,Dispenser,40,pick up tomato from dispenser,player_5ffabd9e,baseline_division_of_labor,326a37cd474d6426,22.62741699796952,0.0,0.0,0.0,0.0,1.0,1.0,"(5, 2)","[p(2, 2)_cs(1.0)_ws(1.0)]_[p(5, 2)_cs(1.0)_ws(1.0)]"
142,tomato,put down,Counter_32,Counter,32,put down tomato on counter,player_5ffabd9e,baseline_division_of_labor,326a37cd474d6426,102.6274169979695,79.99999999999999,0.0,0.0,0.0,1.0,1.0,"(5, 2)","[p(2, 2)_cs(1.0)_ws(1.0)]_[p(5, 2)_cs(1.0)_ws(1.0)]"
177,tomato,pick up,Counter_32,Counter,32,pick up tomato from counter,player_5ffabd9e,baseline_division_of_labor,326a37cd474d6426,102.6274169979695,0.0,0.0,0.0,0.0,1.0,1.0,"(5, 2)","[p(2, 2)_cs(1.0)_ws(1.0)]_[p(5, 2)_cs(1.0)_ws(1.0)]"
195,tomato,start cutting,CuttingBoard_20,CuttingBoard,20,start cutting tomato,player_5ffabd9e,baseline_division_of_labor,326a37cd474d6426,118.6274169979695,16.0,0.0,0.0,0.0,1.0,1.0,"(5, 2)","[p(2, 2)_cs(1.0)_ws(1.0)]_[p(5, 2)_cs(1.0)_ws(1.0)]"
247,tomato_cut,pick up,CuttingBoard_20,CuttingBoard,20,pick up tomato_cut from cuttingboard,player_5ffabd9e,baseline_division_of_labor,326a37cd474d6426,118.6274169979695,0.0,0.0,0.0,0.0,1.0,1.0,"(5, 2)","[p(2, 2)_cs(1.0)_ws(1.0)]_[p(5, 2)_cs(1.0)_ws(1.0)]"
276,tomato_cut,assemble salad,Counter_33,Counter,33,assemble salad,player_5ffabd9e,baseline_division_of_labor,326a37cd474d6426,150.6274169979695,32.0,0.0,0.0,0.0,1.0,1.0,"(5, 2)","[p(2, 2)_cs(1.0)_ws(1.0)]_[p(5, 2)_cs(1.0)_ws(1.0)]"
336,tomato,pick up,Dispenser_40,Dispenser,40,pick up tomato from dispenser,player_5ffabd9e,baseline_division_of_labor,326a37cd474d6426,204.7958038266024,54.16838682863289,0.0,0.0,0.0,1.0,1.0,"(5, 2)","[p(2, 2)_cs(1.0)_ws(1.0)]_[p(5, 2)_cs(1.0)_ws(1.0)]"
363,tomato,start cutting,CuttingBoard_20,CuttingBoard,20,start cutting tomato,player_5ffabd9e,baseline_division_of_labor,326a37cd474d6426,236.7958038266024,32.0,1.0,0.0,0.0,1.0,1.0,"(5, 2)","[p(2, 2)_cs(1.0)_ws(1.0)]_[p(5, 2)_cs(1.0)_ws(1.0)]"
417,tomato_cut,pick up,CuttingBoard_20,CuttingBoard,20,pick up tomato_cut from cuttingboard,player_5ffabd9e,baseline_division_of_labor,326a37cd474d6426,236.7958038266024,0.0,1.0,0.0,0.0,1.0,1.0,"(5, 2)","[p(2, 2)_cs(1.0)_ws(1.0)]_[p(5, 2)_cs(1.0)_ws(1.0)]"
450,tomato_cut,assemble salad,Counter_34,Counter,34,assemble salad,player_5ffabd9e,baseline_division_of_labor,326a37cd474d6426,284.79580382660265,48.000000000000256,1.0,0.0,0.0,1.0,1.0,"(5, 2)","[p(2, 2)_cs(1.0)_ws(1.0)]_[p(5, 2)_cs(1.0)_ws(1.0)]"
515,tomato_salad,pick up,Counter_34,Counter,34,pick up tomato_salad from counter,player_5ffabd9e,baseline_division_of_labor,326a37cd474d6426,284.79580382660265,0.0,1.0,0.0,0.0,1.0,1.0,"(5, 2)","[p(2, 2)_cs(1.0)_ws(1.0)]_[p(5, 2)_cs(1.0)_ws(1.0)]"
559,tomato_salad,deliver,Delivery_64,Delivery,64,deliver tomato_salad,player_5ffabd9e,baseline_division_of_labor,326a37cd474d6426,367.5712433299483,82.77543950334564,2.0,1.0,1.0,1.0,1.0,"(5, 2)","[p(2, 2)_cs(1.0)_ws(1.0)]_[p(5, 2)_cs(1.0)_ws(1.0)]"
593,tomato,pick up,Dispenser_40,Dispenser,40,pick up tomato from dispenser,player_5ffabd9e,baseline_division_of_labor,326a37cd474d6426,421.6544324875332,54.08318915758491,2.0,0.0,1.0,1.0,1.0,"(5, 2)","[p(2, 2)_cs(1.0)_ws(1.0)]_[p(5, 2)_cs(1.0)_ws(1.0)]"
629,tomato,start cutting,CuttingBoard_10,CuttingBoard,10,start cutting tomato,player_5ffabd9e,baseline_division_of_labor,326a37cd474d6426,469.65443248753365,48.000000000000455,2.0,0.0,1.0,1.0,1.0,"(5, 2)","[p(2, 2)_cs(1.0)_ws(1.0)]_[p(5, 2)_cs(1.0)_ws(1.0)]"
702,tomato_cut,pick up,CuttingBoard_20,CuttingBoard,20,pick up tomato_cut from cuttingboard,player_5ffabd9e,baseline_division_of_labor,326a37cd474d6426,485.6544324875338,16.00000000000017,2.0,0.0,1.0,1.0,1.0,"(5, 2)","[p(2, 2)_cs(1.0)_ws(1.0)]_[p(5, 2)_cs(1.0)_ws(1.0)]"
723,tomato_cut,assemble salad,Counter_32,Counter,32,assemble salad,player_5ffabd9e,baseline_division_of_labor,326a37cd474d6426,501.65443248753394,16.000000000000114,2.0,0.0,1.0,1.0,1.0,"(5, 2)","[p(2, 2)_cs(1.0)_ws(1.0)]_[p(5, 2)_cs(1.0)_ws(1.0)]"
780,tomato_cut,pick up,CuttingBoard_10,CuttingBoard,10,pick up tomato_cut from cuttingboard,player_5ffabd9e,baseline_division_of_labor,326a37cd474d6426,533.6544324875342,32.000000000000284,3.0,0.0,1.0,1.0,1.0,"(5, 2)","[p(2, 2)_cs(1.0)_ws(1.0)]_[p(5, 2)_cs(1.0)_ws(1.0)]"
810,tomato_cut,assemble salad,Counter_33,Counter,33,assemble salad,player_5ffabd9e,baseline_division_of_labor,326a37cd474d6426,572.0656923275602,38.41125984002599,3.0,0.0,1.0,1.0,1.0,"(5, 2)","[p(2, 2)_cs(1.0)_ws(1.0)]_[p(5, 2)_cs(1.0)_ws(1.0)]"
857,tomato,pick up,Dispenser_40,Dispenser,40,pick up tomato from dispenser,player_5ffabd9e,baseline_division_of_labor,326a37cd474d6426,626.1878104086749,54.12211808111465,3.0,0.0,1.0,1.0,1.0,"(5, 2)","[p(2, 2)_cs(1.0)_ws(1.0)]_[p(5, 2)_cs(1.0)_ws(1.0)]"
889,tomato,put down,Counter_32,Counter,32,put down tomato on counter,player_5ffabd9e,baseline_division_of_labor,326a37cd474d6426,642.187810408675,16.000000000000114,3.0,0.0,1.0,1.0,1.0,"(5, 2)","[p(2, 2)_cs(1.0)_ws(1.0)]_[p(5, 2)_cs(1.0)_ws(1.0)]"
889,plate,pick up,Counter_32,Counter,32,pick up plate from counter,player_5ffabd9e,baseline_division_of_labor,326a37cd474d6426,642.187810408675,0.0,3.0,0.0,1.0,1.0,1.0,"(5, 2)","[p(2, 2)_cs(1.0)_ws(1.0)]_[p(5, 2)_cs(1.0)_ws(1.0)]"
917,plate,put down,Dispenser_40,Dispenser,40,put down plate on dispenser,player_5ffabd9e,baseline_division_of_labor,326a37cd474d6426,658.1878104086751,16.000000000000114,3.0,0.0,1.0,1.0,1.0,"(5, 2)","[p(2, 2)_cs(1.0)_ws(1.0)]_[p(5, 2)_cs(1.0)_ws(1.0)]"
917,tomato,pick up,Dispenser_40,Dispenser,40,pick up tomato from dispenser,player_5ffabd9e,baseline_division_of_labor,326a37cd474d6426,658.1878104086751,0.0,3.0,0.0,1.0,1.0,1.0,"(5, 2)","[p(2, 2)_cs(1.0)_ws(1.0)]_[p(5, 2)_cs(1.0)_ws(1.0)]"
941,tomato,start cutting,CuttingBoard_20,CuttingBoard,20,start cutting tomato,player_5ffabd9e,baseline_division_of_labor,326a37cd474d6426,690.1878104086753,32.00000000000023,4.0,0.0,1.0,1.0,1.0,"(5, 2)","[p(2, 2)_cs(1.0)_ws(1.0)]_[p(5, 2)_cs(1.0)_ws(1.0)]"
993,tomato,pick up,Dispenser_40,Dispenser,40,pick up tomato from dispenser,player_5ffabd9e,baseline_division_of_labor,326a37cd474d6426,722.1878104086755,32.00000000000023,4.0,0.0,1.0,1.0,1.0,"(5, 2)","[p(2, 2)_cs(1.0)_ws(1.0)]_[p(5, 2)_cs(1.0)_ws(1.0)]"
1018,tomato,start cutting,CuttingBoard_10,CuttingBoard,10,start cutting tomato,player_5ffabd9e,baseline_division_of_labor,326a37cd474d6426,770.187810408676,48.000000000000455,4.0,0.0,1.0,1.0,1.0,"(5, 2)","[p(2, 2)_cs(1.0)_ws(1.0)]_[p(5, 2)_cs(1.0)_ws(1.0)]"
1041,tomato_cut,pick up,CuttingBoard_20,CuttingBoard,20,pick up tomato_cut from cuttingboard,player_5ffabd9e,baseline_division_of_labor,326a37cd474d6426,786.1878104086761,16.000000000000114,4.0,0.0,1.0,1.0,1.0,"(5, 2)","[p(2, 2)_cs(1.0)_ws(1.0)]_[p(5, 2)_cs(1.0)_ws(1.0)]"
1074,tomato_cut,assemble salad,Counter_33,Counter,33,assemble salad,player_5ffabd9e,baseline_division_of_labor,326a37cd474d6426,818.1878104086765,32.00000000000034,4.0,0.0,1.0,1.0,1.0,"(5, 2)","[p(2, 2)_cs(1.0)_ws(1.0)]_[p(5, 2)_cs(1.0)_ws(1.0)]"
1159,tomato_cut,pick up,CuttingBoard_10,CuttingBoard,10,pick up tomato_cut from cuttingboard,player_5ffabd9e,baseline_division_of_labor,326a37cd474d6426,856.5990702487024,38.41125984002599,5.0,0.0,1.0,1.0,1.0,"(5, 2)","[p(2, 2)_cs(1.0)_ws(1.0)]_[p(5, 2)_cs(1.0)_ws(1.0)]"
1193,tomato_cut,assemble salad,Counter_34,Counter,34,assemble salad,player_5ffabd9e,baseline_division_of_labor,326a37cd474d6426,911.0288277229752,54.42975747427272,5.0,0.0,1.0,1.0,1.0,"(5, 2)","[p(2, 2)_cs(1.0)_ws(1.0)]_[p(5, 2)_cs(1.0)_ws(1.0)]"
1240,tomato,pick up,Dispenser_40,Dispenser,40,pick up tomato from dispenser,player_5ffabd9e,baseline_division_of_labor,326a37cd474d6426,981.2191493845833,70.1903216616081,5.0,0.0,1.0,1.0,1.0,"(5, 2)","[p(2, 2)_cs(1.0)_ws(1.0)]_[p(5, 2)_cs(1.0)_ws(1.0)]"
1265,tomato,start cutting,CuttingBoard_20,CuttingBoard,20,start cutting tomato,player_5ffabd9e,baseline_division_of_labor,326a37cd474d6426,1013.2191493845835,32.00000000000023,5.0,0.0,1.0,1.0,1.0,"(5, 2)","[p(2, 2)_cs(1.0)_ws(1.0)]_[p(5, 2)_cs(1.0)_ws(1.0)]"
1288,tomato,pick up,Counter_32,Counter,32,pick up tomato from counter,player_5ffabd9e,baseline_division_of_labor,326a37cd474d6426,1029.2191493845835,16.0,5.0,0.0,1.0,1.0,1.0,"(5, 2)","[p(2, 2)_cs(1.0)_ws(1.0)]_[p(5, 2)_cs(1.0)_ws(1.0)]"
1317,tomato,put down,Counter_33,Counter,33,put down tomato on counter,player_5ffabd9e,baseline_division_of_labor,326a37cd474d6426,1067.7260761094797,38.506926724896175,6.0,0.0,1.0,1.0,1.0,"(5, 2)","[p(2, 2)_cs(1.0)_ws(1.0)]_[p(5, 2)_cs(1.0)_ws(1.0)]"
1317,plate,pick up,Counter_33,Counter,33,pick up plate from counter,player_5ffabd9e,baseline_division_of_labor,326a37cd474d6426,1067.7260761094797,0.0,6.0,0.0,1.0,1.0,1.0,"(5, 2)","[p(2, 2)_cs(1.0)_ws(1.0)]_[p(5, 2)_cs(1.0)_ws(1.0)]"
1377,plate,put down,Counter_32,Counter,32,put down plate on counter,player_5ffabd9e,baseline_division_of_labor,326a37cd474d6426,1115.726076109478,47.99999999999841,6.0,0.0,1.0,1.0,1.0,"(5, 2)","[p(2, 2)_cs(1.0)_ws(1.0)]_[p(5, 2)_cs(1.0)_ws(1.0)]"
1440,tomato_cut,pick up,CuttingBoard_20,CuttingBoard,20,pick up tomato_cut from cuttingboard,player_5ffabd9e,baseline_division_of_labor,326a37cd474d6426,1131.7260761094776,15.999999999999545,6.0,0.0,1.0,1.0,1.0,"(5, 2)","[p(2, 2)_cs(1.0)_ws(1.0)]_[p(5, 2)_cs(1.0)_ws(1.0)]"
1455,tomato_cut,assemble salad,Counter_32,Counter,32,assemble salad,player_5ffabd9e,baseline_division_of_labor,326a37cd474d6426,1147.7260761094772,15.999999999999545,6.0,0.0,1.0,1.0,1.0,"(5, 2)","[p(2, 2)_cs(1.0)_ws(1.0)]_[p(5, 2)_cs(1.0)_ws(1.0)]"
1497,tomato,pick up,Counter_33,Counter,33,pick up tomato from counter,player_5ffabd9e,baseline_division_of_labor,326a37cd474d6426,1186.2330028343733,38.506926724896175,6.0,0.0,1.0,1.0,1.0,"(5, 2)","[p(2, 2)_cs(1.0)_ws(1.0)]_[p(5, 2)_cs(1.0)_ws(1.0)]"
1521,tomato,start cutting,CuttingBoard_20,CuttingBoard,20,start cutting tomato,player_5ffabd9e,baseline_division_of_labor,326a37cd474d6426,1218.2330028343722,31.999999999998863,6.0,0.0,1.0,1.0,1.0,"(5, 2)","[p(2, 2)_cs(1.0)_ws(1.0)]_[p(5, 2)_cs(1.0)_ws(1.0)]"
1574,tomato_cut,pick up,CuttingBoard_20,CuttingBoard,20,pick up tomato_cut from cuttingboard,player_5ffabd9e,baseline_division_of_labor,326a37cd474d6426,1218.2330028343722,0.0,7.0,0.0,1.0,1.0,1.0,"(5, 2)","[p(2, 2)_cs(1.0)_ws(1.0)]_[p(5, 2)_cs(1.0)_ws(1.0)]"
1602,tomato_cut,assemble salad,Counter_34,Counter,34,assemble salad,player_5ffabd9e,baseline_division_of_labor,326a37cd474d6426,1266.2330028343704,47.99999999999818,7.0,0.0,1.0,1.0,1.0,"(5, 2)","[p(2, 2)_cs(1.0)_ws(1.0)]_[p(5, 2)_cs(1.0)_ws(1.0)]"
1641,tomato,pick up,Dispenser_40,Dispenser,40,pick up tomato from dispenser,player_5ffabd9e,baseline_division_of_labor,326a37cd474d6426,1336.4233244959776,70.19032166160719,7.0,0.0,1.0,1.0,1.0,"(5, 2)","[p(2, 2)_cs(1.0)_ws(1.0)]_[p(5, 2)_cs(1.0)_ws(1.0)]"
1669,tomato,start cutting,CuttingBoard_10,CuttingBoard,10,start cutting tomato,player_5ffabd9e,baseline_division_of_labor,326a37cd474d6426,1384.4233244959762,47.999999999998636,8.0,0.0,1.0,1.0,1.0,"(5, 2)","[p(2, 2)_cs(1.0)_ws(1.0)]_[p(5, 2)_cs(1.0)_ws(1.0)]"
1696,tomato,pick up,Dispenser_40,Dispenser,40,pick up tomato from dispenser,player_5ffabd9e,baseline_division_of_labor,326a37cd474d6426,1432.4233244959746,47.99999999999841,8.0,0.0,1.0,1.0,1.0,"(5, 2)","[p(2, 2)_cs(1.0)_ws(1.0)]_[p(5, 2)_cs(1.0)_ws(1.0)]"
1716,tomato,start cutting,CuttingBoard_20,CuttingBoard,20,start cutting tomato,player_5ffabd9e,baseline_division_of_labor,326a37cd474d6426,1464.4233244959737,31.99999999999909,8.0,0.0,1.0,1.0,1.0,"(5, 2)","[p(2, 2)_cs(1.0)_ws(1.0)]_[p(5, 2)_cs(1.0)_ws(1.0)]"
1764,tomato_cut,pick up,CuttingBoard_20,CuttingBoard,20,pick up tomato_cut from cuttingboard,player_5ffabd9e,baseline_division_of_labor,326a37cd474d6426,1464.4233244959737,0.0,8.0,0.0,1.0,1.0,1.0,"(5, 2)","[p(2, 2)_cs(1.0)_ws(1.0)]_[p(5, 2)_cs(1.0)_ws(1.0)]"
1781,tomato_cut,assemble salad,Counter_32,Counter,32,assemble salad,player_5ffabd9e,baseline_division_of_labor,326a37cd474d6426,1480.4233244959732,15.999999999999545,8.0,0.0,1.0,1.0,1.0,"(5, 2)","[p(2, 2)_cs(1.0)_ws(1.0)]_[p(5, 2)_cs(1.0)_ws(1.0)]"
1881,tomato_cut,pick up,CuttingBoard_10,CuttingBoard,10,pick up tomato_cut from cuttingboard,player_5ffabd9e,baseline_division_of_labor,326a37cd474d6426,1589.2458441760243,108.82251968005107,9.0,0.0,1.0,1.0,1.0,"(5, 2)","[p(2, 2)_cs(1.0)_ws(1.0)]_[p(5, 2)_cs(1.0)_ws(1.0)]"
1914,tomato_cut,assemble salad,Counter_33,Counter,33,assemble salad,player_5ffabd9e,baseline_division_of_labor,326a37cd474d6426,1627.6571040160504,38.411259840026105,9.0,0.0,1.0,1.0,1.0,"(5, 2)","[p(2, 2)_cs(1.0)_ws(1.0)]_[p(5, 2)_cs(1.0)_ws(1.0)]"
1946,tomato,pick up,Dispenser_40,Dispenser,40,pick up tomato from dispenser,player_5ffabd9e,baseline_division_of_labor,326a37cd474d6426,1681.8254908446827,54.168386828632265,9.0,0.0,1.0,1.0,1.0,"(5, 2)","[p(2, 2)_cs(1.0)_ws(1.0)]_[p(5, 2)_cs(1.0)_ws(1.0)]"
1966,tomato,start cutting,CuttingBoard_20,CuttingBoard,20,start cutting tomato,player_5ffabd9e,baseline_division_of_labor,326a37cd474d6426,1713.825490844682,31.999999999999318,9.0,0.0,1.0,1.0,1.0,"(5, 2)","[p(2, 2)_cs(1.0)_ws(1.0)]_[p(5, 2)_cs(1.0)_ws(1.0)]"
1988,tomato,pick up,Dispenser_40,Dispenser,40,pick up tomato from dispenser,player_5ffabd9e,baseline_division_of_labor,326a37cd474d6426,1745.825490844681,31.99999999999909,9.0,0.0,1.0,1.0,1.0,"(5, 2)","[p(2, 2)_cs(1.0)_ws(1.0)]_[p(5, 2)_cs(1.0)_ws(1.0)]"
2011,tomato,start cutting,CuttingBoard_10,CuttingBoard,10,start cutting tomato,player_5ffabd9e,baseline_division_of_labor,326a37cd474d6426,1793.8254908446795,47.99999999999841,10.0,0.0,1.0,1.0,1.0,"(5, 2)","[p(2, 2)_cs(1.0)_ws(1.0)]_[p(5, 2)_cs(1.0)_ws(1.0)]"
2061,tomato_cut,pick up,CuttingBoard_10,CuttingBoard,10,pick up tomato_cut from cuttingboard,player_5ffabd9e,baseline_division_of_labor,326a37cd474d6426,1793.8254908446795,0.0,10.0,0.0,1.0,1.0,1.0,"(5, 2)","[p(2, 2)_cs(1.0)_ws(1.0)]_[p(5, 2)_cs(1.0)_ws(1.0)]"
2079,tomato_cut,assemble salad,Counter_32,Counter,32,assemble salad,player_5ffabd9e,baseline_division_of_labor,326a37cd474d6426,1816.4529078426492,22.627416997969704,10.0,0.0,1.0,1.0,1.0,"(5, 2)","[p(2, 2)_cs(1.0)_ws(1.0)]_[p(5, 2)_cs(1.0)_ws(1.0)]"
2139,tomato_cut,pick up,CuttingBoard_20,CuttingBoard,20,pick up tomato_cut from cuttingboard,player_5ffabd9e,baseline_division_of_labor,326a37cd474d6426,1832.4529078426488,15.999999999999545,11.0,0.0,1.0,1.0,1.0,"(5, 2)","[p(2, 2)_cs(1.0)_ws(1.0)]_[p(5, 2)_cs(1.0)_ws(1.0)]"
