{"agents": {"player_e55a3b88": {"initial_state": {"agent_id": "player_e55a3b88", "x": 40, "y": 40, "item": null, "url_params": {"gameType": ["tomatoSaladOnly"], "PROLIFIC_PID": ["5daa226125a3890016e53b07"], "map": ["baseline_division_of_labor"], "cutting_speed_p1": ["1"], "walking_speed_p1": ["0.2"], "cutting_speed_p2": ["0.2"], "walking_speed_p2": ["1"], "slot_x_p1": ["2"], "slot_y_p1": ["2"], "slot_x_p2": ["5"], "slot_y_p2": ["2"], "EIO": ["4"], "transport": ["polling"], "t": ["PZzoUIx"]}, "cut_speed": 1.0, "walk_speed": 6.0, "player_nr": 1}, "player_score": 2.0, "total_actions": 17, "first_action_tick": 213, "last_action_tick": 2025}, "player_b4506df0": {"initial_state": {"agent_id": "player_b4506df0", "x": 88, "y": 40, "item": null, "url_params": {"gameType": ["tomatoSaladOnly"], "PROLIFIC_PID": ["57c357770e6a1f00015f6038"], "map": ["baseline_division_of_labor"], "cutting_speed_p1": ["1"], "walking_speed_p1": ["0.2"], "cutting_speed_p2": ["0.2"], "walking_speed_p2": ["1"], "slot_x_p1": ["2"], "slot_y_p1": ["2"], "slot_x_p2": ["5"], "slot_y_p2": ["2"], "EIO": ["4"], "transport": ["polling"], "t": ["PZzoWTm"]}, "cut_speed": 0.2, "walk_speed": 30.0, "player_nr": 2}, "player_score": 1.0, "total_actions": 33, "first_action_tick": 68, "last_action_tick": 2151}}, "map_name": "baseline_division_of_labor", "final_score": 3.0}