{"agents": {"player_7e1523ab": {"initial_state": {"agent_id": "player_7e1523ab", "x": 40, "y": 40, "item": null, "url_params": {"gameType": ["tomatoSaladOnly"], "PROLIFIC_PID": ["63b63938dbf229f3eb46d4a4"], "map": ["baseline_division_of_labor"], "cutting_speed_p1": ["1"], "walking_speed_p1": ["1"], "cutting_speed_p2": ["1"], "walking_speed_p2": ["1"], "slot_x_p1": ["2"], "slot_y_p1": ["2"], "slot_x_p2": ["5"], "slot_y_p2": ["2"], "EIO": ["4"], "transport": ["polling"], "t": ["PZuDHMD"]}, "cut_speed": 1.0, "walk_speed": 30.0, "player_nr": 1}, "player_score": 2.0, "total_actions": 50, "first_action_tick": 80, "last_action_tick": 2127}, "player_2e66f8fe": {"initial_state": {"agent_id": "player_2e66f8fe", "x": 88, "y": 40, "item": null, "url_params": {"gameType": ["tomatoSaladOnly"], "PROLIFIC_PID": ["664504859e65eeed37cdd5ac"], "map": ["baseline_division_of_labor"], "cutting_speed_p1": ["1"], "walking_speed_p1": ["1"], "cutting_speed_p2": ["1"], "walking_speed_p2": ["1"], "slot_x_p1": ["2"], "slot_y_p1": ["2"], "slot_x_p2": ["5"], "slot_y_p2": ["2"], "EIO": ["4"], "transport": ["polling"], "t": ["PZuDIp4"]}, "cut_speed": 1.0, "walk_speed": 30.0, "player_nr": 2}, "player_score": 7.0, "total_actions": 60, "first_action_tick": 56, "last_action_tick": 2145}}, "map_name": "baseline_division_of_labor", "final_score": 9.0}