tick,item,action,target,target_type,target_position,action_long,player_id,map_name,game_id,distance_walked,distance_walked_since_last_action,overall_score,player_score_change,player_score,walking_speed,cutting_speed,start_pos,condition,source,last_touched,touched_list,tomato_history,plate_history,is_exchange_collaboration
78,tomato,pick up,Dispenser_40,Dispenser,40,pick up tomato from dispenser,player_bf773b6c,baseline_division_of_labor,ad9acf74c1146482,22.62741699796952,0.0,0.0,0.0,0.0,1.0,0.5,"(5, 2)","[p(2, 2)_cs(1.0)_ws(0.5)]_[p(5, 2)_cs(0.5)_ws(1.0)]",player_bf773b6c_actions,,[],,,
91,tomato,pick up,Dispenser_40,Dispenser,40,pick up tomato from dispenser,player_6936a9eb,baseline_division_of_labor,ad9acf74c1146482,38.509231746308544,0.0,0.0,0.0,0.0,0.5,1.0,"(2, 2)","[p(2, 2)_cs(1.0)_ws(0.5)]_[p(5, 2)_cs(0.5)_ws(1.0)]",player_6936a9eb_actions,,[],,,
117,tomato,start cutting,CuttingBoard_20,CuttingBoard,20,start cutting tomato,player_bf773b6c,baseline_division_of_labor,ad9acf74c1146482,54.62741699796952,32.0,0.0,0.0,0.0,1.0,0.5,"(5, 2)","[p(2, 2)_cs(1.0)_ws(0.5)]_[p(5, 2)_cs(0.5)_ws(1.0)]",player_bf773b6c_actions,player_bf773b6c,['player_bf773b6c'],,,
148,tomato,pick up,Dispenser_40,Dispenser,40,pick up tomato from dispenser,player_bf773b6c,baseline_division_of_labor,ad9acf74c1146482,86.62741699796952,32.0,0.0,0.0,0.0,1.0,0.5,"(5, 2)","[p(2, 2)_cs(1.0)_ws(0.5)]_[p(5, 2)_cs(0.5)_ws(1.0)]",player_bf773b6c_actions,,[],,,
172,tomato,put down,Counter_33,Counter,33,put down tomato on counter,player_bf773b6c,baseline_division_of_labor,ad9acf74c1146482,118.62741699796952,32.0,0.0,0.0,0.0,1.0,0.5,"(5, 2)","[p(2, 2)_cs(1.0)_ws(0.5)]_[p(5, 2)_cs(0.5)_ws(1.0)]",player_bf773b6c_actions,player_bf773b6c,['player_bf773b6c'],,,
184,tomato,start cutting,CuttingBoard_10,CuttingBoard,10,start cutting tomato,player_6936a9eb,baseline_division_of_labor,ad9acf74c1146482,118.50923174630854,80.0,0.0,0.0,0.0,0.5,1.0,"(2, 2)","[p(2, 2)_cs(1.0)_ws(0.5)]_[p(5, 2)_cs(0.5)_ws(1.0)]",player_6936a9eb_actions,player_6936a9eb,['player_6936a9eb'],,,
195,tomato,pick up,Dispenser_40,Dispenser,40,pick up tomato from dispenser,player_bf773b6c,baseline_division_of_labor,ad9acf74c1146482,150.62741699796953,32.000000000000014,0.0,0.0,0.0,1.0,0.5,"(5, 2)","[p(2, 2)_cs(1.0)_ws(0.5)]_[p(5, 2)_cs(0.5)_ws(1.0)]",player_bf773b6c_actions,,[],,,
221,tomato,put down,Counter_34,Counter,34,put down tomato on counter,player_bf773b6c,baseline_division_of_labor,ad9acf74c1146482,198.62741699796953,48.0,0.0,0.0,0.0,1.0,0.5,"(5, 2)","[p(2, 2)_cs(1.0)_ws(0.5)]_[p(5, 2)_cs(0.5)_ws(1.0)]",player_bf773b6c_actions,player_bf773b6c,['player_bf773b6c'],,,
250,tomato,pick up,Dispenser_40,Dispenser,40,pick up tomato from dispenser,player_bf773b6c,baseline_division_of_labor,ad9acf74c1146482,246.62741699796953,48.0,0.0,0.0,0.0,1.0,0.5,"(5, 2)","[p(2, 2)_cs(1.0)_ws(0.5)]_[p(5, 2)_cs(0.5)_ws(1.0)]",player_bf773b6c_actions,,[],,,
266,tomato,put down,Counter_32,Counter,32,put down tomato on counter,player_bf773b6c,baseline_division_of_labor,ad9acf74c1146482,262.62741699796953,16.0,0.0,0.0,0.0,1.0,0.5,"(5, 2)","[p(2, 2)_cs(1.0)_ws(0.5)]_[p(5, 2)_cs(0.5)_ws(1.0)]",player_bf773b6c_actions,player_bf773b6c,['player_bf773b6c'],,,
278,plate,pick up,Dispenser_60,Dispenser,60,pick up plate from dispenser,player_6936a9eb,baseline_division_of_labor,ad9acf74c1146482,198.50923174630856,80.00000000000001,0.0,0.0,0.0,0.5,1.0,"(2, 2)","[p(2, 2)_cs(1.0)_ws(0.5)]_[p(5, 2)_cs(0.5)_ws(1.0)]",player_6936a9eb_actions,,[],,,
337,plate,pick up,Dispenser_60,Dispenser,60,pick up plate from dispenser,player_bf773b6c,baseline_division_of_labor,ad9acf74c1146482,374.6274169979703,112.00000000000074,0.0,0.0,0.0,1.0,0.5,"(5, 2)","[p(2, 2)_cs(1.0)_ws(0.5)]_[p(5, 2)_cs(0.5)_ws(1.0)]",player_bf773b6c_actions,,[],,,
374,plate,put down,Counter_35,Counter,35,put down plate on counter,player_6936a9eb,baseline_division_of_labor,ad9acf74c1146482,275.4949967253717,76.98576497906316,0.0,0.0,0.0,0.5,1.0,"(2, 2)","[p(2, 2)_cs(1.0)_ws(0.5)]_[p(5, 2)_cs(0.5)_ws(1.0)]",player_6936a9eb_actions,player_6936a9eb,['player_6936a9eb'],,,
468,plate,put down,Counter_34,Counter,34,put down plate on counter,player_bf773b6c,baseline_division_of_labor,ad9acf74c1146482,564.6436864375352,190.0162694395649,0.0,0.0,0.0,1.0,0.5,"(5, 2)","[p(2, 2)_cs(1.0)_ws(0.5)]_[p(5, 2)_cs(0.5)_ws(1.0)]",player_bf773b6c_actions,player_bf773b6c,['player_bf773b6c'],,,
468,tomato,pick up,Counter_34,Counter,34,pick up tomato from counter,player_bf773b6c,baseline_division_of_labor,ad9acf74c1146482,564.6436864375352,0.0,0.0,0.0,0.0,1.0,0.5,"(5, 2)","[p(2, 2)_cs(1.0)_ws(0.5)]_[p(5, 2)_cs(0.5)_ws(1.0)]",player_bf773b6c_actions,player_bf773b6c,['player_bf773b6c'],,,False
512,tomato,start cutting,CuttingBoard_10,CuttingBoard,10,start cutting tomato,player_bf773b6c,baseline_division_of_labor,ad9acf74c1146482,619.0630580807842,54.419371643249065,0.0,0.0,0.0,1.0,0.5,"(5, 2)","[p(2, 2)_cs(1.0)_ws(0.5)]_[p(5, 2)_cs(0.5)_ws(1.0)]",player_bf773b6c_actions,player_bf773b6c,"['player_bf773b6c', 'player_bf773b6c']",,,
512,tomato_cut,pick up,CuttingBoard_10,CuttingBoard,10,pick up tomato_cut from cuttingboard,player_bf773b6c,baseline_division_of_labor,ad9acf74c1146482,619.0630580807842,0.0,0.0,0.0,0.0,1.0,0.5,"(5, 2)","[p(2, 2)_cs(1.0)_ws(0.5)]_[p(5, 2)_cs(0.5)_ws(1.0)]",player_bf773b6c_actions,player_bf773b6c,"['player_bf773b6c', 'player_bf773b6c']",,,False
568,tomato_cut,assemble salad,Counter_34,Counter,34,assemble salad,player_bf773b6c,baseline_division_of_labor,ad9acf74c1146482,673.492815555057,54.42975747427272,0.0,0.0,0.0,1.0,0.5,"(5, 2)","[p(2, 2)_cs(1.0)_ws(0.5)]_[p(5, 2)_cs(0.5)_ws(1.0)]",player_bf773b6c_actions,player_bf773b6c,['player_bf773b6c'],"['player_bf773b6c', 'player_bf773b6c', 'player_bf773b6c']","['player_bf773b6c', 'player_bf773b6c']",False
578,tomato_salad,pick up,Counter_34,Counter,34,pick up tomato_salad from counter,player_bf773b6c,baseline_division_of_labor,ad9acf74c1146482,673.492815555057,0.0,0.0,0.0,0.0,1.0,0.5,"(5, 2)","[p(2, 2)_cs(1.0)_ws(0.5)]_[p(5, 2)_cs(0.5)_ws(1.0)]",player_bf773b6c_actions,player_bf773b6c,['player_bf773b6c'],"['player_bf773b6c', 'player_bf773b6c', 'player_bf773b6c']","['player_bf773b6c', 'player_bf773b6c']",False
583,tomato_cut,pick up,CuttingBoard_10,CuttingBoard,10,pick up tomato_cut from cuttingboard,player_6936a9eb,baseline_division_of_labor,ad9acf74c1146482,442.85001612609847,167.35501940072675,0.0,0.0,0.0,0.5,1.0,"(2, 2)","[p(2, 2)_cs(1.0)_ws(0.5)]_[p(5, 2)_cs(0.5)_ws(1.0)]",player_6936a9eb_actions,player_bf773b6c,['player_bf773b6c'],"['player_bf773b6c', 'player_bf773b6c', 'player_bf773b6c']","['player_bf773b6c', 'player_bf773b6c']",True
622,tomato_salad,deliver,Delivery_64,Delivery,64,deliver tomato_salad,player_bf773b6c,baseline_division_of_labor,ad9acf74c1146482,756.268255058402,82.77543950334507,1.0,1.0,1.0,1.0,0.5,"(5, 2)","[p(2, 2)_cs(1.0)_ws(0.5)]_[p(5, 2)_cs(0.5)_ws(1.0)]",player_bf773b6c_actions,player_bf773b6c,"['player_bf773b6c', 'player_bf773b6c']","['player_bf773b6c', 'player_bf773b6c', 'player_bf773b6c']","['player_bf773b6c', 'player_bf773b6c']",
658,plate,pick up,Dispenser_60,Dispenser,60,pick up plate from dispenser,player_bf773b6c,baseline_division_of_labor,ad9acf74c1146482,810.687626701651,54.41937164324895,1.0,0.0,1.0,1.0,0.5,"(5, 2)","[p(2, 2)_cs(1.0)_ws(0.5)]_[p(5, 2)_cs(0.5)_ws(1.0)]",player_bf773b6c_actions,,[],,,
665,tomato_cut,assemble salad,Counter_35,Counter,35,assemble salad,player_6936a9eb,baseline_division_of_labor,ad9acf74c1146482,513.3516838216966,70.50166769559814,1.0,0.0,0.0,0.5,1.0,"(2, 2)","[p(2, 2)_cs(1.0)_ws(0.5)]_[p(5, 2)_cs(0.5)_ws(1.0)]",player_6936a9eb_actions,player_6936a9eb,['player_6936a9eb'],"['player_bf773b6c', 'player_6936a9eb']",['player_6936a9eb'],False
697,plate,put down,Counter_34,Counter,34,put down plate on counter,player_bf773b6c,baseline_division_of_labor,ad9acf74c1146482,871.6038136041893,60.91618690253836,1.0,0.0,1.0,1.0,0.5,"(5, 2)","[p(2, 2)_cs(1.0)_ws(0.5)]_[p(5, 2)_cs(0.5)_ws(1.0)]",player_bf773b6c_actions,player_bf773b6c,['player_bf773b6c'],,,
715,tomato_salad,pick up,Counter_35,Counter,35,pick up tomato_salad from counter,player_bf773b6c,baseline_division_of_labor,ad9acf74c1146482,887.6038136041893,16.0,1.0,0.0,1.0,1.0,0.5,"(5, 2)","[p(2, 2)_cs(1.0)_ws(0.5)]_[p(5, 2)_cs(0.5)_ws(1.0)]",player_bf773b6c_actions,player_6936a9eb,['player_6936a9eb'],"['player_bf773b6c', 'player_6936a9eb']",['player_6936a9eb'],True
732,tomato_salad,deliver,Delivery_64,Delivery,64,deliver tomato_salad,player_bf773b6c,baseline_division_of_labor,ad9acf74c1146482,910.2312306021591,22.627416997969817,2.0,1.0,2.0,1.0,0.5,"(5, 2)","[p(2, 2)_cs(1.0)_ws(0.5)]_[p(5, 2)_cs(0.5)_ws(1.0)]",player_bf773b6c_actions,player_bf773b6c,"['player_6936a9eb', 'player_bf773b6c']","['player_bf773b6c', 'player_6936a9eb']",['player_6936a9eb'],
775,plate,pick up,Dispenser_60,Dispenser,60,pick up plate from dispenser,player_bf773b6c,baseline_division_of_labor,ad9acf74c1146482,964.650602245408,54.41937164324895,2.0,0.0,2.0,1.0,0.5,"(5, 2)","[p(2, 2)_cs(1.0)_ws(0.5)]_[p(5, 2)_cs(0.5)_ws(1.0)]",player_bf773b6c_actions,,[],,,
816,plate,put down,Counter_35,Counter,35,put down plate on counter,player_bf773b6c,baseline_division_of_labor,ad9acf74c1146482,1041.5847066759784,76.9341044305703,2.0,0.0,2.0,1.0,0.5,"(5, 2)","[p(2, 2)_cs(1.0)_ws(0.5)]_[p(5, 2)_cs(0.5)_ws(1.0)]",player_bf773b6c_actions,player_bf773b6c,['player_bf773b6c'],,,
831,tomato,pick up,Dispenser_40,Dispenser,40,pick up tomato from dispenser,player_6936a9eb,baseline_division_of_labor,ad9acf74c1146482,635.2971911994663,121.94550737776969,2.0,0.0,0.0,0.5,1.0,"(2, 2)","[p(2, 2)_cs(1.0)_ws(0.5)]_[p(5, 2)_cs(0.5)_ws(1.0)]",player_6936a9eb_actions,,[],,,
891,tomato,start cutting,CuttingBoard_10,CuttingBoard,10,start cutting tomato,player_6936a9eb,baseline_division_of_labor,ad9acf74c1146482,683.2971911994644,47.99999999999807,2.0,0.0,0.0,0.5,1.0,"(2, 2)","[p(2, 2)_cs(1.0)_ws(0.5)]_[p(5, 2)_cs(0.5)_ws(1.0)]",player_6936a9eb_actions,player_6936a9eb,['player_6936a9eb'],,,
925,tomato_cut,pick up,CuttingBoard_20,CuttingBoard,20,pick up tomato_cut from cuttingboard,player_bf773b6c,baseline_division_of_labor,ad9acf74c1146482,1127.9202192017758,86.33551252579741,2.0,0.0,2.0,1.0,0.5,"(5, 2)","[p(2, 2)_cs(1.0)_ws(0.5)]_[p(5, 2)_cs(0.5)_ws(1.0)]",player_bf773b6c_actions,player_bf773b6c,['player_bf773b6c'],,,False
962,tomato_cut,assemble salad,Counter_34,Counter,34,assemble salad,player_bf773b6c,baseline_division_of_labor,ad9acf74c1146482,1175.9202192017742,47.99999999999841,2.0,0.0,2.0,1.0,0.5,"(5, 2)","[p(2, 2)_cs(1.0)_ws(0.5)]_[p(5, 2)_cs(0.5)_ws(1.0)]",player_bf773b6c_actions,player_bf773b6c,['player_bf773b6c'],"['player_bf773b6c', 'player_bf773b6c']",['player_bf773b6c'],False
971,tomato_salad,pick up,Counter_34,Counter,34,pick up tomato_salad from counter,player_bf773b6c,baseline_division_of_labor,ad9acf74c1146482,1175.9202192017742,0.0,2.0,0.0,2.0,1.0,0.5,"(5, 2)","[p(2, 2)_cs(1.0)_ws(0.5)]_[p(5, 2)_cs(0.5)_ws(1.0)]",player_bf773b6c_actions,player_bf773b6c,['player_bf773b6c'],"['player_bf773b6c', 'player_bf773b6c']",['player_bf773b6c'],False
1012,plate,pick up,Dispenser_60,Dispenser,60,pick up plate from dispenser,player_6936a9eb,baseline_division_of_labor,ad9acf74c1146482,763.2971911994609,79.99999999999659,2.0,0.0,0.0,0.5,1.0,"(2, 2)","[p(2, 2)_cs(1.0)_ws(0.5)]_[p(5, 2)_cs(0.5)_ws(1.0)]",player_6936a9eb_actions,,[],,,
1016,tomato_salad,deliver,Delivery_64,Delivery,64,deliver tomato_salad,player_bf773b6c,baseline_division_of_labor,ad9acf74c1146482,1258.6956587051188,82.77543950334461,3.0,1.0,3.0,1.0,0.5,"(5, 2)","[p(2, 2)_cs(1.0)_ws(0.5)]_[p(5, 2)_cs(0.5)_ws(1.0)]",player_bf773b6c_actions,player_bf773b6c,"['player_bf773b6c', 'player_bf773b6c']","['player_bf773b6c', 'player_bf773b6c']",['player_bf773b6c'],
1064,tomato_cut,pick up,CuttingBoard_10,CuttingBoard,10,pick up tomato_cut from cuttingboard,player_bf773b6c,baseline_division_of_labor,ad9acf74c1146482,1351.365316136634,92.66965743151512,3.0,0.0,3.0,1.0,0.5,"(5, 2)","[p(2, 2)_cs(1.0)_ws(0.5)]_[p(5, 2)_cs(0.5)_ws(1.0)]",player_bf773b6c_actions,player_6936a9eb,['player_6936a9eb'],,,True
1101,plate,put down,Counter_01,Counter,1,put down plate on counter,player_6936a9eb,baseline_division_of_labor,ad9acf74c1146482,843.2971911994574,79.99999999999648,3.0,0.0,0.0,0.5,1.0,"(2, 2)","[p(2, 2)_cs(1.0)_ws(0.5)]_[p(5, 2)_cs(0.5)_ws(1.0)]",player_6936a9eb_actions,player_6936a9eb,['player_6936a9eb'],,,
1108,tomato_cut,assemble salad,Counter_35,Counter,35,assemble salad,player_bf773b6c,baseline_division_of_labor,ad9acf74c1146482,1421.8587007118924,70.49338457525846,3.0,0.0,3.0,1.0,0.5,"(5, 2)","[p(2, 2)_cs(1.0)_ws(0.5)]_[p(5, 2)_cs(0.5)_ws(1.0)]",player_bf773b6c_actions,player_bf773b6c,['player_bf773b6c'],"['player_6936a9eb', 'player_bf773b6c']",['player_bf773b6c'],False
1129,tomato_salad,pick up,Counter_35,Counter,35,pick up tomato_salad from counter,player_bf773b6c,baseline_division_of_labor,ad9acf74c1146482,1454.3693868436417,32.510686131749026,3.0,0.0,3.0,1.0,0.5,"(5, 2)","[p(2, 2)_cs(1.0)_ws(0.5)]_[p(5, 2)_cs(0.5)_ws(1.0)]",player_bf773b6c_actions,player_bf773b6c,['player_bf773b6c'],"['player_6936a9eb', 'player_bf773b6c']",['player_bf773b6c'],False
1157,tomato_salad,deliver,Delivery_64,Delivery,64,deliver tomato_salad,player_bf773b6c,baseline_division_of_labor,ad9acf74c1146482,1499.6242208395793,45.254833995937815,4.0,1.0,4.0,1.0,0.5,"(5, 2)","[p(2, 2)_cs(1.0)_ws(0.5)]_[p(5, 2)_cs(0.5)_ws(1.0)]",player_bf773b6c_actions,player_bf773b6c,"['player_bf773b6c', 'player_bf773b6c']","['player_6936a9eb', 'player_bf773b6c']",['player_bf773b6c'],
1192,plate,pick up,Dispenser_60,Dispenser,60,pick up plate from dispenser,player_bf773b6c,baseline_division_of_labor,ad9acf74c1146482,1554.0435924828266,54.41937164324736,4.0,0.0,4.0,1.0,0.5,"(5, 2)","[p(2, 2)_cs(1.0)_ws(0.5)]_[p(5, 2)_cs(0.5)_ws(1.0)]",player_bf773b6c_actions,,[],,,
1226,plate,put down,Counter_34,Counter,34,put down plate on counter,player_bf773b6c,baseline_division_of_labor,ad9acf74c1146482,1614.9597793853634,60.916186902536765,4.0,0.0,4.0,1.0,0.5,"(5, 2)","[p(2, 2)_cs(1.0)_ws(0.5)]_[p(5, 2)_cs(0.5)_ws(1.0)]",player_bf773b6c_actions,player_bf773b6c,['player_bf773b6c'],,,
1244,tomato,pick up,Counter_32,Counter,32,pick up tomato from counter,player_6936a9eb,baseline_division_of_labor,ad9acf74c1146482,953.424608197438,110.1274169979805,4.0,0.0,0.0,0.5,1.0,"(2, 2)","[p(2, 2)_cs(1.0)_ws(0.5)]_[p(5, 2)_cs(0.5)_ws(1.0)]",player_6936a9eb_actions,player_bf773b6c,['player_bf773b6c'],,,True
1258,plate,pick up,Dispenser_60,Dispenser,60,pick up plate from dispenser,player_bf773b6c,baseline_division_of_labor,ad9acf74c1146482,1675.8759662879002,60.916186902536765,4.0,0.0,4.0,1.0,0.5,"(5, 2)","[p(2, 2)_cs(1.0)_ws(0.5)]_[p(5, 2)_cs(0.5)_ws(1.0)]",player_bf773b6c_actions,,[],,,
1290,tomato,start cutting,CuttingBoard_10,CuttingBoard,10,start cutting tomato,player_6936a9eb,baseline_division_of_labor,ad9acf74c1146482,976.0520251954068,22.627416997968908,4.0,0.0,0.0,0.5,1.0,"(2, 2)","[p(2, 2)_cs(1.0)_ws(0.5)]_[p(5, 2)_cs(0.5)_ws(1.0)]",player_6936a9eb_actions,player_6936a9eb,"['player_bf773b6c', 'player_6936a9eb']",,,
1298,plate,put down,Counter_35,Counter,35,put down plate on counter,player_bf773b6c,baseline_division_of_labor,ad9acf74c1146482,1752.8100707184688,76.9341044305686,4.0,0.0,4.0,1.0,0.5,"(5, 2)","[p(2, 2)_cs(1.0)_ws(0.5)]_[p(5, 2)_cs(0.5)_ws(1.0)]",player_bf773b6c_actions,player_bf773b6c,['player_bf773b6c'],,,
1331,tomato,pick up,Dispenser_40,Dispenser,40,pick up tomato from dispenser,player_bf773b6c,baseline_division_of_labor,ad9acf74c1146482,1816.8100707184667,63.999999999997954,4.0,0.0,4.0,1.0,0.5,"(5, 2)","[p(2, 2)_cs(1.0)_ws(0.5)]_[p(5, 2)_cs(0.5)_ws(1.0)]",player_bf773b6c_actions,,[],,,
1341,tomato_cut,pick up,CuttingBoard_10,CuttingBoard,10,pick up tomato_cut from cuttingboard,player_6936a9eb,baseline_division_of_labor,ad9acf74c1146482,976.0520251954068,0.0,4.0,0.0,0.0,0.5,1.0,"(2, 2)","[p(2, 2)_cs(1.0)_ws(0.5)]_[p(5, 2)_cs(0.5)_ws(1.0)]",player_6936a9eb_actions,player_6936a9eb,"['player_bf773b6c', 'player_6936a9eb']",,,False
1349,tomato,put down,Counter_32,Counter,32,put down tomato on counter,player_bf773b6c,baseline_division_of_labor,ad9acf74c1146482,1832.8100707184665,15.999999999999543,4.0,0.0,4.0,1.0,0.5,"(5, 2)","[p(2, 2)_cs(1.0)_ws(0.5)]_[p(5, 2)_cs(0.5)_ws(1.0)]",player_bf773b6c_actions,player_bf773b6c,['player_bf773b6c'],,,
1353,tomato_cut,assemble salad,Counter_01,Counter,1,assemble salad,player_6936a9eb,baseline_division_of_labor,ad9acf74c1146482,976.0520251954068,0.0,4.0,0.0,0.0,0.5,1.0,"(2, 2)","[p(2, 2)_cs(1.0)_ws(0.5)]_[p(5, 2)_cs(0.5)_ws(1.0)]",player_6936a9eb_actions,player_6936a9eb,['player_6936a9eb'],"['player_bf773b6c', 'player_6936a9eb', 'player_6936a9eb']",['player_6936a9eb'],False
1373,tomato_salad,pick up,Counter_01,Counter,1,pick up tomato_salad from counter,player_6936a9eb,baseline_division_of_labor,ad9acf74c1146482,976.0520251954068,0.0,4.0,0.0,0.0,0.5,1.0,"(2, 2)","[p(2, 2)_cs(1.0)_ws(0.5)]_[p(5, 2)_cs(0.5)_ws(1.0)]",player_6936a9eb_actions,player_6936a9eb,['player_6936a9eb'],"['player_bf773b6c', 'player_6936a9eb', 'player_6936a9eb']",['player_6936a9eb'],False
1416,tomato,pick up,Counter_32,Counter,32,pick up tomato from counter,player_bf773b6c,baseline_division_of_labor,ad9acf74c1146482,1832.8100707184665,0.0,4.0,0.0,4.0,1.0,0.5,"(5, 2)","[p(2, 2)_cs(1.0)_ws(0.5)]_[p(5, 2)_cs(0.5)_ws(1.0)]",player_bf773b6c_actions,player_bf773b6c,['player_bf773b6c'],,,False
1428,tomato,start cutting,CuttingBoard_20,CuttingBoard,20,start cutting tomato,player_bf773b6c,baseline_division_of_labor,ad9acf74c1146482,1848.8100707184656,15.999999999999543,4.0,0.0,4.0,1.0,0.5,"(5, 2)","[p(2, 2)_cs(1.0)_ws(0.5)]_[p(5, 2)_cs(0.5)_ws(1.0)]",player_bf773b6c_actions,player_bf773b6c,"['player_bf773b6c', 'player_bf773b6c']",,,
1473,tomato_salad,deliver,Delivery_64,Delivery,64,deliver tomato_salad,player_6936a9eb,baseline_division_of_labor,ad9acf74c1146482,1068.865661287492,92.81363609208518,5.0,1.0,1.0,0.5,1.0,"(2, 2)","[p(2, 2)_cs(1.0)_ws(0.5)]_[p(5, 2)_cs(0.5)_ws(1.0)]",player_6936a9eb_actions,player_6936a9eb,"['player_6936a9eb', 'player_6936a9eb']","['player_bf773b6c', 'player_6936a9eb', 'player_6936a9eb']",['player_6936a9eb'],
1514,tomato_cut,pick up,CuttingBoard_20,CuttingBoard,20,pick up tomato_cut from cuttingboard,player_bf773b6c,baseline_division_of_labor,ad9acf74c1146482,1848.8100707184656,0.0,5.0,0.0,4.0,1.0,0.5,"(5, 2)","[p(2, 2)_cs(1.0)_ws(0.5)]_[p(5, 2)_cs(0.5)_ws(1.0)]",player_bf773b6c_actions,player_bf773b6c,"['player_bf773b6c', 'player_bf773b6c']",,,False
1542,tomato_cut,assemble salad,Counter_34,Counter,34,assemble salad,player_bf773b6c,baseline_division_of_labor,ad9acf74c1146482,1896.810070718464,47.99999999999818,5.0,0.0,4.0,1.0,0.5,"(5, 2)","[p(2, 2)_cs(1.0)_ws(0.5)]_[p(5, 2)_cs(0.5)_ws(1.0)]",player_bf773b6c_actions,player_bf773b6c,['player_bf773b6c'],"['player_bf773b6c', 'player_bf773b6c', 'player_bf773b6c']",['player_bf773b6c'],False
1544,tomato,pick up,Dispenser_40,Dispenser,40,pick up tomato from dispenser,player_6936a9eb,baseline_division_of_labor,ad9acf74c1146482,1123.3426708710488,54.477009583556764,5.0,0.0,1.0,0.5,1.0,"(2, 2)","[p(2, 2)_cs(1.0)_ws(0.5)]_[p(5, 2)_cs(0.5)_ws(1.0)]",player_6936a9eb_actions,,[],,,
1552,tomato_salad,pick up,Counter_34,Counter,34,pick up tomato_salad from counter,player_bf773b6c,baseline_division_of_labor,ad9acf74c1146482,1896.810070718464,0.0,5.0,0.0,4.0,1.0,0.5,"(5, 2)","[p(2, 2)_cs(1.0)_ws(0.5)]_[p(5, 2)_cs(0.5)_ws(1.0)]",player_bf773b6c_actions,player_bf773b6c,['player_bf773b6c'],"['player_bf773b6c', 'player_bf773b6c', 'player_bf773b6c']",['player_bf773b6c'],False
1593,tomato_salad,deliver,Delivery_64,Delivery,64,deliver tomato_salad,player_bf773b6c,baseline_division_of_labor,ad9acf74c1146482,1979.5855102218088,82.77543950334461,6.0,1.0,5.0,1.0,0.5,"(5, 2)","[p(2, 2)_cs(1.0)_ws(0.5)]_[p(5, 2)_cs(0.5)_ws(1.0)]",player_bf773b6c_actions,player_bf773b6c,"['player_bf773b6c', 'player_bf773b6c']","['player_bf773b6c', 'player_bf773b6c', 'player_bf773b6c']",['player_bf773b6c'],
1608,tomato,start cutting,CuttingBoard_10,CuttingBoard,10,start cutting tomato,player_6936a9eb,baseline_division_of_labor,ad9acf74c1146482,1171.3426708710474,47.99999999999864,6.0,0.0,1.0,0.5,1.0,"(2, 2)","[p(2, 2)_cs(1.0)_ws(0.5)]_[p(5, 2)_cs(0.5)_ws(1.0)]",player_6936a9eb_actions,player_6936a9eb,['player_6936a9eb'],,,
1619,tomato,pick up,Counter_33,Counter,33,pick up tomato from counter,player_bf773b6c,baseline_division_of_labor,ad9acf74c1146482,2002.2129272197776,22.62741699796902,6.0,0.0,5.0,1.0,0.5,"(5, 2)","[p(2, 2)_cs(1.0)_ws(0.5)]_[p(5, 2)_cs(0.5)_ws(1.0)]",player_bf773b6c_actions,player_bf773b6c,['player_bf773b6c'],,,False
1656,tomato,start cutting,CuttingBoard_20,CuttingBoard,20,start cutting tomato,player_bf773b6c,baseline_division_of_labor,ad9acf74c1146482,2056.381314048409,54.168386828631355,6.0,0.0,5.0,1.0,0.5,"(5, 2)","[p(2, 2)_cs(1.0)_ws(0.5)]_[p(5, 2)_cs(0.5)_ws(1.0)]",player_bf773b6c_actions,player_bf773b6c,"['player_bf773b6c', 'player_bf773b6c']",,,
1674,tomato_cut,pick up,CuttingBoard_10,CuttingBoard,10,pick up tomato_cut from cuttingboard,player_6936a9eb,baseline_division_of_labor,ad9acf74c1146482,1171.3426708710474,0.0,6.0,0.0,1.0,0.5,1.0,"(2, 2)","[p(2, 2)_cs(1.0)_ws(0.5)]_[p(5, 2)_cs(0.5)_ws(1.0)]",player_6936a9eb_actions,player_6936a9eb,['player_6936a9eb'],,,False
1735,plate,pick up,Dispenser_60,Dispenser,60,pick up plate from dispenser,player_bf773b6c,baseline_division_of_labor,ad9acf74c1146482,2120.3813140484085,63.999999999999545,6.0,0.0,5.0,1.0,0.5,"(5, 2)","[p(2, 2)_cs(1.0)_ws(0.5)]_[p(5, 2)_cs(0.5)_ws(1.0)]",player_bf773b6c_actions,,[],,,
1748,tomato_cut,assemble salad,Counter_35,Counter,35,assemble salad,player_6936a9eb,baseline_division_of_labor,ad9acf74c1146482,1241.8443385666428,70.50166769559542,6.0,0.0,1.0,0.5,1.0,"(2, 2)","[p(2, 2)_cs(1.0)_ws(0.5)]_[p(5, 2)_cs(0.5)_ws(1.0)]",player_6936a9eb_actions,player_bf773b6c,['player_6936a9eb'],"['player_6936a9eb', 'player_6936a9eb']",['player_bf773b6c'],True
1764,plate,put down,Counter_32,Counter,32,put down plate on counter,player_bf773b6c,baseline_division_of_labor,ad9acf74c1146482,2158.7883767151725,38.40706266676398,6.0,0.0,5.0,1.0,0.5,"(5, 2)","[p(2, 2)_cs(1.0)_ws(0.5)]_[p(5, 2)_cs(0.5)_ws(1.0)]",player_bf773b6c_actions,player_bf773b6c,['player_bf773b6c'],,,
1767,tomato_salad,pick up,Counter_35,Counter,35,pick up tomato_salad from counter,player_6936a9eb,baseline_division_of_labor,ad9acf74c1146482,1241.8443385666428,0.0,6.0,0.0,1.0,0.5,1.0,"(2, 2)","[p(2, 2)_cs(1.0)_ws(0.5)]_[p(5, 2)_cs(0.5)_ws(1.0)]",player_6936a9eb_actions,player_6936a9eb,['player_6936a9eb'],"['player_6936a9eb', 'player_6936a9eb']",['player_bf773b6c'],False
1811,plate,pick up,Counter_32,Counter,32,pick up plate from counter,player_bf773b6c,baseline_division_of_labor,ad9acf74c1146482,2213.2953034400693,54.50692672489686,6.0,0.0,5.0,1.0,0.5,"(5, 2)","[p(2, 2)_cs(1.0)_ws(0.5)]_[p(5, 2)_cs(0.5)_ws(1.0)]",player_bf773b6c_actions,player_bf773b6c,['player_bf773b6c'],,,False
1840,tomato_salad,deliver,Delivery_64,Delivery,64,deliver tomato_salad,player_6936a9eb,baseline_division_of_labor,ad9acf74c1146482,1309.3128363608566,67.46849779421382,7.0,1.0,2.0,0.5,1.0,"(2, 2)","[p(2, 2)_cs(1.0)_ws(0.5)]_[p(5, 2)_cs(0.5)_ws(1.0)]",player_6936a9eb_actions,player_6936a9eb,"['player_6936a9eb', 'player_6936a9eb']","['player_6936a9eb', 'player_6936a9eb']",['player_bf773b6c'],
1844,plate,put down,Counter_32,Counter,32,put down plate on counter,player_bf773b6c,baseline_division_of_labor,ad9acf74c1146482,2245.295303440071,32.00000000000182,7.0,0.0,5.0,1.0,0.5,"(5, 2)","[p(2, 2)_cs(1.0)_ws(0.5)]_[p(5, 2)_cs(0.5)_ws(1.0)]",player_bf773b6c_actions,player_bf773b6c,"['player_bf773b6c', 'player_bf773b6c']",,,
1910,tomato_cut,pick up,CuttingBoard_20,CuttingBoard,20,pick up tomato_cut from cuttingboard,player_bf773b6c,baseline_division_of_labor,ad9acf74c1146482,2293.295303440074,48.00000000000273,7.0,0.0,5.0,1.0,0.5,"(5, 2)","[p(2, 2)_cs(1.0)_ws(0.5)]_[p(5, 2)_cs(0.5)_ws(1.0)]",player_bf773b6c_actions,player_bf773b6c,"['player_bf773b6c', 'player_bf773b6c']",,,False
1920,tomato,pick up,Dispenser_40,Dispenser,40,pick up tomato from dispenser,player_6936a9eb,baseline_division_of_labor,ad9acf74c1146482,1363.7898459444134,54.477009583556764,7.0,0.0,2.0,0.5,1.0,"(2, 2)","[p(2, 2)_cs(1.0)_ws(0.5)]_[p(5, 2)_cs(0.5)_ws(1.0)]",player_6936a9eb_actions,,[],,,
1931,tomato_cut,assemble salad,Counter_32,Counter,32,assemble salad,player_bf773b6c,baseline_division_of_labor,ad9acf74c1146482,2309.295303440075,16.00000000000091,7.0,0.0,5.0,1.0,0.5,"(5, 2)","[p(2, 2)_cs(1.0)_ws(0.5)]_[p(5, 2)_cs(0.5)_ws(1.0)]",player_bf773b6c_actions,player_bf773b6c,['player_bf773b6c'],"['player_bf773b6c', 'player_bf773b6c', 'player_bf773b6c']","['player_bf773b6c', 'player_bf773b6c']",False
1944,tomato_salad,pick up,Counter_32,Counter,32,pick up tomato_salad from counter,player_bf773b6c,baseline_division_of_labor,ad9acf74c1146482,2309.295303440075,0.0,7.0,0.0,5.0,1.0,0.5,"(5, 2)","[p(2, 2)_cs(1.0)_ws(0.5)]_[p(5, 2)_cs(0.5)_ws(1.0)]",player_bf773b6c_actions,player_bf773b6c,['player_bf773b6c'],"['player_bf773b6c', 'player_bf773b6c', 'player_bf773b6c']","['player_bf773b6c', 'player_bf773b6c']",False
1973,tomato_salad,deliver,Delivery_63,Delivery,63,deliver tomato_salad,player_bf773b6c,baseline_division_of_labor,ad9acf74c1146482,2354.5501374360138,45.25483399593895,8.0,1.0,6.0,1.0,0.5,"(5, 2)","[p(2, 2)_cs(1.0)_ws(0.5)]_[p(5, 2)_cs(0.5)_ws(1.0)]",player_bf773b6c_actions,player_bf773b6c,"['player_bf773b6c', 'player_bf773b6c']","['player_bf773b6c', 'player_bf773b6c', 'player_bf773b6c']","['player_bf773b6c', 'player_bf773b6c']",
1985,tomato,start cutting,CuttingBoard_10,CuttingBoard,10,start cutting tomato,player_6936a9eb,baseline_division_of_labor,ad9acf74c1146482,1411.789845944412,47.99999999999864,8.0,0.0,2.0,0.5,1.0,"(2, 2)","[p(2, 2)_cs(1.0)_ws(0.5)]_[p(5, 2)_cs(0.5)_ws(1.0)]",player_6936a9eb_actions,player_6936a9eb,['player_6936a9eb'],,,
2001,tomato,pick up,Dispenser_40,Dispenser,40,pick up tomato from dispenser,player_bf773b6c,baseline_division_of_labor,ad9acf74c1146482,2392.9613972760408,38.411259840027014,8.0,0.0,6.0,1.0,0.5,"(5, 2)","[p(2, 2)_cs(1.0)_ws(0.5)]_[p(5, 2)_cs(0.5)_ws(1.0)]",player_bf773b6c_actions,,[],,,
2025,tomato,start cutting,CuttingBoard_20,CuttingBoard,20,start cutting tomato,player_bf773b6c,baseline_division_of_labor,ad9acf74c1146482,2424.9613972760417,32.00000000000091,8.0,0.0,6.0,1.0,0.5,"(5, 2)","[p(2, 2)_cs(1.0)_ws(0.5)]_[p(5, 2)_cs(0.5)_ws(1.0)]",player_bf773b6c_actions,player_bf773b6c,['player_bf773b6c'],,,
2107,plate,pick up,Dispenser_60,Dispenser,60,pick up plate from dispenser,player_6936a9eb,baseline_division_of_labor,ad9acf74c1146482,1491.7898459444093,79.99999999999727,8.0,0.0,2.0,0.5,1.0,"(2, 2)","[p(2, 2)_cs(1.0)_ws(0.5)]_[p(5, 2)_cs(0.5)_ws(1.0)]",player_6936a9eb_actions,,[],,,
2141,plate,pick up,Dispenser_60,Dispenser,60,pick up plate from dispenser,player_bf773b6c,baseline_division_of_labor,ad9acf74c1146482,2488.961397276041,63.999999999999545,8.0,0.0,6.0,1.0,0.5,"(5, 2)","[p(2, 2)_cs(1.0)_ws(0.5)]_[p(5, 2)_cs(0.5)_ws(1.0)]",player_bf773b6c_actions,,[],,,
