{"agents": {"player_6936a9eb": {"initial_state": {"agent_id": "player_6936a9eb", "x": 40, "y": 40, "item": null, "url_params": {"gameType": ["tomatoSaladOnly"], "PROLIFIC_PID": ["612adba08b8235b31539c704"], "map": ["baseline_division_of_labor"], "cutting_speed_p1": ["1"], "walking_speed_p1": ["0.5"], "cutting_speed_p2": ["0.5"], "walking_speed_p2": ["1"], "slot_x_p1": ["2"], "slot_y_p1": ["2"], "slot_x_p2": ["5"], "slot_y_p2": ["2"], "EIO": ["4"], "transport": ["polling"], "t": ["PZyxLF_"]}, "cut_speed": 1.0, "walk_speed": 15.0, "player_nr": 1}, "player_score": 2.0, "total_actions": 25, "first_action_tick": 91, "last_action_tick": 2107}, "player_bf773b6c": {"initial_state": {"agent_id": "player_bf773b6c", "x": 88, "y": 40, "item": null, "url_params": {"gameType": ["tomatoSaladOnly"], "PROLIFIC_PID": ["67203bff74dea717e8b9e1ea"], "map": ["baseline_division_of_labor"], "cutting_speed_p1": ["1"], "walking_speed_p1": ["0.5"], "cutting_speed_p2": ["0.5"], "walking_speed_p2": ["1"], "slot_x_p1": ["2"], "slot_y_p1": ["2"], "slot_x_p2": ["5"], "slot_y_p2": ["2"], "EIO": ["4"], "transport": ["polling"], "t": ["PZyxK-G"]}, "cut_speed": 0.5, "walk_speed": 30.0, "player_nr": 2}, "player_score": 6.0, "total_actions": 55, "first_action_tick": 78, "last_action_tick": 2141}}, "map_name": "baseline_division_of_labor", "final_score": 8.0}