{"agents": {"player_9f7aeed9": {"initial_state": {"agent_id": "player_9f7aeed9", "x": 40, "y": 40, "item": null, "url_params": {"gameType": ["tomatoSaladOnly"], "PROLIFIC_PID": ["5a94d2e989de8200013ecab6"], "map": ["forced_division_of_labor"], "cutting_speed_p1": ["1"], "walking_speed_p1": ["1"], "cutting_speed_p2": ["1"], "walking_speed_p2": ["1"], "slot_x_p1": ["2"], "slot_y_p1": ["2"], "slot_x_p2": ["5"], "slot_y_p2": ["2"], "EIO": ["4"], "transport": ["polling"], "t": ["PZKyTbY"]}, "cut_speed": 1.0, "walk_speed": 30.0, "player_nr": 1}, "player_score": 0.0, "total_actions": 48, "first_action_tick": 103, "last_action_tick": 2126}, "player_355f6013": {"initial_state": {"agent_id": "player_355f6013", "x": 88, "y": 40, "item": null, "url_params": {"gameType": ["tomatoSaladOnly"], "PROLIFIC_PID": ["63b6be87ead45e4fa772fbf5"], "map": ["forced_division_of_labor"], "cutting_speed_p1": ["1"], "walking_speed_p1": ["1"], "cutting_speed_p2": ["1"], "walking_speed_p2": ["1"], "slot_x_p1": ["2"], "slot_y_p1": ["2"], "slot_x_p2": ["5"], "slot_y_p2": ["2"], "EIO": ["4"], "transport": ["polling"], "t": ["PZKyV9E"]}, "cut_speed": 1.0, "walk_speed": 30.0, "player_nr": 2}, "player_score": 11.0, "total_actions": 68, "first_action_tick": 66, "last_action_tick": 2135}}, "map_name": "forced_division_of_labor", "final_score": 11.0}