tick,item,action,target,target_type,target_position,action_long,player_id,map_name,game_id,distance_walked,distance_walked_since_last_action,overall_score,player_score_change,player_score,walking_speed,cutting_speed,start_pos,condition
103,tomato,pick up,Counter_32,Counter,32,pick up tomato from counter,player_9f7aeed9,forced_division_of_labor,8749a96c79708773,0.0,0.0,0.0,0.0,0.0,1.0,1.0,"(2, 2)","[p(2, 2)_cs(1.0)_ws(1.0)]_[p(5, 2)_cs(1.0)_ws(1.0)]"
166,tomato,put down,Counter_33,Counter,33,put down tomato on counter,player_9f7aeed9,forced_division_of_labor,8749a96c79708773,16.0,16.0,0.0,0.0,0.0,1.0,1.0,"(2, 2)","[p(2, 2)_cs(1.0)_ws(1.0)]_[p(5, 2)_cs(1.0)_ws(1.0)]"
186,tomato,pick up,Counter_33,Counter,33,pick up tomato from counter,player_9f7aeed9,forced_division_of_labor,8749a96c79708773,16.0,0.0,0.0,0.0,0.0,1.0,1.0,"(2, 2)","[p(2, 2)_cs(1.0)_ws(1.0)]_[p(5, 2)_cs(1.0)_ws(1.0)]"
212,tomato,start cutting,CuttingBoard_20,CuttingBoard,20,start cutting tomato,player_9f7aeed9,forced_division_of_labor,8749a96c79708773,48.0,32.0,0.0,0.0,0.0,1.0,1.0,"(2, 2)","[p(2, 2)_cs(1.0)_ws(1.0)]_[p(5, 2)_cs(1.0)_ws(1.0)]"
287,tomato,pick up,Counter_32,Counter,32,pick up tomato from counter,player_9f7aeed9,forced_division_of_labor,8749a96c79708773,64.0,16.0,0.0,0.0,0.0,1.0,1.0,"(2, 2)","[p(2, 2)_cs(1.0)_ws(1.0)]_[p(5, 2)_cs(1.0)_ws(1.0)]"
307,tomato,start cutting,CuttingBoard_10,CuttingBoard,10,start cutting tomato,player_9f7aeed9,forced_division_of_labor,8749a96c79708773,86.62741699796949,22.62741699796949,0.0,0.0,0.0,1.0,1.0,"(2, 2)","[p(2, 2)_cs(1.0)_ws(1.0)]_[p(5, 2)_cs(1.0)_ws(1.0)]"
356,tomato_cut,pick up,CuttingBoard_10,CuttingBoard,10,pick up tomato_cut from cuttingboard,player_9f7aeed9,forced_division_of_labor,8749a96c79708773,86.62741699796949,0.0,0.0,0.0,0.0,1.0,1.0,"(2, 2)","[p(2, 2)_cs(1.0)_ws(1.0)]_[p(5, 2)_cs(1.0)_ws(1.0)]"
381,tomato_cut,assemble salad,Counter_32,Counter,32,assemble salad,player_9f7aeed9,forced_division_of_labor,8749a96c79708773,109.254833995939,22.627416997969505,0.0,0.0,0.0,1.0,1.0,"(2, 2)","[p(2, 2)_cs(1.0)_ws(1.0)]_[p(5, 2)_cs(1.0)_ws(1.0)]"
414,tomato_cut,pick up,CuttingBoard_20,CuttingBoard,20,pick up tomato_cut from cuttingboard,player_9f7aeed9,forced_division_of_labor,8749a96c79708773,125.254833995939,16.0,0.0,0.0,0.0,1.0,1.0,"(2, 2)","[p(2, 2)_cs(1.0)_ws(1.0)]_[p(5, 2)_cs(1.0)_ws(1.0)]"
436,tomato_cut,assemble salad,Counter_33,Counter,33,assemble salad,player_9f7aeed9,forced_division_of_labor,8749a96c79708773,157.254833995939,32.000000000000014,0.0,0.0,0.0,1.0,1.0,"(2, 2)","[p(2, 2)_cs(1.0)_ws(1.0)]_[p(5, 2)_cs(1.0)_ws(1.0)]"
521,tomato,pick up,Counter_32,Counter,32,pick up tomato from counter,player_9f7aeed9,forced_division_of_labor,8749a96c79708773,173.254833995939,16.0,1.0,0.0,0.0,1.0,1.0,"(2, 2)","[p(2, 2)_cs(1.0)_ws(1.0)]_[p(5, 2)_cs(1.0)_ws(1.0)]"
537,tomato,start cutting,CuttingBoard_20,CuttingBoard,20,start cutting tomato,player_9f7aeed9,forced_division_of_labor,8749a96c79708773,189.254833995939,16.0,1.0,0.0,0.0,1.0,1.0,"(2, 2)","[p(2, 2)_cs(1.0)_ws(1.0)]_[p(5, 2)_cs(1.0)_ws(1.0)]"
633,tomato_cut,pick up,CuttingBoard_20,CuttingBoard,20,pick up tomato_cut from cuttingboard,player_9f7aeed9,forced_division_of_labor,8749a96c79708773,189.254833995939,0.0,2.0,0.0,0.0,1.0,1.0,"(2, 2)","[p(2, 2)_cs(1.0)_ws(1.0)]_[p(5, 2)_cs(1.0)_ws(1.0)]"
686,tomato_cut,assemble salad,Counter_32,Counter,32,assemble salad,player_9f7aeed9,forced_division_of_labor,8749a96c79708773,205.254833995939,16.0,2.0,0.0,0.0,1.0,1.0,"(2, 2)","[p(2, 2)_cs(1.0)_ws(1.0)]_[p(5, 2)_cs(1.0)_ws(1.0)]"
732,tomato,pick up,Counter_33,Counter,33,pick up tomato from counter,player_9f7aeed9,forced_division_of_labor,8749a96c79708773,221.254833995939,16.0,2.0,0.0,0.0,1.0,1.0,"(2, 2)","[p(2, 2)_cs(1.0)_ws(1.0)]_[p(5, 2)_cs(1.0)_ws(1.0)]"
759,tomato,start cutting,CuttingBoard_20,CuttingBoard,20,start cutting tomato,player_9f7aeed9,forced_division_of_labor,8749a96c79708773,253.254833995939,32.0,2.0,0.0,0.0,1.0,1.0,"(2, 2)","[p(2, 2)_cs(1.0)_ws(1.0)]_[p(5, 2)_cs(1.0)_ws(1.0)]"
809,tomato_cut,pick up,CuttingBoard_20,CuttingBoard,20,pick up tomato_cut from cuttingboard,player_9f7aeed9,forced_division_of_labor,8749a96c79708773,253.254833995939,0.0,2.0,0.0,0.0,1.0,1.0,"(2, 2)","[p(2, 2)_cs(1.0)_ws(1.0)]_[p(5, 2)_cs(1.0)_ws(1.0)]"
844,tomato_cut,assemble salad,Counter_33,Counter,33,assemble salad,player_9f7aeed9,forced_division_of_labor,8749a96c79708773,285.2548339959393,32.000000000000284,2.0,0.0,0.0,1.0,1.0,"(2, 2)","[p(2, 2)_cs(1.0)_ws(1.0)]_[p(5, 2)_cs(1.0)_ws(1.0)]"
938,tomato,pick up,Counter_32,Counter,32,pick up tomato from counter,player_9f7aeed9,forced_division_of_labor,8749a96c79708773,301.25483399593946,16.00000000000017,3.0,0.0,0.0,1.0,1.0,"(2, 2)","[p(2, 2)_cs(1.0)_ws(1.0)]_[p(5, 2)_cs(1.0)_ws(1.0)]"
955,tomato,start cutting,CuttingBoard_20,CuttingBoard,20,start cutting tomato,player_9f7aeed9,forced_division_of_labor,8749a96c79708773,317.2548339959396,16.000000000000114,3.0,0.0,0.0,1.0,1.0,"(2, 2)","[p(2, 2)_cs(1.0)_ws(1.0)]_[p(5, 2)_cs(1.0)_ws(1.0)]"
1026,tomato_cut,pick up,CuttingBoard_20,CuttingBoard,20,pick up tomato_cut from cuttingboard,player_9f7aeed9,forced_division_of_labor,8749a96c79708773,317.2548339959396,0.0,4.0,0.0,0.0,1.0,1.0,"(2, 2)","[p(2, 2)_cs(1.0)_ws(1.0)]_[p(5, 2)_cs(1.0)_ws(1.0)]"
1046,tomato_cut,assemble salad,Counter_32,Counter,32,assemble salad,player_9f7aeed9,forced_division_of_labor,8749a96c79708773,333.2548339959397,16.000000000000114,4.0,0.0,0.0,1.0,1.0,"(2, 2)","[p(2, 2)_cs(1.0)_ws(1.0)]_[p(5, 2)_cs(1.0)_ws(1.0)]"
1110,tomato,pick up,Counter_33,Counter,33,pick up tomato from counter,player_9f7aeed9,forced_division_of_labor,8749a96c79708773,349.2548339959398,16.000000000000114,4.0,0.0,0.0,1.0,1.0,"(2, 2)","[p(2, 2)_cs(1.0)_ws(1.0)]_[p(5, 2)_cs(1.0)_ws(1.0)]"
1131,tomato,start cutting,CuttingBoard_20,CuttingBoard,20,start cutting tomato,player_9f7aeed9,forced_division_of_labor,8749a96c79708773,381.2548339959401,32.000000000000284,4.0,0.0,0.0,1.0,1.0,"(2, 2)","[p(2, 2)_cs(1.0)_ws(1.0)]_[p(5, 2)_cs(1.0)_ws(1.0)]"
1179,tomato_cut,pick up,CuttingBoard_20,CuttingBoard,20,pick up tomato_cut from cuttingboard,player_9f7aeed9,forced_division_of_labor,8749a96c79708773,381.2548339959401,0.0,4.0,0.0,0.0,1.0,1.0,"(2, 2)","[p(2, 2)_cs(1.0)_ws(1.0)]_[p(5, 2)_cs(1.0)_ws(1.0)]"
1203,tomato_cut,assemble salad,Counter_33,Counter,33,assemble salad,player_9f7aeed9,forced_division_of_labor,8749a96c79708773,413.25483399594043,32.00000000000034,5.0,0.0,0.0,1.0,1.0,"(2, 2)","[p(2, 2)_cs(1.0)_ws(1.0)]_[p(5, 2)_cs(1.0)_ws(1.0)]"
1265,tomato,pick up,Counter_32,Counter,32,pick up tomato from counter,player_9f7aeed9,forced_division_of_labor,8749a96c79708773,429.2548339959406,16.00000000000017,5.0,0.0,0.0,1.0,1.0,"(2, 2)","[p(2, 2)_cs(1.0)_ws(1.0)]_[p(5, 2)_cs(1.0)_ws(1.0)]"
1281,tomato,start cutting,CuttingBoard_20,CuttingBoard,20,start cutting tomato,player_9f7aeed9,forced_division_of_labor,8749a96c79708773,445.2548339959407,16.000000000000114,5.0,0.0,0.0,1.0,1.0,"(2, 2)","[p(2, 2)_cs(1.0)_ws(1.0)]_[p(5, 2)_cs(1.0)_ws(1.0)]"
1328,tomato_cut,pick up,CuttingBoard_20,CuttingBoard,20,pick up tomato_cut from cuttingboard,player_9f7aeed9,forced_division_of_labor,8749a96c79708773,445.2548339959407,0.0,5.0,0.0,0.0,1.0,1.0,"(2, 2)","[p(2, 2)_cs(1.0)_ws(1.0)]_[p(5, 2)_cs(1.0)_ws(1.0)]"
1344,tomato_cut,assemble salad,Counter_32,Counter,32,assemble salad,player_9f7aeed9,forced_division_of_labor,8749a96c79708773,461.2548339959408,16.000000000000114,5.0,0.0,0.0,1.0,1.0,"(2, 2)","[p(2, 2)_cs(1.0)_ws(1.0)]_[p(5, 2)_cs(1.0)_ws(1.0)]"
1414,tomato,pick up,Counter_33,Counter,33,pick up tomato from counter,player_9f7aeed9,forced_division_of_labor,8749a96c79708773,477.25483399594094,16.000000000000114,6.0,0.0,0.0,1.0,1.0,"(2, 2)","[p(2, 2)_cs(1.0)_ws(1.0)]_[p(5, 2)_cs(1.0)_ws(1.0)]"
1439,tomato,start cutting,CuttingBoard_20,CuttingBoard,20,start cutting tomato,player_9f7aeed9,forced_division_of_labor,8749a96c79708773,509.2548339959412,32.000000000000284,6.0,0.0,0.0,1.0,1.0,"(2, 2)","[p(2, 2)_cs(1.0)_ws(1.0)]_[p(5, 2)_cs(1.0)_ws(1.0)]"
1485,tomato_cut,pick up,CuttingBoard_20,CuttingBoard,20,pick up tomato_cut from cuttingboard,player_9f7aeed9,forced_division_of_labor,8749a96c79708773,509.2548339959412,0.0,6.0,0.0,0.0,1.0,1.0,"(2, 2)","[p(2, 2)_cs(1.0)_ws(1.0)]_[p(5, 2)_cs(1.0)_ws(1.0)]"
1507,tomato_cut,assemble salad,Counter_33,Counter,33,assemble salad,player_9f7aeed9,forced_division_of_labor,8749a96c79708773,541.2548339959416,32.00000000000034,7.0,0.0,0.0,1.0,1.0,"(2, 2)","[p(2, 2)_cs(1.0)_ws(1.0)]_[p(5, 2)_cs(1.0)_ws(1.0)]"
1563,tomato,pick up,Counter_32,Counter,32,pick up tomato from counter,player_9f7aeed9,forced_division_of_labor,8749a96c79708773,557.2548339959417,16.000000000000114,7.0,0.0,0.0,1.0,1.0,"(2, 2)","[p(2, 2)_cs(1.0)_ws(1.0)]_[p(5, 2)_cs(1.0)_ws(1.0)]"
1577,tomato,start cutting,CuttingBoard_20,CuttingBoard,20,start cutting tomato,player_9f7aeed9,forced_division_of_labor,8749a96c79708773,573.2548339959419,16.000000000000227,7.0,0.0,0.0,1.0,1.0,"(2, 2)","[p(2, 2)_cs(1.0)_ws(1.0)]_[p(5, 2)_cs(1.0)_ws(1.0)]"
1629,tomato_cut,pick up,CuttingBoard_20,CuttingBoard,20,pick up tomato_cut from cuttingboard,player_9f7aeed9,forced_division_of_labor,8749a96c79708773,573.2548339959419,0.0,8.0,0.0,0.0,1.0,1.0,"(2, 2)","[p(2, 2)_cs(1.0)_ws(1.0)]_[p(5, 2)_cs(1.0)_ws(1.0)]"
1674,tomato_cut,assemble salad,Counter_32,Counter,32,assemble salad,player_9f7aeed9,forced_division_of_labor,8749a96c79708773,589.2548339959421,16.000000000000227,8.0,0.0,0.0,1.0,1.0,"(2, 2)","[p(2, 2)_cs(1.0)_ws(1.0)]_[p(5, 2)_cs(1.0)_ws(1.0)]"
1749,tomato,pick up,Counter_33,Counter,33,pick up tomato from counter,player_9f7aeed9,forced_division_of_labor,8749a96c79708773,605.2548339959424,16.000000000000227,8.0,0.0,0.0,1.0,1.0,"(2, 2)","[p(2, 2)_cs(1.0)_ws(1.0)]_[p(5, 2)_cs(1.0)_ws(1.0)]"
1773,tomato,start cutting,CuttingBoard_20,CuttingBoard,20,start cutting tomato,player_9f7aeed9,forced_division_of_labor,8749a96c79708773,637.2548339959427,32.00000000000034,8.0,0.0,0.0,1.0,1.0,"(2, 2)","[p(2, 2)_cs(1.0)_ws(1.0)]_[p(5, 2)_cs(1.0)_ws(1.0)]"
1827,tomato_cut,pick up,CuttingBoard_20,CuttingBoard,20,pick up tomato_cut from cuttingboard,player_9f7aeed9,forced_division_of_labor,8749a96c79708773,637.2548339959427,0.0,8.0,0.0,0.0,1.0,1.0,"(2, 2)","[p(2, 2)_cs(1.0)_ws(1.0)]_[p(5, 2)_cs(1.0)_ws(1.0)]"
1854,tomato_cut,assemble salad,Counter_33,Counter,33,assemble salad,player_9f7aeed9,forced_division_of_labor,8749a96c79708773,669.254833995943,32.00000000000034,9.0,0.0,0.0,1.0,1.0,"(2, 2)","[p(2, 2)_cs(1.0)_ws(1.0)]_[p(5, 2)_cs(1.0)_ws(1.0)]"
1936,tomato,pick up,Counter_32,Counter,32,pick up tomato from counter,player_9f7aeed9,forced_division_of_labor,8749a96c79708773,685.2548339959433,16.000000000000227,9.0,0.0,0.0,1.0,1.0,"(2, 2)","[p(2, 2)_cs(1.0)_ws(1.0)]_[p(5, 2)_cs(1.0)_ws(1.0)]"
1953,tomato,start cutting,CuttingBoard_20,CuttingBoard,20,start cutting tomato,player_9f7aeed9,forced_division_of_labor,8749a96c79708773,701.2548339959435,16.000000000000227,9.0,0.0,0.0,1.0,1.0,"(2, 2)","[p(2, 2)_cs(1.0)_ws(1.0)]_[p(5, 2)_cs(1.0)_ws(1.0)]"
2005,tomato_cut,pick up,CuttingBoard_20,CuttingBoard,20,pick up tomato_cut from cuttingboard,player_9f7aeed9,forced_division_of_labor,8749a96c79708773,701.2548339959435,0.0,9.0,0.0,0.0,1.0,1.0,"(2, 2)","[p(2, 2)_cs(1.0)_ws(1.0)]_[p(5, 2)_cs(1.0)_ws(1.0)]"
2021,tomato_cut,assemble salad,Counter_32,Counter,32,assemble salad,player_9f7aeed9,forced_division_of_labor,8749a96c79708773,717.2548339959437,16.000000000000227,9.0,0.0,0.0,1.0,1.0,"(2, 2)","[p(2, 2)_cs(1.0)_ws(1.0)]_[p(5, 2)_cs(1.0)_ws(1.0)]"
2104,tomato,pick up,Counter_33,Counter,33,pick up tomato from counter,player_9f7aeed9,forced_division_of_labor,8749a96c79708773,733.254833995944,16.000000000000227,10.0,0.0,0.0,1.0,1.0,"(2, 2)","[p(2, 2)_cs(1.0)_ws(1.0)]_[p(5, 2)_cs(1.0)_ws(1.0)]"
2126,tomato,start cutting,CuttingBoard_20,CuttingBoard,20,start cutting tomato,player_9f7aeed9,forced_division_of_labor,8749a96c79708773,765.2548339959443,32.00000000000034,10.0,0.0,0.0,1.0,1.0,"(2, 2)","[p(2, 2)_cs(1.0)_ws(1.0)]_[p(5, 2)_cs(1.0)_ws(1.0)]"
