tick,item,action,target,target_type,target_position,action_long,player_id,map_name,game_id,distance_walked,distance_walked_since_last_action,overall_score,player_score_change,player_score,walking_speed,cutting_speed,start_pos,condition
66,tomato,pick up,Dispenser_40,Dispenser,40,pick up tomato from dispenser,player_355f6013,forced_division_of_labor,8749a96c79708773,22.62741699796952,0.0,0.0,0.0,0.0,1.0,1.0,"(5, 2)","[p(2, 2)_cs(1.0)_ws(1.0)]_[p(5, 2)_cs(1.0)_ws(1.0)]"
101,tomato,put down,Counter_32,Counter,32,put down tomato on counter,player_355f6013,forced_division_of_labor,8749a96c79708773,38.62741699796952,16.0,0.0,0.0,0.0,1.0,1.0,"(5, 2)","[p(2, 2)_cs(1.0)_ws(1.0)]_[p(5, 2)_cs(1.0)_ws(1.0)]"
138,tomato,pick up,Dispenser_40,Dispenser,40,pick up tomato from dispenser,player_355f6013,forced_division_of_labor,8749a96c79708773,54.62741699796952,16.0,0.0,0.0,0.0,1.0,1.0,"(5, 2)","[p(2, 2)_cs(1.0)_ws(1.0)]_[p(5, 2)_cs(1.0)_ws(1.0)]"
270,tomato,put down,Counter_32,Counter,32,put down tomato on counter,player_355f6013,forced_division_of_labor,8749a96c79708773,154.76787725546683,100.14046025749731,0.0,0.0,0.0,1.0,1.0,"(5, 2)","[p(2, 2)_cs(1.0)_ws(1.0)]_[p(5, 2)_cs(1.0)_ws(1.0)]"
309,plate,pick up,Dispenser_71,Dispenser,71,pick up plate from dispenser,player_355f6013,forced_division_of_labor,8749a96c79708773,193.17493992223177,38.40706266676494,0.0,0.0,0.0,1.0,1.0,"(5, 2)","[p(2, 2)_cs(1.0)_ws(1.0)]_[p(5, 2)_cs(1.0)_ws(1.0)]"
346,plate,put down,Counter_32,Counter,32,put down plate on counter,player_355f6013,forced_division_of_labor,8749a96c79708773,231.58200258899674,38.40706266676497,0.0,0.0,0.0,1.0,1.0,"(5, 2)","[p(2, 2)_cs(1.0)_ws(1.0)]_[p(5, 2)_cs(1.0)_ws(1.0)]"
383,plate,pick up,Dispenser_71,Dispenser,71,pick up plate from dispenser,player_355f6013,forced_division_of_labor,8749a96c79708773,269.98906525576183,38.407062666765086,0.0,0.0,0.0,1.0,1.0,"(5, 2)","[p(2, 2)_cs(1.0)_ws(1.0)]_[p(5, 2)_cs(1.0)_ws(1.0)]"
408,plate,put down,Counter_33,Counter,33,put down plate on counter,player_355f6013,forced_division_of_labor,8749a96c79708773,315.2438992517008,45.25483399593895,0.0,0.0,0.0,1.0,1.0,"(5, 2)","[p(2, 2)_cs(1.0)_ws(1.0)]_[p(5, 2)_cs(1.0)_ws(1.0)]"
435,tomato_salad,pick up,Counter_32,Counter,32,pick up tomato_salad from counter,player_355f6013,forced_division_of_labor,8749a96c79708773,331.24389925170095,16.00000000000017,0.0,0.0,0.0,1.0,1.0,"(5, 2)","[p(2, 2)_cs(1.0)_ws(1.0)]_[p(5, 2)_cs(1.0)_ws(1.0)]"
453,tomato_salad,deliver,Delivery_63,Delivery,63,deliver tomato_salad,player_355f6013,forced_division_of_labor,8749a96c79708773,353.8713162496704,22.62741699796942,1.0,1.0,1.0,1.0,1.0,"(5, 2)","[p(2, 2)_cs(1.0)_ws(1.0)]_[p(5, 2)_cs(1.0)_ws(1.0)]"
483,tomato,pick up,Dispenser_50,Dispenser,50,pick up tomato from dispenser,player_355f6013,forced_division_of_labor,8749a96c79708773,385.8713162496707,32.00000000000034,1.0,0.0,1.0,1.0,1.0,"(5, 2)","[p(2, 2)_cs(1.0)_ws(1.0)]_[p(5, 2)_cs(1.0)_ws(1.0)]"
505,tomato,put down,Counter_32,Counter,32,put down tomato on counter,player_355f6013,forced_division_of_labor,8749a96c79708773,408.49873324764025,22.627416997969533,1.0,0.0,1.0,1.0,1.0,"(5, 2)","[p(2, 2)_cs(1.0)_ws(1.0)]_[p(5, 2)_cs(1.0)_ws(1.0)]"
535,tomato_salad,pick up,Counter_33,Counter,33,pick up tomato_salad from counter,player_355f6013,forced_division_of_labor,8749a96c79708773,424.49873324764036,16.000000000000114,1.0,0.0,1.0,1.0,1.0,"(5, 2)","[p(2, 2)_cs(1.0)_ws(1.0)]_[p(5, 2)_cs(1.0)_ws(1.0)]"
554,tomato_salad,deliver,Delivery_63,Delivery,63,deliver tomato_salad,player_355f6013,forced_division_of_labor,8749a96c79708773,440.49873324764036,16.0,2.0,1.0,2.0,1.0,1.0,"(5, 2)","[p(2, 2)_cs(1.0)_ws(1.0)]_[p(5, 2)_cs(1.0)_ws(1.0)]"
614,plate,pick up,Dispenser_71,Dispenser,71,pick up plate from dispenser,player_355f6013,forced_division_of_labor,8749a96c79708773,501.5332129123748,61.03447966473442,2.0,0.0,2.0,1.0,1.0,"(5, 2)","[p(2, 2)_cs(1.0)_ws(1.0)]_[p(5, 2)_cs(1.0)_ws(1.0)]"
669,plate,put down,Counter_32,Counter,32,put down plate on counter,player_355f6013,forced_division_of_labor,8749a96c79708773,539.9402755791396,38.40706266676477,2.0,0.0,2.0,1.0,1.0,"(5, 2)","[p(2, 2)_cs(1.0)_ws(1.0)]_[p(5, 2)_cs(1.0)_ws(1.0)]"
697,tomato,pick up,Dispenser_40,Dispenser,40,pick up tomato from dispenser,player_355f6013,forced_division_of_labor,8749a96c79708773,555.9402755791398,16.000000000000227,2.0,0.0,2.0,1.0,1.0,"(5, 2)","[p(2, 2)_cs(1.0)_ws(1.0)]_[p(5, 2)_cs(1.0)_ws(1.0)]"
727,tomato,put down,Counter_33,Counter,33,put down tomato on counter,player_355f6013,forced_division_of_labor,8749a96c79708773,587.9402755791401,32.00000000000034,2.0,0.0,2.0,1.0,1.0,"(5, 2)","[p(2, 2)_cs(1.0)_ws(1.0)]_[p(5, 2)_cs(1.0)_ws(1.0)]"
787,plate,pick up,Dispenser_71,Dispenser,71,pick up plate from dispenser,player_355f6013,forced_division_of_labor,8749a96c79708773,633.1951095750798,45.254833995939634,2.0,0.0,2.0,1.0,1.0,"(5, 2)","[p(2, 2)_cs(1.0)_ws(1.0)]_[p(5, 2)_cs(1.0)_ws(1.0)]"
822,plate,put down,Counter_33,Counter,33,put down plate on counter,player_355f6013,forced_division_of_labor,8749a96c79708773,678.4499435710194,45.254833995939634,2.0,0.0,2.0,1.0,1.0,"(5, 2)","[p(2, 2)_cs(1.0)_ws(1.0)]_[p(5, 2)_cs(1.0)_ws(1.0)]"
843,tomato_salad,pick up,Counter_32,Counter,32,pick up tomato_salad from counter,player_355f6013,forced_division_of_labor,8749a96c79708773,694.4499435710195,16.000000000000114,2.0,0.0,2.0,1.0,1.0,"(5, 2)","[p(2, 2)_cs(1.0)_ws(1.0)]_[p(5, 2)_cs(1.0)_ws(1.0)]"
865,tomato_salad,deliver,Delivery_63,Delivery,63,deliver tomato_salad,player_355f6013,forced_division_of_labor,8749a96c79708773,717.0773605689893,22.627416997969817,3.0,1.0,3.0,1.0,1.0,"(5, 2)","[p(2, 2)_cs(1.0)_ws(1.0)]_[p(5, 2)_cs(1.0)_ws(1.0)]"
899,tomato,pick up,Dispenser_40,Dispenser,40,pick up tomato from dispenser,player_355f6013,forced_division_of_labor,8749a96c79708773,755.4886204090155,38.41125984002622,3.0,0.0,3.0,1.0,1.0,"(5, 2)","[p(2, 2)_cs(1.0)_ws(1.0)]_[p(5, 2)_cs(1.0)_ws(1.0)]"
920,tomato,put down,Counter_32,Counter,32,put down tomato on counter,player_355f6013,forced_division_of_labor,8749a96c79708773,771.4886204090158,16.000000000000227,3.0,0.0,3.0,1.0,1.0,"(5, 2)","[p(2, 2)_cs(1.0)_ws(1.0)]_[p(5, 2)_cs(1.0)_ws(1.0)]"
951,plate,pick up,Dispenser_71,Dispenser,71,pick up plate from dispenser,player_355f6013,forced_division_of_labor,8749a96c79708773,809.8956830757809,38.407062666765114,3.0,0.0,3.0,1.0,1.0,"(5, 2)","[p(2, 2)_cs(1.0)_ws(1.0)]_[p(5, 2)_cs(1.0)_ws(1.0)]"
977,plate,put down,Counter_32,Counter,32,put down plate on counter,player_355f6013,forced_division_of_labor,8749a96c79708773,848.3027457425457,38.40706266676477,3.0,0.0,3.0,1.0,1.0,"(5, 2)","[p(2, 2)_cs(1.0)_ws(1.0)]_[p(5, 2)_cs(1.0)_ws(1.0)]"
999,tomato_salad,pick up,Counter_33,Counter,33,pick up tomato_salad from counter,player_355f6013,forced_division_of_labor,8749a96c79708773,864.3027457425458,16.000000000000114,3.0,0.0,3.0,1.0,1.0,"(5, 2)","[p(2, 2)_cs(1.0)_ws(1.0)]_[p(5, 2)_cs(1.0)_ws(1.0)]"
1017,tomato_salad,deliver,Delivery_63,Delivery,63,deliver tomato_salad,player_355f6013,forced_division_of_labor,8749a96c79708773,880.3027457425458,16.0,4.0,1.0,4.0,1.0,1.0,"(5, 2)","[p(2, 2)_cs(1.0)_ws(1.0)]_[p(5, 2)_cs(1.0)_ws(1.0)]"
1051,tomato,pick up,Dispenser_40,Dispenser,40,pick up tomato from dispenser,player_355f6013,forced_division_of_labor,8749a96c79708773,918.714005582572,38.41125984002622,4.0,0.0,4.0,1.0,1.0,"(5, 2)","[p(2, 2)_cs(1.0)_ws(1.0)]_[p(5, 2)_cs(1.0)_ws(1.0)]"
1083,tomato,put down,Counter_33,Counter,33,put down tomato on counter,player_355f6013,forced_division_of_labor,8749a96c79708773,950.7140055825723,32.00000000000034,4.0,0.0,4.0,1.0,1.0,"(5, 2)","[p(2, 2)_cs(1.0)_ws(1.0)]_[p(5, 2)_cs(1.0)_ws(1.0)]"
1118,plate,pick up,Dispenser_71,Dispenser,71,pick up plate from dispenser,player_355f6013,forced_division_of_labor,8749a96c79708773,995.968839578512,45.254833995939634,4.0,0.0,4.0,1.0,1.0,"(5, 2)","[p(2, 2)_cs(1.0)_ws(1.0)]_[p(5, 2)_cs(1.0)_ws(1.0)]"
1153,plate,put down,Counter_33,Counter,33,put down plate on counter,player_355f6013,forced_division_of_labor,8749a96c79708773,1041.223673574451,45.25483399593895,4.0,0.0,4.0,1.0,1.0,"(5, 2)","[p(2, 2)_cs(1.0)_ws(1.0)]_[p(5, 2)_cs(1.0)_ws(1.0)]"
1175,tomato_salad,pick up,Counter_32,Counter,32,pick up tomato_salad from counter,player_355f6013,forced_division_of_labor,8749a96c79708773,1057.2236735744505,15.999999999999545,4.0,0.0,4.0,1.0,1.0,"(5, 2)","[p(2, 2)_cs(1.0)_ws(1.0)]_[p(5, 2)_cs(1.0)_ws(1.0)]"
1193,tomato_salad,deliver,Delivery_63,Delivery,63,deliver tomato_salad,player_355f6013,forced_division_of_labor,8749a96c79708773,1079.8510905724195,22.62741699796902,5.0,1.0,5.0,1.0,1.0,"(5, 2)","[p(2, 2)_cs(1.0)_ws(1.0)]_[p(5, 2)_cs(1.0)_ws(1.0)]"
1238,tomato,pick up,Dispenser_40,Dispenser,40,pick up tomato from dispenser,player_355f6013,forced_division_of_labor,8749a96c79708773,1118.2623504124451,38.41125984002565,5.0,0.0,5.0,1.0,1.0,"(5, 2)","[p(2, 2)_cs(1.0)_ws(1.0)]_[p(5, 2)_cs(1.0)_ws(1.0)]"
1256,tomato,put down,Counter_32,Counter,32,put down tomato on counter,player_355f6013,forced_division_of_labor,8749a96c79708773,1134.2623504124447,15.999999999999545,5.0,0.0,5.0,1.0,1.0,"(5, 2)","[p(2, 2)_cs(1.0)_ws(1.0)]_[p(5, 2)_cs(1.0)_ws(1.0)]"
1288,plate,pick up,Dispenser_71,Dispenser,71,pick up plate from dispenser,player_355f6013,forced_division_of_labor,8749a96c79708773,1172.6694130792087,38.40706266676398,5.0,0.0,5.0,1.0,1.0,"(5, 2)","[p(2, 2)_cs(1.0)_ws(1.0)]_[p(5, 2)_cs(1.0)_ws(1.0)]"
1310,plate,put down,Counter_32,Counter,32,put down plate on counter,player_355f6013,forced_division_of_labor,8749a96c79708773,1211.0764757459729,38.407062666764205,5.0,0.0,5.0,1.0,1.0,"(5, 2)","[p(2, 2)_cs(1.0)_ws(1.0)]_[p(5, 2)_cs(1.0)_ws(1.0)]"
1332,tomato_salad,pick up,Counter_33,Counter,33,pick up tomato_salad from counter,player_355f6013,forced_division_of_labor,8749a96c79708773,1227.0764757459724,15.999999999999545,5.0,0.0,5.0,1.0,1.0,"(5, 2)","[p(2, 2)_cs(1.0)_ws(1.0)]_[p(5, 2)_cs(1.0)_ws(1.0)]"
1348,tomato_salad,deliver,Delivery_63,Delivery,63,deliver tomato_salad,player_355f6013,forced_division_of_labor,8749a96c79708773,1243.0764757459717,15.999999999999318,6.0,1.0,6.0,1.0,1.0,"(5, 2)","[p(2, 2)_cs(1.0)_ws(1.0)]_[p(5, 2)_cs(1.0)_ws(1.0)]"
1377,tomato,pick up,Dispenser_40,Dispenser,40,pick up tomato from dispenser,player_355f6013,forced_division_of_labor,8749a96c79708773,1281.4877355859974,38.41125984002565,6.0,0.0,6.0,1.0,1.0,"(5, 2)","[p(2, 2)_cs(1.0)_ws(1.0)]_[p(5, 2)_cs(1.0)_ws(1.0)]"
1403,tomato,put down,Counter_33,Counter,33,put down tomato on counter,player_355f6013,forced_division_of_labor,8749a96c79708773,1313.4877355859962,31.999999999998863,6.0,0.0,6.0,1.0,1.0,"(5, 2)","[p(2, 2)_cs(1.0)_ws(1.0)]_[p(5, 2)_cs(1.0)_ws(1.0)]"
1427,plate,pick up,Dispenser_71,Dispenser,71,pick up plate from dispenser,player_355f6013,forced_division_of_labor,8749a96c79708773,1358.742569581934,45.254833995937815,6.0,0.0,6.0,1.0,1.0,"(5, 2)","[p(2, 2)_cs(1.0)_ws(1.0)]_[p(5, 2)_cs(1.0)_ws(1.0)]"
1461,plate,put down,Counter_33,Counter,33,put down plate on counter,player_355f6013,forced_division_of_labor,8749a96c79708773,1403.9974035778719,45.254833995937815,6.0,0.0,6.0,1.0,1.0,"(5, 2)","[p(2, 2)_cs(1.0)_ws(1.0)]_[p(5, 2)_cs(1.0)_ws(1.0)]"
1482,tomato_salad,pick up,Counter_32,Counter,32,pick up tomato_salad from counter,player_355f6013,forced_division_of_labor,8749a96c79708773,1419.9974035778714,15.999999999999545,6.0,0.0,6.0,1.0,1.0,"(5, 2)","[p(2, 2)_cs(1.0)_ws(1.0)]_[p(5, 2)_cs(1.0)_ws(1.0)]"
1497,tomato_salad,deliver,Delivery_63,Delivery,63,deliver tomato_salad,player_355f6013,forced_division_of_labor,8749a96c79708773,1442.6248205758404,22.62741699796902,7.0,1.0,7.0,1.0,1.0,"(5, 2)","[p(2, 2)_cs(1.0)_ws(1.0)]_[p(5, 2)_cs(1.0)_ws(1.0)]"
1531,tomato,pick up,Dispenser_40,Dispenser,40,pick up tomato from dispenser,player_355f6013,forced_division_of_labor,8749a96c79708773,1481.036080415866,38.41125984002565,7.0,0.0,7.0,1.0,1.0,"(5, 2)","[p(2, 2)_cs(1.0)_ws(1.0)]_[p(5, 2)_cs(1.0)_ws(1.0)]"
1550,tomato,put down,Counter_32,Counter,32,put down tomato on counter,player_355f6013,forced_division_of_labor,8749a96c79708773,1497.0360804158656,15.999999999999545,7.0,0.0,7.0,1.0,1.0,"(5, 2)","[p(2, 2)_cs(1.0)_ws(1.0)]_[p(5, 2)_cs(1.0)_ws(1.0)]"
1572,tomato_salad,pick up,Counter_33,Counter,33,pick up tomato_salad from counter,player_355f6013,forced_division_of_labor,8749a96c79708773,1513.0360804158652,15.999999999999545,7.0,0.0,7.0,1.0,1.0,"(5, 2)","[p(2, 2)_cs(1.0)_ws(1.0)]_[p(5, 2)_cs(1.0)_ws(1.0)]"
1586,tomato_salad,deliver,Delivery_63,Delivery,63,deliver tomato_salad,player_355f6013,forced_division_of_labor,8749a96c79708773,1529.0360804158647,15.999999999999545,8.0,1.0,8.0,1.0,1.0,"(5, 2)","[p(2, 2)_cs(1.0)_ws(1.0)]_[p(5, 2)_cs(1.0)_ws(1.0)]"
1626,plate,pick up,Dispenser_71,Dispenser,71,pick up plate from dispenser,player_355f6013,forced_division_of_labor,8749a96c79708773,1567.4473402558904,38.41125984002565,8.0,0.0,8.0,1.0,1.0,"(5, 2)","[p(2, 2)_cs(1.0)_ws(1.0)]_[p(5, 2)_cs(1.0)_ws(1.0)]"
1653,plate,put down,Counter_32,Counter,32,put down plate on counter,player_355f6013,forced_division_of_labor,8749a96c79708773,1605.8544029226546,38.407062666764205,8.0,0.0,8.0,1.0,1.0,"(5, 2)","[p(2, 2)_cs(1.0)_ws(1.0)]_[p(5, 2)_cs(1.0)_ws(1.0)]"
1688,tomato,pick up,Dispenser_50,Dispenser,50,pick up tomato from dispenser,player_355f6013,forced_division_of_labor,8749a96c79708773,1628.4818199206236,22.62741699796902,8.0,0.0,8.0,1.0,1.0,"(5, 2)","[p(2, 2)_cs(1.0)_ws(1.0)]_[p(5, 2)_cs(1.0)_ws(1.0)]"
1728,tomato,put down,Counter_33,Counter,33,put down tomato on counter,player_355f6013,forced_division_of_labor,8749a96c79708773,1666.8930797606492,38.41125984002565,8.0,0.0,8.0,1.0,1.0,"(5, 2)","[p(2, 2)_cs(1.0)_ws(1.0)]_[p(5, 2)_cs(1.0)_ws(1.0)]"
1766,plate,pick up,Dispenser_71,Dispenser,71,pick up plate from dispenser,player_355f6013,forced_division_of_labor,8749a96c79708773,1712.147913756587,45.254833995937815,8.0,0.0,8.0,1.0,1.0,"(5, 2)","[p(2, 2)_cs(1.0)_ws(1.0)]_[p(5, 2)_cs(1.0)_ws(1.0)]"
1803,plate,put down,Counter_33,Counter,33,put down plate on counter,player_355f6013,forced_division_of_labor,8749a96c79708773,1757.4027477525249,45.254833995937815,8.0,0.0,8.0,1.0,1.0,"(5, 2)","[p(2, 2)_cs(1.0)_ws(1.0)]_[p(5, 2)_cs(1.0)_ws(1.0)]"
1830,tomato_salad,pick up,Counter_32,Counter,32,pick up tomato_salad from counter,player_355f6013,forced_division_of_labor,8749a96c79708773,1773.4027477525244,15.999999999999545,8.0,0.0,8.0,1.0,1.0,"(5, 2)","[p(2, 2)_cs(1.0)_ws(1.0)]_[p(5, 2)_cs(1.0)_ws(1.0)]"
1853,tomato_salad,deliver,Delivery_63,Delivery,63,deliver tomato_salad,player_355f6013,forced_division_of_labor,8749a96c79708773,1796.0301647504934,22.62741699796902,9.0,1.0,9.0,1.0,1.0,"(5, 2)","[p(2, 2)_cs(1.0)_ws(1.0)]_[p(5, 2)_cs(1.0)_ws(1.0)]"
1887,tomato,pick up,Dispenser_50,Dispenser,50,pick up tomato from dispenser,player_355f6013,forced_division_of_labor,8749a96c79708773,1828.0301647504925,31.99999999999909,9.0,0.0,9.0,1.0,1.0,"(5, 2)","[p(2, 2)_cs(1.0)_ws(1.0)]_[p(5, 2)_cs(1.0)_ws(1.0)]"
1911,tomato,put down,Counter_32,Counter,32,put down tomato on counter,player_355f6013,forced_division_of_labor,8749a96c79708773,1850.6575817484616,22.62741699796902,9.0,0.0,9.0,1.0,1.0,"(5, 2)","[p(2, 2)_cs(1.0)_ws(1.0)]_[p(5, 2)_cs(1.0)_ws(1.0)]"
1945,plate,pick up,Dispenser_71,Dispenser,71,pick up plate from dispenser,player_355f6013,forced_division_of_labor,8749a96c79708773,1889.0646444152255,38.40706266676398,9.0,0.0,9.0,1.0,1.0,"(5, 2)","[p(2, 2)_cs(1.0)_ws(1.0)]_[p(5, 2)_cs(1.0)_ws(1.0)]"
1978,plate,put down,Counter_32,Counter,32,put down plate on counter,player_355f6013,forced_division_of_labor,8749a96c79708773,1927.4717070819897,38.407062666764205,9.0,0.0,9.0,1.0,1.0,"(5, 2)","[p(2, 2)_cs(1.0)_ws(1.0)]_[p(5, 2)_cs(1.0)_ws(1.0)]"
2003,tomato_salad,pick up,Counter_33,Counter,33,pick up tomato_salad from counter,player_355f6013,forced_division_of_labor,8749a96c79708773,1943.4717070819893,15.999999999999545,9.0,0.0,9.0,1.0,1.0,"(5, 2)","[p(2, 2)_cs(1.0)_ws(1.0)]_[p(5, 2)_cs(1.0)_ws(1.0)]"
2022,tomato_salad,deliver,Delivery_63,Delivery,63,deliver tomato_salad,player_355f6013,forced_division_of_labor,8749a96c79708773,1959.4717070819886,15.999999999999318,10.0,1.0,10.0,1.0,1.0,"(5, 2)","[p(2, 2)_cs(1.0)_ws(1.0)]_[p(5, 2)_cs(1.0)_ws(1.0)]"
2059,tomato,pick up,Dispenser_50,Dispenser,50,pick up tomato from dispenser,player_355f6013,forced_division_of_labor,8749a96c79708773,1991.4717070819875,31.999999999998863,10.0,0.0,10.0,1.0,1.0,"(5, 2)","[p(2, 2)_cs(1.0)_ws(1.0)]_[p(5, 2)_cs(1.0)_ws(1.0)]"
2087,tomato,put down,Counter_33,Counter,33,put down tomato on counter,player_355f6013,forced_division_of_labor,8749a96c79708773,2029.882966922013,38.41125984002565,10.0,0.0,10.0,1.0,1.0,"(5, 2)","[p(2, 2)_cs(1.0)_ws(1.0)]_[p(5, 2)_cs(1.0)_ws(1.0)]"
2109,tomato_salad,pick up,Counter_32,Counter,32,pick up tomato_salad from counter,player_355f6013,forced_division_of_labor,8749a96c79708773,2045.8829669220127,15.999999999999545,10.0,0.0,10.0,1.0,1.0,"(5, 2)","[p(2, 2)_cs(1.0)_ws(1.0)]_[p(5, 2)_cs(1.0)_ws(1.0)]"
2135,tomato_salad,deliver,Delivery_63,Delivery,63,deliver tomato_salad,player_355f6013,forced_division_of_labor,8749a96c79708773,2068.5103839199815,22.627416997968794,11.0,1.0,11.0,1.0,1.0,"(5, 2)","[p(2, 2)_cs(1.0)_ws(1.0)]_[p(5, 2)_cs(1.0)_ws(1.0)]"
