tick,item,action,target,target_type,target_position,action_long,player_id,map_name,game_id,distance_walked,distance_walked_since_last_action,overall_score,player_score_change,player_score,walking_speed,cutting_speed,start_pos,condition,source,last_touched,touched_list,tomato_history,plate_history,is_exchange_collaboration
71,tomato,pick up,Dispenser_40,Dispenser,40,pick up tomato from dispenser,player_2259528e,baseline_division_of_labor,fb2ad422dae3d3e8,22.62741699796952,0.0,0.0,0.0,0.0,1.0,0.2,"(5, 2)","[p(2, 2)_cs(1.0)_ws(0.2)]_[p(5, 2)_cs(0.2)_ws(1.0)]",player_2259528e_actions,,[],,,
109,tomato,start cutting,CuttingBoard_20,CuttingBoard,20,start cutting tomato,player_2259528e,baseline_division_of_labor,fb2ad422dae3d3e8,54.62741699796952,32.0,0.0,0.0,0.0,1.0,0.2,"(5, 2)","[p(2, 2)_cs(1.0)_ws(0.2)]_[p(5, 2)_cs(0.2)_ws(1.0)]",player_2259528e_actions,player_2259528e,['player_2259528e'],,,
296,plate,pick up,Dispenser_60,Dispenser,60,pick up plate from dispenser,player_f1dbb069,baseline_division_of_labor,fb2ad422dae3d3e8,70.51452390138468,0.0,0.0,0.0,0.0,0.2,1.0,"(2, 2)","[p(2, 2)_cs(1.0)_ws(0.2)]_[p(5, 2)_cs(0.2)_ws(1.0)]",player_f1dbb069_actions,,[],,,
312,tomato_cut,pick up,CuttingBoard_20,CuttingBoard,20,pick up tomato_cut from cuttingboard,player_2259528e,baseline_division_of_labor,fb2ad422dae3d3e8,54.62741699796952,0.0,0.0,0.0,0.0,1.0,0.2,"(5, 2)","[p(2, 2)_cs(1.0)_ws(0.2)]_[p(5, 2)_cs(0.2)_ws(1.0)]",player_2259528e_actions,player_2259528e,['player_2259528e'],,,False
354,tomato_cut,put down,Dispenser_60,Dispenser,60,put down tomato_cut on dispenser,player_2259528e,baseline_division_of_labor,fb2ad422dae3d3e8,118.62741699796952,64.0,0.0,0.0,0.0,1.0,0.2,"(5, 2)","[p(2, 2)_cs(1.0)_ws(0.2)]_[p(5, 2)_cs(0.2)_ws(1.0)]",player_2259528e_actions,player_2259528e,"['player_2259528e', 'player_2259528e']",,,
354,plate,pick up,Dispenser_60,Dispenser,60,pick up plate from dispenser,player_2259528e,baseline_division_of_labor,fb2ad422dae3d3e8,118.62741699796952,0.0,0.0,0.0,0.0,1.0,0.2,"(5, 2)","[p(2, 2)_cs(1.0)_ws(0.2)]_[p(5, 2)_cs(0.2)_ws(1.0)]",player_2259528e_actions,,[],,,
387,plate,put down,Counter_32,Counter,32,put down plate on counter,player_f1dbb069,baseline_division_of_labor,fb2ad422dae3d3e8,109.0496452443143,38.53512134292963,0.0,0.0,0.0,0.2,1.0,"(2, 2)","[p(2, 2)_cs(1.0)_ws(0.2)]_[p(5, 2)_cs(0.2)_ws(1.0)]",player_f1dbb069_actions,player_f1dbb069,['player_f1dbb069'],,,
520,plate,put down,Counter_33,Counter,33,put down plate on counter,player_2259528e,baseline_division_of_labor,fb2ad422dae3d3e8,173.28674914856887,54.659332150599354,0.0,0.0,0.0,1.0,0.2,"(5, 2)","[p(2, 2)_cs(1.0)_ws(0.2)]_[p(5, 2)_cs(0.2)_ws(1.0)]",player_2259528e_actions,player_2259528e,['player_2259528e'],,,
552,tomato,pick up,Dispenser_40,Dispenser,40,pick up tomato from dispenser,player_2259528e,baseline_division_of_labor,fb2ad422dae3d3e8,205.28674914856887,32.0,0.0,0.0,0.0,1.0,0.2,"(5, 2)","[p(2, 2)_cs(1.0)_ws(0.2)]_[p(5, 2)_cs(0.2)_ws(1.0)]",player_2259528e_actions,,[],,,
559,plate,pick up,Dispenser_71,Dispenser,71,pick up plate from dispenser,player_f1dbb069,baseline_division_of_labor,fb2ad422dae3d3e8,147.58476658724393,38.53512134292963,0.0,0.0,0.0,0.2,1.0,"(2, 2)","[p(2, 2)_cs(1.0)_ws(0.2)]_[p(5, 2)_cs(0.2)_ws(1.0)]",player_f1dbb069_actions,,[],,,
583,tomato,start cutting,CuttingBoard_20,CuttingBoard,20,start cutting tomato,player_2259528e,baseline_division_of_labor,fb2ad422dae3d3e8,237.28674914856887,32.0,0.0,0.0,0.0,1.0,0.2,"(5, 2)","[p(2, 2)_cs(1.0)_ws(0.2)]_[p(5, 2)_cs(0.2)_ws(1.0)]",player_2259528e_actions,player_2259528e,['player_2259528e'],,,
692,plate,put down,Counter_34,Counter,34,put down plate on counter,player_f1dbb069,baseline_division_of_labor,fb2ad422dae3d3e8,208.64112728720323,61.0563606999593,0.0,0.0,0.0,0.2,1.0,"(2, 2)","[p(2, 2)_cs(1.0)_ws(0.2)]_[p(5, 2)_cs(0.2)_ws(1.0)]",player_f1dbb069_actions,player_f1dbb069,['player_f1dbb069'],,,
781,tomato_cut,pick up,CuttingBoard_20,CuttingBoard,20,pick up tomato_cut from cuttingboard,player_2259528e,baseline_division_of_labor,fb2ad422dae3d3e8,237.28674914856887,0.0,0.0,0.0,0.0,1.0,0.2,"(5, 2)","[p(2, 2)_cs(1.0)_ws(0.2)]_[p(5, 2)_cs(0.2)_ws(1.0)]",player_2259528e_actions,player_2259528e,['player_2259528e'],,,False
800,tomato_cut,assemble salad,Counter_32,Counter,32,assemble salad,player_2259528e,baseline_division_of_labor,fb2ad422dae3d3e8,253.28674914856887,16.0,0.0,0.0,0.0,1.0,0.2,"(5, 2)","[p(2, 2)_cs(1.0)_ws(0.2)]_[p(5, 2)_cs(0.2)_ws(1.0)]",player_2259528e_actions,player_f1dbb069,['player_2259528e'],"['player_2259528e', 'player_2259528e']",['player_f1dbb069'],True
817,tomato_salad,pick up,Counter_32,Counter,32,pick up tomato_salad from counter,player_2259528e,baseline_division_of_labor,fb2ad422dae3d3e8,253.28674914856887,0.0,0.0,0.0,0.0,1.0,0.2,"(5, 2)","[p(2, 2)_cs(1.0)_ws(0.2)]_[p(5, 2)_cs(0.2)_ws(1.0)]",player_2259528e_actions,player_2259528e,['player_2259528e'],"['player_2259528e', 'player_2259528e']",['player_f1dbb069'],False
850,tomato_salad,deliver,Delivery_63,Delivery,63,deliver tomato_salad,player_2259528e,baseline_division_of_labor,fb2ad422dae3d3e8,298.54158314450774,45.25483399593887,1.0,1.0,1.0,1.0,0.2,"(5, 2)","[p(2, 2)_cs(1.0)_ws(0.2)]_[p(5, 2)_cs(0.2)_ws(1.0)]",player_2259528e_actions,player_2259528e,"['player_2259528e', 'player_2259528e']","['player_2259528e', 'player_2259528e']",['player_f1dbb069'],
904,plate,pick up,Counter_33,Counter,33,pick up plate from counter,player_2259528e,baseline_division_of_labor,fb2ad422dae3d3e8,314.54158314450774,16.0,1.0,0.0,1.0,1.0,0.2,"(5, 2)","[p(2, 2)_cs(1.0)_ws(0.2)]_[p(5, 2)_cs(0.2)_ws(1.0)]",player_2259528e_actions,player_2259528e,['player_2259528e'],,,False
968,plate,put down,Counter_33,Counter,33,put down plate on counter,player_2259528e,baseline_division_of_labor,fb2ad422dae3d3e8,346.54158314450774,32.0,1.0,0.0,1.0,1.0,0.2,"(5, 2)","[p(2, 2)_cs(1.0)_ws(0.2)]_[p(5, 2)_cs(0.2)_ws(1.0)]",player_2259528e_actions,player_2259528e,"['player_2259528e', 'player_2259528e']",,,
974,plate,pick up,Dispenser_60,Dispenser,60,pick up plate from dispenser,player_f1dbb069,baseline_division_of_labor,fb2ad422dae3d3e8,279.1762486301327,70.53512134292947,1.0,0.0,0.0,0.2,1.0,"(2, 2)","[p(2, 2)_cs(1.0)_ws(0.2)]_[p(5, 2)_cs(0.2)_ws(1.0)]",player_f1dbb069_actions,,[],,,
1003,tomato,pick up,Dispenser_40,Dispenser,40,pick up tomato from dispenser,player_2259528e,baseline_division_of_labor,fb2ad422dae3d3e8,378.5415831445081,32.00000000000034,1.0,0.0,1.0,1.0,0.2,"(5, 2)","[p(2, 2)_cs(1.0)_ws(0.2)]_[p(5, 2)_cs(0.2)_ws(1.0)]",player_2259528e_actions,,[],,,
1028,tomato,start cutting,CuttingBoard_20,CuttingBoard,20,start cutting tomato,player_2259528e,baseline_division_of_labor,fb2ad422dae3d3e8,410.5415831445083,32.00000000000023,1.0,0.0,1.0,1.0,0.2,"(5, 2)","[p(2, 2)_cs(1.0)_ws(0.2)]_[p(5, 2)_cs(0.2)_ws(1.0)]",player_2259528e_actions,player_2259528e,['player_2259528e'],,,
1084,plate,put down,Counter_32,Counter,32,put down plate on counter,player_f1dbb069,baseline_division_of_labor,fb2ad422dae3d3e8,317.71136997306195,38.53512134292925,1.0,0.0,0.0,0.2,1.0,"(2, 2)","[p(2, 2)_cs(1.0)_ws(0.2)]_[p(5, 2)_cs(0.2)_ws(1.0)]",player_f1dbb069_actions,player_f1dbb069,['player_f1dbb069'],,,
1226,tomato_cut,pick up,CuttingBoard_20,CuttingBoard,20,pick up tomato_cut from cuttingboard,player_2259528e,baseline_division_of_labor,fb2ad422dae3d3e8,410.5415831445083,0.0,1.0,0.0,1.0,1.0,0.2,"(5, 2)","[p(2, 2)_cs(1.0)_ws(0.2)]_[p(5, 2)_cs(0.2)_ws(1.0)]",player_2259528e_actions,player_2259528e,['player_2259528e'],,,False
1255,tomato_cut,assemble salad,Counter_33,Counter,33,assemble salad,player_2259528e,baseline_division_of_labor,fb2ad422dae3d3e8,442.54158314450865,32.00000000000034,1.0,0.0,1.0,1.0,0.2,"(5, 2)","[p(2, 2)_cs(1.0)_ws(0.2)]_[p(5, 2)_cs(0.2)_ws(1.0)]",player_2259528e_actions,player_2259528e,['player_2259528e'],"['player_2259528e', 'player_2259528e']","['player_2259528e', 'player_2259528e']",False
1267,tomato_salad,pick up,Counter_33,Counter,33,pick up tomato_salad from counter,player_2259528e,baseline_division_of_labor,fb2ad422dae3d3e8,442.54158314450865,0.0,1.0,0.0,1.0,1.0,0.2,"(5, 2)","[p(2, 2)_cs(1.0)_ws(0.2)]_[p(5, 2)_cs(0.2)_ws(1.0)]",player_2259528e_actions,player_2259528e,['player_2259528e'],"['player_2259528e', 'player_2259528e']","['player_2259528e', 'player_2259528e']",False
1319,tomato_salad,deliver,Delivery_63,Delivery,63,deliver tomato_salad,player_2259528e,baseline_division_of_labor,fb2ad422dae3d3e8,525.3150409352769,82.77345779076825,2.0,1.0,2.0,1.0,0.2,"(5, 2)","[p(2, 2)_cs(1.0)_ws(0.2)]_[p(5, 2)_cs(0.2)_ws(1.0)]",player_2259528e_actions,player_2259528e,"['player_2259528e', 'player_2259528e']","['player_2259528e', 'player_2259528e']","['player_2259528e', 'player_2259528e']",
1362,tomato,pick up,Dispenser_40,Dispenser,40,pick up tomato from dispenser,player_2259528e,baseline_division_of_labor,fb2ad422dae3d3e8,563.7263007753031,38.41125984002622,2.0,0.0,2.0,1.0,0.2,"(5, 2)","[p(2, 2)_cs(1.0)_ws(0.2)]_[p(5, 2)_cs(0.2)_ws(1.0)]",player_2259528e_actions,,[],,,
1390,tomato,start cutting,CuttingBoard_20,CuttingBoard,20,start cutting tomato,player_2259528e,baseline_division_of_labor,fb2ad422dae3d3e8,595.7263007753033,32.00000000000023,2.0,0.0,2.0,1.0,0.2,"(5, 2)","[p(2, 2)_cs(1.0)_ws(0.2)]_[p(5, 2)_cs(0.2)_ws(1.0)]",player_2259528e_actions,player_2259528e,['player_2259528e'],,,
1436,tomato,pick up,Dispenser_40,Dispenser,40,pick up tomato from dispenser,player_2259528e,baseline_division_of_labor,fb2ad422dae3d3e8,627.7263007753036,32.00000000000023,2.0,0.0,2.0,1.0,0.2,"(5, 2)","[p(2, 2)_cs(1.0)_ws(0.2)]_[p(5, 2)_cs(0.2)_ws(1.0)]",player_2259528e_actions,,[],,,
1467,tomato,start cutting,CuttingBoard_10,CuttingBoard,10,start cutting tomato,player_2259528e,baseline_division_of_labor,fb2ad422dae3d3e8,675.726300775304,48.000000000000455,2.0,0.0,2.0,1.0,0.2,"(5, 2)","[p(2, 2)_cs(1.0)_ws(0.2)]_[p(5, 2)_cs(0.2)_ws(1.0)]",player_2259528e_actions,player_2259528e,['player_2259528e'],,,
1498,plate,pick up,Dispenser_60,Dispenser,60,pick up plate from dispenser,player_f1dbb069,baseline_division_of_labor,fb2ad422dae3d3e8,378.96620396900187,61.25483399593992,2.0,0.0,0.0,0.2,1.0,"(2, 2)","[p(2, 2)_cs(1.0)_ws(0.2)]_[p(5, 2)_cs(0.2)_ws(1.0)]",player_f1dbb069_actions,,[],,,
1610,plate,put down,Counter_33,Counter,33,put down plate on counter,player_f1dbb069,baseline_division_of_labor,fb2ad422dae3d3e8,424.22103796494264,45.25483399594077,2.0,0.0,0.0,0.2,1.0,"(2, 2)","[p(2, 2)_cs(1.0)_ws(0.2)]_[p(5, 2)_cs(0.2)_ws(1.0)]",player_f1dbb069_actions,player_f1dbb069,['player_f1dbb069'],,,
1694,tomato_cut,pick up,CuttingBoard_20,CuttingBoard,20,pick up tomato_cut from cuttingboard,player_2259528e,baseline_division_of_labor,fb2ad422dae3d3e8,691.7263007753043,16.000000000000227,2.0,0.0,2.0,1.0,0.2,"(5, 2)","[p(2, 2)_cs(1.0)_ws(0.2)]_[p(5, 2)_cs(0.2)_ws(1.0)]",player_2259528e_actions,player_2259528e,['player_2259528e'],,,False
1715,tomato_cut,assemble salad,Counter_32,Counter,32,assemble salad,player_2259528e,baseline_division_of_labor,fb2ad422dae3d3e8,707.7263007753045,16.000000000000227,2.0,0.0,2.0,1.0,0.2,"(5, 2)","[p(2, 2)_cs(1.0)_ws(0.2)]_[p(5, 2)_cs(0.2)_ws(1.0)]",player_2259528e_actions,player_f1dbb069,['player_2259528e'],"['player_2259528e', 'player_2259528e']",['player_f1dbb069'],True
1756,tomato_salad,pick up,Counter_32,Counter,32,pick up tomato_salad from counter,player_f1dbb069,baseline_division_of_labor,fb2ad422dae3d3e8,440.2210379649418,15.99999999999909,2.0,0.0,0.0,0.2,1.0,"(2, 2)","[p(2, 2)_cs(1.0)_ws(0.2)]_[p(5, 2)_cs(0.2)_ws(1.0)]",player_f1dbb069_actions,player_2259528e,['player_2259528e'],"['player_2259528e', 'player_2259528e']",['player_f1dbb069'],True
1818,tomato_salad,deliver,Delivery_63,Delivery,63,deliver tomato_salad,player_f1dbb069,baseline_division_of_labor,fb2ad422dae3d3e8,462.8484549629121,22.627416997970386,3.0,1.0,1.0,0.2,1.0,"(2, 2)","[p(2, 2)_cs(1.0)_ws(0.2)]_[p(5, 2)_cs(0.2)_ws(1.0)]",player_f1dbb069_actions,player_f1dbb069,"['player_2259528e', 'player_f1dbb069']","['player_2259528e', 'player_2259528e']",['player_f1dbb069'],
1919,plate,pick up,Dispenser_60,Dispenser,60,pick up plate from dispenser,player_f1dbb069,baseline_division_of_labor,fb2ad422dae3d3e8,501.3818210819824,38.53336611907031,3.0,0.0,1.0,0.2,1.0,"(2, 2)","[p(2, 2)_cs(1.0)_ws(0.2)]_[p(5, 2)_cs(0.2)_ws(1.0)]",player_f1dbb069_actions,,[],,,
1969,tomato_cut,pick up,CuttingBoard_10,CuttingBoard,10,pick up tomato_cut from cuttingboard,player_2259528e,baseline_division_of_labor,fb2ad422dae3d3e8,809.645731374752,101.91943059944754,3.0,0.0,2.0,1.0,0.2,"(5, 2)","[p(2, 2)_cs(1.0)_ws(0.2)]_[p(5, 2)_cs(0.2)_ws(1.0)]",player_2259528e_actions,player_2259528e,['player_2259528e'],,,False
2001,tomato_cut,assemble salad,Counter_33,Counter,33,assemble salad,player_2259528e,baseline_division_of_labor,fb2ad422dae3d3e8,848.056991214778,38.41125984002599,3.0,0.0,2.0,1.0,0.2,"(5, 2)","[p(2, 2)_cs(1.0)_ws(0.2)]_[p(5, 2)_cs(0.2)_ws(1.0)]",player_2259528e_actions,player_f1dbb069,['player_2259528e'],"['player_2259528e', 'player_2259528e']",['player_f1dbb069'],True
2013,plate,put down,Counter_32,Counter,32,put down plate on counter,player_f1dbb069,baseline_division_of_labor,fb2ad422dae3d3e8,539.916942424913,38.53512134293061,3.0,0.0,1.0,0.2,1.0,"(2, 2)","[p(2, 2)_cs(1.0)_ws(0.2)]_[p(5, 2)_cs(0.2)_ws(1.0)]",player_f1dbb069_actions,player_f1dbb069,['player_f1dbb069'],,,
2045,tomato,pick up,Dispenser_40,Dispenser,40,pick up tomato from dispenser,player_2259528e,baseline_division_of_labor,fb2ad422dae3d3e8,902.2253780434112,54.168386828633174,3.0,0.0,2.0,1.0,0.2,"(5, 2)","[p(2, 2)_cs(1.0)_ws(0.2)]_[p(5, 2)_cs(0.2)_ws(1.0)]",player_2259528e_actions,,[],,,
2054,tomato_salad,pick up,Counter_33,Counter,33,pick up tomato_salad from counter,player_f1dbb069,baseline_division_of_labor,fb2ad422dae3d3e8,555.9169424249121,15.99999999999909,3.0,0.0,1.0,0.2,1.0,"(2, 2)","[p(2, 2)_cs(1.0)_ws(0.2)]_[p(5, 2)_cs(0.2)_ws(1.0)]",player_f1dbb069_actions,player_2259528e,['player_2259528e'],"['player_2259528e', 'player_2259528e']",['player_f1dbb069'],True
2080,tomato,start cutting,CuttingBoard_10,CuttingBoard,10,start cutting tomato,player_2259528e,baseline_division_of_labor,fb2ad422dae3d3e8,950.2253780434116,48.000000000000455,3.0,0.0,2.0,1.0,0.2,"(5, 2)","[p(2, 2)_cs(1.0)_ws(0.2)]_[p(5, 2)_cs(0.2)_ws(1.0)]",player_2259528e_actions,player_2259528e,['player_2259528e'],,,
2102,tomato_salad,deliver,Delivery_63,Delivery,63,deliver tomato_salad,player_f1dbb069,baseline_division_of_labor,fb2ad422dae3d3e8,571.9169424249121,16.0,4.0,1.0,2.0,0.2,1.0,"(2, 2)","[p(2, 2)_cs(1.0)_ws(0.2)]_[p(5, 2)_cs(0.2)_ws(1.0)]",player_f1dbb069_actions,player_f1dbb069,"['player_2259528e', 'player_f1dbb069']","['player_2259528e', 'player_2259528e']",['player_f1dbb069'],
2116,tomato,pick up,Dispenser_40,Dispenser,40,pick up tomato from dispenser,player_2259528e,baseline_division_of_labor,fb2ad422dae3d3e8,998.225378043412,48.000000000000455,4.0,0.0,2.0,1.0,0.2,"(5, 2)","[p(2, 2)_cs(1.0)_ws(0.2)]_[p(5, 2)_cs(0.2)_ws(1.0)]",player_2259528e_actions,,[],,,
2135,tomato,start cutting,CuttingBoard_20,CuttingBoard,20,start cutting tomato,player_2259528e,baseline_division_of_labor,fb2ad422dae3d3e8,1030.2253780434123,32.00000000000023,4.0,0.0,2.0,1.0,0.2,"(5, 2)","[p(2, 2)_cs(1.0)_ws(0.2)]_[p(5, 2)_cs(0.2)_ws(1.0)]",player_2259528e_actions,player_2259528e,['player_2259528e'],,,
