{"agents": {"player_f1dbb069": {"initial_state": {"agent_id": "player_f1dbb069", "x": 40, "y": 40, "item": null, "url_params": {"gameType": ["tomatoSaladOnly"], "PROLIFIC_PID": ["5f9e612e5e10814115cc780d"], "map": ["baseline_division_of_labor"], "cutting_speed_p1": ["1"], "walking_speed_p1": ["0.2"], "cutting_speed_p2": ["0.2"], "walking_speed_p2": ["1"], "slot_x_p1": ["2"], "slot_y_p1": ["2"], "slot_x_p2": ["5"], "slot_y_p2": ["2"], "EIO": ["4"], "transport": ["polling"], "t": ["PZzciMj"]}, "cut_speed": 1.0, "walk_speed": 6.0, "player_nr": 1}, "player_score": 2.0, "total_actions": 14, "first_action_tick": 296, "last_action_tick": 2102}, "player_2259528e": {"initial_state": {"agent_id": "player_2259528e", "x": 88, "y": 40, "item": null, "url_params": {"gameType": ["tomatoSaladOnly"], "PROLIFIC_PID": ["5f2eebd9d21e322a9ed68f09"], "map": ["baseline_division_of_labor"], "cutting_speed_p1": ["1"], "walking_speed_p1": ["0.2"], "cutting_speed_p2": ["0.2"], "walking_speed_p2": ["1"], "slot_x_p1": ["2"], "slot_y_p1": ["2"], "slot_x_p2": ["5"], "slot_y_p2": ["2"], "EIO": ["4"], "transport": ["polling"], "t": ["PZzcosr"]}, "cut_speed": 0.2, "walk_speed": 30.0, "player_nr": 2}, "player_score": 2.0, "total_actions": 32, "first_action_tick": 71, "last_action_tick": 2135}}, "map_name": "baseline_division_of_labor", "final_score": 4.0}