tick,item,action,target,target_type,target_position,action_long,player_id,map_name,game_id,distance_walked,distance_walked_since_last_action,overall_score,player_score_change,player_score,walking_speed,cutting_speed,start_pos,condition
71,tomato,pick up,Dispenser_40,Dispenser,40,pick up tomato from dispenser,player_2259528e,baseline_division_of_labor,fb2ad422dae3d3e8,22.62741699796952,0.0,0.0,0.0,0.0,1.0,0.2,"(5, 2)","[p(2, 2)_cs(1.0)_ws(0.2)]_[p(5, 2)_cs(0.2)_ws(1.0)]"
109,tomato,start cutting,CuttingBoard_20,CuttingBoard,20,start cutting tomato,player_2259528e,baseline_division_of_labor,fb2ad422dae3d3e8,54.62741699796952,32.0,0.0,0.0,0.0,1.0,0.2,"(5, 2)","[p(2, 2)_cs(1.0)_ws(0.2)]_[p(5, 2)_cs(0.2)_ws(1.0)]"
312,tomato_cut,pick up,CuttingBoard_20,CuttingBoard,20,pick up tomato_cut from cuttingboard,player_2259528e,baseline_division_of_labor,fb2ad422dae3d3e8,54.62741699796952,0.0,0.0,0.0,0.0,1.0,0.2,"(5, 2)","[p(2, 2)_cs(1.0)_ws(0.2)]_[p(5, 2)_cs(0.2)_ws(1.0)]"
354,tomato_cut,put down,Dispenser_60,Dispenser,60,put down tomato_cut on dispenser,player_2259528e,baseline_division_of_labor,fb2ad422dae3d3e8,118.62741699796952,64.0,0.0,0.0,0.0,1.0,0.2,"(5, 2)","[p(2, 2)_cs(1.0)_ws(0.2)]_[p(5, 2)_cs(0.2)_ws(1.0)]"
354,plate,pick up,Dispenser_60,Dispenser,60,pick up plate from dispenser,player_2259528e,baseline_division_of_labor,fb2ad422dae3d3e8,118.62741699796952,0.0,0.0,0.0,0.0,1.0,0.2,"(5, 2)","[p(2, 2)_cs(1.0)_ws(0.2)]_[p(5, 2)_cs(0.2)_ws(1.0)]"
520,plate,put down,Counter_33,Counter,33,put down plate on counter,player_2259528e,baseline_division_of_labor,fb2ad422dae3d3e8,173.28674914856887,54.659332150599354,0.0,0.0,0.0,1.0,0.2,"(5, 2)","[p(2, 2)_cs(1.0)_ws(0.2)]_[p(5, 2)_cs(0.2)_ws(1.0)]"
552,tomato,pick up,Dispenser_40,Dispenser,40,pick up tomato from dispenser,player_2259528e,baseline_division_of_labor,fb2ad422dae3d3e8,205.28674914856887,32.0,0.0,0.0,0.0,1.0,0.2,"(5, 2)","[p(2, 2)_cs(1.0)_ws(0.2)]_[p(5, 2)_cs(0.2)_ws(1.0)]"
583,tomato,start cutting,CuttingBoard_20,CuttingBoard,20,start cutting tomato,player_2259528e,baseline_division_of_labor,fb2ad422dae3d3e8,237.28674914856887,32.0,0.0,0.0,0.0,1.0,0.2,"(5, 2)","[p(2, 2)_cs(1.0)_ws(0.2)]_[p(5, 2)_cs(0.2)_ws(1.0)]"
781,tomato_cut,pick up,CuttingBoard_20,CuttingBoard,20,pick up tomato_cut from cuttingboard,player_2259528e,baseline_division_of_labor,fb2ad422dae3d3e8,237.28674914856887,0.0,0.0,0.0,0.0,1.0,0.2,"(5, 2)","[p(2, 2)_cs(1.0)_ws(0.2)]_[p(5, 2)_cs(0.2)_ws(1.0)]"
800,tomato_cut,assemble salad,Counter_32,Counter,32,assemble salad,player_2259528e,baseline_division_of_labor,fb2ad422dae3d3e8,253.28674914856887,16.0,0.0,0.0,0.0,1.0,0.2,"(5, 2)","[p(2, 2)_cs(1.0)_ws(0.2)]_[p(5, 2)_cs(0.2)_ws(1.0)]"
817,tomato_salad,pick up,Counter_32,Counter,32,pick up tomato_salad from counter,player_2259528e,baseline_division_of_labor,fb2ad422dae3d3e8,253.28674914856887,0.0,0.0,0.0,0.0,1.0,0.2,"(5, 2)","[p(2, 2)_cs(1.0)_ws(0.2)]_[p(5, 2)_cs(0.2)_ws(1.0)]"
850,tomato_salad,deliver,Delivery_63,Delivery,63,deliver tomato_salad,player_2259528e,baseline_division_of_labor,fb2ad422dae3d3e8,298.54158314450774,45.25483399593887,1.0,1.0,1.0,1.0,0.2,"(5, 2)","[p(2, 2)_cs(1.0)_ws(0.2)]_[p(5, 2)_cs(0.2)_ws(1.0)]"
904,plate,pick up,Counter_33,Counter,33,pick up plate from counter,player_2259528e,baseline_division_of_labor,fb2ad422dae3d3e8,314.54158314450774,16.0,1.0,0.0,1.0,1.0,0.2,"(5, 2)","[p(2, 2)_cs(1.0)_ws(0.2)]_[p(5, 2)_cs(0.2)_ws(1.0)]"
968,plate,put down,Counter_33,Counter,33,put down plate on counter,player_2259528e,baseline_division_of_labor,fb2ad422dae3d3e8,346.54158314450774,32.0,1.0,0.0,1.0,1.0,0.2,"(5, 2)","[p(2, 2)_cs(1.0)_ws(0.2)]_[p(5, 2)_cs(0.2)_ws(1.0)]"
1003,tomato,pick up,Dispenser_40,Dispenser,40,pick up tomato from dispenser,player_2259528e,baseline_division_of_labor,fb2ad422dae3d3e8,378.5415831445081,32.00000000000034,1.0,0.0,1.0,1.0,0.2,"(5, 2)","[p(2, 2)_cs(1.0)_ws(0.2)]_[p(5, 2)_cs(0.2)_ws(1.0)]"
1028,tomato,start cutting,CuttingBoard_20,CuttingBoard,20,start cutting tomato,player_2259528e,baseline_division_of_labor,fb2ad422dae3d3e8,410.5415831445083,32.00000000000023,1.0,0.0,1.0,1.0,0.2,"(5, 2)","[p(2, 2)_cs(1.0)_ws(0.2)]_[p(5, 2)_cs(0.2)_ws(1.0)]"
1226,tomato_cut,pick up,CuttingBoard_20,CuttingBoard,20,pick up tomato_cut from cuttingboard,player_2259528e,baseline_division_of_labor,fb2ad422dae3d3e8,410.5415831445083,0.0,1.0,0.0,1.0,1.0,0.2,"(5, 2)","[p(2, 2)_cs(1.0)_ws(0.2)]_[p(5, 2)_cs(0.2)_ws(1.0)]"
1255,tomato_cut,assemble salad,Counter_33,Counter,33,assemble salad,player_2259528e,baseline_division_of_labor,fb2ad422dae3d3e8,442.54158314450865,32.00000000000034,1.0,0.0,1.0,1.0,0.2,"(5, 2)","[p(2, 2)_cs(1.0)_ws(0.2)]_[p(5, 2)_cs(0.2)_ws(1.0)]"
1267,tomato_salad,pick up,Counter_33,Counter,33,pick up tomato_salad from counter,player_2259528e,baseline_division_of_labor,fb2ad422dae3d3e8,442.54158314450865,0.0,1.0,0.0,1.0,1.0,0.2,"(5, 2)","[p(2, 2)_cs(1.0)_ws(0.2)]_[p(5, 2)_cs(0.2)_ws(1.0)]"
1319,tomato_salad,deliver,Delivery_63,Delivery,63,deliver tomato_salad,player_2259528e,baseline_division_of_labor,fb2ad422dae3d3e8,525.3150409352769,82.77345779076825,2.0,1.0,2.0,1.0,0.2,"(5, 2)","[p(2, 2)_cs(1.0)_ws(0.2)]_[p(5, 2)_cs(0.2)_ws(1.0)]"
1362,tomato,pick up,Dispenser_40,Dispenser,40,pick up tomato from dispenser,player_2259528e,baseline_division_of_labor,fb2ad422dae3d3e8,563.7263007753031,38.41125984002622,2.0,0.0,2.0,1.0,0.2,"(5, 2)","[p(2, 2)_cs(1.0)_ws(0.2)]_[p(5, 2)_cs(0.2)_ws(1.0)]"
1390,tomato,start cutting,CuttingBoard_20,CuttingBoard,20,start cutting tomato,player_2259528e,baseline_division_of_labor,fb2ad422dae3d3e8,595.7263007753033,32.00000000000023,2.0,0.0,2.0,1.0,0.2,"(5, 2)","[p(2, 2)_cs(1.0)_ws(0.2)]_[p(5, 2)_cs(0.2)_ws(1.0)]"
1436,tomato,pick up,Dispenser_40,Dispenser,40,pick up tomato from dispenser,player_2259528e,baseline_division_of_labor,fb2ad422dae3d3e8,627.7263007753036,32.00000000000023,2.0,0.0,2.0,1.0,0.2,"(5, 2)","[p(2, 2)_cs(1.0)_ws(0.2)]_[p(5, 2)_cs(0.2)_ws(1.0)]"
1467,tomato,start cutting,CuttingBoard_10,CuttingBoard,10,start cutting tomato,player_2259528e,baseline_division_of_labor,fb2ad422dae3d3e8,675.726300775304,48.000000000000455,2.0,0.0,2.0,1.0,0.2,"(5, 2)","[p(2, 2)_cs(1.0)_ws(0.2)]_[p(5, 2)_cs(0.2)_ws(1.0)]"
1694,tomato_cut,pick up,CuttingBoard_20,CuttingBoard,20,pick up tomato_cut from cuttingboard,player_2259528e,baseline_division_of_labor,fb2ad422dae3d3e8,691.7263007753043,16.000000000000227,2.0,0.0,2.0,1.0,0.2,"(5, 2)","[p(2, 2)_cs(1.0)_ws(0.2)]_[p(5, 2)_cs(0.2)_ws(1.0)]"
1715,tomato_cut,assemble salad,Counter_32,Counter,32,assemble salad,player_2259528e,baseline_division_of_labor,fb2ad422dae3d3e8,707.7263007753045,16.000000000000227,2.0,0.0,2.0,1.0,0.2,"(5, 2)","[p(2, 2)_cs(1.0)_ws(0.2)]_[p(5, 2)_cs(0.2)_ws(1.0)]"
1969,tomato_cut,pick up,CuttingBoard_10,CuttingBoard,10,pick up tomato_cut from cuttingboard,player_2259528e,baseline_division_of_labor,fb2ad422dae3d3e8,809.645731374752,101.91943059944754,3.0,0.0,2.0,1.0,0.2,"(5, 2)","[p(2, 2)_cs(1.0)_ws(0.2)]_[p(5, 2)_cs(0.2)_ws(1.0)]"
2001,tomato_cut,assemble salad,Counter_33,Counter,33,assemble salad,player_2259528e,baseline_division_of_labor,fb2ad422dae3d3e8,848.056991214778,38.41125984002599,3.0,0.0,2.0,1.0,0.2,"(5, 2)","[p(2, 2)_cs(1.0)_ws(0.2)]_[p(5, 2)_cs(0.2)_ws(1.0)]"
2045,tomato,pick up,Dispenser_40,Dispenser,40,pick up tomato from dispenser,player_2259528e,baseline_division_of_labor,fb2ad422dae3d3e8,902.2253780434112,54.168386828633174,3.0,0.0,2.0,1.0,0.2,"(5, 2)","[p(2, 2)_cs(1.0)_ws(0.2)]_[p(5, 2)_cs(0.2)_ws(1.0)]"
2080,tomato,start cutting,CuttingBoard_10,CuttingBoard,10,start cutting tomato,player_2259528e,baseline_division_of_labor,fb2ad422dae3d3e8,950.2253780434116,48.000000000000455,3.0,0.0,2.0,1.0,0.2,"(5, 2)","[p(2, 2)_cs(1.0)_ws(0.2)]_[p(5, 2)_cs(0.2)_ws(1.0)]"
2116,tomato,pick up,Dispenser_40,Dispenser,40,pick up tomato from dispenser,player_2259528e,baseline_division_of_labor,fb2ad422dae3d3e8,998.2253780434121,48.000000000000455,4.0,0.0,2.0,1.0,0.2,"(5, 2)","[p(2, 2)_cs(1.0)_ws(0.2)]_[p(5, 2)_cs(0.2)_ws(1.0)]"
2135,tomato,start cutting,CuttingBoard_20,CuttingBoard,20,start cutting tomato,player_2259528e,baseline_division_of_labor,fb2ad422dae3d3e8,1030.2253780434123,32.00000000000023,4.0,0.0,2.0,1.0,0.2,"(5, 2)","[p(2, 2)_cs(1.0)_ws(0.2)]_[p(5, 2)_cs(0.2)_ws(1.0)]"
