tick,item,action,target,target_type,target_position,action_long,player_id,map_name,game_id,distance_walked,distance_walked_since_last_action,overall_score,player_score_change,player_score,walking_speed,cutting_speed,start_pos,condition
296,plate,pick up,Dispenser_60,Dispenser,60,pick up plate from dispenser,player_f1dbb069,baseline_division_of_labor,fb2ad422dae3d3e8,70.51452390138468,0.0,0.0,0.0,0.0,0.2,1.0,"(2, 2)","[p(2, 2)_cs(1.0)_ws(0.2)]_[p(5, 2)_cs(0.2)_ws(1.0)]"
387,plate,put down,Counter_32,Counter,32,put down plate on counter,player_f1dbb069,baseline_division_of_labor,fb2ad422dae3d3e8,109.0496452443143,38.53512134292963,0.0,0.0,0.0,0.2,1.0,"(2, 2)","[p(2, 2)_cs(1.0)_ws(0.2)]_[p(5, 2)_cs(0.2)_ws(1.0)]"
559,plate,pick up,Dispenser_71,Dispenser,71,pick up plate from dispenser,player_f1dbb069,baseline_division_of_labor,fb2ad422dae3d3e8,147.58476658724393,38.53512134292963,0.0,0.0,0.0,0.2,1.0,"(2, 2)","[p(2, 2)_cs(1.0)_ws(0.2)]_[p(5, 2)_cs(0.2)_ws(1.0)]"
692,plate,put down,Counter_34,Counter,34,put down plate on counter,player_f1dbb069,baseline_division_of_labor,fb2ad422dae3d3e8,208.64112728720323,61.0563606999593,0.0,0.0,0.0,0.2,1.0,"(2, 2)","[p(2, 2)_cs(1.0)_ws(0.2)]_[p(5, 2)_cs(0.2)_ws(1.0)]"
974,plate,pick up,Dispenser_60,Dispenser,60,pick up plate from dispenser,player_f1dbb069,baseline_division_of_labor,fb2ad422dae3d3e8,279.1762486301327,70.53512134292947,1.0,0.0,0.0,0.2,1.0,"(2, 2)","[p(2, 2)_cs(1.0)_ws(0.2)]_[p(5, 2)_cs(0.2)_ws(1.0)]"
1084,plate,put down,Counter_32,Counter,32,put down plate on counter,player_f1dbb069,baseline_division_of_labor,fb2ad422dae3d3e8,317.71136997306195,38.535121342929244,1.0,0.0,0.0,0.2,1.0,"(2, 2)","[p(2, 2)_cs(1.0)_ws(0.2)]_[p(5, 2)_cs(0.2)_ws(1.0)]"
1498,plate,pick up,Dispenser_60,Dispenser,60,pick up plate from dispenser,player_f1dbb069,baseline_division_of_labor,fb2ad422dae3d3e8,378.96620396900187,61.25483399593992,2.0,0.0,0.0,0.2,1.0,"(2, 2)","[p(2, 2)_cs(1.0)_ws(0.2)]_[p(5, 2)_cs(0.2)_ws(1.0)]"
1610,plate,put down,Counter_33,Counter,33,put down plate on counter,player_f1dbb069,baseline_division_of_labor,fb2ad422dae3d3e8,424.22103796494264,45.25483399594077,2.0,0.0,0.0,0.2,1.0,"(2, 2)","[p(2, 2)_cs(1.0)_ws(0.2)]_[p(5, 2)_cs(0.2)_ws(1.0)]"
1756,tomato_salad,pick up,Counter_32,Counter,32,pick up tomato_salad from counter,player_f1dbb069,baseline_division_of_labor,fb2ad422dae3d3e8,440.22103796494173,15.99999999999909,2.0,0.0,0.0,0.2,1.0,"(2, 2)","[p(2, 2)_cs(1.0)_ws(0.2)]_[p(5, 2)_cs(0.2)_ws(1.0)]"
1818,tomato_salad,deliver,Delivery_63,Delivery,63,deliver tomato_salad,player_f1dbb069,baseline_division_of_labor,fb2ad422dae3d3e8,462.8484549629121,22.627416997970386,3.0,1.0,1.0,0.2,1.0,"(2, 2)","[p(2, 2)_cs(1.0)_ws(0.2)]_[p(5, 2)_cs(0.2)_ws(1.0)]"
1919,plate,pick up,Dispenser_60,Dispenser,60,pick up plate from dispenser,player_f1dbb069,baseline_division_of_labor,fb2ad422dae3d3e8,501.3818210819824,38.53336611907031,3.0,0.0,1.0,0.2,1.0,"(2, 2)","[p(2, 2)_cs(1.0)_ws(0.2)]_[p(5, 2)_cs(0.2)_ws(1.0)]"
2013,plate,put down,Counter_32,Counter,32,put down plate on counter,player_f1dbb069,baseline_division_of_labor,fb2ad422dae3d3e8,539.916942424913,38.53512134293061,3.0,0.0,1.0,0.2,1.0,"(2, 2)","[p(2, 2)_cs(1.0)_ws(0.2)]_[p(5, 2)_cs(0.2)_ws(1.0)]"
2054,tomato_salad,pick up,Counter_33,Counter,33,pick up tomato_salad from counter,player_f1dbb069,baseline_division_of_labor,fb2ad422dae3d3e8,555.9169424249121,15.99999999999909,3.0,0.0,1.0,0.2,1.0,"(2, 2)","[p(2, 2)_cs(1.0)_ws(0.2)]_[p(5, 2)_cs(0.2)_ws(1.0)]"
2102,tomato_salad,deliver,Delivery_63,Delivery,63,deliver tomato_salad,player_f1dbb069,baseline_division_of_labor,fb2ad422dae3d3e8,571.9169424249121,16.0,4.0,1.0,2.0,0.2,1.0,"(2, 2)","[p(2, 2)_cs(1.0)_ws(0.2)]_[p(5, 2)_cs(0.2)_ws(1.0)]"
