{"agents": {"player_febf40f0": {"initial_state": {"agent_id": "player_febf40f0", "x": 40, "y": 40, "item": null, "url_params": {"gameType": ["tomatoSaladOnly"], "PROLIFIC_PID": ["5c86ce55f2d62e001975e0ad"], "map": ["baseline_division_of_labor"], "cutting_speed_p1": ["1"], "walking_speed_p1": ["0.2"], "cutting_speed_p2": ["0.2"], "walking_speed_p2": ["1"], "slot_x_p1": ["2"], "slot_y_p1": ["2"], "slot_x_p2": ["5"], "slot_y_p2": ["2"], "EIO": ["4"], "transport": ["polling"], "t": ["PZzpAYb"]}, "cut_speed": 1.0, "walk_speed": 6.0, "player_nr": 1}, "player_score": 1.0, "total_actions": 15, "first_action_tick": 222, "last_action_tick": 2123}, "player_bd5ee2d4": {"initial_state": {"agent_id": "player_bd5ee2d4", "x": 88, "y": 40, "item": null, "url_params": {"gameType": ["tomatoSaladOnly"], "PROLIFIC_PID": ["67028e3c5308fc008653cf26"], "map": ["baseline_division_of_labor"], "cutting_speed_p1": ["1"], "walking_speed_p1": ["0.2"], "cutting_speed_p2": ["0.2"], "walking_speed_p2": ["1"], "slot_x_p1": ["2"], "slot_y_p1": ["2"], "slot_x_p2": ["5"], "slot_y_p2": ["2"], "EIO": ["4"], "transport": ["polling"], "t": ["PZzpEjg"]}, "cut_speed": 0.2, "walk_speed": 30.0, "player_nr": 2}, "player_score": 4.0, "total_actions": 39, "first_action_tick": 82, "last_action_tick": 2135}}, "map_name": "baseline_division_of_labor", "final_score": 5.0}