tick,item,action,target,target_type,target_position,action_long,player_id,map_name,game_id,distance_walked,distance_walked_since_last_action,overall_score,player_score_change,player_score,walking_speed,cutting_speed,start_pos,condition,source,last_touched,touched_list,tomato_history,plate_history,is_exchange_collaboration
91,tomato,pick up,Dispenser_40,Dispenser,40,pick up tomato from dispenser,player_3af5c508,baseline_division_of_labor,ba0453bef6a07015,22.62741699796952,0.0,0.0,0.0,0.0,1.0,0.2,"(5, 2)","[p(2, 2)_cs(1.0)_ws(0.2)]_[p(5, 2)_cs(0.2)_ws(1.0)]",player_3af5c508_actions,,[],,,
141,tomato,start cutting,CuttingBoard_10,CuttingBoard,10,start cutting tomato,player_3af5c508,baseline_division_of_labor,ba0453bef6a07015,70.6274169979695,47.999999999999986,0.0,0.0,0.0,1.0,0.2,"(5, 2)","[p(2, 2)_cs(1.0)_ws(0.2)]_[p(5, 2)_cs(0.2)_ws(1.0)]",player_3af5c508_actions,player_3af5c508,['player_3af5c508'],,,
193,tomato,pick up,Dispenser_40,Dispenser,40,pick up tomato from dispenser,player_bac97047,baseline_division_of_labor,ba0453bef6a07015,38.51454639532428,0.0,0.0,0.0,0.0,0.2,1.0,"(2, 2)","[p(2, 2)_cs(1.0)_ws(0.2)]_[p(5, 2)_cs(0.2)_ws(1.0)]",player_bac97047_actions,,[],,,
288,plate,pick up,Dispenser_71,Dispenser,71,pick up plate from dispenser,player_3af5c508,baseline_division_of_labor,ba0453bef6a07015,150.6274169979695,80.0,0.0,0.0,0.0,1.0,0.2,"(5, 2)","[p(2, 2)_cs(1.0)_ws(0.2)]_[p(5, 2)_cs(0.2)_ws(1.0)]",player_3af5c508_actions,,[],,,
302,tomato,start cutting,CuttingBoard_20,CuttingBoard,20,start cutting tomato,player_bac97047,baseline_division_of_labor,ba0453bef6a07015,70.51454639532429,32.00000000000001,0.0,0.0,0.0,0.2,1.0,"(2, 2)","[p(2, 2)_cs(1.0)_ws(0.2)]_[p(5, 2)_cs(0.2)_ws(1.0)]",player_bac97047_actions,player_bac97047,['player_bac97047'],,,
321,plate,put down,Counter_32,Counter,32,put down plate on counter,player_3af5c508,baseline_division_of_labor,ba0453bef6a07015,189.0344796647345,38.407062666765,0.0,0.0,0.0,1.0,0.2,"(5, 2)","[p(2, 2)_cs(1.0)_ws(0.2)]_[p(5, 2)_cs(0.2)_ws(1.0)]",player_3af5c508_actions,player_3af5c508,['player_3af5c508'],,,
353,plate,pick up,Dispenser_71,Dispenser,71,pick up plate from dispenser,player_3af5c508,baseline_division_of_labor,ba0453bef6a07015,227.44154233149945,38.40706266676494,0.0,0.0,0.0,1.0,0.2,"(5, 2)","[p(2, 2)_cs(1.0)_ws(0.2)]_[p(5, 2)_cs(0.2)_ws(1.0)]",player_3af5c508_actions,,[],,,
383,plate,put down,Counter_33,Counter,33,put down plate on counter,player_3af5c508,baseline_division_of_labor,ba0453bef6a07015,272.69637632743843,45.25483399593898,0.0,0.0,0.0,1.0,0.2,"(5, 2)","[p(2, 2)_cs(1.0)_ws(0.2)]_[p(5, 2)_cs(0.2)_ws(1.0)]",player_3af5c508_actions,player_3af5c508,['player_3af5c508'],,,
418,plate,pick up,Dispenser_71,Dispenser,71,pick up plate from dispenser,player_3af5c508,baseline_division_of_labor,ba0453bef6a07015,317.95121032337727,45.25483399593884,0.0,0.0,0.0,1.0,0.2,"(5, 2)","[p(2, 2)_cs(1.0)_ws(0.2)]_[p(5, 2)_cs(0.2)_ws(1.0)]",player_3af5c508_actions,,[],,,
452,plate,put down,Counter_34,Counter,34,put down plate on counter,player_3af5c508,baseline_division_of_labor,ba0453bef6a07015,378.86739722591574,60.91618690253847,0.0,0.0,0.0,1.0,0.2,"(5, 2)","[p(2, 2)_cs(1.0)_ws(0.2)]_[p(5, 2)_cs(0.2)_ws(1.0)]",player_3af5c508_actions,player_3af5c508,['player_3af5c508'],,,
468,plate,pick up,Dispenser_60,Dispenser,60,pick up plate from dispenser,player_bac97047,baseline_division_of_labor,ba0453bef6a07015,134.5145463953243,64.0,0.0,0.0,0.0,0.2,1.0,"(2, 2)","[p(2, 2)_cs(1.0)_ws(0.2)]_[p(5, 2)_cs(0.2)_ws(1.0)]",player_bac97047_actions,,[],,,
534,tomato_cut,pick up,CuttingBoard_20,CuttingBoard,20,pick up tomato_cut from cuttingboard,player_3af5c508,baseline_division_of_labor,ba0453bef6a07015,449.05771888752435,70.1903216616086,0.0,0.0,0.0,1.0,0.2,"(5, 2)","[p(2, 2)_cs(1.0)_ws(0.2)]_[p(5, 2)_cs(0.2)_ws(1.0)]",player_3af5c508_actions,player_bac97047,['player_bac97047'],,,True
553,tomato_cut,assemble salad,Counter_32,Counter,32,assemble salad,player_3af5c508,baseline_division_of_labor,ba0453bef6a07015,465.05771888752446,16.000000000000114,0.0,0.0,0.0,1.0,0.2,"(5, 2)","[p(2, 2)_cs(1.0)_ws(0.2)]_[p(5, 2)_cs(0.2)_ws(1.0)]",player_3af5c508_actions,player_3af5c508,['player_3af5c508'],"['player_bac97047', 'player_3af5c508']",['player_3af5c508'],False
568,tomato_salad,pick up,Counter_32,Counter,32,pick up tomato_salad from counter,player_3af5c508,baseline_division_of_labor,ba0453bef6a07015,465.05771888752446,0.0,0.0,0.0,0.0,1.0,0.2,"(5, 2)","[p(2, 2)_cs(1.0)_ws(0.2)]_[p(5, 2)_cs(0.2)_ws(1.0)]",player_3af5c508_actions,player_3af5c508,['player_3af5c508'],"['player_bac97047', 'player_3af5c508']",['player_3af5c508'],False
598,tomato_salad,deliver,Delivery_63,Delivery,63,deliver tomato_salad,player_3af5c508,baseline_division_of_labor,ba0453bef6a07015,510.31255288346335,45.254833995938895,1.0,1.0,1.0,1.0,0.2,"(5, 2)","[p(2, 2)_cs(1.0)_ws(0.2)]_[p(5, 2)_cs(0.2)_ws(1.0)]",player_3af5c508_actions,player_3af5c508,"['player_3af5c508', 'player_3af5c508']","['player_bac97047', 'player_3af5c508']",['player_3af5c508'],
661,plate,put down,Counter_01,Counter,1,put down plate on counter,player_bac97047,baseline_division_of_labor,ba0453bef6a07015,214.5145463953241,79.9999999999998,1.0,0.0,0.0,0.2,1.0,"(2, 2)","[p(2, 2)_cs(1.0)_ws(0.2)]_[p(5, 2)_cs(0.2)_ws(1.0)]",player_bac97047_actions,player_bac97047,['player_bac97047'],,,
760,tomato_cut,pick up,CuttingBoard_10,CuttingBoard,10,pick up tomato_cut from cuttingboard,player_3af5c508,baseline_division_of_labor,ba0453bef6a07015,587.4795294272598,77.16697654379641,1.0,0.0,1.0,1.0,0.2,"(5, 2)","[p(2, 2)_cs(1.0)_ws(0.2)]_[p(5, 2)_cs(0.2)_ws(1.0)]",player_3af5c508_actions,player_3af5c508,['player_3af5c508'],,,False
790,tomato_cut,assemble salad,Counter_33,Counter,33,assemble salad,player_3af5c508,baseline_division_of_labor,ba0453bef6a07015,625.8907892672858,38.41125984002599,1.0,0.0,1.0,1.0,0.2,"(5, 2)","[p(2, 2)_cs(1.0)_ws(0.2)]_[p(5, 2)_cs(0.2)_ws(1.0)]",player_3af5c508_actions,player_3af5c508,['player_3af5c508'],"['player_3af5c508', 'player_3af5c508']",['player_3af5c508'],False
803,tomato_salad,pick up,Counter_33,Counter,33,pick up tomato_salad from counter,player_3af5c508,baseline_division_of_labor,ba0453bef6a07015,625.8907892672858,0.0,1.0,0.0,1.0,1.0,0.2,"(5, 2)","[p(2, 2)_cs(1.0)_ws(0.2)]_[p(5, 2)_cs(0.2)_ws(1.0)]",player_3af5c508_actions,player_3af5c508,['player_3af5c508'],"['player_3af5c508', 'player_3af5c508']",['player_3af5c508'],False
852,tomato_salad,deliver,Delivery_63,Delivery,63,deliver tomato_salad,player_3af5c508,baseline_division_of_labor,ba0453bef6a07015,708.6642470580538,82.77345779076802,2.0,1.0,2.0,1.0,0.2,"(5, 2)","[p(2, 2)_cs(1.0)_ws(0.2)]_[p(5, 2)_cs(0.2)_ws(1.0)]",player_3af5c508_actions,player_3af5c508,"['player_3af5c508', 'player_3af5c508']","['player_3af5c508', 'player_3af5c508']",['player_3af5c508'],
880,tomato,pick up,Dispenser_40,Dispenser,40,pick up tomato from dispenser,player_3af5c508,baseline_division_of_labor,ba0453bef6a07015,747.07550689808,38.41125984002622,2.0,0.0,2.0,1.0,0.2,"(5, 2)","[p(2, 2)_cs(1.0)_ws(0.2)]_[p(5, 2)_cs(0.2)_ws(1.0)]",player_3af5c508_actions,,[],,,
886,plate,pick up,Dispenser_71,Dispenser,71,pick up plate from dispenser,player_bac97047,baseline_division_of_labor,ba0453bef6a07015,294.51454639532386,79.99999999999977,2.0,0.0,0.0,0.2,1.0,"(2, 2)","[p(2, 2)_cs(1.0)_ws(0.2)]_[p(5, 2)_cs(0.2)_ws(1.0)]",player_bac97047_actions,,[],,,
913,tomato,start cutting,CuttingBoard_10,CuttingBoard,10,start cutting tomato,player_3af5c508,baseline_division_of_labor,ba0453bef6a07015,795.0755068980804,48.000000000000455,2.0,0.0,2.0,1.0,0.2,"(5, 2)","[p(2, 2)_cs(1.0)_ws(0.2)]_[p(5, 2)_cs(0.2)_ws(1.0)]",player_3af5c508_actions,player_3af5c508,['player_3af5c508'],,,
942,tomato,pick up,Dispenser_40,Dispenser,40,pick up tomato from dispenser,player_3af5c508,baseline_division_of_labor,ba0453bef6a07015,843.0755068980809,48.000000000000455,2.0,0.0,2.0,1.0,0.2,"(5, 2)","[p(2, 2)_cs(1.0)_ws(0.2)]_[p(5, 2)_cs(0.2)_ws(1.0)]",player_3af5c508_actions,,[],,,
966,tomato,start cutting,CuttingBoard_20,CuttingBoard,20,start cutting tomato,player_3af5c508,baseline_division_of_labor,ba0453bef6a07015,875.0755068980811,32.00000000000023,2.0,0.0,2.0,1.0,0.2,"(5, 2)","[p(2, 2)_cs(1.0)_ws(0.2)]_[p(5, 2)_cs(0.2)_ws(1.0)]",player_3af5c508_actions,player_3af5c508,['player_3af5c508'],,,
1081,plate,put down,Counter_02,Counter,2,put down plate on counter,player_bac97047,baseline_division_of_labor,ba0453bef6a07015,381.049667738249,86.53512134292515,2.0,0.0,0.0,0.2,1.0,"(2, 2)","[p(2, 2)_cs(1.0)_ws(0.2)]_[p(5, 2)_cs(0.2)_ws(1.0)]",player_bac97047_actions,player_bac97047,['player_bac97047'],,,
1181,plate,pick up,Counter_01,Counter,1,pick up plate from counter,player_3af5c508,baseline_division_of_labor,ba0453bef6a07015,891.0755068980814,16.000000000000227,2.0,0.0,2.0,1.0,0.2,"(5, 2)","[p(2, 2)_cs(1.0)_ws(0.2)]_[p(5, 2)_cs(0.2)_ws(1.0)]",player_3af5c508_actions,player_bac97047,['player_bac97047'],,,True
1190,plate,put down,CuttingBoard_10,CuttingBoard,10,put down plate on cuttingboard,player_3af5c508,baseline_division_of_labor,ba0453bef6a07015,891.0755068980814,0.0,2.0,0.0,2.0,1.0,0.2,"(5, 2)","[p(2, 2)_cs(1.0)_ws(0.2)]_[p(5, 2)_cs(0.2)_ws(1.0)]",player_3af5c508_actions,player_3af5c508,"['player_bac97047', 'player_3af5c508']",,,
1190,tomato_cut,pick up,CuttingBoard_10,CuttingBoard,10,pick up tomato_cut from cuttingboard,player_3af5c508,baseline_division_of_labor,ba0453bef6a07015,891.0755068980814,0.0,2.0,0.0,2.0,1.0,0.2,"(5, 2)","[p(2, 2)_cs(1.0)_ws(0.2)]_[p(5, 2)_cs(0.2)_ws(1.0)]",player_3af5c508_actions,player_3af5c508,"['player_bac97047', 'player_3af5c508']",,,False
1248,tomato_cut,assemble salad,Counter_02,Counter,2,assemble salad,player_3af5c508,baseline_division_of_labor,ba0453bef6a07015,907.0755068980816,16.000000000000227,2.0,0.0,2.0,1.0,0.2,"(5, 2)","[p(2, 2)_cs(1.0)_ws(0.2)]_[p(5, 2)_cs(0.2)_ws(1.0)]",player_3af5c508_actions,player_bac97047,['player_3af5c508'],"['player_bac97047', 'player_3af5c508', 'player_3af5c508']",['player_bac97047'],True
1264,tomato_salad,pick up,Counter_02,Counter,2,pick up tomato_salad from counter,player_3af5c508,baseline_division_of_labor,ba0453bef6a07015,907.0755068980816,0.0,2.0,0.0,2.0,1.0,0.2,"(5, 2)","[p(2, 2)_cs(1.0)_ws(0.2)]_[p(5, 2)_cs(0.2)_ws(1.0)]",player_3af5c508_actions,player_3af5c508,['player_3af5c508'],"['player_bac97047', 'player_3af5c508', 'player_3af5c508']",['player_bac97047'],False
1270,plate,pick up,Dispenser_71,Dispenser,71,pick up plate from dispenser,player_bac97047,baseline_division_of_labor,ba0453bef6a07015,467.4682625910803,86.41859485283135,2.0,0.0,0.0,0.2,1.0,"(2, 2)","[p(2, 2)_cs(1.0)_ws(0.2)]_[p(5, 2)_cs(0.2)_ws(1.0)]",player_bac97047_actions,,[],,,
1315,tomato_salad,deliver,Delivery_63,Delivery,63,deliver tomato_salad,player_3af5c508,baseline_division_of_labor,ba0453bef6a07015,989.8598082945796,82.784301396498,3.0,1.0,3.0,1.0,0.2,"(5, 2)","[p(2, 2)_cs(1.0)_ws(0.2)]_[p(5, 2)_cs(0.2)_ws(1.0)]",player_3af5c508_actions,player_3af5c508,"['player_3af5c508', 'player_3af5c508']","['player_bac97047', 'player_3af5c508', 'player_3af5c508']",['player_bac97047'],
1376,plate,put down,Counter_32,Counter,32,put down plate on counter,player_bac97047,baseline_division_of_labor,ba0453bef6a07015,506.0033839340096,38.53512134292925,3.0,0.0,0.0,0.2,1.0,"(2, 2)","[p(2, 2)_cs(1.0)_ws(0.2)]_[p(5, 2)_cs(0.2)_ws(1.0)]",player_bac97047_actions,player_bac97047,['player_bac97047'],,,
1429,tomato,pick up,Dispenser_40,Dispenser,40,pick up tomato from dispenser,player_bac97047,baseline_division_of_labor,ba0453bef6a07015,522.003383934009,15.999999999999376,3.0,0.0,0.0,0.2,1.0,"(2, 2)","[p(2, 2)_cs(1.0)_ws(0.2)]_[p(5, 2)_cs(0.2)_ws(1.0)]",player_bac97047_actions,,[],,,
1544,tomato,start cutting,CuttingBoard_10,CuttingBoard,10,start cutting tomato,player_bac97047,baseline_division_of_labor,ba0453bef6a07015,570.0033839340069,47.999999999997954,3.0,0.0,0.0,0.2,1.0,"(2, 2)","[p(2, 2)_cs(1.0)_ws(0.2)]_[p(5, 2)_cs(0.2)_ws(1.0)]",player_bac97047_actions,player_bac97047,['player_bac97047'],,,
1552,tomato_cut,pick up,CuttingBoard_20,CuttingBoard,20,pick up tomato_cut from cuttingboard,player_3af5c508,baseline_division_of_labor,ba0453bef6a07015,1051.026842797247,61.16703450266709,3.0,0.0,3.0,1.0,0.2,"(5, 2)","[p(2, 2)_cs(1.0)_ws(0.2)]_[p(5, 2)_cs(0.2)_ws(1.0)]",player_3af5c508_actions,player_3af5c508,['player_3af5c508'],,,False
1572,tomato_cut,assemble salad,Counter_32,Counter,32,assemble salad,player_3af5c508,baseline_division_of_labor,ba0453bef6a07015,1067.0268427972462,15.999999999999543,3.0,0.0,3.0,1.0,0.2,"(5, 2)","[p(2, 2)_cs(1.0)_ws(0.2)]_[p(5, 2)_cs(0.2)_ws(1.0)]",player_3af5c508_actions,player_bac97047,['player_3af5c508'],"['player_3af5c508', 'player_3af5c508']",['player_bac97047'],True
1593,tomato_salad,pick up,Counter_32,Counter,32,pick up tomato_salad from counter,player_3af5c508,baseline_division_of_labor,ba0453bef6a07015,1067.0268427972462,0.0,3.0,0.0,3.0,1.0,0.2,"(5, 2)","[p(2, 2)_cs(1.0)_ws(0.2)]_[p(5, 2)_cs(0.2)_ws(1.0)]",player_3af5c508_actions,player_3af5c508,['player_3af5c508'],"['player_3af5c508', 'player_3af5c508']",['player_bac97047'],False
1622,tomato_salad,deliver,Delivery_63,Delivery,63,deliver tomato_salad,player_3af5c508,baseline_division_of_labor,ba0453bef6a07015,1112.2816767931845,45.25483399593804,4.0,1.0,4.0,1.0,0.2,"(5, 2)","[p(2, 2)_cs(1.0)_ws(0.2)]_[p(5, 2)_cs(0.2)_ws(1.0)]",player_3af5c508_actions,player_3af5c508,"['player_3af5c508', 'player_3af5c508']","['player_3af5c508', 'player_3af5c508']",['player_bac97047'],
1656,tomato,pick up,Dispenser_40,Dispenser,40,pick up tomato from dispenser,player_bac97047,baseline_division_of_labor,ba0453bef6a07015,618.0033839340049,47.999999999997954,4.0,0.0,0.0,0.2,1.0,"(2, 2)","[p(2, 2)_cs(1.0)_ws(0.2)]_[p(5, 2)_cs(0.2)_ws(1.0)]",player_bac97047_actions,,[],,,
1736,tomato,start cutting,CuttingBoard_20,CuttingBoard,20,start cutting tomato,player_bac97047,baseline_division_of_labor,ba0453bef6a07015,650.0033839340035,31.999999999998636,4.0,0.0,0.0,0.2,1.0,"(2, 2)","[p(2, 2)_cs(1.0)_ws(0.2)]_[p(5, 2)_cs(0.2)_ws(1.0)]",player_bac97047_actions,player_bac97047,['player_bac97047'],,,
1801,tomato_cut,pick up,CuttingBoard_10,CuttingBoard,10,pick up tomato_cut from cuttingboard,player_3af5c508,baseline_division_of_labor,ba0453bef6a07015,1189.448653336979,77.16697654379482,4.0,0.0,4.0,1.0,0.2,"(5, 2)","[p(2, 2)_cs(1.0)_ws(0.2)]_[p(5, 2)_cs(0.2)_ws(1.0)]",player_3af5c508_actions,player_bac97047,['player_bac97047'],,,True
1839,tomato_cut,assemble salad,Counter_34,Counter,34,assemble salad,player_3af5c508,baseline_division_of_labor,ba0453bef6a07015,1243.878410811251,54.42975747427158,4.0,0.0,4.0,1.0,0.2,"(5, 2)","[p(2, 2)_cs(1.0)_ws(0.2)]_[p(5, 2)_cs(0.2)_ws(1.0)]",player_3af5c508_actions,player_3af5c508,['player_3af5c508'],"['player_bac97047', 'player_3af5c508']",['player_3af5c508'],False
1851,tomato_salad,pick up,Counter_34,Counter,34,pick up tomato_salad from counter,player_3af5c508,baseline_division_of_labor,ba0453bef6a07015,1243.878410811251,0.0,4.0,0.0,4.0,1.0,0.2,"(5, 2)","[p(2, 2)_cs(1.0)_ws(0.2)]_[p(5, 2)_cs(0.2)_ws(1.0)]",player_3af5c508_actions,player_3af5c508,['player_3af5c508'],"['player_bac97047', 'player_3af5c508']",['player_3af5c508'],False
1881,plate,pick up,Dispenser_71,Dispenser,71,pick up plate from dispenser,player_bac97047,baseline_division_of_labor,ba0453bef6a07015,714.0033839340022,63.99999999999864,4.0,0.0,0.0,0.2,1.0,"(2, 2)","[p(2, 2)_cs(1.0)_ws(0.2)]_[p(5, 2)_cs(0.2)_ws(1.0)]",player_bac97047_actions,,[],,,
1897,tomato_salad,deliver,Delivery_64,Delivery,64,deliver tomato_salad,player_3af5c508,baseline_division_of_labor,ba0453bef6a07015,1326.6538503145955,82.77543950334484,5.0,1.0,5.0,1.0,0.2,"(5, 2)","[p(2, 2)_cs(1.0)_ws(0.2)]_[p(5, 2)_cs(0.2)_ws(1.0)]",player_3af5c508_actions,player_3af5c508,"['player_3af5c508', 'player_3af5c508']","['player_bac97047', 'player_3af5c508']",['player_3af5c508'],
2060,plate,put down,Counter_01,Counter,1,put down plate on counter,player_bac97047,baseline_division_of_labor,ba0453bef6a07015,794.0033839340001,79.99999999999795,5.0,0.0,0.0,0.2,1.0,"(2, 2)","[p(2, 2)_cs(1.0)_ws(0.2)]_[p(5, 2)_cs(0.2)_ws(1.0)]",player_bac97047_actions,player_bac97047,['player_bac97047'],,,
2075,tomato_cut,pick up,CuttingBoard_20,CuttingBoard,20,pick up tomato_cut from cuttingboard,player_3af5c508,baseline_division_of_labor,ba0453bef6a07015,1403.3235537137602,76.66970339916475,5.0,0.0,5.0,1.0,0.2,"(5, 2)","[p(2, 2)_cs(1.0)_ws(0.2)]_[p(5, 2)_cs(0.2)_ws(1.0)]",player_3af5c508_actions,player_bac97047,['player_bac97047'],,,True
2095,tomato_cut,assemble salad,Counter_01,Counter,1,assemble salad,player_3af5c508,baseline_division_of_labor,ba0453bef6a07015,1419.3235537137598,15.999999999999543,5.0,0.0,5.0,1.0,0.2,"(5, 2)","[p(2, 2)_cs(1.0)_ws(0.2)]_[p(5, 2)_cs(0.2)_ws(1.0)]",player_3af5c508_actions,player_bac97047,['player_3af5c508'],"['player_bac97047', 'player_3af5c508']",['player_bac97047'],True
2116,tomato_salad,pick up,Counter_01,Counter,1,pick up tomato_salad from counter,player_3af5c508,baseline_division_of_labor,ba0453bef6a07015,1419.3235537137598,0.0,5.0,0.0,5.0,1.0,0.2,"(5, 2)","[p(2, 2)_cs(1.0)_ws(0.2)]_[p(5, 2)_cs(0.2)_ws(1.0)]",player_3af5c508_actions,player_3af5c508,['player_3af5c508'],"['player_bac97047', 'player_3af5c508']",['player_bac97047'],False
2158,tomato_salad,deliver,Delivery_63,Delivery,63,deliver tomato_salad,player_3af5c508,baseline_division_of_labor,ba0453bef6a07015,1496.380716869878,77.05716315611835,6.0,1.0,6.0,1.0,0.2,"(5, 2)","[p(2, 2)_cs(1.0)_ws(0.2)]_[p(5, 2)_cs(0.2)_ws(1.0)]",player_3af5c508_actions,player_3af5c508,"['player_3af5c508', 'player_3af5c508']","['player_bac97047', 'player_3af5c508']",['player_bac97047'],
