{"agents": {"player_bac97047": {"initial_state": {"agent_id": "player_bac97047", "x": 40, "y": 40, "item": null, "url_params": {"gameType": ["tomatoSaladOnly"], "PROLIFIC_PID": ["614873a43b76bea1f97ee78f"], "map": ["baseline_division_of_labor"], "cutting_speed_p1": ["1"], "walking_speed_p1": ["0.2"], "cutting_speed_p2": ["0.2"], "walking_speed_p2": ["1"], "slot_x_p1": ["2"], "slot_y_p1": ["2"], "slot_x_p2": ["5"], "slot_y_p2": ["2"], "EIO": ["4"], "transport": ["polling"], "t": ["PZza5Xt"]}, "cut_speed": 1.0, "walk_speed": 6.0, "player_nr": 1}, "player_score": 0.0, "total_actions": 14, "first_action_tick": 193, "last_action_tick": 2060}, "player_3af5c508": {"initial_state": {"agent_id": "player_3af5c508", "x": 88, "y": 40, "item": null, "url_params": {"gameType": ["tomatoSaladOnly"], "PROLIFIC_PID": ["undefined"], "map": ["baseline_division_of_labor"], "cutting_speed_p1": ["1"], "walking_speed_p1": ["0.2"], "cutting_speed_p2": ["0.2"], "walking_speed_p2": ["1"], "slot_x_p1": ["2"], "slot_y_p1": ["2"], "slot_x_p2": ["5"], "slot_y_p2": ["2"], "EIO": ["4"], "transport": ["polling"], "t": ["PZzaHvN"]}, "cut_speed": 0.2, "walk_speed": 30.0, "player_nr": 2}, "player_score": 6.0, "total_actions": 38, "first_action_tick": 91, "last_action_tick": 2158}}, "map_name": "baseline_division_of_labor", "final_score": 6.0}