{"agents": {"player_e7c2c48b": {"initial_state": {"agent_id": "player_e7c2c48b", "x": 40, "y": 40, "item": null, "url_params": {"gameType": ["tomatoSaladOnly"], "PROLIFIC_PID": ["5755c957eb80c4000741a9ce"], "map": ["baseline_division_of_labor"], "cutting_speed_p1": ["1"], "walking_speed_p1": ["1"], "cutting_speed_p2": ["1"], "walking_speed_p2": ["1"], "slot_x_p1": ["2"], "slot_y_p1": ["2"], "slot_x_p2": ["5"], "slot_y_p2": ["2"], "EIO": ["4"], "transport": ["polling"], "t": ["PZKh_ui"]}, "cut_speed": 1.0, "walk_speed": 30.0, "player_nr": 1}, "player_score": 5.0, "total_actions": 57, "first_action_tick": 63, "last_action_tick": 2153}, "player_9e5c70b3": {"initial_state": {"agent_id": "player_9e5c70b3", "x": 88, "y": 40, "item": null, "url_params": {"gameType": ["tomatoSaladOnly"], "PROLIFIC_PID": ["undefined"], "map": ["baseline_division_of_labor"], "cutting_speed_p1": ["1"], "walking_speed_p1": ["1"], "cutting_speed_p2": ["1"], "walking_speed_p2": ["1"], "slot_x_p1": ["2"], "slot_y_p1": ["2"], "slot_x_p2": ["5"], "slot_y_p2": ["2"], "EIO": ["4"], "transport": ["polling"], "t": ["PZKi2-N"]}, "cut_speed": 1.0, "walk_speed": 30.0, "player_nr": 2}, "player_score": 3.0, "total_actions": 45, "first_action_tick": 247, "last_action_tick": 2144}}, "map_name": "baseline_division_of_labor", "final_score": 8.0}