tick,item,action,target,target_type,target_position,action_long,player_id,map_name,game_id,distance_walked,distance_walked_since_last_action,overall_score,player_score_change,player_score,walking_speed,cutting_speed,start_pos,condition
63,tomato,pick up,Dispenser_40,Dispenser,40,pick up tomato from dispenser,player_e7c2c48b,baseline_division_of_labor,6230a68d8496c36f,38.50692672489653,0.0,0.0,0.0,0.0,1.0,1.0,"(2, 2)","[p(2, 2)_cs(1.0)_ws(1.0)]_[p(5, 2)_cs(1.0)_ws(1.0)]"
109,tomato,put down,Counter_32,Counter,32,put down tomato on counter,player_e7c2c48b,baseline_division_of_labor,6230a68d8496c36f,77.13434372286606,38.62741699796953,0.0,0.0,0.0,1.0,1.0,"(2, 2)","[p(2, 2)_cs(1.0)_ws(1.0)]_[p(5, 2)_cs(1.0)_ws(1.0)]"
130,tomato,pick up,Dispenser_40,Dispenser,40,pick up tomato from dispenser,player_e7c2c48b,baseline_division_of_labor,6230a68d8496c36f,93.13434372286606,16.0,0.0,0.0,0.0,1.0,1.0,"(2, 2)","[p(2, 2)_cs(1.0)_ws(1.0)]_[p(5, 2)_cs(1.0)_ws(1.0)]"
153,tomato,put down,Counter_33,Counter,33,put down tomato on counter,player_e7c2c48b,baseline_division_of_labor,6230a68d8496c36f,125.13434372286606,32.0,0.0,0.0,0.0,1.0,1.0,"(2, 2)","[p(2, 2)_cs(1.0)_ws(1.0)]_[p(5, 2)_cs(1.0)_ws(1.0)]"
182,tomato,pick up,Counter_32,Counter,32,pick up tomato from counter,player_e7c2c48b,baseline_division_of_labor,6230a68d8496c36f,141.13434372286605,15.999999999999986,0.0,0.0,0.0,1.0,1.0,"(2, 2)","[p(2, 2)_cs(1.0)_ws(1.0)]_[p(5, 2)_cs(1.0)_ws(1.0)]"
217,tomato,start cutting,CuttingBoard_20,CuttingBoard,20,start cutting tomato,player_e7c2c48b,baseline_division_of_labor,6230a68d8496c36f,178.1971231282666,37.06277940540056,0.0,0.0,0.0,1.0,1.0,"(2, 2)","[p(2, 2)_cs(1.0)_ws(1.0)]_[p(5, 2)_cs(1.0)_ws(1.0)]"
281,tomato,pick up,Counter_33,Counter,33,pick up tomato from counter,player_e7c2c48b,baseline_division_of_labor,6230a68d8496c36f,210.1971231282666,32.0,0.0,0.0,0.0,1.0,1.0,"(2, 2)","[p(2, 2)_cs(1.0)_ws(1.0)]_[p(5, 2)_cs(1.0)_ws(1.0)]"
311,tomato,start cutting,CuttingBoard_10,CuttingBoard,10,start cutting tomato,player_e7c2c48b,baseline_division_of_labor,6230a68d8496c36f,248.60838296829263,38.41125984002602,0.0,0.0,0.0,1.0,1.0,"(2, 2)","[p(2, 2)_cs(1.0)_ws(1.0)]_[p(5, 2)_cs(1.0)_ws(1.0)]"
429,plate,pick up,Dispenser_60,Dispenser,60,pick up plate from dispenser,player_e7c2c48b,baseline_division_of_labor,6230a68d8496c36f,328.608382968293,80.00000000000034,0.0,0.0,0.0,1.0,1.0,"(2, 2)","[p(2, 2)_cs(1.0)_ws(1.0)]_[p(5, 2)_cs(1.0)_ws(1.0)]"
461,plate,put down,Counter_32,Counter,32,put down plate on counter,player_e7c2c48b,baseline_division_of_labor,6230a68d8496c36f,367.015445635058,38.407062666765,0.0,0.0,0.0,1.0,1.0,"(2, 2)","[p(2, 2)_cs(1.0)_ws(1.0)]_[p(5, 2)_cs(1.0)_ws(1.0)]"
491,plate,pick up,Dispenser_71,Dispenser,71,pick up plate from dispenser,player_e7c2c48b,baseline_division_of_labor,6230a68d8496c36f,405.422508301823,38.407062666765,0.0,0.0,0.0,1.0,1.0,"(2, 2)","[p(2, 2)_cs(1.0)_ws(1.0)]_[p(5, 2)_cs(1.0)_ws(1.0)]"
523,plate,put down,Counter_33,Counter,33,put down plate on counter,player_e7c2c48b,baseline_division_of_labor,6230a68d8496c36f,450.6773422977619,45.25483399593895,0.0,0.0,0.0,1.0,1.0,"(2, 2)","[p(2, 2)_cs(1.0)_ws(1.0)]_[p(5, 2)_cs(1.0)_ws(1.0)]"
553,plate,pick up,Dispenser_60,Dispenser,60,pick up plate from dispenser,player_e7c2c48b,baseline_division_of_labor,6230a68d8496c36f,495.93217629370076,45.25483399593884,0.0,0.0,0.0,1.0,1.0,"(2, 2)","[p(2, 2)_cs(1.0)_ws(1.0)]_[p(5, 2)_cs(1.0)_ws(1.0)]"
590,plate,put down,Counter_34,Counter,34,put down plate on counter,player_e7c2c48b,baseline_division_of_labor,6230a68d8496c36f,556.848363196239,60.91618690253824,0.0,0.0,0.0,1.0,1.0,"(2, 2)","[p(2, 2)_cs(1.0)_ws(1.0)]_[p(5, 2)_cs(1.0)_ws(1.0)]"
656,tomato_cut,pick up,Counter_01,Counter,01,pick up tomato_cut from counter,player_e7c2c48b,baseline_division_of_labor,6230a68d8496c36f,643.0386848578473,86.19032166160832,0.0,0.0,0.0,1.0,1.0,"(2, 2)","[p(2, 2)_cs(1.0)_ws(1.0)]_[p(5, 2)_cs(1.0)_ws(1.0)]"
686,tomato_cut,assemble salad,Counter_33,Counter,33,assemble salad,player_e7c2c48b,baseline_division_of_labor,6230a68d8496c36f,681.4499446978733,38.41125984002599,0.0,0.0,0.0,1.0,1.0,"(2, 2)","[p(2, 2)_cs(1.0)_ws(1.0)]_[p(5, 2)_cs(1.0)_ws(1.0)]"
706,tomato_cut,pick up,Counter_02,Counter,02,pick up tomato_cut from counter,player_e7c2c48b,baseline_division_of_labor,6230a68d8496c36f,704.077361695843,22.627416997969704,0.0,0.0,0.0,1.0,1.0,"(2, 2)","[p(2, 2)_cs(1.0)_ws(1.0)]_[p(5, 2)_cs(1.0)_ws(1.0)]"
725,tomato_cut,assemble salad,Counter_32,Counter,32,assemble salad,player_e7c2c48b,baseline_division_of_labor,6230a68d8496c36f,720.0773616958431,16.000000000000114,0.0,0.0,0.0,1.0,1.0,"(2, 2)","[p(2, 2)_cs(1.0)_ws(1.0)]_[p(5, 2)_cs(1.0)_ws(1.0)]"
822,tomato,pick up,Dispenser_40,Dispenser,40,pick up tomato from dispenser,player_e7c2c48b,baseline_division_of_labor,6230a68d8496c36f,790.7047786938133,70.62741699797016,0.0,0.0,0.0,1.0,1.0,"(2, 2)","[p(2, 2)_cs(1.0)_ws(1.0)]_[p(5, 2)_cs(1.0)_ws(1.0)]"
848,tomato,start cutting,CuttingBoard_20,CuttingBoard,20,start cutting tomato,player_e7c2c48b,baseline_division_of_labor,6230a68d8496c36f,822.7047786938135,32.00000000000023,0.0,0.0,0.0,1.0,1.0,"(2, 2)","[p(2, 2)_cs(1.0)_ws(1.0)]_[p(5, 2)_cs(1.0)_ws(1.0)]"
908,tomato_salad,pick up,Counter_32,Counter,32,pick up tomato_salad from counter,player_e7c2c48b,baseline_division_of_labor,6230a68d8496c36f,838.7047786938138,16.000000000000227,0.0,0.0,0.0,1.0,1.0,"(2, 2)","[p(2, 2)_cs(1.0)_ws(1.0)]_[p(5, 2)_cs(1.0)_ws(1.0)]"
943,tomato_salad,deliver,Delivery_63,Delivery,63,deliver tomato_salad,player_e7c2c48b,baseline_division_of_labor,6230a68d8496c36f,883.9596126897534,45.254833995939634,1.0,1.0,1.0,1.0,1.0,"(2, 2)","[p(2, 2)_cs(1.0)_ws(1.0)]_[p(5, 2)_cs(1.0)_ws(1.0)]"
977,plate,pick up,Dispenser_71,Dispenser,71,pick up plate from dispenser,player_e7c2c48b,baseline_division_of_labor,6230a68d8496c36f,922.3708725297796,38.41125984002622,1.0,0.0,1.0,1.0,1.0,"(2, 2)","[p(2, 2)_cs(1.0)_ws(1.0)]_[p(5, 2)_cs(1.0)_ws(1.0)]"
1009,plate,put down,Counter_33,Counter,33,put down plate on counter,player_e7c2c48b,baseline_division_of_labor,6230a68d8496c36f,967.6257065257192,45.254833995939634,2.0,0.0,1.0,1.0,1.0,"(2, 2)","[p(2, 2)_cs(1.0)_ws(1.0)]_[p(5, 2)_cs(1.0)_ws(1.0)]"
1034,tomato,pick up,Dispenser_40,Dispenser,40,pick up tomato from dispenser,player_e7c2c48b,baseline_division_of_labor,6230a68d8496c36f,999.6257065257196,32.00000000000034,2.0,0.0,1.0,1.0,1.0,"(2, 2)","[p(2, 2)_cs(1.0)_ws(1.0)]_[p(5, 2)_cs(1.0)_ws(1.0)]"
1068,tomato,put down,Counter_01,Counter,01,put down tomato on counter,player_e7c2c48b,baseline_division_of_labor,6230a68d8496c36f,1047.625706525719,47.99999999999932,2.0,0.0,1.0,1.0,1.0,"(2, 2)","[p(2, 2)_cs(1.0)_ws(1.0)]_[p(5, 2)_cs(1.0)_ws(1.0)]"
1079,tomato_cut,pick up,CuttingBoard_10,CuttingBoard,10,pick up tomato_cut from cuttingboard,player_e7c2c48b,baseline_division_of_labor,6230a68d8496c36f,1047.625706525719,0.0,2.0,0.0,1.0,1.0,1.0,"(2, 2)","[p(2, 2)_cs(1.0)_ws(1.0)]_[p(5, 2)_cs(1.0)_ws(1.0)]"
1109,tomato_cut,assemble salad,Counter_34,Counter,34,assemble salad,player_e7c2c48b,baseline_division_of_labor,6230a68d8496c36f,1102.0554639999905,54.42975747427158,2.0,0.0,1.0,1.0,1.0,"(2, 2)","[p(2, 2)_cs(1.0)_ws(1.0)]_[p(5, 2)_cs(1.0)_ws(1.0)]"
1143,tomato_cut,pick up,CuttingBoard_20,CuttingBoard,20,pick up tomato_cut from cuttingboard,player_e7c2c48b,baseline_division_of_labor,6230a68d8496c36f,1150.055463999989,47.99999999999841,2.0,0.0,1.0,1.0,1.0,"(2, 2)","[p(2, 2)_cs(1.0)_ws(1.0)]_[p(5, 2)_cs(1.0)_ws(1.0)]"
1166,tomato_cut,assemble salad,Counter_33,Counter,33,assemble salad,player_e7c2c48b,baseline_division_of_labor,6230a68d8496c36f,1182.0554639999878,31.999999999998863,2.0,0.0,1.0,1.0,1.0,"(2, 2)","[p(2, 2)_cs(1.0)_ws(1.0)]_[p(5, 2)_cs(1.0)_ws(1.0)]"
1226,tomato_salad,pick up,Counter_33,Counter,33,pick up tomato_salad from counter,player_e7c2c48b,baseline_division_of_labor,6230a68d8496c36f,1182.0554639999878,0.0,2.0,0.0,1.0,1.0,1.0,"(2, 2)","[p(2, 2)_cs(1.0)_ws(1.0)]_[p(5, 2)_cs(1.0)_ws(1.0)]"
1277,tomato_salad,deliver,Delivery_63,Delivery,63,deliver tomato_salad,player_e7c2c48b,baseline_division_of_labor,6230a68d8496c36f,1264.8289217907543,82.77345779076654,3.0,1.0,2.0,1.0,1.0,"(2, 2)","[p(2, 2)_cs(1.0)_ws(1.0)]_[p(5, 2)_cs(1.0)_ws(1.0)]"
1303,tomato_salad,pick up,Counter_34,Counter,34,pick up tomato_salad from counter,player_e7c2c48b,baseline_division_of_labor,6230a68d8496c36f,1287.4563387887233,22.62741699796902,3.0,0.0,2.0,1.0,1.0,"(2, 2)","[p(2, 2)_cs(1.0)_ws(1.0)]_[p(5, 2)_cs(1.0)_ws(1.0)]"
1324,tomato_salad,deliver,Delivery_63,Delivery,63,deliver tomato_salad,player_e7c2c48b,baseline_division_of_labor,6230a68d8496c36f,1310.0837557866923,22.62741699796902,4.0,1.0,3.0,1.0,1.0,"(2, 2)","[p(2, 2)_cs(1.0)_ws(1.0)]_[p(5, 2)_cs(1.0)_ws(1.0)]"
1355,plate,pick up,Dispenser_71,Dispenser,71,pick up plate from dispenser,player_e7c2c48b,baseline_division_of_labor,6230a68d8496c36f,1348.495015626718,38.41125984002565,4.0,0.0,3.0,1.0,1.0,"(2, 2)","[p(2, 2)_cs(1.0)_ws(1.0)]_[p(5, 2)_cs(1.0)_ws(1.0)]"
1387,plate,put down,Counter_33,Counter,33,put down plate on counter,player_e7c2c48b,baseline_division_of_labor,6230a68d8496c36f,1393.7498496226558,45.254833995937815,4.0,0.0,3.0,1.0,1.0,"(2, 2)","[p(2, 2)_cs(1.0)_ws(1.0)]_[p(5, 2)_cs(1.0)_ws(1.0)]"
1412,tomato,pick up,Dispenser_40,Dispenser,40,pick up tomato from dispenser,player_e7c2c48b,baseline_division_of_labor,6230a68d8496c36f,1425.749849622655,31.99999999999909,4.0,0.0,3.0,1.0,1.0,"(2, 2)","[p(2, 2)_cs(1.0)_ws(1.0)]_[p(5, 2)_cs(1.0)_ws(1.0)]"
1442,tomato,start cutting,CuttingBoard_20,CuttingBoard,20,start cutting tomato,player_e7c2c48b,baseline_division_of_labor,6230a68d8496c36f,1457.749849622654,31.99999999999909,4.0,0.0,3.0,1.0,1.0,"(2, 2)","[p(2, 2)_cs(1.0)_ws(1.0)]_[p(5, 2)_cs(1.0)_ws(1.0)]"
1496,tomato_cut,pick up,CuttingBoard_20,CuttingBoard,20,pick up tomato_cut from cuttingboard,player_e7c2c48b,baseline_division_of_labor,6230a68d8496c36f,1457.749849622654,0.0,4.0,0.0,3.0,1.0,1.0,"(2, 2)","[p(2, 2)_cs(1.0)_ws(1.0)]_[p(5, 2)_cs(1.0)_ws(1.0)]"
1517,tomato_cut,assemble salad,Counter_32,Counter,32,assemble salad,player_e7c2c48b,baseline_division_of_labor,6230a68d8496c36f,1473.7498496226535,15.999999999999545,4.0,0.0,3.0,1.0,1.0,"(2, 2)","[p(2, 2)_cs(1.0)_ws(1.0)]_[p(5, 2)_cs(1.0)_ws(1.0)]"
1541,tomato,pick up,Dispenser_40,Dispenser,40,pick up tomato from dispenser,player_e7c2c48b,baseline_division_of_labor,6230a68d8496c36f,1489.7498496226533,15.999999999999773,4.0,0.0,3.0,1.0,1.0,"(2, 2)","[p(2, 2)_cs(1.0)_ws(1.0)]_[p(5, 2)_cs(1.0)_ws(1.0)]"
1571,tomato,start cutting,CuttingBoard_20,CuttingBoard,20,start cutting tomato,player_e7c2c48b,baseline_division_of_labor,6230a68d8496c36f,1521.7498496226526,31.999999999999318,4.0,0.0,3.0,1.0,1.0,"(2, 2)","[p(2, 2)_cs(1.0)_ws(1.0)]_[p(5, 2)_cs(1.0)_ws(1.0)]"
1631,tomato,pick up,Counter_01,Counter,01,pick up tomato from counter,player_e7c2c48b,baseline_division_of_labor,6230a68d8496c36f,1537.7498496226522,15.999999999999545,4.0,0.0,3.0,1.0,1.0,"(2, 2)","[p(2, 2)_cs(1.0)_ws(1.0)]_[p(5, 2)_cs(1.0)_ws(1.0)]"
1646,tomato,start cutting,CuttingBoard_10,CuttingBoard,10,start cutting tomato,player_e7c2c48b,baseline_division_of_labor,6230a68d8496c36f,1537.7498496226522,0.0,4.0,0.0,3.0,1.0,1.0,"(2, 2)","[p(2, 2)_cs(1.0)_ws(1.0)]_[p(5, 2)_cs(1.0)_ws(1.0)]"
1697,tomato_cut,pick up,CuttingBoard_10,CuttingBoard,10,pick up tomato_cut from cuttingboard,player_e7c2c48b,baseline_division_of_labor,6230a68d8496c36f,1537.7498496226522,0.0,5.0,0.0,3.0,1.0,1.0,"(2, 2)","[p(2, 2)_cs(1.0)_ws(1.0)]_[p(5, 2)_cs(1.0)_ws(1.0)]"
1724,tomato_cut,put down,Counter_33,Counter,33,put down tomato_cut on counter,player_e7c2c48b,baseline_division_of_labor,6230a68d8496c36f,1576.1611094626783,38.411259840026105,5.0,0.0,3.0,1.0,1.0,"(2, 2)","[p(2, 2)_cs(1.0)_ws(1.0)]_[p(5, 2)_cs(1.0)_ws(1.0)]"
1724,tomato_salad,pick up,Counter_33,Counter,33,pick up tomato_salad from counter,player_e7c2c48b,baseline_division_of_labor,6230a68d8496c36f,1576.1611094626783,0.0,5.0,0.0,3.0,1.0,1.0,"(2, 2)","[p(2, 2)_cs(1.0)_ws(1.0)]_[p(5, 2)_cs(1.0)_ws(1.0)]"
1805,tomato_salad,deliver,Delivery_63,Delivery,63,deliver tomato_salad,player_e7c2c48b,baseline_division_of_labor,6230a68d8496c36f,1658.9345672534448,82.77345779076654,6.0,1.0,4.0,1.0,1.0,"(2, 2)","[p(2, 2)_cs(1.0)_ws(1.0)]_[p(5, 2)_cs(1.0)_ws(1.0)]"
1835,plate,pick up,Dispenser_71,Dispenser,71,pick up plate from dispenser,player_e7c2c48b,baseline_division_of_labor,6230a68d8496c36f,1697.3458270934705,38.41125984002565,6.0,0.0,4.0,1.0,1.0,"(2, 2)","[p(2, 2)_cs(1.0)_ws(1.0)]_[p(5, 2)_cs(1.0)_ws(1.0)]"
1864,plate,put down,Counter_33,Counter,33,put down plate on counter,player_e7c2c48b,baseline_division_of_labor,6230a68d8496c36f,1742.6006610894083,45.254833995937815,6.0,0.0,4.0,1.0,1.0,"(2, 2)","[p(2, 2)_cs(1.0)_ws(1.0)]_[p(5, 2)_cs(1.0)_ws(1.0)]"
1894,plate,pick up,Dispenser_71,Dispenser,71,pick up plate from dispenser,player_e7c2c48b,baseline_division_of_labor,6230a68d8496c36f,1787.855495085346,45.254833995937815,6.0,0.0,4.0,1.0,1.0,"(2, 2)","[p(2, 2)_cs(1.0)_ws(1.0)]_[p(5, 2)_cs(1.0)_ws(1.0)]"
1931,plate,put down,Counter_34,Counter,34,put down plate on counter,player_e7c2c48b,baseline_division_of_labor,6230a68d8496c36f,1848.7716819878829,60.916186902536765,6.0,0.0,4.0,1.0,1.0,"(2, 2)","[p(2, 2)_cs(1.0)_ws(1.0)]_[p(5, 2)_cs(1.0)_ws(1.0)]"
1995,tomato_cut,pick up,CuttingBoard_20,CuttingBoard,20,pick up tomato_cut from cuttingboard,player_e7c2c48b,baseline_division_of_labor,6230a68d8496c36f,1918.9620036494903,70.19032166160741,6.0,0.0,4.0,1.0,1.0,"(2, 2)","[p(2, 2)_cs(1.0)_ws(1.0)]_[p(5, 2)_cs(1.0)_ws(1.0)]"
2046,tomato_cut,assemble salad,Counter_34,Counter,34,assemble salad,player_e7c2c48b,baseline_division_of_labor,6230a68d8496c36f,1966.9620036494885,47.99999999999818,6.0,0.0,4.0,1.0,1.0,"(2, 2)","[p(2, 2)_cs(1.0)_ws(1.0)]_[p(5, 2)_cs(1.0)_ws(1.0)]"
2063,tomato_salad,pick up,Counter_34,Counter,34,pick up tomato_salad from counter,player_e7c2c48b,baseline_division_of_labor,6230a68d8496c36f,1966.9620036494885,0.0,6.0,0.0,4.0,1.0,1.0,"(2, 2)","[p(2, 2)_cs(1.0)_ws(1.0)]_[p(5, 2)_cs(1.0)_ws(1.0)]"
2111,tomato_salad,deliver,Delivery_64,Delivery,64,deliver tomato_salad,player_e7c2c48b,baseline_division_of_labor,6230a68d8496c36f,2049.737443152833,82.77543950334439,8.0,1.0,5.0,1.0,1.0,"(2, 2)","[p(2, 2)_cs(1.0)_ws(1.0)]_[p(5, 2)_cs(1.0)_ws(1.0)]"
2153,plate,pick up,Dispenser_71,Dispenser,71,pick up plate from dispenser,player_e7c2c48b,baseline_division_of_labor,6230a68d8496c36f,2104.156814796082,54.41937164324918,8.0,0.0,5.0,1.0,1.0,"(2, 2)","[p(2, 2)_cs(1.0)_ws(1.0)]_[p(5, 2)_cs(1.0)_ws(1.0)]"
