{"agents": {"player_927e6a53": {"initial_state": {"agent_id": "player_927e6a53", "x": 40, "y": 40, "item": null, "url_params": {"gameType": ["tomatoSaladOnly"], "PROLIFIC_PID": ["6175b1093263d977d5f71863"], "map": ["baseline_division_of_labor"], "cutting_speed_p1": ["1"], "walking_speed_p1": ["0.5"], "cutting_speed_p2": ["0.5"], "walking_speed_p2": ["1"], "slot_x_p1": ["2"], "slot_y_p1": ["2"], "slot_x_p2": ["5"], "slot_y_p2": ["2"], "EIO": ["4"], "transport": ["polling"], "t": ["PZytTZP"]}, "cut_speed": 1.0, "walk_speed": 15.0, "player_nr": 1}, "player_score": 2.0, "total_actions": 31, "first_action_tick": 139, "last_action_tick": 2131}, "player_25efd0b1": {"initial_state": {"agent_id": "player_25efd0b1", "x": 88, "y": 40, "item": null, "url_params": {"gameType": ["tomatoSaladOnly"], "PROLIFIC_PID": ["673b1c300a415ab6d503a61d"], "map": ["baseline_division_of_labor"], "cutting_speed_p1": ["1"], "walking_speed_p1": ["0.5"], "cutting_speed_p2": ["0.5"], "walking_speed_p2": ["1"], "slot_x_p1": ["2"], "slot_y_p1": ["2"], "slot_x_p2": ["5"], "slot_y_p2": ["2"], "EIO": ["4"], "transport": ["polling"], "t": ["PZytYuJ"]}, "cut_speed": 0.5, "walk_speed": 30.0, "player_nr": 2}, "player_score": 5.0, "total_actions": 50, "first_action_tick": 62, "last_action_tick": 2112}}, "map_name": "baseline_division_of_labor", "final_score": 7.0}