tick,item,action,target,target_type,target_position,action_long,player_id,map_name,game_id,distance_walked,distance_walked_since_last_action,overall_score,player_score_change,player_score,walking_speed,cutting_speed,start_pos,condition
62,tomato,pick up,Dispenser_50,Dispenser,50,pick up tomato from dispenser,player_25efd0b1,baseline_division_of_labor,5facf8e8f4e0ffb0,16.0,0.0,0.0,0.0,0.0,1.0,0.5,"(5, 2)","[p(2, 2)_cs(1.0)_ws(0.5)]_[p(5, 2)_cs(0.5)_ws(1.0)]"
107,tomato,start cutting,CuttingBoard_20,CuttingBoard,20,start cutting tomato,player_25efd0b1,baseline_division_of_labor,5facf8e8f4e0ffb0,64.0,48.0,0.0,0.0,0.0,1.0,0.5,"(5, 2)","[p(2, 2)_cs(1.0)_ws(0.5)]_[p(5, 2)_cs(0.5)_ws(1.0)]"
220,plate,pick up,Dispenser_60,Dispenser,60,pick up plate from dispenser,player_25efd0b1,baseline_division_of_labor,5facf8e8f4e0ffb0,128.0,64.0,0.0,0.0,0.0,1.0,0.5,"(5, 2)","[p(2, 2)_cs(1.0)_ws(0.5)]_[p(5, 2)_cs(0.5)_ws(1.0)]"
266,plate,put down,Counter_33,Counter,33,put down plate on counter,player_25efd0b1,baseline_division_of_labor,5facf8e8f4e0ffb0,173.25483399593912,45.25483399593912,0.0,0.0,0.0,1.0,0.5,"(5, 2)","[p(2, 2)_cs(1.0)_ws(0.5)]_[p(5, 2)_cs(0.5)_ws(1.0)]"
317,tomato_cut,pick up,CuttingBoard_20,CuttingBoard,20,pick up tomato_cut from cuttingboard,player_25efd0b1,baseline_division_of_labor,5facf8e8f4e0ffb0,227.423220824572,54.16838682863289,0.0,0.0,0.0,1.0,0.5,"(5, 2)","[p(2, 2)_cs(1.0)_ws(0.5)]_[p(5, 2)_cs(0.5)_ws(1.0)]"
348,tomato_cut,assemble salad,Counter_33,Counter,33,assemble salad,player_25efd0b1,baseline_division_of_labor,5facf8e8f4e0ffb0,259.423220824572,32.0,0.0,0.0,0.0,1.0,0.5,"(5, 2)","[p(2, 2)_cs(1.0)_ws(0.5)]_[p(5, 2)_cs(0.5)_ws(1.0)]"
369,tomato_salad,pick up,Counter_33,Counter,33,pick up tomato_salad from counter,player_25efd0b1,baseline_division_of_labor,5facf8e8f4e0ffb0,259.423220824572,0.0,0.0,0.0,0.0,1.0,0.5,"(5, 2)","[p(2, 2)_cs(1.0)_ws(0.5)]_[p(5, 2)_cs(0.5)_ws(1.0)]"
417,tomato_salad,deliver,Delivery_63,Delivery,63,deliver tomato_salad,player_25efd0b1,baseline_division_of_labor,5facf8e8f4e0ffb0,342.19667861534003,82.77345779076802,1.0,1.0,1.0,1.0,0.5,"(5, 2)","[p(2, 2)_cs(1.0)_ws(0.5)]_[p(5, 2)_cs(0.5)_ws(1.0)]"
449,tomato,pick up,Dispenser_40,Dispenser,40,pick up tomato from dispenser,player_25efd0b1,baseline_division_of_labor,5facf8e8f4e0ffb0,380.6079384553662,38.41125984002616,1.0,0.0,1.0,1.0,0.5,"(5, 2)","[p(2, 2)_cs(1.0)_ws(0.5)]_[p(5, 2)_cs(0.5)_ws(1.0)]"
476,tomato,start cutting,CuttingBoard_20,CuttingBoard,20,start cutting tomato,player_25efd0b1,baseline_division_of_labor,5facf8e8f4e0ffb0,412.60793845536637,32.00000000000017,1.0,0.0,1.0,1.0,0.5,"(5, 2)","[p(2, 2)_cs(1.0)_ws(0.5)]_[p(5, 2)_cs(0.5)_ws(1.0)]"
585,plate,pick up,Dispenser_60,Dispenser,60,pick up plate from dispenser,player_25efd0b1,baseline_division_of_labor,5facf8e8f4e0ffb0,476.6079384553666,64.00000000000023,1.0,0.0,1.0,1.0,0.5,"(5, 2)","[p(2, 2)_cs(1.0)_ws(0.5)]_[p(5, 2)_cs(0.5)_ws(1.0)]"
620,plate,put down,Counter_33,Counter,33,put down plate on counter,player_25efd0b1,baseline_division_of_labor,5facf8e8f4e0ffb0,521.8627724513057,45.254833995939066,1.0,0.0,1.0,1.0,0.5,"(5, 2)","[p(2, 2)_cs(1.0)_ws(0.5)]_[p(5, 2)_cs(0.5)_ws(1.0)]"
656,tomato_cut,pick up,CuttingBoard_20,CuttingBoard,20,pick up tomato_cut from cuttingboard,player_25efd0b1,baseline_division_of_labor,5facf8e8f4e0ffb0,576.0311592799388,54.168386828633174,1.0,0.0,1.0,1.0,0.5,"(5, 2)","[p(2, 2)_cs(1.0)_ws(0.5)]_[p(5, 2)_cs(0.5)_ws(1.0)]"
681,tomato_cut,assemble salad,Counter_33,Counter,33,assemble salad,player_25efd0b1,baseline_division_of_labor,5facf8e8f4e0ffb0,608.0311592799392,32.00000000000034,1.0,0.0,1.0,1.0,0.5,"(5, 2)","[p(2, 2)_cs(1.0)_ws(0.5)]_[p(5, 2)_cs(0.5)_ws(1.0)]"
690,tomato_salad,pick up,Counter_33,Counter,33,pick up tomato_salad from counter,player_25efd0b1,baseline_division_of_labor,5facf8e8f4e0ffb0,608.0311592799392,0.0,1.0,0.0,1.0,1.0,0.5,"(5, 2)","[p(2, 2)_cs(1.0)_ws(0.5)]_[p(5, 2)_cs(0.5)_ws(1.0)]"
735,tomato_salad,deliver,Delivery_63,Delivery,63,deliver tomato_salad,player_25efd0b1,baseline_division_of_labor,5facf8e8f4e0ffb0,690.8046170707072,82.77345779076802,2.0,1.0,2.0,1.0,0.5,"(5, 2)","[p(2, 2)_cs(1.0)_ws(0.5)]_[p(5, 2)_cs(0.5)_ws(1.0)]"
773,tomato,pick up,Dispenser_40,Dispenser,40,pick up tomato from dispenser,player_25efd0b1,baseline_division_of_labor,5facf8e8f4e0ffb0,729.2158769107334,38.41125984002622,3.0,0.0,2.0,1.0,0.5,"(5, 2)","[p(2, 2)_cs(1.0)_ws(0.5)]_[p(5, 2)_cs(0.5)_ws(1.0)]"
795,tomato,start cutting,CuttingBoard_20,CuttingBoard,20,start cutting tomato,player_25efd0b1,baseline_division_of_labor,5facf8e8f4e0ffb0,761.2158769107336,32.00000000000023,3.0,0.0,2.0,1.0,0.5,"(5, 2)","[p(2, 2)_cs(1.0)_ws(0.5)]_[p(5, 2)_cs(0.5)_ws(1.0)]"
907,plate,pick up,Dispenser_60,Dispenser,60,pick up plate from dispenser,player_25efd0b1,baseline_division_of_labor,5facf8e8f4e0ffb0,825.2158769107339,64.00000000000023,3.0,0.0,2.0,1.0,0.5,"(5, 2)","[p(2, 2)_cs(1.0)_ws(0.5)]_[p(5, 2)_cs(0.5)_ws(1.0)]"
937,plate,put down,Counter_33,Counter,33,put down plate on counter,player_25efd0b1,baseline_division_of_labor,5facf8e8f4e0ffb0,870.4707109066735,45.254833995939634,3.0,0.0,2.0,1.0,0.5,"(5, 2)","[p(2, 2)_cs(1.0)_ws(0.5)]_[p(5, 2)_cs(0.5)_ws(1.0)]"
975,tomato_cut,pick up,CuttingBoard_20,CuttingBoard,20,pick up tomato_cut from cuttingboard,player_25efd0b1,baseline_division_of_labor,5facf8e8f4e0ffb0,924.6390977353067,54.168386828633174,3.0,0.0,2.0,1.0,0.5,"(5, 2)","[p(2, 2)_cs(1.0)_ws(0.5)]_[p(5, 2)_cs(0.5)_ws(1.0)]"
1003,tomato_cut,assemble salad,Counter_33,Counter,33,assemble salad,player_25efd0b1,baseline_division_of_labor,5facf8e8f4e0ffb0,956.639097735307,32.00000000000034,3.0,0.0,2.0,1.0,0.5,"(5, 2)","[p(2, 2)_cs(1.0)_ws(0.5)]_[p(5, 2)_cs(0.5)_ws(1.0)]"
1026,tomato_salad,pick up,Counter_33,Counter,33,pick up tomato_salad from counter,player_25efd0b1,baseline_division_of_labor,5facf8e8f4e0ffb0,956.639097735307,0.0,3.0,0.0,2.0,1.0,0.5,"(5, 2)","[p(2, 2)_cs(1.0)_ws(0.5)]_[p(5, 2)_cs(0.5)_ws(1.0)]"
1074,tomato_salad,deliver,Delivery_63,Delivery,63,deliver tomato_salad,player_25efd0b1,baseline_division_of_labor,5facf8e8f4e0ffb0,1039.4125555260748,82.7734577907678,4.0,1.0,3.0,1.0,0.5,"(5, 2)","[p(2, 2)_cs(1.0)_ws(0.5)]_[p(5, 2)_cs(0.5)_ws(1.0)]"
1118,tomato,pick up,Counter_32,Counter,32,pick up tomato from counter,player_25efd0b1,baseline_division_of_labor,5facf8e8f4e0ffb0,1062.0399725240438,22.62741699796902,4.0,0.0,3.0,1.0,0.5,"(5, 2)","[p(2, 2)_cs(1.0)_ws(0.5)]_[p(5, 2)_cs(0.5)_ws(1.0)]"
1145,tomato,start cutting,CuttingBoard_20,CuttingBoard,20,start cutting tomato,player_25efd0b1,baseline_division_of_labor,5facf8e8f4e0ffb0,1100.5468992489396,38.50692672489572,4.0,0.0,3.0,1.0,0.5,"(5, 2)","[p(2, 2)_cs(1.0)_ws(0.5)]_[p(5, 2)_cs(0.5)_ws(1.0)]"
1254,plate,pick up,Dispenser_60,Dispenser,60,pick up plate from dispenser,player_25efd0b1,baseline_division_of_labor,5facf8e8f4e0ffb0,1164.5468992489373,63.999999999997726,5.0,0.0,3.0,1.0,0.5,"(5, 2)","[p(2, 2)_cs(1.0)_ws(0.5)]_[p(5, 2)_cs(0.5)_ws(1.0)]"
1279,plate,put down,Counter_32,Counter,32,put down plate on counter,player_25efd0b1,baseline_division_of_labor,5facf8e8f4e0ffb0,1202.9539619157013,38.40706266676398,5.0,0.0,3.0,1.0,0.5,"(5, 2)","[p(2, 2)_cs(1.0)_ws(0.5)]_[p(5, 2)_cs(0.5)_ws(1.0)]"
1308,plate,pick up,Dispenser_60,Dispenser,60,pick up plate from dispenser,player_25efd0b1,baseline_division_of_labor,5facf8e8f4e0ffb0,1241.361024582465,38.40706266676375,5.0,0.0,3.0,1.0,0.5,"(5, 2)","[p(2, 2)_cs(1.0)_ws(0.5)]_[p(5, 2)_cs(0.5)_ws(1.0)]"
1335,plate,put down,Counter_33,Counter,33,put down plate on counter,player_25efd0b1,baseline_division_of_labor,5facf8e8f4e0ffb0,1286.6158585784028,45.254833995937815,5.0,0.0,3.0,1.0,0.5,"(5, 2)","[p(2, 2)_cs(1.0)_ws(0.5)]_[p(5, 2)_cs(0.5)_ws(1.0)]"
1383,plate,pick up,Dispenser_71,Dispenser,71,pick up plate from dispenser,player_25efd0b1,baseline_division_of_labor,5facf8e8f4e0ffb0,1331.8706925743406,45.254833995937815,5.0,0.0,3.0,1.0,0.5,"(5, 2)","[p(2, 2)_cs(1.0)_ws(0.5)]_[p(5, 2)_cs(0.5)_ws(1.0)]"
1419,plate,put down,Counter_34,Counter,34,put down plate on counter,player_25efd0b1,baseline_division_of_labor,5facf8e8f4e0ffb0,1392.7868794768774,60.916186902536765,5.0,0.0,3.0,1.0,0.5,"(5, 2)","[p(2, 2)_cs(1.0)_ws(0.5)]_[p(5, 2)_cs(0.5)_ws(1.0)]"
1458,plate,pick up,Dispenser_71,Dispenser,71,pick up plate from dispenser,player_25efd0b1,baseline_division_of_labor,5facf8e8f4e0ffb0,1453.7030663794142,60.916186902536765,5.0,0.0,3.0,1.0,0.5,"(5, 2)","[p(2, 2)_cs(1.0)_ws(0.5)]_[p(5, 2)_cs(0.5)_ws(1.0)]"
1498,plate,put down,Counter_35,Counter,35,put down plate on counter,player_25efd0b1,baseline_division_of_labor,5facf8e8f4e0ffb0,1530.6371708099828,76.9341044305686,5.0,0.0,3.0,1.0,0.5,"(5, 2)","[p(2, 2)_cs(1.0)_ws(0.5)]_[p(5, 2)_cs(0.5)_ws(1.0)]"
1553,tomato_cut,pick up,CuttingBoard_20,CuttingBoard,20,pick up tomato_cut from cuttingboard,player_25efd0b1,baseline_division_of_labor,5facf8e8f4e0ffb0,1616.9726833357802,86.33551252579741,5.0,0.0,3.0,1.0,0.5,"(5, 2)","[p(2, 2)_cs(1.0)_ws(0.5)]_[p(5, 2)_cs(0.5)_ws(1.0)]"
1574,tomato_cut,assemble salad,Counter_32,Counter,32,assemble salad,player_25efd0b1,baseline_division_of_labor,5facf8e8f4e0ffb0,1632.9726833357797,15.999999999999545,5.0,0.0,3.0,1.0,0.5,"(5, 2)","[p(2, 2)_cs(1.0)_ws(0.5)]_[p(5, 2)_cs(0.5)_ws(1.0)]"
1591,tomato,pick up,Dispenser_40,Dispenser,40,pick up tomato from dispenser,player_25efd0b1,baseline_division_of_labor,5facf8e8f4e0ffb0,1648.9726833357793,15.999999999999545,5.0,0.0,3.0,1.0,0.5,"(5, 2)","[p(2, 2)_cs(1.0)_ws(0.5)]_[p(5, 2)_cs(0.5)_ws(1.0)]"
1617,tomato,start cutting,CuttingBoard_20,CuttingBoard,20,start cutting tomato,player_25efd0b1,baseline_division_of_labor,5facf8e8f4e0ffb0,1680.9726833357786,31.999999999999318,5.0,0.0,3.0,1.0,0.5,"(5, 2)","[p(2, 2)_cs(1.0)_ws(0.5)]_[p(5, 2)_cs(0.5)_ws(1.0)]"
1714,tomato_cut,pick up,CuttingBoard_20,CuttingBoard,20,pick up tomato_cut from cuttingboard,player_25efd0b1,baseline_division_of_labor,5facf8e8f4e0ffb0,1680.9726833357786,0.0,5.0,0.0,3.0,1.0,0.5,"(5, 2)","[p(2, 2)_cs(1.0)_ws(0.5)]_[p(5, 2)_cs(0.5)_ws(1.0)]"
1745,tomato_cut,assemble salad,Counter_33,Counter,33,assemble salad,player_25efd0b1,baseline_division_of_labor,5facf8e8f4e0ffb0,1712.9726833357777,31.99999999999909,5.0,0.0,3.0,1.0,0.5,"(5, 2)","[p(2, 2)_cs(1.0)_ws(0.5)]_[p(5, 2)_cs(0.5)_ws(1.0)]"
1767,tomato_salad,pick up,Counter_32,Counter,32,pick up tomato_salad from counter,player_25efd0b1,baseline_division_of_labor,5facf8e8f4e0ffb0,1728.9726833357772,15.999999999999545,5.0,0.0,3.0,1.0,0.5,"(5, 2)","[p(2, 2)_cs(1.0)_ws(0.5)]_[p(5, 2)_cs(0.5)_ws(1.0)]"
1812,tomato_salad,deliver,Delivery_63,Delivery,63,deliver tomato_salad,player_25efd0b1,baseline_division_of_labor,5facf8e8f4e0ffb0,1796.4357945984111,67.4631112626339,6.0,1.0,4.0,1.0,0.5,"(5, 2)","[p(2, 2)_cs(1.0)_ws(0.5)]_[p(5, 2)_cs(0.5)_ws(1.0)]"
1839,tomato_salad,pick up,Counter_33,Counter,33,pick up tomato_salad from counter,player_25efd0b1,baseline_division_of_labor,5facf8e8f4e0ffb0,1812.4357945984104,15.999999999999318,6.0,0.0,4.0,1.0,0.5,"(5, 2)","[p(2, 2)_cs(1.0)_ws(0.5)]_[p(5, 2)_cs(0.5)_ws(1.0)]"
1863,tomato_salad,deliver,Delivery_63,Delivery,63,deliver tomato_salad,player_25efd0b1,baseline_division_of_labor,5facf8e8f4e0ffb0,1828.43579459841,15.999999999999545,7.0,1.0,5.0,1.0,0.5,"(5, 2)","[p(2, 2)_cs(1.0)_ws(0.5)]_[p(5, 2)_cs(0.5)_ws(1.0)]"
1900,tomato,pick up,Dispenser_40,Dispenser,40,pick up tomato from dispenser,player_25efd0b1,baseline_division_of_labor,5facf8e8f4e0ffb0,1866.8470544384356,38.41125984002565,7.0,0.0,5.0,1.0,0.5,"(5, 2)","[p(2, 2)_cs(1.0)_ws(0.5)]_[p(5, 2)_cs(0.5)_ws(1.0)]"
1925,tomato,start cutting,CuttingBoard_20,CuttingBoard,20,start cutting tomato,player_25efd0b1,baseline_division_of_labor,5facf8e8f4e0ffb0,1898.847054438435,31.999999999999318,7.0,0.0,5.0,1.0,0.5,"(5, 2)","[p(2, 2)_cs(1.0)_ws(0.5)]_[p(5, 2)_cs(0.5)_ws(1.0)]"
2009,tomato_cut,pick up,CuttingBoard_20,CuttingBoard,20,pick up tomato_cut from cuttingboard,player_25efd0b1,baseline_division_of_labor,5facf8e8f4e0ffb0,1898.847054438435,0.0,7.0,0.0,5.0,1.0,0.5,"(5, 2)","[p(2, 2)_cs(1.0)_ws(0.5)]_[p(5, 2)_cs(0.5)_ws(1.0)]"
2046,tomato_cut,assemble salad,Counter_34,Counter,34,assemble salad,player_25efd0b1,baseline_division_of_labor,5facf8e8f4e0ffb0,1946.8470544384331,47.99999999999818,7.0,0.0,5.0,1.0,0.5,"(5, 2)","[p(2, 2)_cs(1.0)_ws(0.5)]_[p(5, 2)_cs(0.5)_ws(1.0)]"
2084,tomato,pick up,Dispenser_40,Dispenser,40,pick up tomato from dispenser,player_25efd0b1,baseline_division_of_labor,5facf8e8f4e0ffb0,2017.0373761000403,70.19032166160719,7.0,0.0,5.0,1.0,0.5,"(5, 2)","[p(2, 2)_cs(1.0)_ws(0.5)]_[p(5, 2)_cs(0.5)_ws(1.0)]"
2112,tomato,start cutting,CuttingBoard_20,CuttingBoard,20,start cutting tomato,player_25efd0b1,baseline_division_of_labor,5facf8e8f4e0ffb0,2049.0373761000396,31.999999999999318,7.0,0.0,5.0,1.0,0.5,"(5, 2)","[p(2, 2)_cs(1.0)_ws(0.5)]_[p(5, 2)_cs(0.5)_ws(1.0)]"
