tick,item,action,target,target_type,target_position,action_long,player_id,map_name,game_id,distance_walked,distance_walked_since_last_action,overall_score,player_score_change,player_score,walking_speed,cutting_speed,start_pos,condition,source,last_touched,touched_list,tomato_history,plate_history,is_exchange_collaboration
117,tomato,pick up,Dispenser_40,Dispenser,40,pick up tomato from dispenser,player_c75825b2,baseline_division_of_labor,ecb0b71ce1609f66,22.62741699796952,0.0,0.0,0.0,0.0,1.0,1.0,"(5, 2)","[p(2, 2)_cs(1.0)_ws(1.0)]_[p(5, 2)_cs(1.0)_ws(1.0)]",player_c75825b2_actions,,[],,,
153,tomato,start cutting,CuttingBoard_20,CuttingBoard,20,start cutting tomato,player_c75825b2,baseline_division_of_labor,ecb0b71ce1609f66,54.62741699796952,32.0,0.0,0.0,0.0,1.0,1.0,"(5, 2)","[p(2, 2)_cs(1.0)_ws(1.0)]_[p(5, 2)_cs(1.0)_ws(1.0)]",player_c75825b2_actions,player_c75825b2,['player_c75825b2'],,,
195,tomato,pick up,Dispenser_50,Dispenser,50,pick up tomato from dispenser,player_ab91e732,baseline_division_of_labor,ecb0b71ce1609f66,53.043209895072735,0.0,0.0,0.0,0.0,1.0,1.0,"(2, 2)","[p(2, 2)_cs(1.0)_ws(1.0)]_[p(5, 2)_cs(1.0)_ws(1.0)]",player_ab91e732_actions,,[],,,
205,plate,pick up,Dispenser_60,Dispenser,60,pick up plate from dispenser,player_c75825b2,baseline_division_of_labor,ecb0b71ce1609f66,118.62741699796952,64.0,0.0,0.0,0.0,1.0,1.0,"(5, 2)","[p(2, 2)_cs(1.0)_ws(1.0)]_[p(5, 2)_cs(1.0)_ws(1.0)]",player_c75825b2_actions,,[],,,
239,plate,put down,Counter_32,Counter,32,put down plate on counter,player_c75825b2,baseline_division_of_labor,ecb0b71ce1609f66,157.0344796647345,38.407062666764986,0.0,0.0,0.0,1.0,1.0,"(5, 2)","[p(2, 2)_cs(1.0)_ws(1.0)]_[p(5, 2)_cs(1.0)_ws(1.0)]",player_c75825b2_actions,player_c75825b2,['player_c75825b2'],,,
240,tomato,start cutting,CuttingBoard_10,CuttingBoard,10,start cutting tomato,player_ab91e732,baseline_division_of_labor,ecb0b71ce1609f66,117.04320989507272,63.999999999999986,0.0,0.0,0.0,1.0,1.0,"(2, 2)","[p(2, 2)_cs(1.0)_ws(1.0)]_[p(5, 2)_cs(1.0)_ws(1.0)]",player_ab91e732_actions,player_ab91e732,['player_ab91e732'],,,
268,plate,pick up,Dispenser_60,Dispenser,60,pick up plate from dispenser,player_c75825b2,baseline_division_of_labor,ecb0b71ce1609f66,195.44154233149945,38.40706266676494,0.0,0.0,0.0,1.0,1.0,"(5, 2)","[p(2, 2)_cs(1.0)_ws(1.0)]_[p(5, 2)_cs(1.0)_ws(1.0)]",player_c75825b2_actions,,[],,,
293,tomato_cut,pick up,CuttingBoard_10,CuttingBoard,10,pick up tomato_cut from cuttingboard,player_ab91e732,baseline_division_of_labor,ecb0b71ce1609f66,117.04320989507272,0.0,0.0,0.0,0.0,1.0,1.0,"(2, 2)","[p(2, 2)_cs(1.0)_ws(1.0)]_[p(5, 2)_cs(1.0)_ws(1.0)]",player_ab91e732_actions,player_ab91e732,['player_ab91e732'],,,False
304,plate,put down,Counter_33,Counter,33,put down plate on counter,player_c75825b2,baseline_division_of_labor,ecb0b71ce1609f66,240.69637632743857,45.25483399593912,0.0,0.0,0.0,1.0,1.0,"(5, 2)","[p(2, 2)_cs(1.0)_ws(1.0)]_[p(5, 2)_cs(1.0)_ws(1.0)]",player_c75825b2_actions,player_c75825b2,['player_c75825b2'],,,
335,tomato_cut,assemble salad,Counter_32,Counter,32,assemble salad,player_ab91e732,baseline_division_of_labor,ecb0b71ce1609f66,139.67062689304225,22.627416997969533,0.0,0.0,0.0,1.0,1.0,"(2, 2)","[p(2, 2)_cs(1.0)_ws(1.0)]_[p(5, 2)_cs(1.0)_ws(1.0)]",player_ab91e732_actions,player_c75825b2,['player_ab91e732'],"['player_ab91e732', 'player_ab91e732']",['player_c75825b2'],True
396,tomato_cut,pick up,CuttingBoard_20,CuttingBoard,20,pick up tomato_cut from cuttingboard,player_ab91e732,baseline_division_of_labor,ecb0b71ce1609f66,155.67062689304225,16.0,0.0,0.0,0.0,1.0,1.0,"(2, 2)","[p(2, 2)_cs(1.0)_ws(1.0)]_[p(5, 2)_cs(1.0)_ws(1.0)]",player_ab91e732_actions,player_c75825b2,['player_c75825b2'],,,True
404,plate,pick up,Dispenser_60,Dispenser,60,pick up plate from dispenser,player_c75825b2,baseline_division_of_labor,ecb0b71ce1609f66,387.2503028930134,146.5539265655748,0.0,0.0,0.0,1.0,1.0,"(5, 2)","[p(2, 2)_cs(1.0)_ws(1.0)]_[p(5, 2)_cs(1.0)_ws(1.0)]",player_c75825b2_actions,,[],,,
427,tomato_cut,assemble salad,Counter_33,Counter,33,assemble salad,player_ab91e732,baseline_division_of_labor,ecb0b71ce1609f66,187.67062689304225,32.0,0.0,0.0,0.0,1.0,1.0,"(2, 2)","[p(2, 2)_cs(1.0)_ws(1.0)]_[p(5, 2)_cs(1.0)_ws(1.0)]",player_ab91e732_actions,player_c75825b2,['player_ab91e732'],"['player_c75825b2', 'player_ab91e732']",['player_c75825b2'],True
462,plate,put down,Counter_35,Counter,35,put down plate on counter,player_c75825b2,baseline_division_of_labor,ecb0b71ce1609f66,464.1844073235832,76.93410443056979,0.0,0.0,0.0,1.0,1.0,"(5, 2)","[p(2, 2)_cs(1.0)_ws(1.0)]_[p(5, 2)_cs(1.0)_ws(1.0)]",player_c75825b2_actions,player_c75825b2,['player_c75825b2'],,,
481,tomato,pick up,Dispenser_40,Dispenser,40,pick up tomato from dispenser,player_ab91e732,baseline_division_of_labor,ecb0b71ce1609f66,241.83901372167512,54.16838682863289,0.0,0.0,0.0,1.0,1.0,"(2, 2)","[p(2, 2)_cs(1.0)_ws(1.0)]_[p(5, 2)_cs(1.0)_ws(1.0)]",player_ab91e732_actions,,[],,,
492,tomato_salad,pick up,Counter_33,Counter,33,pick up tomato_salad from counter,player_c75825b2,baseline_division_of_labor,ecb0b71ce1609f66,496.1844073235832,32.0,0.0,0.0,0.0,1.0,1.0,"(5, 2)","[p(2, 2)_cs(1.0)_ws(1.0)]_[p(5, 2)_cs(1.0)_ws(1.0)]",player_c75825b2_actions,player_ab91e732,['player_ab91e732'],"['player_c75825b2', 'player_ab91e732']",['player_c75825b2'],True
513,tomato,start cutting,CuttingBoard_20,CuttingBoard,20,start cutting tomato,player_ab91e732,baseline_division_of_labor,ecb0b71ce1609f66,273.8390137216753,32.00000000000017,0.0,0.0,0.0,1.0,1.0,"(2, 2)","[p(2, 2)_cs(1.0)_ws(1.0)]_[p(5, 2)_cs(1.0)_ws(1.0)]",player_ab91e732_actions,player_ab91e732,['player_ab91e732'],,,
515,tomato_salad,deliver,Delivery_63,Delivery,63,deliver tomato_salad,player_c75825b2,baseline_division_of_labor,ecb0b71ce1609f66,512.1844073235832,16.0,1.0,1.0,1.0,1.0,1.0,"(5, 2)","[p(2, 2)_cs(1.0)_ws(1.0)]_[p(5, 2)_cs(1.0)_ws(1.0)]",player_c75825b2_actions,player_c75825b2,"['player_ab91e732', 'player_c75825b2']","['player_c75825b2', 'player_ab91e732']",['player_c75825b2'],
540,tomato_salad,pick up,Counter_32,Counter,32,pick up tomato_salad from counter,player_c75825b2,baseline_division_of_labor,ecb0b71ce1609f66,534.811824321553,22.627416997969817,1.0,0.0,1.0,1.0,1.0,"(5, 2)","[p(2, 2)_cs(1.0)_ws(1.0)]_[p(5, 2)_cs(1.0)_ws(1.0)]",player_c75825b2_actions,player_ab91e732,['player_ab91e732'],"['player_ab91e732', 'player_ab91e732']",['player_c75825b2'],True
564,tomato_salad,deliver,Delivery_63,Delivery,63,deliver tomato_salad,player_c75825b2,baseline_division_of_labor,ecb0b71ce1609f66,557.4392413195228,22.627416997969817,2.0,1.0,2.0,1.0,1.0,"(5, 2)","[p(2, 2)_cs(1.0)_ws(1.0)]_[p(5, 2)_cs(1.0)_ws(1.0)]",player_c75825b2_actions,player_c75825b2,"['player_ab91e732', 'player_c75825b2']","['player_ab91e732', 'player_ab91e732']",['player_c75825b2'],
585,tomato,pick up,Dispenser_40,Dispenser,40,pick up tomato from dispenser,player_ab91e732,baseline_division_of_labor,ecb0b71ce1609f66,305.83901372167554,32.00000000000023,2.0,0.0,0.0,1.0,1.0,"(2, 2)","[p(2, 2)_cs(1.0)_ws(1.0)]_[p(5, 2)_cs(1.0)_ws(1.0)]",player_ab91e732_actions,,[],,,
594,plate,pick up,Dispenser_60,Dispenser,60,pick up plate from dispenser,player_c75825b2,baseline_division_of_labor,ecb0b71ce1609f66,595.850501159549,38.41125984002622,2.0,0.0,2.0,1.0,1.0,"(5, 2)","[p(2, 2)_cs(1.0)_ws(1.0)]_[p(5, 2)_cs(1.0)_ws(1.0)]",player_c75825b2_actions,,[],,,
625,tomato,start cutting,CuttingBoard_10,CuttingBoard,10,start cutting tomato,player_ab91e732,baseline_division_of_labor,ecb0b71ce1609f66,353.839013721676,48.000000000000455,2.0,0.0,0.0,1.0,1.0,"(2, 2)","[p(2, 2)_cs(1.0)_ws(1.0)]_[p(5, 2)_cs(1.0)_ws(1.0)]",player_ab91e732_actions,player_ab91e732,['player_ab91e732'],,,
629,plate,put down,Counter_32,Counter,32,put down plate on counter,player_c75825b2,baseline_division_of_labor,ecb0b71ce1609f66,634.2575638263138,38.40706266676477,2.0,0.0,2.0,1.0,1.0,"(5, 2)","[p(2, 2)_cs(1.0)_ws(1.0)]_[p(5, 2)_cs(1.0)_ws(1.0)]",player_c75825b2_actions,player_c75825b2,['player_c75825b2'],,,
665,plate,pick up,Dispenser_60,Dispenser,60,pick up plate from dispenser,player_c75825b2,baseline_division_of_labor,ecb0b71ce1609f66,672.6646264930789,38.407062666765114,2.0,0.0,2.0,1.0,1.0,"(5, 2)","[p(2, 2)_cs(1.0)_ws(1.0)]_[p(5, 2)_cs(1.0)_ws(1.0)]",player_c75825b2_actions,,[],,,
701,plate,put down,Counter_33,Counter,33,put down plate on counter,player_c75825b2,baseline_division_of_labor,ecb0b71ce1609f66,717.9194604890185,45.254833995939634,2.0,0.0,2.0,1.0,1.0,"(5, 2)","[p(2, 2)_cs(1.0)_ws(1.0)]_[p(5, 2)_cs(1.0)_ws(1.0)]",player_c75825b2_actions,player_c75825b2,['player_c75825b2'],,,
702,tomato_cut,pick up,CuttingBoard_20,CuttingBoard,20,pick up tomato_cut from cuttingboard,player_ab91e732,baseline_division_of_labor,ecb0b71ce1609f66,369.83901372167617,16.00000000000017,2.0,0.0,0.0,1.0,1.0,"(2, 2)","[p(2, 2)_cs(1.0)_ws(1.0)]_[p(5, 2)_cs(1.0)_ws(1.0)]",player_ab91e732_actions,player_ab91e732,['player_ab91e732'],,,False
731,tomato_cut,assemble salad,Counter_32,Counter,32,assemble salad,player_ab91e732,baseline_division_of_labor,ecb0b71ce1609f66,385.8390137216763,16.000000000000114,2.0,0.0,0.0,1.0,1.0,"(2, 2)","[p(2, 2)_cs(1.0)_ws(1.0)]_[p(5, 2)_cs(1.0)_ws(1.0)]",player_ab91e732_actions,player_c75825b2,['player_ab91e732'],"['player_ab91e732', 'player_ab91e732']",['player_c75825b2'],True
761,plate,pick up,Dispenser_60,Dispenser,60,pick up plate from dispenser,player_c75825b2,baseline_division_of_labor,ecb0b71ce1609f66,763.1742944849582,45.254833995939634,2.0,0.0,2.0,1.0,1.0,"(5, 2)","[p(2, 2)_cs(1.0)_ws(1.0)]_[p(5, 2)_cs(1.0)_ws(1.0)]",player_c75825b2_actions,,[],,,
764,tomato_salad,pick up,Counter_32,Counter,32,pick up tomato_salad from counter,player_ab91e732,baseline_division_of_labor,ecb0b71ce1609f66,385.8390137216763,0.0,2.0,0.0,0.0,1.0,1.0,"(2, 2)","[p(2, 2)_cs(1.0)_ws(1.0)]_[p(5, 2)_cs(1.0)_ws(1.0)]",player_ab91e732_actions,player_ab91e732,['player_ab91e732'],"['player_ab91e732', 'player_ab91e732']",['player_c75825b2'],False
802,plate,put down,Counter_34,Counter,34,put down plate on counter,player_c75825b2,baseline_division_of_labor,ecb0b71ce1609f66,824.0904813874965,60.91618690253836,2.0,0.0,2.0,1.0,1.0,"(5, 2)","[p(2, 2)_cs(1.0)_ws(1.0)]_[p(5, 2)_cs(1.0)_ws(1.0)]",player_c75825b2_actions,player_c75825b2,['player_c75825b2'],,,
810,tomato_salad,deliver,Delivery_63,Delivery,63,deliver tomato_salad,player_ab91e732,baseline_division_of_labor,ecb0b71ce1609f66,431.0938477176152,45.254833995938895,3.0,1.0,1.0,1.0,1.0,"(2, 2)","[p(2, 2)_cs(1.0)_ws(1.0)]_[p(5, 2)_cs(1.0)_ws(1.0)]",player_ab91e732_actions,player_ab91e732,"['player_ab91e732', 'player_ab91e732']","['player_ab91e732', 'player_ab91e732']",['player_c75825b2'],
844,tomato,pick up,Dispenser_40,Dispenser,40,pick up tomato from dispenser,player_c75825b2,baseline_division_of_labor,ecb0b71ce1609f66,872.090481387497,48.000000000000455,3.0,0.0,2.0,1.0,1.0,"(5, 2)","[p(2, 2)_cs(1.0)_ws(1.0)]_[p(5, 2)_cs(1.0)_ws(1.0)]",player_c75825b2_actions,,[],,,
865,tomato_cut,pick up,CuttingBoard_10,CuttingBoard,10,pick up tomato_cut from cuttingboard,player_ab91e732,baseline_division_of_labor,ecb0b71ce1609f66,508.26082426141016,77.16697654379499,3.0,0.0,1.0,1.0,1.0,"(2, 2)","[p(2, 2)_cs(1.0)_ws(1.0)]_[p(5, 2)_cs(1.0)_ws(1.0)]",player_ab91e732_actions,player_ab91e732,['player_ab91e732'],,,False
879,tomato,start cutting,CuttingBoard_20,CuttingBoard,20,start cutting tomato,player_c75825b2,baseline_division_of_labor,ecb0b71ce1609f66,904.0904813874972,32.00000000000023,3.0,0.0,2.0,1.0,1.0,"(5, 2)","[p(2, 2)_cs(1.0)_ws(1.0)]_[p(5, 2)_cs(1.0)_ws(1.0)]",player_c75825b2_actions,player_c75825b2,['player_c75825b2'],,,
899,tomato_cut,assemble salad,Counter_33,Counter,33,assemble salad,player_ab91e732,baseline_division_of_labor,ecb0b71ce1609f66,546.6720841014361,38.411259840025934,3.0,0.0,1.0,1.0,1.0,"(2, 2)","[p(2, 2)_cs(1.0)_ws(1.0)]_[p(5, 2)_cs(1.0)_ws(1.0)]",player_ab91e732_actions,player_c75825b2,['player_ab91e732'],"['player_ab91e732', 'player_ab91e732']",['player_c75825b2'],True
921,plate,pick up,Dispenser_60,Dispenser,60,pick up plate from dispenser,player_c75825b2,baseline_division_of_labor,ecb0b71ce1609f66,968.0904813874974,64.00000000000023,3.0,0.0,2.0,1.0,1.0,"(5, 2)","[p(2, 2)_cs(1.0)_ws(1.0)]_[p(5, 2)_cs(1.0)_ws(1.0)]",player_c75825b2_actions,,[],,,
959,plate,put down,Counter_32,Counter,32,put down plate on counter,player_c75825b2,baseline_division_of_labor,ecb0b71ce1609f66,1006.4975440542622,38.40706266676477,3.0,0.0,2.0,1.0,1.0,"(5, 2)","[p(2, 2)_cs(1.0)_ws(1.0)]_[p(5, 2)_cs(1.0)_ws(1.0)]",player_c75825b2_actions,player_c75825b2,['player_c75825b2'],,,
972,plate,pick up,Counter_34,Counter,34,pick up plate from counter,player_ab91e732,baseline_division_of_labor,ecb0b71ce1609f66,626.6720841014369,80.0000000000008,3.0,0.0,1.0,1.0,1.0,"(2, 2)","[p(2, 2)_cs(1.0)_ws(1.0)]_[p(5, 2)_cs(1.0)_ws(1.0)]",player_ab91e732_actions,player_c75825b2,['player_c75825b2'],,,True
987,tomato_salad,pick up,Counter_33,Counter,33,pick up tomato_salad from counter,player_c75825b2,baseline_division_of_labor,ecb0b71ce1609f66,1022.4975440542624,16.000000000000114,3.0,0.0,2.0,1.0,1.0,"(5, 2)","[p(2, 2)_cs(1.0)_ws(1.0)]_[p(5, 2)_cs(1.0)_ws(1.0)]",player_c75825b2_actions,player_ab91e732,['player_ab91e732'],"['player_ab91e732', 'player_ab91e732']",['player_c75825b2'],True
1014,tomato_salad,deliver,Delivery_63,Delivery,63,deliver tomato_salad,player_c75825b2,baseline_division_of_labor,ecb0b71ce1609f66,1038.497544054262,15.999999999999543,4.0,1.0,3.0,1.0,1.0,"(5, 2)","[p(2, 2)_cs(1.0)_ws(1.0)]_[p(5, 2)_cs(1.0)_ws(1.0)]",player_c75825b2_actions,player_c75825b2,"['player_ab91e732', 'player_c75825b2']","['player_ab91e732', 'player_ab91e732']",['player_c75825b2'],
1015,plate,put down,Counter_33,Counter,33,put down plate on counter,player_ab91e732,baseline_division_of_labor,ecb0b71ce1609f66,705.6720841014368,78.99999999999989,4.0,0.0,1.0,1.0,1.0,"(2, 2)","[p(2, 2)_cs(1.0)_ws(1.0)]_[p(5, 2)_cs(1.0)_ws(1.0)]",player_ab91e732_actions,player_ab91e732,"['player_c75825b2', 'player_ab91e732']",,,
1025,plate,pick up,Counter_33,Counter,33,pick up plate from counter,player_ab91e732,baseline_division_of_labor,ecb0b71ce1609f66,705.6720841014368,0.0,4.0,0.0,1.0,1.0,1.0,"(2, 2)","[p(2, 2)_cs(1.0)_ws(1.0)]_[p(5, 2)_cs(1.0)_ws(1.0)]",player_ab91e732_actions,player_ab91e732,"['player_c75825b2', 'player_ab91e732']",,,False
1051,plate,pick up,Dispenser_60,Dispenser,60,pick up plate from dispenser,player_c75825b2,baseline_division_of_labor,ecb0b71ce1609f66,1076.9088038942875,38.41125984002565,4.0,0.0,3.0,1.0,1.0,"(5, 2)","[p(2, 2)_cs(1.0)_ws(1.0)]_[p(5, 2)_cs(1.0)_ws(1.0)]",player_c75825b2_actions,,[],,,
1059,plate,put down,Counter_33,Counter,33,put down plate on counter,player_ab91e732,baseline_division_of_labor,ecb0b71ce1609f66,755.6720841014345,49.999999999997726,4.0,0.0,1.0,1.0,1.0,"(2, 2)","[p(2, 2)_cs(1.0)_ws(1.0)]_[p(5, 2)_cs(1.0)_ws(1.0)]",player_ab91e732_actions,player_ab91e732,"['player_c75825b2', 'player_ab91e732', 'player_ab91e732']",,,
1111,plate,pick up,Counter_32,Counter,32,pick up plate from counter,player_ab91e732,baseline_division_of_labor,ecb0b71ce1609f66,803.6720841014351,48.00000000000057,4.0,0.0,1.0,1.0,1.0,"(2, 2)","[p(2, 2)_cs(1.0)_ws(1.0)]_[p(5, 2)_cs(1.0)_ws(1.0)]",player_ab91e732_actions,player_c75825b2,['player_c75825b2'],,,True
1123,plate,put down,Counter_34,Counter,34,put down plate on counter,player_c75825b2,baseline_division_of_labor,ecb0b71ce1609f66,1138.1636378902251,61.25483399593759,4.0,0.0,3.0,1.0,1.0,"(5, 2)","[p(2, 2)_cs(1.0)_ws(1.0)]_[p(5, 2)_cs(1.0)_ws(1.0)]",player_c75825b2_actions,player_c75825b2,['player_c75825b2'],,,
1156,plate,put down,Counter_32,Counter,32,put down plate on counter,player_ab91e732,baseline_division_of_labor,ecb0b71ce1609f66,835.6720841014355,32.000000000000455,4.0,0.0,1.0,1.0,1.0,"(2, 2)","[p(2, 2)_cs(1.0)_ws(1.0)]_[p(5, 2)_cs(1.0)_ws(1.0)]",player_ab91e732_actions,player_ab91e732,"['player_c75825b2', 'player_ab91e732']",,,
1166,tomato,pick up,Dispenser_40,Dispenser,40,pick up tomato from dispenser,player_c75825b2,baseline_division_of_labor,ecb0b71ce1609f66,1186.1636378902238,47.99999999999864,4.0,0.0,3.0,1.0,1.0,"(5, 2)","[p(2, 2)_cs(1.0)_ws(1.0)]_[p(5, 2)_cs(1.0)_ws(1.0)]",player_c75825b2_actions,,[],,,
1195,tomato_cut,pick up,CuttingBoard_20,CuttingBoard,20,pick up tomato_cut from cuttingboard,player_ab91e732,baseline_division_of_labor,ecb0b71ce1609f66,851.6720841014358,16.000000000000227,4.0,0.0,1.0,1.0,1.0,"(2, 2)","[p(2, 2)_cs(1.0)_ws(1.0)]_[p(5, 2)_cs(1.0)_ws(1.0)]",player_ab91e732_actions,player_c75825b2,['player_c75825b2'],,,True
1208,tomato,start cutting,CuttingBoard_10,CuttingBoard,10,start cutting tomato,player_c75825b2,baseline_division_of_labor,ecb0b71ce1609f66,1234.1636378902224,47.99999999999864,4.0,0.0,3.0,1.0,1.0,"(5, 2)","[p(2, 2)_cs(1.0)_ws(1.0)]_[p(5, 2)_cs(1.0)_ws(1.0)]",player_c75825b2_actions,player_c75825b2,['player_c75825b2'],,,
1220,tomato_cut,assemble salad,Counter_32,Counter,32,assemble salad,player_ab91e732,baseline_division_of_labor,ecb0b71ce1609f66,867.672084101436,16.000000000000227,4.0,0.0,1.0,1.0,1.0,"(2, 2)","[p(2, 2)_cs(1.0)_ws(1.0)]_[p(5, 2)_cs(1.0)_ws(1.0)]",player_ab91e732_actions,player_ab91e732,['player_ab91e732'],"['player_c75825b2', 'player_ab91e732']","['player_c75825b2', 'player_ab91e732']",False
1251,tomato_salad,pick up,Counter_32,Counter,32,pick up tomato_salad from counter,player_ab91e732,baseline_division_of_labor,ecb0b71ce1609f66,867.672084101436,0.0,4.0,0.0,1.0,1.0,1.0,"(2, 2)","[p(2, 2)_cs(1.0)_ws(1.0)]_[p(5, 2)_cs(1.0)_ws(1.0)]",player_ab91e732_actions,player_ab91e732,['player_ab91e732'],"['player_c75825b2', 'player_ab91e732']","['player_c75825b2', 'player_ab91e732']",False
1261,tomato_cut,pick up,CuttingBoard_10,CuttingBoard,10,pick up tomato_cut from cuttingboard,player_c75825b2,baseline_division_of_labor,ecb0b71ce1609f66,1234.1636378902224,0.0,4.0,0.0,3.0,1.0,1.0,"(5, 2)","[p(2, 2)_cs(1.0)_ws(1.0)]_[p(5, 2)_cs(1.0)_ws(1.0)]",player_c75825b2_actions,player_c75825b2,['player_c75825b2'],,,False
1289,tomato_cut,assemble salad,Counter_33,Counter,33,assemble salad,player_c75825b2,baseline_division_of_labor,ecb0b71ce1609f66,1272.5748977302485,38.411259840026105,4.0,0.0,3.0,1.0,1.0,"(5, 2)","[p(2, 2)_cs(1.0)_ws(1.0)]_[p(5, 2)_cs(1.0)_ws(1.0)]",player_c75825b2_actions,player_ab91e732,['player_c75825b2'],"['player_c75825b2', 'player_c75825b2']","['player_c75825b2', 'player_ab91e732', 'player_ab91e732']",True
1291,tomato_salad,deliver,Delivery_63,Delivery,63,deliver tomato_salad,player_ab91e732,baseline_division_of_labor,ecb0b71ce1609f66,912.9269180973756,45.254833995939634,5.0,1.0,2.0,1.0,1.0,"(2, 2)","[p(2, 2)_cs(1.0)_ws(1.0)]_[p(5, 2)_cs(1.0)_ws(1.0)]",player_ab91e732_actions,player_ab91e732,"['player_ab91e732', 'player_ab91e732']","['player_c75825b2', 'player_ab91e732']","['player_c75825b2', 'player_ab91e732']",
1326,tomato,pick up,Dispenser_40,Dispenser,40,pick up tomato from dispenser,player_c75825b2,baseline_division_of_labor,ecb0b71ce1609f66,1326.7432845588808,54.168386828632265,5.0,0.0,3.0,1.0,1.0,"(5, 2)","[p(2, 2)_cs(1.0)_ws(1.0)]_[p(5, 2)_cs(1.0)_ws(1.0)]",player_c75825b2_actions,,[],,,
1334,tomato,pick up,Dispenser_40,Dispenser,40,pick up tomato from dispenser,player_ab91e732,baseline_division_of_labor,ecb0b71ce1609f66,951.3381779374018,38.41125984002622,5.0,0.0,2.0,1.0,1.0,"(2, 2)","[p(2, 2)_cs(1.0)_ws(1.0)]_[p(5, 2)_cs(1.0)_ws(1.0)]",player_ab91e732_actions,,[],,,
1356,tomato,start cutting,CuttingBoard_20,CuttingBoard,20,start cutting tomato,player_c75825b2,baseline_division_of_labor,ecb0b71ce1609f66,1358.74328455888,31.99999999999932,5.0,0.0,3.0,1.0,1.0,"(5, 2)","[p(2, 2)_cs(1.0)_ws(1.0)]_[p(5, 2)_cs(1.0)_ws(1.0)]",player_c75825b2_actions,player_c75825b2,['player_c75825b2'],,,
1389,tomato,start cutting,CuttingBoard_10,CuttingBoard,10,start cutting tomato,player_ab91e732,baseline_division_of_labor,ecb0b71ce1609f66,999.3381779374022,48.00000000000034,5.0,0.0,2.0,1.0,1.0,"(2, 2)","[p(2, 2)_cs(1.0)_ws(1.0)]_[p(5, 2)_cs(1.0)_ws(1.0)]",player_ab91e732_actions,player_ab91e732,['player_ab91e732'],,,
1431,tomato_salad,pick up,Counter_33,Counter,33,pick up tomato_salad from counter,player_ab91e732,baseline_division_of_labor,ecb0b71ce1609f66,1037.7494377774287,38.41125984002656,5.0,0.0,2.0,1.0,1.0,"(2, 2)","[p(2, 2)_cs(1.0)_ws(1.0)]_[p(5, 2)_cs(1.0)_ws(1.0)]",player_ab91e732_actions,player_c75825b2,['player_c75825b2'],"['player_c75825b2', 'player_c75825b2']","['player_c75825b2', 'player_ab91e732', 'player_ab91e732']",True
1432,plate,pick up,Dispenser_60,Dispenser,60,pick up plate from dispenser,player_c75825b2,baseline_division_of_labor,ecb0b71ce1609f66,1422.7432845588778,63.999999999997726,5.0,0.0,3.0,1.0,1.0,"(5, 2)","[p(2, 2)_cs(1.0)_ws(1.0)]_[p(5, 2)_cs(1.0)_ws(1.0)]",player_c75825b2_actions,,[],,,
1462,plate,put down,Counter_32,Counter,32,put down plate on counter,player_c75825b2,baseline_division_of_labor,ecb0b71ce1609f66,1461.1503472256418,38.40706266676398,5.0,0.0,3.0,1.0,1.0,"(5, 2)","[p(2, 2)_cs(1.0)_ws(1.0)]_[p(5, 2)_cs(1.0)_ws(1.0)]",player_c75825b2_actions,player_c75825b2,['player_c75825b2'],,,
1490,tomato_salad,deliver,Delivery_64,Delivery,64,deliver tomato_salad,player_ab91e732,baseline_division_of_labor,ecb0b71ce1609f66,1136.0779058496942,98.32846807226542,6.0,1.0,3.0,1.0,1.0,"(2, 2)","[p(2, 2)_cs(1.0)_ws(1.0)]_[p(5, 2)_cs(1.0)_ws(1.0)]",player_ab91e732_actions,player_ab91e732,"['player_c75825b2', 'player_ab91e732']","['player_c75825b2', 'player_c75825b2']","['player_c75825b2', 'player_ab91e732', 'player_ab91e732']",
1501,tomato_cut,pick up,CuttingBoard_20,CuttingBoard,20,pick up tomato_cut from cuttingboard,player_c75825b2,baseline_division_of_labor,ecb0b71ce1609f66,1499.6572739505375,38.50692672489572,6.0,0.0,3.0,1.0,1.0,"(5, 2)","[p(2, 2)_cs(1.0)_ws(1.0)]_[p(5, 2)_cs(1.0)_ws(1.0)]",player_c75825b2_actions,player_c75825b2,['player_c75825b2'],,,False
1518,tomato_cut,assemble salad,Counter_32,Counter,32,assemble salad,player_c75825b2,baseline_division_of_labor,ecb0b71ce1609f66,1515.657273950537,15.999999999999543,6.0,0.0,3.0,1.0,1.0,"(5, 2)","[p(2, 2)_cs(1.0)_ws(1.0)]_[p(5, 2)_cs(1.0)_ws(1.0)]",player_c75825b2_actions,player_c75825b2,['player_c75825b2'],"['player_c75825b2', 'player_c75825b2']",['player_c75825b2'],False
1524,plate,pick up,Dispenser_71,Dispenser,71,pick up plate from dispenser,player_ab91e732,baseline_division_of_labor,ecb0b71ce1609f66,1190.4972774929415,54.41937164324736,6.0,0.0,3.0,1.0,1.0,"(2, 2)","[p(2, 2)_cs(1.0)_ws(1.0)]_[p(5, 2)_cs(1.0)_ws(1.0)]",player_ab91e732_actions,,[],,,
1550,plate,put down,Counter_33,Counter,33,put down plate on counter,player_ab91e732,baseline_division_of_labor,ecb0b71ce1609f66,1235.752111488879,45.254833995937815,6.0,0.0,3.0,1.0,1.0,"(2, 2)","[p(2, 2)_cs(1.0)_ws(1.0)]_[p(5, 2)_cs(1.0)_ws(1.0)]",player_ab91e732_actions,player_ab91e732,['player_ab91e732'],,,
1574,tomato_salad,pick up,Counter_32,Counter,32,pick up tomato_salad from counter,player_ab91e732,baseline_division_of_labor,ecb0b71ce1609f66,1251.7521114888789,15.999999999999543,6.0,0.0,3.0,1.0,1.0,"(2, 2)","[p(2, 2)_cs(1.0)_ws(1.0)]_[p(5, 2)_cs(1.0)_ws(1.0)]",player_ab91e732_actions,player_c75825b2,['player_c75825b2'],"['player_c75825b2', 'player_c75825b2']",['player_c75825b2'],True
1594,tomato_salad,deliver,Delivery_63,Delivery,63,deliver tomato_salad,player_ab91e732,baseline_division_of_labor,ecb0b71ce1609f66,1274.379528486848,22.62741699796902,7.0,1.0,4.0,1.0,1.0,"(2, 2)","[p(2, 2)_cs(1.0)_ws(1.0)]_[p(5, 2)_cs(1.0)_ws(1.0)]",player_ab91e732_actions,player_ab91e732,"['player_c75825b2', 'player_ab91e732']","['player_c75825b2', 'player_c75825b2']",['player_c75825b2'],
1606,tomato_cut,pick up,CuttingBoard_10,CuttingBoard,10,pick up tomato_cut from cuttingboard,player_c75825b2,baseline_division_of_labor,ecb0b71ce1609f66,1547.657273950536,31.999999999998863,7.0,0.0,3.0,1.0,1.0,"(5, 2)","[p(2, 2)_cs(1.0)_ws(1.0)]_[p(5, 2)_cs(1.0)_ws(1.0)]",player_c75825b2_actions,player_ab91e732,['player_ab91e732'],,,True
1626,tomato,pick up,Dispenser_50,Dispenser,50,pick up tomato from dispenser,player_ab91e732,baseline_division_of_labor,ecb0b71ce1609f66,1306.379528486847,31.99999999999909,7.0,0.0,4.0,1.0,1.0,"(2, 2)","[p(2, 2)_cs(1.0)_ws(1.0)]_[p(5, 2)_cs(1.0)_ws(1.0)]",player_ab91e732_actions,,[],,,
1643,tomato_cut,assemble salad,Counter_33,Counter,33,assemble salad,player_c75825b2,baseline_division_of_labor,ecb0b71ce1609f66,1586.068533790562,38.411259840026105,7.0,0.0,3.0,1.0,1.0,"(5, 2)","[p(2, 2)_cs(1.0)_ws(1.0)]_[p(5, 2)_cs(1.0)_ws(1.0)]",player_c75825b2_actions,player_ab91e732,['player_c75825b2'],"['player_ab91e732', 'player_c75825b2']",['player_ab91e732'],True
1661,tomato,start cutting,CuttingBoard_20,CuttingBoard,20,start cutting tomato,player_ab91e732,baseline_division_of_labor,ecb0b71ce1609f66,1354.3795284868452,47.99999999999818,7.0,0.0,4.0,1.0,1.0,"(2, 2)","[p(2, 2)_cs(1.0)_ws(1.0)]_[p(5, 2)_cs(1.0)_ws(1.0)]",player_ab91e732_actions,player_ab91e732,['player_ab91e732'],,,
1685,tomato,pick up,Dispenser_40,Dispenser,40,pick up tomato from dispenser,player_ab91e732,baseline_division_of_labor,ecb0b71ce1609f66,1386.3795284868445,31.99999999999909,7.0,0.0,4.0,1.0,1.0,"(2, 2)","[p(2, 2)_cs(1.0)_ws(1.0)]_[p(5, 2)_cs(1.0)_ws(1.0)]",player_ab91e732_actions,,[],,,
1695,tomato,pick up,Dispenser_40,Dispenser,40,pick up tomato from dispenser,player_c75825b2,baseline_division_of_labor,ecb0b71ce1609f66,1640.2369206191945,54.168386828632265,7.0,0.0,3.0,1.0,1.0,"(5, 2)","[p(2, 2)_cs(1.0)_ws(1.0)]_[p(5, 2)_cs(1.0)_ws(1.0)]",player_c75825b2_actions,,[],,,
1721,tomato,start cutting,CuttingBoard_10,CuttingBoard,10,start cutting tomato,player_ab91e732,baseline_division_of_labor,ecb0b71ce1609f66,1434.379528486843,47.99999999999841,7.0,0.0,4.0,1.0,1.0,"(2, 2)","[p(2, 2)_cs(1.0)_ws(1.0)]_[p(5, 2)_cs(1.0)_ws(1.0)]",player_ab91e732_actions,player_ab91e732,['player_ab91e732'],,,
1768,tomato_cut,pick up,CuttingBoard_10,CuttingBoard,10,pick up tomato_cut from cuttingboard,player_ab91e732,baseline_division_of_labor,ecb0b71ce1609f66,1434.379528486843,0.0,7.0,0.0,4.0,1.0,1.0,"(2, 2)","[p(2, 2)_cs(1.0)_ws(1.0)]_[p(5, 2)_cs(1.0)_ws(1.0)]",player_ab91e732_actions,player_ab91e732,['player_ab91e732'],,,False
1805,tomato_cut,assemble salad,Counter_34,Counter,34,assemble salad,player_ab91e732,baseline_division_of_labor,ecb0b71ce1609f66,1488.8092859611145,54.42975747427158,7.0,0.0,4.0,1.0,1.0,"(2, 2)","[p(2, 2)_cs(1.0)_ws(1.0)]_[p(5, 2)_cs(1.0)_ws(1.0)]",player_ab91e732_actions,player_c75825b2,['player_ab91e732'],"['player_ab91e732', 'player_ab91e732']",['player_c75825b2'],True
1818,tomato,start cutting,CuttingBoard_10,CuttingBoard,10,start cutting tomato,player_c75825b2,baseline_division_of_labor,ecb0b71ce1609f66,1688.236920619193,47.99999999999864,7.0,0.0,3.0,1.0,1.0,"(5, 2)","[p(2, 2)_cs(1.0)_ws(1.0)]_[p(5, 2)_cs(1.0)_ws(1.0)]",player_c75825b2_actions,player_c75825b2,['player_c75825b2'],,,
1894,tomato_cut,pick up,CuttingBoard_20,CuttingBoard,20,pick up tomato_cut from cuttingboard,player_ab91e732,baseline_division_of_labor,ecb0b71ce1609f66,1536.809285961113,47.99999999999841,7.0,0.0,4.0,1.0,1.0,"(2, 2)","[p(2, 2)_cs(1.0)_ws(1.0)]_[p(5, 2)_cs(1.0)_ws(1.0)]",player_ab91e732_actions,player_ab91e732,['player_ab91e732'],,,False
1913,tomato_salad,pick up,Counter_34,Counter,34,pick up tomato_salad from counter,player_c75825b2,baseline_division_of_labor,ecb0b71ce1609f66,1742.6666780934645,54.42975747427158,7.0,0.0,3.0,1.0,1.0,"(5, 2)","[p(2, 2)_cs(1.0)_ws(1.0)]_[p(5, 2)_cs(1.0)_ws(1.0)]",player_c75825b2_actions,player_ab91e732,['player_ab91e732'],"['player_ab91e732', 'player_ab91e732']",['player_c75825b2'],True
1939,tomato_cut,assemble salad,Counter_35,Counter,35,assemble salad,player_ab91e732,baseline_division_of_labor,ecb0b71ce1609f66,1600.8092859611106,63.999999999997954,7.0,0.0,4.0,1.0,1.0,"(2, 2)","[p(2, 2)_cs(1.0)_ws(1.0)]_[p(5, 2)_cs(1.0)_ws(1.0)]",player_ab91e732_actions,player_c75825b2,['player_ab91e732'],"['player_ab91e732', 'player_ab91e732']",['player_c75825b2'],True
1968,tomato_salad,deliver,Delivery_63,Delivery,63,deliver tomato_salad,player_c75825b2,baseline_division_of_labor,ecb0b71ce1609f66,1840.997395547034,98.33071745356938,8.0,1.0,4.0,1.0,1.0,"(5, 2)","[p(2, 2)_cs(1.0)_ws(1.0)]_[p(5, 2)_cs(1.0)_ws(1.0)]",player_c75825b2_actions,player_c75825b2,"['player_ab91e732', 'player_c75825b2']","['player_ab91e732', 'player_ab91e732']",['player_c75825b2'],
1993,tomato_salad,pick up,Counter_33,Counter,33,pick up tomato_salad from counter,player_c75825b2,baseline_division_of_labor,ecb0b71ce1609f66,1856.9973955470336,15.999999999999543,8.0,0.0,4.0,1.0,1.0,"(5, 2)","[p(2, 2)_cs(1.0)_ws(1.0)]_[p(5, 2)_cs(1.0)_ws(1.0)]",player_c75825b2_actions,player_c75825b2,['player_c75825b2'],"['player_ab91e732', 'player_c75825b2']",['player_ab91e732'],False
2010,tomato_salad,deliver,Delivery_63,Delivery,63,deliver tomato_salad,player_c75825b2,baseline_division_of_labor,ecb0b71ce1609f66,1872.997395547033,15.999999999999543,9.0,1.0,5.0,1.0,1.0,"(5, 2)","[p(2, 2)_cs(1.0)_ws(1.0)]_[p(5, 2)_cs(1.0)_ws(1.0)]",player_c75825b2_actions,player_c75825b2,"['player_c75825b2', 'player_c75825b2']","['player_ab91e732', 'player_c75825b2']",['player_ab91e732'],
2027,plate,pick up,Dispenser_60,Dispenser,60,pick up plate from dispenser,player_ab91e732,baseline_division_of_labor,ecb0b71ce1609f66,1719.3011984850336,118.49191252392302,9.0,0.0,4.0,1.0,1.0,"(2, 2)","[p(2, 2)_cs(1.0)_ws(1.0)]_[p(5, 2)_cs(1.0)_ws(1.0)]",player_ab91e732_actions,,[],,,
2041,tomato_salad,pick up,Counter_35,Counter,35,pick up tomato_salad from counter,player_c75825b2,baseline_division_of_labor,ecb0b71ce1609f66,1911.4044582137965,38.407062666763295,9.0,0.0,5.0,1.0,1.0,"(5, 2)","[p(2, 2)_cs(1.0)_ws(1.0)]_[p(5, 2)_cs(1.0)_ws(1.0)]",player_c75825b2_actions,player_ab91e732,['player_ab91e732'],"['player_ab91e732', 'player_ab91e732']",['player_c75825b2'],True
2063,plate,put down,Counter_32,Counter,32,put down plate on counter,player_ab91e732,baseline_division_of_labor,ecb0b71ce1609f66,1757.7082611517976,38.40706266676398,9.0,0.0,4.0,1.0,1.0,"(2, 2)","[p(2, 2)_cs(1.0)_ws(1.0)]_[p(5, 2)_cs(1.0)_ws(1.0)]",player_ab91e732_actions,player_ab91e732,['player_ab91e732'],,,
2070,tomato_salad,deliver,Delivery_63,Delivery,63,deliver tomato_salad,player_c75825b2,baseline_division_of_labor,ecb0b71ce1609f66,1949.8115208805605,38.407062666764205,10.0,1.0,6.0,1.0,1.0,"(5, 2)","[p(2, 2)_cs(1.0)_ws(1.0)]_[p(5, 2)_cs(1.0)_ws(1.0)]",player_c75825b2_actions,player_c75825b2,"['player_ab91e732', 'player_c75825b2']","['player_ab91e732', 'player_ab91e732']",['player_c75825b2'],
2094,plate,pick up,Dispenser_60,Dispenser,60,pick up plate from dispenser,player_ab91e732,baseline_division_of_labor,ecb0b71ce1609f66,1796.0534962116558,38.34523505985817,10.0,0.0,4.0,1.0,1.0,"(2, 2)","[p(2, 2)_cs(1.0)_ws(1.0)]_[p(5, 2)_cs(1.0)_ws(1.0)]",player_ab91e732_actions,,[],,,
2107,tomato,pick up,Dispenser_40,Dispenser,40,pick up tomato from dispenser,player_c75825b2,baseline_division_of_labor,ecb0b71ce1609f66,1988.222780720586,38.41125984002565,10.0,0.0,6.0,1.0,1.0,"(5, 2)","[p(2, 2)_cs(1.0)_ws(1.0)]_[p(5, 2)_cs(1.0)_ws(1.0)]",player_c75825b2_actions,,[],,,
2133,plate,put down,Counter_33,Counter,33,put down plate on counter,player_ab91e732,baseline_division_of_labor,ecb0b71ce1609f66,1841.3083302075936,45.254833995937815,10.0,0.0,4.0,1.0,1.0,"(2, 2)","[p(2, 2)_cs(1.0)_ws(1.0)]_[p(5, 2)_cs(1.0)_ws(1.0)]",player_ab91e732_actions,player_ab91e732,['player_ab91e732'],,,
2135,tomato,start cutting,CuttingBoard_20,CuttingBoard,20,start cutting tomato,player_c75825b2,baseline_division_of_labor,ecb0b71ce1609f66,2020.2227807205857,31.99999999999932,10.0,0.0,6.0,1.0,1.0,"(5, 2)","[p(2, 2)_cs(1.0)_ws(1.0)]_[p(5, 2)_cs(1.0)_ws(1.0)]",player_c75825b2_actions,player_c75825b2,['player_c75825b2'],,,
