{"agents": {"player_ab91e732": {"initial_state": {"agent_id": "player_ab91e732", "x": 40, "y": 40, "item": null, "url_params": {"gameType": ["tomatoSaladOnly"], "PROLIFIC_PID": ["66b00e249d75b352012b545a"], "map": ["baseline_division_of_labor"], "cutting_speed_p1": ["1"], "walking_speed_p1": ["1"], "cutting_speed_p2": ["1"], "walking_speed_p2": ["1"], "slot_x_p1": ["2"], "slot_y_p1": ["2"], "slot_x_p2": ["5"], "slot_y_p2": ["2"], "EIO": ["4"], "transport": ["polling"], "t": ["PZKm60d"]}, "cut_speed": 1.0, "walk_speed": 30.0, "player_nr": 1}, "player_score": 4.0, "total_actions": 46, "first_action_tick": 195, "last_action_tick": 2133}, "player_c75825b2": {"initial_state": {"agent_id": "player_c75825b2", "x": 88, "y": 40, "item": null, "url_params": {"gameType": ["tomatoSaladOnly"], "PROLIFIC_PID": ["662b24af863fd5cc1437384c"], "map": ["baseline_division_of_labor"], "cutting_speed_p1": ["1"], "walking_speed_p1": ["1"], "cutting_speed_p2": ["1"], "walking_speed_p2": ["1"], "slot_x_p1": ["2"], "slot_y_p1": ["2"], "slot_x_p2": ["5"], "slot_y_p2": ["2"], "EIO": ["4"], "transport": ["polling"], "t": ["PZKmFJL"]}, "cut_speed": 1.0, "walk_speed": 30.0, "player_nr": 2}, "player_score": 6.0, "total_actions": 48, "first_action_tick": 117, "last_action_tick": 2135}}, "map_name": "baseline_division_of_labor", "final_score": 10.0}