tick,item,action,target,target_type,target_position,action_long,player_id,map_name,game_id,distance_walked,distance_walked_since_last_action,overall_score,player_score_change,player_score,walking_speed,cutting_speed,start_pos,condition
117,tomato,pick up,Dispenser_40,Dispenser,40,pick up tomato from dispenser,player_c75825b2,baseline_division_of_labor,ecb0b71ce1609f66,22.62741699796952,0.0,0.0,0.0,0.0,1.0,1.0,"(5, 2)","[p(2, 2)_cs(1.0)_ws(1.0)]_[p(5, 2)_cs(1.0)_ws(1.0)]"
153,tomato,start cutting,CuttingBoard_20,CuttingBoard,20,start cutting tomato,player_c75825b2,baseline_division_of_labor,ecb0b71ce1609f66,54.62741699796952,32.0,0.0,0.0,0.0,1.0,1.0,"(5, 2)","[p(2, 2)_cs(1.0)_ws(1.0)]_[p(5, 2)_cs(1.0)_ws(1.0)]"
205,plate,pick up,Dispenser_60,Dispenser,60,pick up plate from dispenser,player_c75825b2,baseline_division_of_labor,ecb0b71ce1609f66,118.62741699796952,64.0,0.0,0.0,0.0,1.0,1.0,"(5, 2)","[p(2, 2)_cs(1.0)_ws(1.0)]_[p(5, 2)_cs(1.0)_ws(1.0)]"
239,plate,put down,Counter_32,Counter,32,put down plate on counter,player_c75825b2,baseline_division_of_labor,ecb0b71ce1609f66,157.0344796647345,38.407062666764986,0.0,0.0,0.0,1.0,1.0,"(5, 2)","[p(2, 2)_cs(1.0)_ws(1.0)]_[p(5, 2)_cs(1.0)_ws(1.0)]"
268,plate,pick up,Dispenser_60,Dispenser,60,pick up plate from dispenser,player_c75825b2,baseline_division_of_labor,ecb0b71ce1609f66,195.44154233149945,38.40706266676494,0.0,0.0,0.0,1.0,1.0,"(5, 2)","[p(2, 2)_cs(1.0)_ws(1.0)]_[p(5, 2)_cs(1.0)_ws(1.0)]"
304,plate,put down,Counter_33,Counter,33,put down plate on counter,player_c75825b2,baseline_division_of_labor,ecb0b71ce1609f66,240.69637632743857,45.25483399593912,0.0,0.0,0.0,1.0,1.0,"(5, 2)","[p(2, 2)_cs(1.0)_ws(1.0)]_[p(5, 2)_cs(1.0)_ws(1.0)]"
404,plate,pick up,Dispenser_60,Dispenser,60,pick up plate from dispenser,player_c75825b2,baseline_division_of_labor,ecb0b71ce1609f66,387.2503028930134,146.5539265655748,0.0,0.0,0.0,1.0,1.0,"(5, 2)","[p(2, 2)_cs(1.0)_ws(1.0)]_[p(5, 2)_cs(1.0)_ws(1.0)]"
462,plate,put down,Counter_35,Counter,35,put down plate on counter,player_c75825b2,baseline_division_of_labor,ecb0b71ce1609f66,464.1844073235832,76.93410443056979,0.0,0.0,0.0,1.0,1.0,"(5, 2)","[p(2, 2)_cs(1.0)_ws(1.0)]_[p(5, 2)_cs(1.0)_ws(1.0)]"
492,tomato_salad,pick up,Counter_33,Counter,33,pick up tomato_salad from counter,player_c75825b2,baseline_division_of_labor,ecb0b71ce1609f66,496.1844073235832,32.0,0.0,0.0,0.0,1.0,1.0,"(5, 2)","[p(2, 2)_cs(1.0)_ws(1.0)]_[p(5, 2)_cs(1.0)_ws(1.0)]"
515,tomato_salad,deliver,Delivery_63,Delivery,63,deliver tomato_salad,player_c75825b2,baseline_division_of_labor,ecb0b71ce1609f66,512.1844073235832,16.0,1.0,1.0,1.0,1.0,1.0,"(5, 2)","[p(2, 2)_cs(1.0)_ws(1.0)]_[p(5, 2)_cs(1.0)_ws(1.0)]"
540,tomato_salad,pick up,Counter_32,Counter,32,pick up tomato_salad from counter,player_c75825b2,baseline_division_of_labor,ecb0b71ce1609f66,534.811824321553,22.627416997969817,1.0,0.0,1.0,1.0,1.0,"(5, 2)","[p(2, 2)_cs(1.0)_ws(1.0)]_[p(5, 2)_cs(1.0)_ws(1.0)]"
564,tomato_salad,deliver,Delivery_63,Delivery,63,deliver tomato_salad,player_c75825b2,baseline_division_of_labor,ecb0b71ce1609f66,557.4392413195228,22.627416997969817,2.0,1.0,2.0,1.0,1.0,"(5, 2)","[p(2, 2)_cs(1.0)_ws(1.0)]_[p(5, 2)_cs(1.0)_ws(1.0)]"
594,plate,pick up,Dispenser_60,Dispenser,60,pick up plate from dispenser,player_c75825b2,baseline_division_of_labor,ecb0b71ce1609f66,595.850501159549,38.41125984002622,2.0,0.0,2.0,1.0,1.0,"(5, 2)","[p(2, 2)_cs(1.0)_ws(1.0)]_[p(5, 2)_cs(1.0)_ws(1.0)]"
629,plate,put down,Counter_32,Counter,32,put down plate on counter,player_c75825b2,baseline_division_of_labor,ecb0b71ce1609f66,634.2575638263138,38.40706266676477,2.0,0.0,2.0,1.0,1.0,"(5, 2)","[p(2, 2)_cs(1.0)_ws(1.0)]_[p(5, 2)_cs(1.0)_ws(1.0)]"
665,plate,pick up,Dispenser_60,Dispenser,60,pick up plate from dispenser,player_c75825b2,baseline_division_of_labor,ecb0b71ce1609f66,672.6646264930789,38.407062666765114,2.0,0.0,2.0,1.0,1.0,"(5, 2)","[p(2, 2)_cs(1.0)_ws(1.0)]_[p(5, 2)_cs(1.0)_ws(1.0)]"
701,plate,put down,Counter_33,Counter,33,put down plate on counter,player_c75825b2,baseline_division_of_labor,ecb0b71ce1609f66,717.9194604890185,45.254833995939634,2.0,0.0,2.0,1.0,1.0,"(5, 2)","[p(2, 2)_cs(1.0)_ws(1.0)]_[p(5, 2)_cs(1.0)_ws(1.0)]"
761,plate,pick up,Dispenser_60,Dispenser,60,pick up plate from dispenser,player_c75825b2,baseline_division_of_labor,ecb0b71ce1609f66,763.1742944849582,45.254833995939634,2.0,0.0,2.0,1.0,1.0,"(5, 2)","[p(2, 2)_cs(1.0)_ws(1.0)]_[p(5, 2)_cs(1.0)_ws(1.0)]"
802,plate,put down,Counter_34,Counter,34,put down plate on counter,player_c75825b2,baseline_division_of_labor,ecb0b71ce1609f66,824.0904813874965,60.91618690253836,2.0,0.0,2.0,1.0,1.0,"(5, 2)","[p(2, 2)_cs(1.0)_ws(1.0)]_[p(5, 2)_cs(1.0)_ws(1.0)]"
844,tomato,pick up,Dispenser_40,Dispenser,40,pick up tomato from dispenser,player_c75825b2,baseline_division_of_labor,ecb0b71ce1609f66,872.090481387497,48.000000000000455,3.0,0.0,2.0,1.0,1.0,"(5, 2)","[p(2, 2)_cs(1.0)_ws(1.0)]_[p(5, 2)_cs(1.0)_ws(1.0)]"
879,tomato,start cutting,CuttingBoard_20,CuttingBoard,20,start cutting tomato,player_c75825b2,baseline_division_of_labor,ecb0b71ce1609f66,904.0904813874972,32.00000000000023,3.0,0.0,2.0,1.0,1.0,"(5, 2)","[p(2, 2)_cs(1.0)_ws(1.0)]_[p(5, 2)_cs(1.0)_ws(1.0)]"
921,plate,pick up,Dispenser_60,Dispenser,60,pick up plate from dispenser,player_c75825b2,baseline_division_of_labor,ecb0b71ce1609f66,968.0904813874974,64.00000000000023,3.0,0.0,2.0,1.0,1.0,"(5, 2)","[p(2, 2)_cs(1.0)_ws(1.0)]_[p(5, 2)_cs(1.0)_ws(1.0)]"
959,plate,put down,Counter_32,Counter,32,put down plate on counter,player_c75825b2,baseline_division_of_labor,ecb0b71ce1609f66,1006.4975440542622,38.40706266676477,3.0,0.0,2.0,1.0,1.0,"(5, 2)","[p(2, 2)_cs(1.0)_ws(1.0)]_[p(5, 2)_cs(1.0)_ws(1.0)]"
987,tomato_salad,pick up,Counter_33,Counter,33,pick up tomato_salad from counter,player_c75825b2,baseline_division_of_labor,ecb0b71ce1609f66,1022.4975440542623,16.000000000000114,3.0,0.0,2.0,1.0,1.0,"(5, 2)","[p(2, 2)_cs(1.0)_ws(1.0)]_[p(5, 2)_cs(1.0)_ws(1.0)]"
1014,tomato_salad,deliver,Delivery_63,Delivery,63,deliver tomato_salad,player_c75825b2,baseline_division_of_labor,ecb0b71ce1609f66,1038.4975440542619,15.999999999999545,4.0,1.0,3.0,1.0,1.0,"(5, 2)","[p(2, 2)_cs(1.0)_ws(1.0)]_[p(5, 2)_cs(1.0)_ws(1.0)]"
1051,plate,pick up,Dispenser_60,Dispenser,60,pick up plate from dispenser,player_c75825b2,baseline_division_of_labor,ecb0b71ce1609f66,1076.9088038942875,38.41125984002565,4.0,0.0,3.0,1.0,1.0,"(5, 2)","[p(2, 2)_cs(1.0)_ws(1.0)]_[p(5, 2)_cs(1.0)_ws(1.0)]"
1123,plate,put down,Counter_34,Counter,34,put down plate on counter,player_c75825b2,baseline_division_of_labor,ecb0b71ce1609f66,1138.1636378902251,61.25483399593759,4.0,0.0,3.0,1.0,1.0,"(5, 2)","[p(2, 2)_cs(1.0)_ws(1.0)]_[p(5, 2)_cs(1.0)_ws(1.0)]"
1166,tomato,pick up,Dispenser_40,Dispenser,40,pick up tomato from dispenser,player_c75825b2,baseline_division_of_labor,ecb0b71ce1609f66,1186.1636378902238,47.999999999998636,4.0,0.0,3.0,1.0,1.0,"(5, 2)","[p(2, 2)_cs(1.0)_ws(1.0)]_[p(5, 2)_cs(1.0)_ws(1.0)]"
1208,tomato,start cutting,CuttingBoard_10,CuttingBoard,10,start cutting tomato,player_c75825b2,baseline_division_of_labor,ecb0b71ce1609f66,1234.1636378902224,47.999999999998636,4.0,0.0,3.0,1.0,1.0,"(5, 2)","[p(2, 2)_cs(1.0)_ws(1.0)]_[p(5, 2)_cs(1.0)_ws(1.0)]"
1261,tomato_cut,pick up,CuttingBoard_10,CuttingBoard,10,pick up tomato_cut from cuttingboard,player_c75825b2,baseline_division_of_labor,ecb0b71ce1609f66,1234.1636378902224,0.0,4.0,0.0,3.0,1.0,1.0,"(5, 2)","[p(2, 2)_cs(1.0)_ws(1.0)]_[p(5, 2)_cs(1.0)_ws(1.0)]"
1289,tomato_cut,assemble salad,Counter_33,Counter,33,assemble salad,player_c75825b2,baseline_division_of_labor,ecb0b71ce1609f66,1272.5748977302485,38.411259840026105,4.0,0.0,3.0,1.0,1.0,"(5, 2)","[p(2, 2)_cs(1.0)_ws(1.0)]_[p(5, 2)_cs(1.0)_ws(1.0)]"
1326,tomato,pick up,Dispenser_40,Dispenser,40,pick up tomato from dispenser,player_c75825b2,baseline_division_of_labor,ecb0b71ce1609f66,1326.7432845588808,54.168386828632265,5.0,0.0,3.0,1.0,1.0,"(5, 2)","[p(2, 2)_cs(1.0)_ws(1.0)]_[p(5, 2)_cs(1.0)_ws(1.0)]"
1356,tomato,start cutting,CuttingBoard_20,CuttingBoard,20,start cutting tomato,player_c75825b2,baseline_division_of_labor,ecb0b71ce1609f66,1358.74328455888,31.999999999999318,5.0,0.0,3.0,1.0,1.0,"(5, 2)","[p(2, 2)_cs(1.0)_ws(1.0)]_[p(5, 2)_cs(1.0)_ws(1.0)]"
1432,plate,pick up,Dispenser_60,Dispenser,60,pick up plate from dispenser,player_c75825b2,baseline_division_of_labor,ecb0b71ce1609f66,1422.7432845588778,63.999999999997726,5.0,0.0,3.0,1.0,1.0,"(5, 2)","[p(2, 2)_cs(1.0)_ws(1.0)]_[p(5, 2)_cs(1.0)_ws(1.0)]"
1462,plate,put down,Counter_32,Counter,32,put down plate on counter,player_c75825b2,baseline_division_of_labor,ecb0b71ce1609f66,1461.1503472256418,38.40706266676398,5.0,0.0,3.0,1.0,1.0,"(5, 2)","[p(2, 2)_cs(1.0)_ws(1.0)]_[p(5, 2)_cs(1.0)_ws(1.0)]"
1501,tomato_cut,pick up,CuttingBoard_20,CuttingBoard,20,pick up tomato_cut from cuttingboard,player_c75825b2,baseline_division_of_labor,ecb0b71ce1609f66,1499.6572739505375,38.50692672489572,6.0,0.0,3.0,1.0,1.0,"(5, 2)","[p(2, 2)_cs(1.0)_ws(1.0)]_[p(5, 2)_cs(1.0)_ws(1.0)]"
1518,tomato_cut,assemble salad,Counter_32,Counter,32,assemble salad,player_c75825b2,baseline_division_of_labor,ecb0b71ce1609f66,1515.657273950537,15.999999999999545,6.0,0.0,3.0,1.0,1.0,"(5, 2)","[p(2, 2)_cs(1.0)_ws(1.0)]_[p(5, 2)_cs(1.0)_ws(1.0)]"
1606,tomato_cut,pick up,CuttingBoard_10,CuttingBoard,10,pick up tomato_cut from cuttingboard,player_c75825b2,baseline_division_of_labor,ecb0b71ce1609f66,1547.657273950536,31.999999999998863,7.0,0.0,3.0,1.0,1.0,"(5, 2)","[p(2, 2)_cs(1.0)_ws(1.0)]_[p(5, 2)_cs(1.0)_ws(1.0)]"
1643,tomato_cut,assemble salad,Counter_33,Counter,33,assemble salad,player_c75825b2,baseline_division_of_labor,ecb0b71ce1609f66,1586.068533790562,38.411259840026105,7.0,0.0,3.0,1.0,1.0,"(5, 2)","[p(2, 2)_cs(1.0)_ws(1.0)]_[p(5, 2)_cs(1.0)_ws(1.0)]"
1695,tomato,pick up,Dispenser_40,Dispenser,40,pick up tomato from dispenser,player_c75825b2,baseline_division_of_labor,ecb0b71ce1609f66,1640.2369206191943,54.168386828632265,7.0,0.0,3.0,1.0,1.0,"(5, 2)","[p(2, 2)_cs(1.0)_ws(1.0)]_[p(5, 2)_cs(1.0)_ws(1.0)]"
1818,tomato,start cutting,CuttingBoard_10,CuttingBoard,10,start cutting tomato,player_c75825b2,baseline_division_of_labor,ecb0b71ce1609f66,1688.236920619193,47.999999999998636,7.0,0.0,3.0,1.0,1.0,"(5, 2)","[p(2, 2)_cs(1.0)_ws(1.0)]_[p(5, 2)_cs(1.0)_ws(1.0)]"
1913,tomato_salad,pick up,Counter_34,Counter,34,pick up tomato_salad from counter,player_c75825b2,baseline_division_of_labor,ecb0b71ce1609f66,1742.6666780934645,54.42975747427158,7.0,0.0,3.0,1.0,1.0,"(5, 2)","[p(2, 2)_cs(1.0)_ws(1.0)]_[p(5, 2)_cs(1.0)_ws(1.0)]"
1968,tomato_salad,deliver,Delivery_63,Delivery,63,deliver tomato_salad,player_c75825b2,baseline_division_of_labor,ecb0b71ce1609f66,1840.9973955470339,98.33071745356938,8.0,1.0,4.0,1.0,1.0,"(5, 2)","[p(2, 2)_cs(1.0)_ws(1.0)]_[p(5, 2)_cs(1.0)_ws(1.0)]"
1993,tomato_salad,pick up,Counter_33,Counter,33,pick up tomato_salad from counter,player_c75825b2,baseline_division_of_labor,ecb0b71ce1609f66,1856.9973955470334,15.999999999999545,8.0,0.0,4.0,1.0,1.0,"(5, 2)","[p(2, 2)_cs(1.0)_ws(1.0)]_[p(5, 2)_cs(1.0)_ws(1.0)]"
2010,tomato_salad,deliver,Delivery_63,Delivery,63,deliver tomato_salad,player_c75825b2,baseline_division_of_labor,ecb0b71ce1609f66,1872.997395547033,15.999999999999545,9.0,1.0,5.0,1.0,1.0,"(5, 2)","[p(2, 2)_cs(1.0)_ws(1.0)]_[p(5, 2)_cs(1.0)_ws(1.0)]"
2041,tomato_salad,pick up,Counter_35,Counter,35,pick up tomato_salad from counter,player_c75825b2,baseline_division_of_labor,ecb0b71ce1609f66,1911.4044582137963,38.407062666763295,9.0,0.0,5.0,1.0,1.0,"(5, 2)","[p(2, 2)_cs(1.0)_ws(1.0)]_[p(5, 2)_cs(1.0)_ws(1.0)]"
2070,tomato_salad,deliver,Delivery_63,Delivery,63,deliver tomato_salad,player_c75825b2,baseline_division_of_labor,ecb0b71ce1609f66,1949.8115208805605,38.407062666764205,10.0,1.0,6.0,1.0,1.0,"(5, 2)","[p(2, 2)_cs(1.0)_ws(1.0)]_[p(5, 2)_cs(1.0)_ws(1.0)]"
2107,tomato,pick up,Dispenser_40,Dispenser,40,pick up tomato from dispenser,player_c75825b2,baseline_division_of_labor,ecb0b71ce1609f66,1988.2227807205861,38.41125984002565,10.0,0.0,6.0,1.0,1.0,"(5, 2)","[p(2, 2)_cs(1.0)_ws(1.0)]_[p(5, 2)_cs(1.0)_ws(1.0)]"
2135,tomato,start cutting,CuttingBoard_20,CuttingBoard,20,start cutting tomato,player_c75825b2,baseline_division_of_labor,ecb0b71ce1609f66,2020.2227807205854,31.999999999999318,10.0,0.0,6.0,1.0,1.0,"(5, 2)","[p(2, 2)_cs(1.0)_ws(1.0)]_[p(5, 2)_cs(1.0)_ws(1.0)]"
