{"agents": {"player_6956ee9b": {"initial_state": {"agent_id": "player_6956ee9b", "x": 40, "y": 40, "item": null, "url_params": {"gameType": ["tomatoSaladOnly"], "PROLIFIC_PID": ["66e46bfe1f78048b57ab10ba"], "map": ["baseline_division_of_labor"], "cutting_speed_p1": ["1"], "walking_speed_p1": ["0.2"], "cutting_speed_p2": ["0.2"], "walking_speed_p2": ["1"], "slot_x_p1": ["2"], "slot_y_p1": ["2"], "slot_x_p2": ["5"], "slot_y_p2": ["2"], "EIO": ["4"], "transport": ["polling"], "t": ["PZzal1d"]}, "cut_speed": 1.0, "walk_speed": 6.0, "player_nr": 1}, "player_score": 0.0, "total_actions": 13, "first_action_tick": 311, "last_action_tick": 2064}, "player_383873d5": {"initial_state": {"agent_id": "player_383873d5", "x": 88, "y": 40, "item": null, "url_params": {"gameType": ["tomatoSaladOnly"], "PROLIFIC_PID": ["669daa4686873852558b138a"], "map": ["baseline_division_of_labor"], "cutting_speed_p1": ["1"], "walking_speed_p1": ["0.2"], "cutting_speed_p2": ["0.2"], "walking_speed_p2": ["1"], "slot_x_p1": ["2"], "slot_y_p1": ["2"], "slot_x_p2": ["5"], "slot_y_p2": ["2"], "EIO": ["4"], "transport": ["polling"], "t": ["PZzaj5o"]}, "cut_speed": 0.2, "walk_speed": 30.0, "player_nr": 2}, "player_score": 2.0, "total_actions": 39, "first_action_tick": 69, "last_action_tick": 2159}}, "map_name": "baseline_division_of_labor", "final_score": 2.0}