tick,item,action,target,target_type,target_position,action_long,player_id,map_name,game_id,distance_walked,distance_walked_since_last_action,overall_score,player_score_change,player_score,walking_speed,cutting_speed,start_pos,condition
311,tomato_cut,pick up,CuttingBoard_20,CuttingBoard,20,pick up tomato_cut from cuttingboard,player_6956ee9b,baseline_division_of_labor,ea40d94596fb6150,94.1724073674349,0.0,0.0,0.0,0.0,0.2,1.0,"(2, 2)","[p(2, 2)_cs(1.0)_ws(0.2)]_[p(5, 2)_cs(0.2)_ws(1.0)]"
363,tomato_cut,assemble salad,Counter_32,Counter,32,assemble salad,player_6956ee9b,baseline_division_of_labor,ea40d94596fb6150,110.1724073674349,16.0,0.0,0.0,0.0,0.2,1.0,"(2, 2)","[p(2, 2)_cs(1.0)_ws(0.2)]_[p(5, 2)_cs(0.2)_ws(1.0)]"
443,tomato,pick up,Dispenser_50,Dispenser,50,pick up tomato from dispenser,player_6956ee9b,baseline_division_of_labor,ea40d94596fb6150,142.17240736743491,32.000000000000014,0.0,0.0,0.0,0.2,1.0,"(2, 2)","[p(2, 2)_cs(1.0)_ws(0.2)]_[p(5, 2)_cs(0.2)_ws(1.0)]"
580,tomato,start cutting,CuttingBoard_10,CuttingBoard,10,start cutting tomato,player_6956ee9b,baseline_division_of_labor,ea40d94596fb6150,206.1724073674347,63.99999999999977,0.0,0.0,0.0,0.2,1.0,"(2, 2)","[p(2, 2)_cs(1.0)_ws(0.2)]_[p(5, 2)_cs(0.2)_ws(1.0)]"
645,tomato_cut,pick up,CuttingBoard_10,CuttingBoard,10,pick up tomato_cut from cuttingboard,player_6956ee9b,baseline_division_of_labor,ea40d94596fb6150,206.1724073674347,0.0,0.0,0.0,0.0,0.2,1.0,"(2, 2)","[p(2, 2)_cs(1.0)_ws(0.2)]_[p(5, 2)_cs(0.2)_ws(1.0)]"
928,tomato_cut,put down,Counter_33,Counter,33,put down tomato_cut on counter,player_6956ee9b,baseline_division_of_labor,ea40d94596fb6150,244.7057734865041,38.53336611906943,0.0,0.0,0.0,0.2,1.0,"(2, 2)","[p(2, 2)_cs(1.0)_ws(0.2)]_[p(5, 2)_cs(0.2)_ws(1.0)]"
1073,tomato,pick up,Dispenser_40,Dispenser,40,pick up tomato from dispenser,player_6956ee9b,baseline_division_of_labor,ea40d94596fb6150,299.1208440344625,54.41507054795838,1.0,0.0,0.0,0.2,1.0,"(2, 2)","[p(2, 2)_cs(1.0)_ws(0.2)]_[p(5, 2)_cs(0.2)_ws(1.0)]"
1296,tomato,start cutting,CuttingBoard_10,CuttingBoard,10,start cutting tomato,player_6956ee9b,baseline_division_of_labor,ea40d94596fb6150,379.3037853961638,80.1829413617013,1.0,0.0,0.0,0.2,1.0,"(2, 2)","[p(2, 2)_cs(1.0)_ws(0.2)]_[p(5, 2)_cs(0.2)_ws(1.0)]"
1369,tomato_cut,pick up,CuttingBoard_10,CuttingBoard,10,pick up tomato_cut from cuttingboard,player_6956ee9b,baseline_division_of_labor,ea40d94596fb6150,379.3037853961638,0.0,1.0,0.0,0.0,0.2,1.0,"(2, 2)","[p(2, 2)_cs(1.0)_ws(0.2)]_[p(5, 2)_cs(0.2)_ws(1.0)]"
1508,tomato_cut,put down,Counter_34,Counter,34,put down tomato_cut on counter,player_6956ee9b,baseline_division_of_labor,ea40d94596fb6150,433.83715151523455,54.53336611907076,1.0,0.0,0.0,0.2,1.0,"(2, 2)","[p(2, 2)_cs(1.0)_ws(0.2)]_[p(5, 2)_cs(0.2)_ws(1.0)]"
1833,plate,pick up,Dispenser_60,Dispenser,60,pick up plate from dispenser,player_6956ee9b,baseline_division_of_labor,ea40d94596fb6150,536.2521984385626,102.41504692332802,1.0,0.0,0.0,0.2,1.0,"(2, 2)","[p(2, 2)_cs(1.0)_ws(0.2)]_[p(5, 2)_cs(0.2)_ws(1.0)]"
1962,plate,assemble salad,Counter_33,Counter,33,assemble salad,player_6956ee9b,baseline_division_of_labor,ea40d94596fb6150,581.5070324344983,45.25483399593577,1.0,0.0,0.0,0.2,1.0,"(2, 2)","[p(2, 2)_cs(1.0)_ws(0.2)]_[p(5, 2)_cs(0.2)_ws(1.0)]"
2064,plate,pick up,Dispenser_60,Dispenser,60,pick up plate from dispenser,player_6956ee9b,baseline_division_of_labor,ea40d94596fb6150,626.7618664304341,45.25483399593577,2.0,0.0,0.0,0.2,1.0,"(2, 2)","[p(2, 2)_cs(1.0)_ws(0.2)]_[p(5, 2)_cs(0.2)_ws(1.0)]"
