tick,item,action,target,target_type,target_position,action_long,player_id,map_name,game_id,distance_walked,distance_walked_since_last_action,overall_score,player_score_change,player_score,walking_speed,cutting_speed,start_pos,condition
69,tomato,pick up,Dispenser_40,Dispenser,40,pick up tomato from dispenser,player_383873d5,baseline_division_of_labor,ea40d94596fb6150,22.62741699796952,0.0,0.0,0.0,0.0,1.0,0.2,"(5, 2)","[p(2, 2)_cs(1.0)_ws(0.2)]_[p(5, 2)_cs(0.2)_ws(1.0)]"
98,tomato,put down,Counter_32,Counter,32,put down tomato on counter,player_383873d5,baseline_division_of_labor,ea40d94596fb6150,38.62741699796952,16.0,0.0,0.0,0.0,1.0,0.2,"(5, 2)","[p(2, 2)_cs(1.0)_ws(0.2)]_[p(5, 2)_cs(0.2)_ws(1.0)]"
143,tomato,pick up,Counter_32,Counter,32,pick up tomato from counter,player_383873d5,baseline_division_of_labor,ea40d94596fb6150,38.62741699796952,0.0,0.0,0.0,0.0,1.0,0.2,"(5, 2)","[p(2, 2)_cs(1.0)_ws(0.2)]_[p(5, 2)_cs(0.2)_ws(1.0)]"
165,tomato,start cutting,CuttingBoard_20,CuttingBoard,20,start cutting tomato,player_383873d5,baseline_division_of_labor,ea40d94596fb6150,54.62741699796952,16.0,0.0,0.0,0.0,1.0,0.2,"(5, 2)","[p(2, 2)_cs(1.0)_ws(0.2)]_[p(5, 2)_cs(0.2)_ws(1.0)]"
243,plate,pick up,Dispenser_60,Dispenser,60,pick up plate from dispenser,player_383873d5,baseline_division_of_labor,ea40d94596fb6150,118.62741699796952,64.0,0.0,0.0,0.0,1.0,0.2,"(5, 2)","[p(2, 2)_cs(1.0)_ws(0.2)]_[p(5, 2)_cs(0.2)_ws(1.0)]"
285,plate,put down,Counter_32,Counter,32,put down plate on counter,player_383873d5,baseline_division_of_labor,ea40d94596fb6150,157.0344796647345,38.407062666764986,0.0,0.0,0.0,1.0,0.2,"(5, 2)","[p(2, 2)_cs(1.0)_ws(0.2)]_[p(5, 2)_cs(0.2)_ws(1.0)]"
361,tomato,pick up,Dispenser_40,Dispenser,40,pick up tomato from dispenser,player_383873d5,baseline_division_of_labor,ea40d94596fb6150,227.54140638963105,70.50692672489654,0.0,0.0,0.0,1.0,0.2,"(5, 2)","[p(2, 2)_cs(1.0)_ws(0.2)]_[p(5, 2)_cs(0.2)_ws(1.0)]"
398,tomato,start cutting,CuttingBoard_20,CuttingBoard,20,start cutting tomato,player_383873d5,baseline_division_of_labor,ea40d94596fb6150,259.54140638963105,32.0,0.0,0.0,0.0,1.0,0.2,"(5, 2)","[p(2, 2)_cs(1.0)_ws(0.2)]_[p(5, 2)_cs(0.2)_ws(1.0)]"
554,tomato_salad,pick up,Counter_32,Counter,32,pick up tomato_salad from counter,player_383873d5,baseline_division_of_labor,ea40d94596fb6150,275.54140638963116,16.000000000000114,0.0,0.0,0.0,1.0,0.2,"(5, 2)","[p(2, 2)_cs(1.0)_ws(0.2)]_[p(5, 2)_cs(0.2)_ws(1.0)]"
593,tomato_salad,put down,Dispenser_60,Dispenser,60,put down tomato_salad on dispenser,player_383873d5,baseline_division_of_labor,ea40d94596fb6150,323.5414063896312,48.00000000000006,0.0,0.0,0.0,1.0,0.2,"(5, 2)","[p(2, 2)_cs(1.0)_ws(0.2)]_[p(5, 2)_cs(0.2)_ws(1.0)]"
593,plate,pick up,Dispenser_60,Dispenser,60,pick up plate from dispenser,player_383873d5,baseline_division_of_labor,ea40d94596fb6150,323.5414063896312,0.0,0.0,0.0,0.0,1.0,0.2,"(5, 2)","[p(2, 2)_cs(1.0)_ws(0.2)]_[p(5, 2)_cs(0.2)_ws(1.0)]"
651,plate,put down,Counter_32,Counter,32,put down plate on counter,player_383873d5,baseline_division_of_labor,ea40d94596fb6150,371.54140638963133,48.000000000000114,0.0,0.0,0.0,1.0,0.2,"(5, 2)","[p(2, 2)_cs(1.0)_ws(0.2)]_[p(5, 2)_cs(0.2)_ws(1.0)]"
733,plate,pick up,Counter_32,Counter,32,pick up plate from counter,player_383873d5,baseline_division_of_labor,ea40d94596fb6150,403.5414063896316,32.000000000000284,0.0,0.0,0.0,1.0,0.2,"(5, 2)","[p(2, 2)_cs(1.0)_ws(0.2)]_[p(5, 2)_cs(0.2)_ws(1.0)]"
748,plate,put down,Counter_32,Counter,32,put down plate on counter,player_383873d5,baseline_division_of_labor,ea40d94596fb6150,403.5414063896316,0.0,0.0,0.0,0.0,1.0,0.2,"(5, 2)","[p(2, 2)_cs(1.0)_ws(0.2)]_[p(5, 2)_cs(0.2)_ws(1.0)]"
766,plate,pick up,Counter_32,Counter,32,pick up plate from counter,player_383873d5,baseline_division_of_labor,ea40d94596fb6150,403.5414063896316,0.0,0.0,0.0,0.0,1.0,0.2,"(5, 2)","[p(2, 2)_cs(1.0)_ws(0.2)]_[p(5, 2)_cs(0.2)_ws(1.0)]"
800,plate,put down,CuttingBoard_20,CuttingBoard,20,put down plate on cuttingboard,player_383873d5,baseline_division_of_labor,ea40d94596fb6150,419.54140638963173,16.000000000000114,0.0,0.0,0.0,1.0,0.2,"(5, 2)","[p(2, 2)_cs(1.0)_ws(0.2)]_[p(5, 2)_cs(0.2)_ws(1.0)]"
800,tomato_cut,pick up,CuttingBoard_20,CuttingBoard,20,pick up tomato_cut from cuttingboard,player_383873d5,baseline_division_of_labor,ea40d94596fb6150,419.54140638963173,0.0,0.0,0.0,0.0,1.0,0.2,"(5, 2)","[p(2, 2)_cs(1.0)_ws(0.2)]_[p(5, 2)_cs(0.2)_ws(1.0)]"
815,tomato_cut,put down,Counter_32,Counter,32,put down tomato_cut on counter,player_383873d5,baseline_division_of_labor,ea40d94596fb6150,435.54140638963185,16.000000000000114,0.0,0.0,0.0,1.0,0.2,"(5, 2)","[p(2, 2)_cs(1.0)_ws(0.2)]_[p(5, 2)_cs(0.2)_ws(1.0)]"
886,plate,pick up,Dispenser_60,Dispenser,60,pick up plate from dispenser,player_383873d5,baseline_division_of_labor,ea40d94596fb6150,483.5414063896319,48.00000000000006,0.0,0.0,0.0,1.0,0.2,"(5, 2)","[p(2, 2)_cs(1.0)_ws(0.2)]_[p(5, 2)_cs(0.2)_ws(1.0)]"
938,plate,assemble salad,Counter_32,Counter,32,assemble salad,player_383873d5,baseline_division_of_labor,ea40d94596fb6150,521.9484690563967,38.40706266676477,0.0,0.0,0.0,1.0,0.2,"(5, 2)","[p(2, 2)_cs(1.0)_ws(0.2)]_[p(5, 2)_cs(0.2)_ws(1.0)]"
959,tomato_salad,pick up,Counter_32,Counter,32,pick up tomato_salad from counter,player_383873d5,baseline_division_of_labor,ea40d94596fb6150,521.9484690563967,0.0,0.0,0.0,0.0,1.0,0.2,"(5, 2)","[p(2, 2)_cs(1.0)_ws(0.2)]_[p(5, 2)_cs(0.2)_ws(1.0)]"
991,tomato_salad,deliver,Delivery_63,Delivery,63,deliver tomato_salad,player_383873d5,baseline_division_of_labor,ea40d94596fb6150,544.5758860543665,22.627416997969817,1.0,1.0,1.0,1.0,0.2,"(5, 2)","[p(2, 2)_cs(1.0)_ws(0.2)]_[p(5, 2)_cs(0.2)_ws(1.0)]"
1074,tomato,pick up,Dispenser_50,Dispenser,50,pick up tomato from dispenser,player_383873d5,baseline_division_of_labor,ea40d94596fb6150,576.5758860543668,32.00000000000034,1.0,0.0,1.0,1.0,0.2,"(5, 2)","[p(2, 2)_cs(1.0)_ws(0.2)]_[p(5, 2)_cs(0.2)_ws(1.0)]"
1124,tomato,start cutting,CuttingBoard_20,CuttingBoard,20,start cutting tomato,player_383873d5,baseline_division_of_labor,ea40d94596fb6150,624.5758860543671,48.00000000000023,1.0,0.0,1.0,1.0,0.2,"(5, 2)","[p(2, 2)_cs(1.0)_ws(0.2)]_[p(5, 2)_cs(0.2)_ws(1.0)]"
1187,plate,pick up,Dispenser_60,Dispenser,60,pick up plate from dispenser,player_383873d5,baseline_division_of_labor,ea40d94596fb6150,688.5758860543673,64.00000000000023,1.0,0.0,1.0,1.0,0.2,"(5, 2)","[p(2, 2)_cs(1.0)_ws(0.2)]_[p(5, 2)_cs(0.2)_ws(1.0)]"
1242,plate,put down,Counter_32,Counter,32,put down plate on counter,player_383873d5,baseline_division_of_labor,ea40d94596fb6150,726.9829487211321,38.40706266676477,1.0,0.0,1.0,1.0,0.2,"(5, 2)","[p(2, 2)_cs(1.0)_ws(0.2)]_[p(5, 2)_cs(0.2)_ws(1.0)]"
1258,plate,pick up,Counter_32,Counter,32,pick up plate from counter,player_383873d5,baseline_division_of_labor,ea40d94596fb6150,726.9829487211321,0.0,1.0,0.0,1.0,1.0,0.2,"(5, 2)","[p(2, 2)_cs(1.0)_ws(0.2)]_[p(5, 2)_cs(0.2)_ws(1.0)]"
1362,plate,put down,Counter_32,Counter,32,put down plate on counter,player_383873d5,baseline_division_of_labor,ea40d94596fb6150,781.4898754460291,54.506926724897085,1.0,0.0,1.0,1.0,0.2,"(5, 2)","[p(2, 2)_cs(1.0)_ws(0.2)]_[p(5, 2)_cs(0.2)_ws(1.0)]"
1487,plate,pick up,Counter_32,Counter,32,pick up plate from counter,player_383873d5,baseline_division_of_labor,ea40d94596fb6150,813.4898754460296,32.000000000000455,1.0,0.0,1.0,1.0,0.2,"(5, 2)","[p(2, 2)_cs(1.0)_ws(0.2)]_[p(5, 2)_cs(0.2)_ws(1.0)]"
1592,plate,put down,Counter_32,Counter,32,put down plate on counter,player_383873d5,baseline_division_of_labor,ea40d94596fb6150,845.48987544603,32.000000000000455,1.0,0.0,1.0,1.0,0.2,"(5, 2)","[p(2, 2)_cs(1.0)_ws(0.2)]_[p(5, 2)_cs(0.2)_ws(1.0)]"
1626,plate,pick up,Counter_32,Counter,32,pick up plate from counter,player_383873d5,baseline_division_of_labor,ea40d94596fb6150,845.48987544603,0.0,1.0,0.0,1.0,1.0,0.2,"(5, 2)","[p(2, 2)_cs(1.0)_ws(0.2)]_[p(5, 2)_cs(0.2)_ws(1.0)]"
1770,plate,put down,Counter_32,Counter,32,put down plate on counter,player_383873d5,baseline_division_of_labor,ea40d94596fb6150,877.4898754460305,32.000000000000455,1.0,0.0,1.0,1.0,0.2,"(5, 2)","[p(2, 2)_cs(1.0)_ws(0.2)]_[p(5, 2)_cs(0.2)_ws(1.0)]"
1916,tomato_cut,pick up,CuttingBoard_20,CuttingBoard,20,pick up tomato_cut from cuttingboard,player_383873d5,baseline_division_of_labor,ea40d94596fb6150,893.4898754460307,16.000000000000227,1.0,0.0,1.0,1.0,0.2,"(5, 2)","[p(2, 2)_cs(1.0)_ws(0.2)]_[p(5, 2)_cs(0.2)_ws(1.0)]"
1946,tomato_cut,assemble salad,Counter_32,Counter,32,assemble salad,player_383873d5,baseline_division_of_labor,ea40d94596fb6150,909.489875446031,16.000000000000227,1.0,0.0,1.0,1.0,0.2,"(5, 2)","[p(2, 2)_cs(1.0)_ws(0.2)]_[p(5, 2)_cs(0.2)_ws(1.0)]"
1971,tomato_salad,pick up,Counter_32,Counter,32,pick up tomato_salad from counter,player_383873d5,baseline_division_of_labor,ea40d94596fb6150,909.489875446031,0.0,1.0,0.0,1.0,1.0,0.2,"(5, 2)","[p(2, 2)_cs(1.0)_ws(0.2)]_[p(5, 2)_cs(0.2)_ws(1.0)]"
2008,tomato_salad,deliver,Delivery_63,Delivery,63,deliver tomato_salad,player_383873d5,baseline_division_of_labor,ea40d94596fb6150,954.7447094419706,45.254833995939634,2.0,1.0,2.0,1.0,0.2,"(5, 2)","[p(2, 2)_cs(1.0)_ws(0.2)]_[p(5, 2)_cs(0.2)_ws(1.0)]"
2059,tomato,pick up,Dispenser_40,Dispenser,40,pick up tomato from dispenser,player_383873d5,baseline_division_of_labor,ea40d94596fb6150,993.1559692819968,38.41125984002622,2.0,0.0,2.0,1.0,0.2,"(5, 2)","[p(2, 2)_cs(1.0)_ws(0.2)]_[p(5, 2)_cs(0.2)_ws(1.0)]"
2103,tomato,start cutting,CuttingBoard_20,CuttingBoard,20,start cutting tomato,player_383873d5,baseline_division_of_labor,ea40d94596fb6150,1025.1559692819972,32.00000000000034,2.0,0.0,2.0,1.0,0.2,"(5, 2)","[p(2, 2)_cs(1.0)_ws(0.2)]_[p(5, 2)_cs(0.2)_ws(1.0)]"
2159,plate,pick up,Dispenser_60,Dispenser,60,pick up plate from dispenser,player_383873d5,baseline_division_of_labor,ea40d94596fb6150,1089.155969281995,63.999999999997954,2.0,0.0,2.0,1.0,0.2,"(5, 2)","[p(2, 2)_cs(1.0)_ws(0.2)]_[p(5, 2)_cs(0.2)_ws(1.0)]"
