{"agents": {"player_872c59b8": {"initial_state": {"agent_id": "player_872c59b8", "x": 40, "y": 40, "item": null, "url_params": {"gameType": ["tomatoSaladOnly"], "PROLIFIC_PID": ["5cf245d4639b150018eb7351"], "map": ["baseline_division_of_labor"], "cutting_speed_p1": ["1"], "walking_speed_p1": ["1"], "cutting_speed_p2": ["1"], "walking_speed_p2": ["1"], "slot_x_p1": ["2"], "slot_y_p1": ["2"], "slot_x_p2": ["5"], "slot_y_p2": ["2"], "EIO": ["4"], "transport": ["polling"], "t": ["PZy0Vjd"]}, "cut_speed": 1.0, "walk_speed": 30.0, "player_nr": 1}, "player_score": 5.0, "total_actions": 46, "first_action_tick": 117, "last_action_tick": 2111}, "player_e7841128": {"initial_state": {"agent_id": "player_e7841128", "x": 88, "y": 40, "item": null, "url_params": {"gameType": ["tomatoSaladOnly"], "PROLIFIC_PID": ["671b8aa1c4ef721a8f684d2c"], "map": ["baseline_division_of_labor"], "cutting_speed_p1": ["1"], "walking_speed_p1": ["1"], "cutting_speed_p2": ["1"], "walking_speed_p2": ["1"], "slot_x_p1": ["2"], "slot_y_p1": ["2"], "slot_x_p2": ["5"], "slot_y_p2": ["2"], "EIO": ["4"], "transport": ["polling"], "t": ["PZy0Ywa"]}, "cut_speed": 1.0, "walk_speed": 30.0, "player_nr": 2}, "player_score": 2.0, "total_actions": 37, "first_action_tick": 170, "last_action_tick": 2152}}, "map_name": "baseline_division_of_labor", "final_score": 7.0}