tick,item,action,target,target_type,target_position,action_long,player_id,map_name,game_id,distance_walked,distance_walked_since_last_action,overall_score,player_score_change,player_score,walking_speed,cutting_speed,start_pos,condition,source,last_touched,touched_list,tomato_history,plate_history,is_exchange_collaboration
93,tomato,pick up,Dispenser_40,Dispenser,40,pick up tomato from dispenser,player_b421c8a6,forced_division_of_labor,f2f8d22639753093,22.62741699796952,0.0,0.0,0.0,0.0,1.0,1.0,"(5, 2)","[p(2, 2)_cs(1.0)_ws(1.0)]_[p(5, 2)_cs(1.0)_ws(1.0)]",player_b421c8a6_actions,,[],,,
117,tomato,put down,Counter_32,Counter,32,put down tomato on counter,player_b421c8a6,forced_division_of_labor,f2f8d22639753093,61.254833995939045,38.627416997969526,0.0,0.0,0.0,1.0,1.0,"(5, 2)","[p(2, 2)_cs(1.0)_ws(1.0)]_[p(5, 2)_cs(1.0)_ws(1.0)]",player_b421c8a6_actions,player_b421c8a6,['player_b421c8a6'],,,
135,tomato,pick up,Dispenser_40,Dispenser,40,pick up tomato from dispenser,player_b421c8a6,forced_division_of_labor,f2f8d22639753093,77.25483399593904,15.999999999999991,0.0,0.0,0.0,1.0,1.0,"(5, 2)","[p(2, 2)_cs(1.0)_ws(1.0)]_[p(5, 2)_cs(1.0)_ws(1.0)]",player_b421c8a6_actions,,[],,,
168,tomato,put down,Counter_34,Counter,34,put down tomato on counter,player_b421c8a6,forced_division_of_labor,f2f8d22639753093,125.25483399593904,48.0,0.0,0.0,0.0,1.0,1.0,"(5, 2)","[p(2, 2)_cs(1.0)_ws(1.0)]_[p(5, 2)_cs(1.0)_ws(1.0)]",player_b421c8a6_actions,player_b421c8a6,['player_b421c8a6'],,,
197,tomato,pick up,Dispenser_40,Dispenser,40,pick up tomato from dispenser,player_b421c8a6,forced_division_of_labor,f2f8d22639753093,173.25483399593904,48.0,0.0,0.0,0.0,1.0,1.0,"(5, 2)","[p(2, 2)_cs(1.0)_ws(1.0)]_[p(5, 2)_cs(1.0)_ws(1.0)]",player_b421c8a6_actions,,[],,,
234,tomato,put down,Counter_35,Counter,35,put down tomato on counter,player_b421c8a6,forced_division_of_labor,f2f8d22639753093,237.25483399593904,64.0,0.0,0.0,0.0,1.0,1.0,"(5, 2)","[p(2, 2)_cs(1.0)_ws(1.0)]_[p(5, 2)_cs(1.0)_ws(1.0)]",player_b421c8a6_actions,player_b421c8a6,['player_b421c8a6'],,,
253,tomato,pick up,Counter_32,Counter,32,pick up tomato from counter,player_e72e7500,forced_division_of_labor,f2f8d22639753093,32.0,0.0,0.0,0.0,0.0,1.0,1.0,"(2, 2)","[p(2, 2)_cs(1.0)_ws(1.0)]_[p(5, 2)_cs(1.0)_ws(1.0)]",player_e72e7500_actions,player_b421c8a6,['player_b421c8a6'],,,True
260,tomato,put down,Counter_32,Counter,32,put down tomato on counter,player_e72e7500,forced_division_of_labor,f2f8d22639753093,32.0,0.0,0.0,0.0,0.0,1.0,1.0,"(2, 2)","[p(2, 2)_cs(1.0)_ws(1.0)]_[p(5, 2)_cs(1.0)_ws(1.0)]",player_e72e7500_actions,player_e72e7500,"['player_b421c8a6', 'player_e72e7500']",,,
272,tomato,pick up,Dispenser_40,Dispenser,40,pick up tomato from dispenser,player_b421c8a6,forced_division_of_labor,f2f8d22639753093,301.25483399593946,64.00000000000043,0.0,0.0,0.0,1.0,1.0,"(5, 2)","[p(2, 2)_cs(1.0)_ws(1.0)]_[p(5, 2)_cs(1.0)_ws(1.0)]",player_b421c8a6_actions,,[],,,
295,tomato,put down,Counter_33,Counter,33,put down tomato on counter,player_b421c8a6,forced_division_of_labor,f2f8d22639753093,333.25483399593975,32.000000000000284,0.0,0.0,0.0,1.0,1.0,"(5, 2)","[p(2, 2)_cs(1.0)_ws(1.0)]_[p(5, 2)_cs(1.0)_ws(1.0)]",player_b421c8a6_actions,player_b421c8a6,['player_b421c8a6'],,,
308,tomato,pick up,Counter_32,Counter,32,pick up tomato from counter,player_e72e7500,forced_division_of_labor,f2f8d22639753093,64.0,32.0,0.0,0.0,0.0,1.0,1.0,"(2, 2)","[p(2, 2)_cs(1.0)_ws(1.0)]_[p(5, 2)_cs(1.0)_ws(1.0)]",player_e72e7500_actions,player_e72e7500,"['player_b421c8a6', 'player_e72e7500']",,,False
329,plate,pick up,Dispenser_60,Dispenser,60,pick up plate from dispenser,player_b421c8a6,forced_division_of_labor,f2f8d22639753093,378.5096679918786,45.25483399593884,0.0,0.0,0.0,1.0,1.0,"(5, 2)","[p(2, 2)_cs(1.0)_ws(1.0)]_[p(5, 2)_cs(1.0)_ws(1.0)]",player_b421c8a6_actions,,[],,,
335,tomato,start cutting,CuttingBoard_20,CuttingBoard,20,start cutting tomato,player_e72e7500,forced_division_of_labor,f2f8d22639753093,80.0,16.0,0.0,0.0,0.0,1.0,1.0,"(2, 2)","[p(2, 2)_cs(1.0)_ws(1.0)]_[p(5, 2)_cs(1.0)_ws(1.0)]",player_e72e7500_actions,player_e72e7500,"['player_b421c8a6', 'player_e72e7500', 'player_e72e7500']",,,
359,plate,put down,Counter_32,Counter,32,put down plate on counter,player_b421c8a6,forced_division_of_labor,f2f8d22639753093,416.9167306586436,38.407062666765,0.0,0.0,0.0,1.0,1.0,"(5, 2)","[p(2, 2)_cs(1.0)_ws(1.0)]_[p(5, 2)_cs(1.0)_ws(1.0)]",player_b421c8a6_actions,player_b421c8a6,['player_b421c8a6'],,,
411,tomato,pick up,Counter_33,Counter,33,pick up tomato from counter,player_e72e7500,forced_division_of_labor,f2f8d22639753093,112.0,32.0,0.0,0.0,0.0,1.0,1.0,"(2, 2)","[p(2, 2)_cs(1.0)_ws(1.0)]_[p(5, 2)_cs(1.0)_ws(1.0)]",player_e72e7500_actions,player_b421c8a6,['player_b421c8a6'],,,True
434,tomato,pick up,Dispenser_40,Dispenser,40,pick up tomato from dispenser,player_b421c8a6,forced_division_of_labor,f2f8d22639753093,432.91673065864376,16.00000000000017,0.0,0.0,0.0,1.0,1.0,"(5, 2)","[p(2, 2)_cs(1.0)_ws(1.0)]_[p(5, 2)_cs(1.0)_ws(1.0)]",player_b421c8a6_actions,,[],,,
452,tomato,start cutting,CuttingBoard_10,CuttingBoard,10,start cutting tomato,player_e72e7500,forced_division_of_labor,f2f8d22639753093,150.41125984002602,38.41125984002602,0.0,0.0,0.0,1.0,1.0,"(2, 2)","[p(2, 2)_cs(1.0)_ws(1.0)]_[p(5, 2)_cs(1.0)_ws(1.0)]",player_e72e7500_actions,player_e72e7500,"['player_b421c8a6', 'player_e72e7500']",,,
456,tomato,put down,Dispenser_60,Dispenser,60,put down tomato on dispenser,player_b421c8a6,forced_division_of_labor,f2f8d22639753093,464.91673065864376,32.0,0.0,0.0,0.0,1.0,1.0,"(5, 2)","[p(2, 2)_cs(1.0)_ws(1.0)]_[p(5, 2)_cs(1.0)_ws(1.0)]",player_b421c8a6_actions,player_b421c8a6,['player_b421c8a6'],,,
456,plate,pick up,Dispenser_60,Dispenser,60,pick up plate from dispenser,player_b421c8a6,forced_division_of_labor,f2f8d22639753093,464.91673065864376,0.0,0.0,0.0,0.0,1.0,1.0,"(5, 2)","[p(2, 2)_cs(1.0)_ws(1.0)]_[p(5, 2)_cs(1.0)_ws(1.0)]",player_b421c8a6_actions,,[],,,
480,tomato_cut,pick up,CuttingBoard_20,CuttingBoard,20,pick up tomato_cut from cuttingboard,player_e72e7500,forced_division_of_labor,f2f8d22639753093,166.41125984002602,16.0,0.0,0.0,0.0,1.0,1.0,"(2, 2)","[p(2, 2)_cs(1.0)_ws(1.0)]_[p(5, 2)_cs(1.0)_ws(1.0)]",player_e72e7500_actions,player_e72e7500,"['player_b421c8a6', 'player_e72e7500', 'player_e72e7500']",,,False
483,plate,put down,Counter_33,Counter,33,put down plate on counter,player_b421c8a6,forced_division_of_labor,f2f8d22639753093,510.1715646545827,45.25483399593895,0.0,0.0,0.0,1.0,1.0,"(5, 2)","[p(2, 2)_cs(1.0)_ws(1.0)]_[p(5, 2)_cs(1.0)_ws(1.0)]",player_b421c8a6_actions,player_b421c8a6,['player_b421c8a6'],,,
509,tomato_cut,assemble salad,Counter_32,Counter,32,assemble salad,player_e72e7500,forced_division_of_labor,f2f8d22639753093,182.411259840026,16.0,0.0,0.0,0.0,1.0,1.0,"(2, 2)","[p(2, 2)_cs(1.0)_ws(1.0)]_[p(5, 2)_cs(1.0)_ws(1.0)]",player_e72e7500_actions,player_b421c8a6,['player_e72e7500'],"['player_b421c8a6', 'player_e72e7500', 'player_e72e7500', 'player_e72e7500']",['player_b421c8a6'],True
528,tomato_salad,pick up,Counter_32,Counter,32,pick up tomato_salad from counter,player_b421c8a6,forced_division_of_labor,f2f8d22639753093,526.1715646545829,16.00000000000017,0.0,0.0,0.0,1.0,1.0,"(5, 2)","[p(2, 2)_cs(1.0)_ws(1.0)]_[p(5, 2)_cs(1.0)_ws(1.0)]",player_b421c8a6_actions,player_e72e7500,['player_e72e7500'],"['player_b421c8a6', 'player_e72e7500', 'player_e72e7500', 'player_e72e7500']",['player_b421c8a6'],True
543,tomato_salad,deliver,Delivery_63,Delivery,63,deliver tomato_salad,player_b421c8a6,forced_division_of_labor,f2f8d22639753093,548.7989816525527,22.627416997969817,1.0,1.0,1.0,1.0,1.0,"(5, 2)","[p(2, 2)_cs(1.0)_ws(1.0)]_[p(5, 2)_cs(1.0)_ws(1.0)]",player_b421c8a6_actions,player_b421c8a6,"['player_e72e7500', 'player_b421c8a6']","['player_b421c8a6', 'player_e72e7500', 'player_e72e7500', 'player_e72e7500']",['player_b421c8a6'],
573,plate,pick up,Dispenser_60,Dispenser,60,pick up plate from dispenser,player_b421c8a6,forced_division_of_labor,f2f8d22639753093,587.2102414925789,38.41125984002622,1.0,0.0,1.0,1.0,1.0,"(5, 2)","[p(2, 2)_cs(1.0)_ws(1.0)]_[p(5, 2)_cs(1.0)_ws(1.0)]",player_b421c8a6_actions,,[],,,
590,tomato_cut,pick up,CuttingBoard_10,CuttingBoard,10,pick up tomato_cut from cuttingboard,player_e72e7500,forced_division_of_labor,f2f8d22639753093,205.0386768379956,22.62741699796956,1.0,0.0,0.0,1.0,1.0,"(2, 2)","[p(2, 2)_cs(1.0)_ws(1.0)]_[p(5, 2)_cs(1.0)_ws(1.0)]",player_e72e7500_actions,player_e72e7500,"['player_b421c8a6', 'player_e72e7500']",,,False
599,plate,put down,Counter_32,Counter,32,put down plate on counter,player_b421c8a6,forced_division_of_labor,f2f8d22639753093,625.6173041593437,38.40706266676477,1.0,0.0,1.0,1.0,1.0,"(5, 2)","[p(2, 2)_cs(1.0)_ws(1.0)]_[p(5, 2)_cs(1.0)_ws(1.0)]",player_b421c8a6_actions,player_b421c8a6,['player_b421c8a6'],,,
629,tomato_cut,assemble salad,Counter_33,Counter,33,assemble salad,player_e72e7500,forced_division_of_labor,f2f8d22639753093,243.4499366780216,38.41125984002602,1.0,0.0,0.0,1.0,1.0,"(2, 2)","[p(2, 2)_cs(1.0)_ws(1.0)]_[p(5, 2)_cs(1.0)_ws(1.0)]",player_e72e7500_actions,player_b421c8a6,['player_e72e7500'],"['player_b421c8a6', 'player_e72e7500', 'player_e72e7500']",['player_b421c8a6'],True
663,tomato_salad,pick up,Counter_33,Counter,33,pick up tomato_salad from counter,player_b421c8a6,forced_division_of_labor,f2f8d22639753093,641.6173041593438,16.000000000000114,1.0,0.0,1.0,1.0,1.0,"(5, 2)","[p(2, 2)_cs(1.0)_ws(1.0)]_[p(5, 2)_cs(1.0)_ws(1.0)]",player_b421c8a6_actions,player_e72e7500,['player_e72e7500'],"['player_b421c8a6', 'player_e72e7500', 'player_e72e7500']",['player_b421c8a6'],True
670,tomato,pick up,Counter_34,Counter,34,pick up tomato from counter,player_e72e7500,forced_division_of_labor,f2f8d22639753093,259.4499366780216,15.999999999999972,1.0,0.0,0.0,1.0,1.0,"(2, 2)","[p(2, 2)_cs(1.0)_ws(1.0)]_[p(5, 2)_cs(1.0)_ws(1.0)]",player_e72e7500_actions,player_b421c8a6,['player_b421c8a6'],,,True
678,tomato_salad,deliver,Delivery_63,Delivery,63,deliver tomato_salad,player_b421c8a6,forced_division_of_labor,f2f8d22639753093,657.6173041593438,16.0,2.0,1.0,2.0,1.0,1.0,"(5, 2)","[p(2, 2)_cs(1.0)_ws(1.0)]_[p(5, 2)_cs(1.0)_ws(1.0)]",player_b421c8a6_actions,player_b421c8a6,"['player_e72e7500', 'player_b421c8a6']","['player_b421c8a6', 'player_e72e7500', 'player_e72e7500']",['player_b421c8a6'],
704,tomato,pick up,Dispenser_40,Dispenser,40,pick up tomato from dispenser,player_b421c8a6,forced_division_of_labor,f2f8d22639753093,696.02856399937,38.41125984002622,2.0,0.0,2.0,1.0,1.0,"(5, 2)","[p(2, 2)_cs(1.0)_ws(1.0)]_[p(5, 2)_cs(1.0)_ws(1.0)]",player_b421c8a6_actions,,[],,,
708,tomato,start cutting,CuttingBoard_20,CuttingBoard,20,start cutting tomato,player_e72e7500,forced_division_of_labor,f2f8d22639753093,307.449936678022,48.000000000000455,2.0,0.0,0.0,1.0,1.0,"(2, 2)","[p(2, 2)_cs(1.0)_ws(1.0)]_[p(5, 2)_cs(1.0)_ws(1.0)]",player_e72e7500_actions,player_e72e7500,"['player_b421c8a6', 'player_e72e7500']",,,
731,tomato,put down,Counter_34,Counter,34,put down tomato on counter,player_b421c8a6,forced_division_of_labor,f2f8d22639753093,744.0285639993705,48.000000000000455,2.0,0.0,2.0,1.0,1.0,"(5, 2)","[p(2, 2)_cs(1.0)_ws(1.0)]_[p(5, 2)_cs(1.0)_ws(1.0)]",player_b421c8a6_actions,player_b421c8a6,['player_b421c8a6'],,,
753,tomato,pick up,Counter_35,Counter,35,pick up tomato from counter,player_e72e7500,forced_division_of_labor,f2f8d22639753093,371.4499366780225,64.00000000000045,2.0,0.0,0.0,1.0,1.0,"(2, 2)","[p(2, 2)_cs(1.0)_ws(1.0)]_[p(5, 2)_cs(1.0)_ws(1.0)]",player_e72e7500_actions,player_b421c8a6,['player_b421c8a6'],,,True
765,plate,pick up,Dispenser_60,Dispenser,60,pick up plate from dispenser,player_b421c8a6,forced_division_of_labor,f2f8d22639753093,804.9447509019085,60.916186902538016,2.0,0.0,2.0,1.0,1.0,"(5, 2)","[p(2, 2)_cs(1.0)_ws(1.0)]_[p(5, 2)_cs(1.0)_ws(1.0)]",player_b421c8a6_actions,,[],,,
801,tomato,start cutting,CuttingBoard_10,CuttingBoard,10,start cutting tomato,player_e72e7500,forced_division_of_labor,f2f8d22639753093,441.94184920194954,70.49191252392706,2.0,0.0,0.0,1.0,1.0,"(2, 2)","[p(2, 2)_cs(1.0)_ws(1.0)]_[p(5, 2)_cs(1.0)_ws(1.0)]",player_e72e7500_actions,player_e72e7500,"['player_b421c8a6', 'player_e72e7500']",,,
805,plate,put down,Counter_35,Counter,35,put down plate on counter,player_b421c8a6,forced_division_of_labor,f2f8d22639753093,880.5983524616031,75.65360155969461,2.0,0.0,2.0,1.0,1.0,"(5, 2)","[p(2, 2)_cs(1.0)_ws(1.0)]_[p(5, 2)_cs(1.0)_ws(1.0)]",player_b421c8a6_actions,player_b421c8a6,['player_b421c8a6'],,,
847,tomato,pick up,Dispenser_40,Dispenser,40,pick up tomato from dispenser,player_b421c8a6,forced_division_of_labor,f2f8d22639753093,944.5983524616034,64.00000000000034,2.0,0.0,2.0,1.0,1.0,"(5, 2)","[p(2, 2)_cs(1.0)_ws(1.0)]_[p(5, 2)_cs(1.0)_ws(1.0)]",player_b421c8a6_actions,,[],,,
856,tomato_cut,pick up,CuttingBoard_20,CuttingBoard,20,pick up tomato_cut from cuttingboard,player_e72e7500,forced_division_of_labor,f2f8d22639753093,457.9418492019497,16.000000000000114,2.0,0.0,0.0,1.0,1.0,"(2, 2)","[p(2, 2)_cs(1.0)_ws(1.0)]_[p(5, 2)_cs(1.0)_ws(1.0)]",player_e72e7500_actions,player_e72e7500,"['player_b421c8a6', 'player_e72e7500']",,,False
868,tomato,put down,Counter_33,Counter,33,put down tomato on counter,player_b421c8a6,forced_division_of_labor,f2f8d22639753093,976.5983524616038,32.00000000000034,2.0,0.0,2.0,1.0,1.0,"(5, 2)","[p(2, 2)_cs(1.0)_ws(1.0)]_[p(5, 2)_cs(1.0)_ws(1.0)]",player_b421c8a6_actions,player_b421c8a6,['player_b421c8a6'],,,
883,tomato_cut,assemble salad,Counter_32,Counter,32,assemble salad,player_e72e7500,forced_division_of_labor,f2f8d22639753093,473.94184920194976,16.000000000000114,2.0,0.0,0.0,1.0,1.0,"(2, 2)","[p(2, 2)_cs(1.0)_ws(1.0)]_[p(5, 2)_cs(1.0)_ws(1.0)]",player_e72e7500_actions,player_b421c8a6,['player_e72e7500'],"['player_b421c8a6', 'player_e72e7500', 'player_e72e7500']",['player_b421c8a6'],True
900,tomato_salad,pick up,Counter_32,Counter,32,pick up tomato_salad from counter,player_b421c8a6,forced_division_of_labor,f2f8d22639753093,992.598352461604,16.000000000000227,2.0,0.0,2.0,1.0,1.0,"(5, 2)","[p(2, 2)_cs(1.0)_ws(1.0)]_[p(5, 2)_cs(1.0)_ws(1.0)]",player_b421c8a6_actions,player_e72e7500,['player_e72e7500'],"['player_b421c8a6', 'player_e72e7500', 'player_e72e7500']",['player_b421c8a6'],True
919,tomato_salad,deliver,Delivery_63,Delivery,63,deliver tomato_salad,player_b421c8a6,forced_division_of_labor,f2f8d22639753093,1015.2257694595738,22.627416997969817,3.0,1.0,3.0,1.0,1.0,"(5, 2)","[p(2, 2)_cs(1.0)_ws(1.0)]_[p(5, 2)_cs(1.0)_ws(1.0)]",player_b421c8a6_actions,player_b421c8a6,"['player_e72e7500', 'player_b421c8a6']","['player_b421c8a6', 'player_e72e7500', 'player_e72e7500']",['player_b421c8a6'],
934,tomato,pick up,Counter_33,Counter,33,pick up tomato from counter,player_b421c8a6,forced_division_of_labor,f2f8d22639753093,1031.2257694595737,15.99999999999966,3.0,0.0,3.0,1.0,1.0,"(5, 2)","[p(2, 2)_cs(1.0)_ws(1.0)]_[p(5, 2)_cs(1.0)_ws(1.0)]",player_b421c8a6_actions,player_b421c8a6,['player_b421c8a6'],,,False
935,tomato_cut,pick up,CuttingBoard_10,CuttingBoard,10,pick up tomato_cut from cuttingboard,player_e72e7500,forced_division_of_labor,f2f8d22639753093,496.5692661999192,22.627416997969476,3.0,0.0,0.0,1.0,1.0,"(2, 2)","[p(2, 2)_cs(1.0)_ws(1.0)]_[p(5, 2)_cs(1.0)_ws(1.0)]",player_e72e7500_actions,player_e72e7500,"['player_b421c8a6', 'player_e72e7500']",,,False
947,tomato,put down,Counter_32,Counter,32,put down tomato on counter,player_b421c8a6,forced_division_of_labor,f2f8d22639753093,1047.225769459573,15.999999999999543,3.0,0.0,3.0,1.0,1.0,"(5, 2)","[p(2, 2)_cs(1.0)_ws(1.0)]_[p(5, 2)_cs(1.0)_ws(1.0)]",player_b421c8a6_actions,player_b421c8a6,"['player_b421c8a6', 'player_b421c8a6']",,,
972,tomato,pick up,Counter_34,Counter,34,pick up tomato from counter,player_b421c8a6,forced_division_of_labor,f2f8d22639753093,1079.2257694595723,31.99999999999932,3.0,0.0,3.0,1.0,1.0,"(5, 2)","[p(2, 2)_cs(1.0)_ws(1.0)]_[p(5, 2)_cs(1.0)_ws(1.0)]",player_b421c8a6_actions,player_b421c8a6,['player_b421c8a6'],,,False
984,tomato_cut,assemble salad,Counter_35,Counter,35,assemble salad,player_e72e7500,forced_division_of_labor,f2f8d22639753093,567.0626507751795,70.49338457526022,3.0,0.0,0.0,1.0,1.0,"(2, 2)","[p(2, 2)_cs(1.0)_ws(1.0)]_[p(5, 2)_cs(1.0)_ws(1.0)]",player_e72e7500_actions,player_b421c8a6,['player_e72e7500'],"['player_b421c8a6', 'player_e72e7500', 'player_e72e7500']",['player_b421c8a6'],True
986,tomato,put down,Counter_33,Counter,33,put down tomato on counter,player_b421c8a6,forced_division_of_labor,f2f8d22639753093,1095.225769459572,15.999999999999543,3.0,0.0,3.0,1.0,1.0,"(5, 2)","[p(2, 2)_cs(1.0)_ws(1.0)]_[p(5, 2)_cs(1.0)_ws(1.0)]",player_b421c8a6_actions,player_b421c8a6,"['player_b421c8a6', 'player_b421c8a6']",,,
1009,tomato_salad,pick up,Counter_35,Counter,35,pick up tomato_salad from counter,player_b421c8a6,forced_division_of_labor,f2f8d22639753093,1127.225769459571,31.99999999999909,3.0,0.0,3.0,1.0,1.0,"(5, 2)","[p(2, 2)_cs(1.0)_ws(1.0)]_[p(5, 2)_cs(1.0)_ws(1.0)]",player_b421c8a6_actions,player_e72e7500,['player_e72e7500'],"['player_b421c8a6', 'player_e72e7500', 'player_e72e7500']",['player_b421c8a6'],True
1025,tomato_salad,deliver,Delivery_64,Delivery,64,deliver tomato_salad,player_b421c8a6,forced_division_of_labor,f2f8d22639753093,1149.85318645754,22.62741699796902,4.0,1.0,4.0,1.0,1.0,"(5, 2)","[p(2, 2)_cs(1.0)_ws(1.0)]_[p(5, 2)_cs(1.0)_ws(1.0)]",player_b421c8a6_actions,player_b421c8a6,"['player_e72e7500', 'player_b421c8a6']","['player_b421c8a6', 'player_e72e7500', 'player_e72e7500']",['player_b421c8a6'],
1033,tomato,pick up,Counter_32,Counter,32,pick up tomato from counter,player_e72e7500,forced_division_of_labor,f2f8d22639753093,615.0626507751797,48.00000000000023,4.0,0.0,0.0,1.0,1.0,"(2, 2)","[p(2, 2)_cs(1.0)_ws(1.0)]_[p(5, 2)_cs(1.0)_ws(1.0)]",player_e72e7500_actions,player_b421c8a6,"['player_b421c8a6', 'player_b421c8a6']",,,True
1056,plate,pick up,Dispenser_60,Dispenser,60,pick up plate from dispenser,player_b421c8a6,forced_division_of_labor,f2f8d22639753093,1204.2725581007876,54.41937164324759,4.0,0.0,4.0,1.0,1.0,"(5, 2)","[p(2, 2)_cs(1.0)_ws(1.0)]_[p(5, 2)_cs(1.0)_ws(1.0)]",player_b421c8a6_actions,,[],,,
1058,tomato,start cutting,CuttingBoard_20,CuttingBoard,20,start cutting tomato,player_e72e7500,forced_division_of_labor,f2f8d22639753093,631.0626507751799,16.000000000000227,4.0,0.0,0.0,1.0,1.0,"(2, 2)","[p(2, 2)_cs(1.0)_ws(1.0)]_[p(5, 2)_cs(1.0)_ws(1.0)]",player_e72e7500_actions,player_e72e7500,"['player_b421c8a6', 'player_b421c8a6', 'player_e72e7500']",,,
1087,plate,put down,Counter_34,Counter,34,put down plate on counter,player_b421c8a6,forced_division_of_labor,f2f8d22639753093,1265.1887450033244,60.916186902536765,4.0,0.0,4.0,1.0,1.0,"(5, 2)","[p(2, 2)_cs(1.0)_ws(1.0)]_[p(5, 2)_cs(1.0)_ws(1.0)]",player_b421c8a6_actions,player_b421c8a6,['player_b421c8a6'],,,
1095,tomato,pick up,Counter_33,Counter,33,pick up tomato from counter,player_e72e7500,forced_division_of_labor,f2f8d22639753093,663.0626507751803,32.00000000000034,4.0,0.0,0.0,1.0,1.0,"(2, 2)","[p(2, 2)_cs(1.0)_ws(1.0)]_[p(5, 2)_cs(1.0)_ws(1.0)]",player_e72e7500_actions,player_b421c8a6,"['player_b421c8a6', 'player_b421c8a6']",,,True
1115,tomato,pick up,Dispenser_40,Dispenser,40,pick up tomato from dispenser,player_b421c8a6,forced_division_of_labor,f2f8d22639753093,1313.188745003323,47.99999999999864,4.0,0.0,4.0,1.0,1.0,"(5, 2)","[p(2, 2)_cs(1.0)_ws(1.0)]_[p(5, 2)_cs(1.0)_ws(1.0)]",player_b421c8a6_actions,,[],,,
1122,tomato,start cutting,CuttingBoard_10,CuttingBoard,10,start cutting tomato,player_e72e7500,forced_division_of_labor,f2f8d22639753093,701.4739106152063,38.41125984002599,4.0,0.0,0.0,1.0,1.0,"(2, 2)","[p(2, 2)_cs(1.0)_ws(1.0)]_[p(5, 2)_cs(1.0)_ws(1.0)]",player_e72e7500_actions,player_e72e7500,"['player_b421c8a6', 'player_b421c8a6', 'player_e72e7500']",,,
1133,tomato,put down,Counter_33,Counter,33,put down tomato on counter,player_b421c8a6,forced_division_of_labor,f2f8d22639753093,1345.188745003322,31.999999999998863,4.0,0.0,4.0,1.0,1.0,"(5, 2)","[p(2, 2)_cs(1.0)_ws(1.0)]_[p(5, 2)_cs(1.0)_ws(1.0)]",player_b421c8a6_actions,player_b421c8a6,['player_b421c8a6'],,,
1152,tomato,pick up,Dispenser_40,Dispenser,40,pick up tomato from dispenser,player_b421c8a6,forced_division_of_labor,f2f8d22639753093,1377.188745003321,31.99999999999909,4.0,0.0,4.0,1.0,1.0,"(5, 2)","[p(2, 2)_cs(1.0)_ws(1.0)]_[p(5, 2)_cs(1.0)_ws(1.0)]",player_b421c8a6_actions,,[],,,
1165,tomato,put down,Counter_32,Counter,32,put down tomato on counter,player_b421c8a6,forced_division_of_labor,f2f8d22639753093,1393.1887450033205,15.999999999999543,4.0,0.0,4.0,1.0,1.0,"(5, 2)","[p(2, 2)_cs(1.0)_ws(1.0)]_[p(5, 2)_cs(1.0)_ws(1.0)]",player_b421c8a6_actions,player_b421c8a6,['player_b421c8a6'],,,
1189,plate,pick up,Dispenser_71,Dispenser,71,pick up plate from dispenser,player_b421c8a6,forced_division_of_labor,f2f8d22639753093,1431.5958076700842,38.40706266676375,4.0,0.0,4.0,1.0,1.0,"(5, 2)","[p(2, 2)_cs(1.0)_ws(1.0)]_[p(5, 2)_cs(1.0)_ws(1.0)]",player_b421c8a6_actions,,[],,,
1208,tomato_cut,pick up,CuttingBoard_20,CuttingBoard,20,pick up tomato_cut from cuttingboard,player_e72e7500,forced_division_of_labor,f2f8d22639753093,717.4739106152065,16.000000000000227,4.0,0.0,0.0,1.0,1.0,"(2, 2)","[p(2, 2)_cs(1.0)_ws(1.0)]_[p(5, 2)_cs(1.0)_ws(1.0)]",player_e72e7500_actions,player_e72e7500,"['player_b421c8a6', 'player_b421c8a6', 'player_e72e7500']",,,False
1226,plate,put down,Counter_35,Counter,35,put down plate on counter,player_b421c8a6,forced_division_of_labor,f2f8d22639753093,1508.5299121006528,76.9341044305686,4.0,0.0,4.0,1.0,1.0,"(5, 2)","[p(2, 2)_cs(1.0)_ws(1.0)]_[p(5, 2)_cs(1.0)_ws(1.0)]",player_b421c8a6_actions,player_b421c8a6,['player_b421c8a6'],,,
1247,tomato_cut,assemble salad,Counter_34,Counter,34,assemble salad,player_e72e7500,forced_division_of_labor,f2f8d22639753093,765.4739106152069,48.000000000000455,4.0,0.0,0.0,1.0,1.0,"(2, 2)","[p(2, 2)_cs(1.0)_ws(1.0)]_[p(5, 2)_cs(1.0)_ws(1.0)]",player_e72e7500_actions,player_b421c8a6,['player_e72e7500'],"['player_b421c8a6', 'player_b421c8a6', 'player_e72e7500', 'player_e72e7500']",['player_b421c8a6'],True
1267,tomato_salad,pick up,Counter_34,Counter,34,pick up tomato_salad from counter,player_b421c8a6,forced_division_of_labor,f2f8d22639753093,1524.5299121006522,15.999999999999318,4.0,0.0,4.0,1.0,1.0,"(5, 2)","[p(2, 2)_cs(1.0)_ws(1.0)]_[p(5, 2)_cs(1.0)_ws(1.0)]",player_b421c8a6_actions,player_e72e7500,['player_e72e7500'],"['player_b421c8a6', 'player_b421c8a6', 'player_e72e7500', 'player_e72e7500']",['player_b421c8a6'],True
1277,tomato_salad,deliver,Delivery_64,Delivery,64,deliver tomato_salad,player_b421c8a6,forced_division_of_labor,f2f8d22639753093,1540.5299121006517,15.999999999999543,5.0,1.0,5.0,1.0,1.0,"(5, 2)","[p(2, 2)_cs(1.0)_ws(1.0)]_[p(5, 2)_cs(1.0)_ws(1.0)]",player_b421c8a6_actions,player_b421c8a6,"['player_e72e7500', 'player_b421c8a6']","['player_b421c8a6', 'player_b421c8a6', 'player_e72e7500', 'player_e72e7500']",['player_b421c8a6'],
1308,plate,pick up,Dispenser_71,Dispenser,71,pick up plate from dispenser,player_b421c8a6,forced_division_of_labor,f2f8d22639753093,1594.9492837438993,54.41937164324759,5.0,0.0,5.0,1.0,1.0,"(5, 2)","[p(2, 2)_cs(1.0)_ws(1.0)]_[p(5, 2)_cs(1.0)_ws(1.0)]",player_b421c8a6_actions,,[],,,
1338,plate,pick up,Counter_35,Counter,35,pick up plate from counter,player_e72e7500,forced_division_of_labor,f2f8d22639753093,890.3866668337163,124.91275621850934,5.0,0.0,0.0,1.0,1.0,"(2, 2)","[p(2, 2)_cs(1.0)_ws(1.0)]_[p(5, 2)_cs(1.0)_ws(1.0)]",player_e72e7500_actions,player_b421c8a6,['player_b421c8a6'],,,True
1341,plate,put down,Counter_34,Counter,34,put down plate on counter,player_b421c8a6,forced_division_of_labor,f2f8d22639753093,1655.865470646436,60.916186902536765,5.0,0.0,5.0,1.0,1.0,"(5, 2)","[p(2, 2)_cs(1.0)_ws(1.0)]_[p(5, 2)_cs(1.0)_ws(1.0)]",player_b421c8a6_actions,player_b421c8a6,['player_b421c8a6'],,,
1360,plate,put down,Counter_35,Counter,35,put down plate on counter,player_e72e7500,forced_division_of_labor,f2f8d22639753093,890.3866668337163,0.0,5.0,0.0,0.0,1.0,1.0,"(2, 2)","[p(2, 2)_cs(1.0)_ws(1.0)]_[p(5, 2)_cs(1.0)_ws(1.0)]",player_e72e7500_actions,player_e72e7500,"['player_b421c8a6', 'player_e72e7500']",,,
1374,plate,pick up,Dispenser_71,Dispenser,71,pick up plate from dispenser,player_b421c8a6,forced_division_of_labor,f2f8d22639753093,1716.7816575489728,60.916186902536765,5.0,0.0,5.0,1.0,1.0,"(5, 2)","[p(2, 2)_cs(1.0)_ws(1.0)]_[p(5, 2)_cs(1.0)_ws(1.0)]",player_b421c8a6_actions,,[],,,
1376,plate,pick up,Counter_35,Counter,35,pick up plate from counter,player_e72e7500,forced_division_of_labor,f2f8d22639753093,890.3866668337163,0.0,5.0,0.0,0.0,1.0,1.0,"(2, 2)","[p(2, 2)_cs(1.0)_ws(1.0)]_[p(5, 2)_cs(1.0)_ws(1.0)]",player_e72e7500_actions,player_e72e7500,"['player_b421c8a6', 'player_e72e7500']",,,False
1394,plate,put down,Counter_35,Counter,35,put down plate on counter,player_e72e7500,forced_division_of_labor,f2f8d22639753093,890.3866668337163,0.0,5.0,0.0,0.0,1.0,1.0,"(2, 2)","[p(2, 2)_cs(1.0)_ws(1.0)]_[p(5, 2)_cs(1.0)_ws(1.0)]",player_e72e7500_actions,player_e72e7500,"['player_b421c8a6', 'player_e72e7500', 'player_e72e7500']",,,
1448,tomato_cut,pick up,CuttingBoard_10,CuttingBoard,10,pick up tomato_cut from cuttingboard,player_e72e7500,forced_division_of_labor,f2f8d22639753093,960.8785793576432,70.491912523927,5.0,0.0,0.0,1.0,1.0,"(2, 2)","[p(2, 2)_cs(1.0)_ws(1.0)]_[p(5, 2)_cs(1.0)_ws(1.0)]",player_e72e7500_actions,player_e72e7500,"['player_b421c8a6', 'player_b421c8a6', 'player_e72e7500']",,,False
1493,tomato_cut,assemble salad,Counter_34,Counter,34,assemble salad,player_e72e7500,forced_division_of_labor,f2f8d22639753093,1015.308336831916,54.42975747427272,5.0,0.0,0.0,1.0,1.0,"(2, 2)","[p(2, 2)_cs(1.0)_ws(1.0)]_[p(5, 2)_cs(1.0)_ws(1.0)]",player_e72e7500_actions,player_b421c8a6,['player_e72e7500'],"['player_b421c8a6', 'player_b421c8a6', 'player_e72e7500', 'player_e72e7500']",['player_b421c8a6'],True
1509,plate,put down,Counter_34,Counter,34,put down plate on counter,player_b421c8a6,forced_division_of_labor,f2f8d22639753093,1809.715761979541,92.93410443056814,5.0,0.0,5.0,1.0,1.0,"(5, 2)","[p(2, 2)_cs(1.0)_ws(1.0)]_[p(5, 2)_cs(1.0)_ws(1.0)]",player_b421c8a6_actions,player_b421c8a6,['player_b421c8a6'],,,
1509,tomato_salad,pick up,Counter_34,Counter,34,pick up tomato_salad from counter,player_b421c8a6,forced_division_of_labor,f2f8d22639753093,1809.715761979541,0.0,5.0,0.0,5.0,1.0,1.0,"(5, 2)","[p(2, 2)_cs(1.0)_ws(1.0)]_[p(5, 2)_cs(1.0)_ws(1.0)]",player_b421c8a6_actions,player_b421c8a6,['player_b421c8a6'],,,False
1516,tomato,pick up,Counter_33,Counter,33,pick up tomato from counter,player_e72e7500,forced_division_of_labor,f2f8d22639753093,1031.3083368319158,15.999999999999773,5.0,0.0,0.0,1.0,1.0,"(2, 2)","[p(2, 2)_cs(1.0)_ws(1.0)]_[p(5, 2)_cs(1.0)_ws(1.0)]",player_e72e7500_actions,player_b421c8a6,['player_b421c8a6'],,,True
1526,tomato_salad,deliver,Delivery_64,Delivery,64,deliver tomato_salad,player_b421c8a6,forced_division_of_labor,f2f8d22639753093,1825.7157619795405,15.999999999999543,6.0,1.0,6.0,1.0,1.0,"(5, 2)","[p(2, 2)_cs(1.0)_ws(1.0)]_[p(5, 2)_cs(1.0)_ws(1.0)]",player_b421c8a6_actions,player_b421c8a6,"['player_b421c8a6', 'player_b421c8a6']",,,
1550,tomato,start cutting,CuttingBoard_20,CuttingBoard,20,start cutting tomato,player_e72e7500,forced_division_of_labor,f2f8d22639753093,1063.3083368319149,31.99999999999909,6.0,0.0,0.0,1.0,1.0,"(2, 2)","[p(2, 2)_cs(1.0)_ws(1.0)]_[p(5, 2)_cs(1.0)_ws(1.0)]",player_e72e7500_actions,player_e72e7500,"['player_b421c8a6', 'player_e72e7500']",,,
1562,tomato,pick up,Dispenser_40,Dispenser,40,pick up tomato from dispenser,player_b421c8a6,forced_division_of_labor,f2f8d22639753093,1880.135133622788,54.41937164324759,6.0,0.0,6.0,1.0,1.0,"(5, 2)","[p(2, 2)_cs(1.0)_ws(1.0)]_[p(5, 2)_cs(1.0)_ws(1.0)]",player_b421c8a6_actions,,[],,,
1579,tomato,pick up,Counter_32,Counter,32,pick up tomato from counter,player_e72e7500,forced_division_of_labor,f2f8d22639753093,1079.3083368319144,15.999999999999543,6.0,0.0,0.0,1.0,1.0,"(2, 2)","[p(2, 2)_cs(1.0)_ws(1.0)]_[p(5, 2)_cs(1.0)_ws(1.0)]",player_e72e7500_actions,player_b421c8a6,['player_b421c8a6'],,,True
1585,tomato,put down,Counter_33,Counter,33,put down tomato on counter,player_b421c8a6,forced_division_of_labor,f2f8d22639753093,1912.1351336227872,31.99999999999909,6.0,0.0,6.0,1.0,1.0,"(5, 2)","[p(2, 2)_cs(1.0)_ws(1.0)]_[p(5, 2)_cs(1.0)_ws(1.0)]",player_b421c8a6_actions,player_b421c8a6,['player_b421c8a6'],,,
1606,tomato,start cutting,CuttingBoard_10,CuttingBoard,10,start cutting tomato,player_e72e7500,forced_division_of_labor,f2f8d22639753093,1101.935753829884,22.627416997969476,6.0,0.0,0.0,1.0,1.0,"(2, 2)","[p(2, 2)_cs(1.0)_ws(1.0)]_[p(5, 2)_cs(1.0)_ws(1.0)]",player_e72e7500_actions,player_e72e7500,"['player_b421c8a6', 'player_e72e7500']",,,
1610,tomato,pick up,Dispenser_40,Dispenser,40,pick up tomato from dispenser,player_b421c8a6,forced_division_of_labor,f2f8d22639753093,1944.1351336227865,31.99999999999909,6.0,0.0,6.0,1.0,1.0,"(5, 2)","[p(2, 2)_cs(1.0)_ws(1.0)]_[p(5, 2)_cs(1.0)_ws(1.0)]",player_b421c8a6_actions,,[],,,
1626,tomato,put down,Counter_32,Counter,32,put down tomato on counter,player_b421c8a6,forced_division_of_labor,f2f8d22639753093,1960.1351336227856,15.999999999999543,6.0,0.0,6.0,1.0,1.0,"(5, 2)","[p(2, 2)_cs(1.0)_ws(1.0)]_[p(5, 2)_cs(1.0)_ws(1.0)]",player_b421c8a6_actions,player_b421c8a6,['player_b421c8a6'],,,
1682,plate,pick up,Counter_34,Counter,34,pick up plate from counter,player_e72e7500,forced_division_of_labor,f2f8d22639753093,1165.9357538298818,63.999999999997954,6.0,0.0,0.0,1.0,1.0,"(2, 2)","[p(2, 2)_cs(1.0)_ws(1.0)]_[p(5, 2)_cs(1.0)_ws(1.0)]",player_e72e7500_actions,player_b421c8a6,['player_b421c8a6'],,,True
1708,plate,put down,CuttingBoard_20,CuttingBoard,20,put down plate on cuttingboard,player_e72e7500,forced_division_of_labor,f2f8d22639753093,1213.9357538298802,47.99999999999841,6.0,0.0,0.0,1.0,1.0,"(2, 2)","[p(2, 2)_cs(1.0)_ws(1.0)]_[p(5, 2)_cs(1.0)_ws(1.0)]",player_e72e7500_actions,player_e72e7500,"['player_b421c8a6', 'player_e72e7500']",,,
1708,tomato_cut,pick up,CuttingBoard_20,CuttingBoard,20,pick up tomato_cut from cuttingboard,player_e72e7500,forced_division_of_labor,f2f8d22639753093,1213.9357538298802,0.0,6.0,0.0,0.0,1.0,1.0,"(2, 2)","[p(2, 2)_cs(1.0)_ws(1.0)]_[p(5, 2)_cs(1.0)_ws(1.0)]",player_e72e7500_actions,player_e72e7500,"['player_b421c8a6', 'player_e72e7500']",,,False
1757,tomato_cut,put down,Counter_34,Counter,34,put down tomato_cut on counter,player_e72e7500,forced_division_of_labor,f2f8d22639753093,1261.9357538298786,47.99999999999841,6.0,0.0,0.0,1.0,1.0,"(2, 2)","[p(2, 2)_cs(1.0)_ws(1.0)]_[p(5, 2)_cs(1.0)_ws(1.0)]",player_e72e7500_actions,player_e72e7500,"['player_b421c8a6', 'player_e72e7500', 'player_e72e7500']",,,
1767,tomato_cut,pick up,Counter_34,Counter,34,pick up tomato_cut from counter,player_b421c8a6,forced_division_of_labor,f2f8d22639753093,1992.135133622785,31.99999999999909,6.0,0.0,6.0,1.0,1.0,"(5, 2)","[p(2, 2)_cs(1.0)_ws(1.0)]_[p(5, 2)_cs(1.0)_ws(1.0)]",player_b421c8a6_actions,player_e72e7500,"['player_b421c8a6', 'player_e72e7500', 'player_e72e7500']",,,True
1774,tomato_cut,put down,Counter_34,Counter,34,put down tomato_cut on counter,player_b421c8a6,forced_division_of_labor,f2f8d22639753093,1992.135133622785,0.0,6.0,0.0,6.0,1.0,1.0,"(5, 2)","[p(2, 2)_cs(1.0)_ws(1.0)]_[p(5, 2)_cs(1.0)_ws(1.0)]",player_b421c8a6_actions,player_b421c8a6,"['player_b421c8a6', 'player_e72e7500', 'player_e72e7500', 'player_b421c8a6']",,,
1793,tomato_cut,pick up,Counter_34,Counter,34,pick up tomato_cut from counter,player_b421c8a6,forced_division_of_labor,f2f8d22639753093,2017.1351336227897,25.000000000004547,6.0,0.0,6.0,1.0,1.0,"(5, 2)","[p(2, 2)_cs(1.0)_ws(1.0)]_[p(5, 2)_cs(1.0)_ws(1.0)]",player_b421c8a6_actions,player_b421c8a6,"['player_b421c8a6', 'player_e72e7500', 'player_e72e7500', 'player_b421c8a6']",,,False
1842,tomato_cut,put down,Counter_34,Counter,34,put down tomato_cut on counter,player_b421c8a6,forced_division_of_labor,f2f8d22639753093,2049.135133622788,31.999999999998636,6.0,0.0,6.0,1.0,1.0,"(5, 2)","[p(2, 2)_cs(1.0)_ws(1.0)]_[p(5, 2)_cs(1.0)_ws(1.0)]",player_b421c8a6_actions,player_b421c8a6,"['player_b421c8a6', 'player_e72e7500', 'player_e72e7500', 'player_b421c8a6', 'player_b421c8a6']",,,
1865,tomato_cut,pick up,Counter_34,Counter,34,pick up tomato_cut from counter,player_e72e7500,forced_division_of_labor,f2f8d22639753093,1261.9357538298786,0.0,6.0,0.0,0.0,1.0,1.0,"(2, 2)","[p(2, 2)_cs(1.0)_ws(1.0)]_[p(5, 2)_cs(1.0)_ws(1.0)]",player_e72e7500_actions,player_b421c8a6,"['player_b421c8a6', 'player_e72e7500', 'player_e72e7500', 'player_b421c8a6', 'player_b421c8a6']",,,True
1889,tomato_cut,assemble salad,Counter_35,Counter,35,assemble salad,player_e72e7500,forced_division_of_labor,f2f8d22639753093,1277.935753829878,15.999999999999318,6.0,0.0,0.0,1.0,1.0,"(2, 2)","[p(2, 2)_cs(1.0)_ws(1.0)]_[p(5, 2)_cs(1.0)_ws(1.0)]",player_e72e7500_actions,player_e72e7500,['player_e72e7500'],"['player_b421c8a6', 'player_e72e7500', 'player_e72e7500', 'player_b421c8a6', 'player_b421c8a6', 'player_e72e7500']","['player_b421c8a6', 'player_e72e7500', 'player_e72e7500']",False
1908,tomato_salad,pick up,Counter_35,Counter,35,pick up tomato_salad from counter,player_b421c8a6,forced_division_of_labor,f2f8d22639753093,2065.135133622787,15.99999999999909,6.0,0.0,6.0,1.0,1.0,"(5, 2)","[p(2, 2)_cs(1.0)_ws(1.0)]_[p(5, 2)_cs(1.0)_ws(1.0)]",player_b421c8a6_actions,player_e72e7500,['player_e72e7500'],"['player_b421c8a6', 'player_e72e7500', 'player_e72e7500', 'player_b421c8a6', 'player_b421c8a6', 'player_e72e7500']","['player_b421c8a6', 'player_e72e7500', 'player_e72e7500']",True
1925,tomato_salad,deliver,Delivery_64,Delivery,64,deliver tomato_salad,player_b421c8a6,forced_division_of_labor,f2f8d22639753093,2087.762550620756,22.62741699796879,7.0,1.0,7.0,1.0,1.0,"(5, 2)","[p(2, 2)_cs(1.0)_ws(1.0)]_[p(5, 2)_cs(1.0)_ws(1.0)]",player_b421c8a6_actions,player_b421c8a6,"['player_e72e7500', 'player_b421c8a6']","['player_b421c8a6', 'player_e72e7500', 'player_e72e7500', 'player_b421c8a6', 'player_b421c8a6', 'player_e72e7500']","['player_b421c8a6', 'player_e72e7500', 'player_e72e7500']",
1926,tomato,pick up,Counter_33,Counter,33,pick up tomato from counter,player_e72e7500,forced_division_of_labor,f2f8d22639753093,1309.935753829877,31.99999999999909,7.0,0.0,0.0,1.0,1.0,"(2, 2)","[p(2, 2)_cs(1.0)_ws(1.0)]_[p(5, 2)_cs(1.0)_ws(1.0)]",player_e72e7500_actions,player_b421c8a6,['player_b421c8a6'],,,True
1950,tomato,start cutting,CuttingBoard_20,CuttingBoard,20,start cutting tomato,player_e72e7500,forced_division_of_labor,f2f8d22639753093,1341.935753829876,31.999999999998863,7.0,0.0,0.0,1.0,1.0,"(2, 2)","[p(2, 2)_cs(1.0)_ws(1.0)]_[p(5, 2)_cs(1.0)_ws(1.0)]",player_e72e7500_actions,player_e72e7500,"['player_b421c8a6', 'player_e72e7500']",,,
1956,plate,pick up,Dispenser_71,Dispenser,71,pick up plate from dispenser,player_b421c8a6,forced_division_of_labor,f2f8d22639753093,2142.181922264005,54.41937164324918,7.0,0.0,7.0,1.0,1.0,"(5, 2)","[p(2, 2)_cs(1.0)_ws(1.0)]_[p(5, 2)_cs(1.0)_ws(1.0)]",player_b421c8a6_actions,,[],,,
1984,plate,put down,Counter_33,Counter,33,put down plate on counter,player_b421c8a6,forced_division_of_labor,f2f8d22639753093,2187.436756259943,45.25483399593804,7.0,0.0,7.0,1.0,1.0,"(5, 2)","[p(2, 2)_cs(1.0)_ws(1.0)]_[p(5, 2)_cs(1.0)_ws(1.0)]",player_b421c8a6_actions,player_b421c8a6,['player_b421c8a6'],,,
2011,plate,pick up,Dispenser_60,Dispenser,60,pick up plate from dispenser,player_b421c8a6,forced_division_of_labor,f2f8d22639753093,2232.6915902558812,45.25483399593804,7.0,0.0,7.0,1.0,1.0,"(5, 2)","[p(2, 2)_cs(1.0)_ws(1.0)]_[p(5, 2)_cs(1.0)_ws(1.0)]",player_b421c8a6_actions,,[],,,
2050,plate,put down,Counter_35,Counter,35,put down plate on counter,player_b421c8a6,forced_division_of_labor,f2f8d22639753093,2309.625694686449,76.93410443056791,7.0,0.0,7.0,1.0,1.0,"(5, 2)","[p(2, 2)_cs(1.0)_ws(1.0)]_[p(5, 2)_cs(1.0)_ws(1.0)]",player_b421c8a6_actions,player_b421c8a6,['player_b421c8a6'],,,
2080,tomato_cut,pick up,CuttingBoard_10,CuttingBoard,10,pick up tomato_cut from cuttingboard,player_e72e7500,forced_division_of_labor,f2f8d22639753093,1357.9357538298757,15.999999999999543,7.0,0.0,0.0,1.0,1.0,"(2, 2)","[p(2, 2)_cs(1.0)_ws(1.0)]_[p(5, 2)_cs(1.0)_ws(1.0)]",player_e72e7500_actions,player_e72e7500,"['player_b421c8a6', 'player_e72e7500']",,,False
2084,tomato,pick up,Dispenser_40,Dispenser,40,pick up tomato from dispenser,player_b421c8a6,forced_division_of_labor,f2f8d22639753093,2373.6256946864505,64.00000000000136,7.0,0.0,7.0,1.0,1.0,"(5, 2)","[p(2, 2)_cs(1.0)_ws(1.0)]_[p(5, 2)_cs(1.0)_ws(1.0)]",player_b421c8a6_actions,,[],,,
2114,tomato,put down,Counter_34,Counter,34,put down tomato on counter,player_b421c8a6,forced_division_of_labor,f2f8d22639753093,2421.6256946864523,48.00000000000182,7.0,0.0,7.0,1.0,1.0,"(5, 2)","[p(2, 2)_cs(1.0)_ws(1.0)]_[p(5, 2)_cs(1.0)_ws(1.0)]",player_b421c8a6_actions,player_b421c8a6,['player_b421c8a6'],,,
2119,tomato_cut,assemble salad,Counter_33,Counter,33,assemble salad,player_e72e7500,forced_division_of_labor,f2f8d22639753093,1396.3470136699016,38.411259840026105,7.0,0.0,0.0,1.0,1.0,"(2, 2)","[p(2, 2)_cs(1.0)_ws(1.0)]_[p(5, 2)_cs(1.0)_ws(1.0)]",player_e72e7500_actions,player_b421c8a6,['player_e72e7500'],"['player_b421c8a6', 'player_e72e7500', 'player_e72e7500']",['player_b421c8a6'],True
2136,tomato_salad,pick up,Counter_33,Counter,33,pick up tomato_salad from counter,player_b421c8a6,forced_division_of_labor,f2f8d22639753093,2437.6256946864523,16.0,7.0,0.0,7.0,1.0,1.0,"(5, 2)","[p(2, 2)_cs(1.0)_ws(1.0)]_[p(5, 2)_cs(1.0)_ws(1.0)]",player_b421c8a6_actions,player_e72e7500,['player_e72e7500'],"['player_b421c8a6', 'player_e72e7500', 'player_e72e7500']",['player_b421c8a6'],True
2144,tomato,pick up,Counter_32,Counter,32,pick up tomato from counter,player_e72e7500,forced_division_of_labor,f2f8d22639753093,1412.3470136699011,15.999999999999543,7.0,0.0,0.0,1.0,1.0,"(2, 2)","[p(2, 2)_cs(1.0)_ws(1.0)]_[p(5, 2)_cs(1.0)_ws(1.0)]",player_e72e7500_actions,player_b421c8a6,['player_b421c8a6'],,,True
2152,tomato_salad,deliver,Delivery_63,Delivery,63,deliver tomato_salad,player_b421c8a6,forced_division_of_labor,f2f8d22639753093,2453.6256946864514,15.99999999999909,8.0,1.0,8.0,1.0,1.0,"(5, 2)","[p(2, 2)_cs(1.0)_ws(1.0)]_[p(5, 2)_cs(1.0)_ws(1.0)]",player_b421c8a6_actions,player_b421c8a6,"['player_e72e7500', 'player_b421c8a6']","['player_b421c8a6', 'player_e72e7500', 'player_e72e7500']",['player_b421c8a6'],
