{"agents": {"player_e72e7500": {"initial_state": {"agent_id": "player_e72e7500", "x": 40, "y": 40, "item": null, "url_params": {"gameType": ["tomatoSaladOnly"], "PROLIFIC_PID": ["67e2a624e55987ea03570bc1"], "map": ["forced_division_of_labor"], "cutting_speed_p1": ["1"], "walking_speed_p1": ["1"], "cutting_speed_p2": ["1"], "walking_speed_p2": ["1"], "slot_x_p1": ["2"], "slot_y_p1": ["2"], "slot_x_p2": ["5"], "slot_y_p2": ["2"], "EIO": ["4"], "transport": ["polling"], "t": ["PZJziNw"]}, "cut_speed": 1.0, "walk_speed": 30.0, "player_nr": 1}, "player_score": 0.0, "total_actions": 45, "first_action_tick": 253, "last_action_tick": 2144}, "player_b421c8a6": {"initial_state": {"agent_id": "player_b421c8a6", "x": 88, "y": 40, "item": null, "url_params": {"gameType": ["tomatoSaladOnly"], "PROLIFIC_PID": ["undefined"], "map": ["forced_division_of_labor"], "cutting_speed_p1": ["1"], "walking_speed_p1": ["1"], "cutting_speed_p2": ["1"], "walking_speed_p2": ["1"], "slot_x_p1": ["2"], "slot_y_p1": ["2"], "slot_x_p2": ["5"], "slot_y_p2": ["2"], "EIO": ["4"], "transport": ["polling"], "t": ["PZJzCOu"]}, "cut_speed": 1.0, "walk_speed": 30.0, "player_nr": 2}, "player_score": 8.0, "total_actions": 68, "first_action_tick": 93, "last_action_tick": 2152}}, "map_name": "forced_division_of_labor", "final_score": 8.0}