{"agents": {"player_33f8846f": {"initial_state": {"agent_id": "player_33f8846f", "x": 40, "y": 40, "item": null, "url_params": {"gameType": ["tomatoSaladOnly"], "PROLIFIC_PID": ["65dfbf73ec3a047b5653add8"], "map": ["forced_division_of_labor"], "cutting_speed_p1": ["1"], "walking_speed_p1": ["1"], "cutting_speed_p2": ["1"], "walking_speed_p2": ["1"], "slot_x_p1": ["2"], "slot_y_p1": ["2"], "slot_x_p2": ["5"], "slot_y_p2": ["2"], "EIO": ["4"], "transport": ["polling"], "t": ["PZtteQx"]}, "cut_speed": 1.0, "walk_speed": 30.0, "player_nr": 1}, "player_score": 0.0, "total_actions": 32, "first_action_tick": 210, "last_action_tick": 2148}, "player_8f1e3669": {"initial_state": {"agent_id": "player_8f1e3669", "x": 88, "y": 40, "item": null, "url_params": {"gameType": ["tomatoSaladOnly"], "PROLIFIC_PID": ["66d1fdd400acfdbc181f41e0"], "map": ["forced_division_of_labor"], "cutting_speed_p1": ["1"], "walking_speed_p1": ["1"], "cutting_speed_p2": ["1"], "walking_speed_p2": ["1"], "slot_x_p1": ["2"], "slot_y_p1": ["2"], "slot_x_p2": ["5"], "slot_y_p2": ["2"], "EIO": ["4"], "transport": ["polling"], "t": ["PZttfok"]}, "cut_speed": 1.0, "walk_speed": 30.0, "player_nr": 2}, "player_score": 7.0, "total_actions": 52, "first_action_tick": 75, "last_action_tick": 2151}}, "map_name": "forced_division_of_labor", "final_score": 7.0}