tick,item,action,target,target_type,target_position,action_long,player_id,map_name,game_id,distance_walked,distance_walked_since_last_action,overall_score,player_score_change,player_score,walking_speed,cutting_speed,start_pos,condition
75,tomato,pick up,Dispenser_40,Dispenser,40,pick up tomato from dispenser,player_8f1e3669,forced_division_of_labor,a513215dd04326b7,22.62741699796952,0.0,0.0,0.0,0.0,1.0,1.0,"(5, 2)","[p(2, 2)_cs(1.0)_ws(1.0)]_[p(5, 2)_cs(1.0)_ws(1.0)]"
182,tomato,put down,Counter_32,Counter,32,put down tomato on counter,player_8f1e3669,forced_division_of_labor,a513215dd04326b7,59.559129197436576,36.93171219946706,0.0,0.0,0.0,1.0,1.0,"(5, 2)","[p(2, 2)_cs(1.0)_ws(1.0)]_[p(5, 2)_cs(1.0)_ws(1.0)]"
237,tomato,pick up,Dispenser_40,Dispenser,40,pick up tomato from dispenser,player_8f1e3669,forced_division_of_labor,a513215dd04326b7,75.55912919743658,16.0,0.0,0.0,0.0,1.0,1.0,"(5, 2)","[p(2, 2)_cs(1.0)_ws(1.0)]_[p(5, 2)_cs(1.0)_ws(1.0)]"
552,tomato,put down,Dispenser_71,Dispenser,71,put down tomato on dispenser,player_8f1e3669,forced_division_of_labor,a513215dd04326b7,116.72972624450824,41.17059704707167,0.0,0.0,0.0,1.0,1.0,"(5, 2)","[p(2, 2)_cs(1.0)_ws(1.0)]_[p(5, 2)_cs(1.0)_ws(1.0)]"
552,plate,pick up,Dispenser_71,Dispenser,71,pick up plate from dispenser,player_8f1e3669,forced_division_of_labor,a513215dd04326b7,116.72972624450824,0.0,0.0,0.0,0.0,1.0,1.0,"(5, 2)","[p(2, 2)_cs(1.0)_ws(1.0)]_[p(5, 2)_cs(1.0)_ws(1.0)]"
611,plate,put down,Counter_34,Counter,34,put down plate on counter,player_8f1e3669,forced_division_of_labor,a513215dd04326b7,176.32736993706231,59.59764369255407,0.0,0.0,0.0,1.0,1.0,"(5, 2)","[p(2, 2)_cs(1.0)_ws(1.0)]_[p(5, 2)_cs(1.0)_ws(1.0)]"
627,tomato_cut,pick up,Counter_32,Counter,32,pick up tomato_cut from counter,player_8f1e3669,forced_division_of_labor,a513215dd04326b7,208.32736993706231,32.0,0.0,0.0,0.0,1.0,1.0,"(5, 2)","[p(2, 2)_cs(1.0)_ws(1.0)]_[p(5, 2)_cs(1.0)_ws(1.0)]"
657,tomato_cut,assemble salad,Counter_34,Counter,34,assemble salad,player_8f1e3669,forced_division_of_labor,a513215dd04326b7,240.32736993706231,32.0,0.0,0.0,0.0,1.0,1.0,"(5, 2)","[p(2, 2)_cs(1.0)_ws(1.0)]_[p(5, 2)_cs(1.0)_ws(1.0)]"
675,tomato_salad,pick up,Counter_34,Counter,34,pick up tomato_salad from counter,player_8f1e3669,forced_division_of_labor,a513215dd04326b7,255.32736993706573,15.00000000000341,0.0,0.0,0.0,1.0,1.0,"(5, 2)","[p(2, 2)_cs(1.0)_ws(1.0)]_[p(5, 2)_cs(1.0)_ws(1.0)]"
696,tomato_salad,deliver,Delivery_64,Delivery,64,deliver tomato_salad,player_8f1e3669,forced_division_of_labor,a513215dd04326b7,271.3273699370657,16.0,1.0,1.0,1.0,1.0,1.0,"(5, 2)","[p(2, 2)_cs(1.0)_ws(1.0)]_[p(5, 2)_cs(1.0)_ws(1.0)]"
738,tomato,pick up,Dispenser_40,Dispenser,40,pick up tomato from dispenser,player_8f1e3669,forced_division_of_labor,a513215dd04326b7,325.7467415803148,54.419371643249065,1.0,0.0,1.0,1.0,1.0,"(5, 2)","[p(2, 2)_cs(1.0)_ws(1.0)]_[p(5, 2)_cs(1.0)_ws(1.0)]"
789,tomato,put down,Counter_32,Counter,32,put down tomato on counter,player_8f1e3669,forced_division_of_labor,a513215dd04326b7,341.7467415803149,16.000000000000114,1.0,0.0,1.0,1.0,1.0,"(5, 2)","[p(2, 2)_cs(1.0)_ws(1.0)]_[p(5, 2)_cs(1.0)_ws(1.0)]"
822,plate,pick up,Dispenser_71,Dispenser,71,pick up plate from dispenser,player_8f1e3669,forced_division_of_labor,a513215dd04326b7,380.1538042470799,38.407062666765,1.0,0.0,1.0,1.0,1.0,"(5, 2)","[p(2, 2)_cs(1.0)_ws(1.0)]_[p(5, 2)_cs(1.0)_ws(1.0)]"
861,plate,put down,Counter_34,Counter,34,put down plate on counter,player_8f1e3669,forced_division_of_labor,a513215dd04326b7,441.0699911496184,60.91618690253847,1.0,0.0,1.0,1.0,1.0,"(5, 2)","[p(2, 2)_cs(1.0)_ws(1.0)]_[p(5, 2)_cs(1.0)_ws(1.0)]"
966,tomato_salad,pick up,Counter_34,Counter,34,pick up tomato_salad from counter,player_8f1e3669,forced_division_of_labor,a513215dd04326b7,505.0699911496188,64.0000000000004,1.0,0.0,1.0,1.0,1.0,"(5, 2)","[p(2, 2)_cs(1.0)_ws(1.0)]_[p(5, 2)_cs(1.0)_ws(1.0)]"
987,tomato_salad,deliver,Delivery_64,Delivery,64,deliver tomato_salad,player_8f1e3669,forced_division_of_labor,a513215dd04326b7,521.0699911496188,16.0,2.0,1.0,2.0,1.0,1.0,"(5, 2)","[p(2, 2)_cs(1.0)_ws(1.0)]_[p(5, 2)_cs(1.0)_ws(1.0)]"
1026,tomato,pick up,Dispenser_40,Dispenser,40,pick up tomato from dispenser,player_8f1e3669,forced_division_of_labor,a513215dd04326b7,575.4893627928677,54.41937164324895,2.0,0.0,2.0,1.0,1.0,"(5, 2)","[p(2, 2)_cs(1.0)_ws(1.0)]_[p(5, 2)_cs(1.0)_ws(1.0)]"
1047,tomato,put down,Counter_32,Counter,32,put down tomato on counter,player_8f1e3669,forced_division_of_labor,a513215dd04326b7,591.489362792868,16.000000000000227,2.0,0.0,2.0,1.0,1.0,"(5, 2)","[p(2, 2)_cs(1.0)_ws(1.0)]_[p(5, 2)_cs(1.0)_ws(1.0)]"
1142,plate,pick up,Dispenser_71,Dispenser,71,pick up plate from dispenser,player_8f1e3669,forced_division_of_labor,a513215dd04326b7,720.4060934515123,128.91673065864438,2.0,0.0,2.0,1.0,1.0,"(5, 2)","[p(2, 2)_cs(1.0)_ws(1.0)]_[p(5, 2)_cs(1.0)_ws(1.0)]"
1181,plate,put down,Counter_33,Counter,33,put down plate on counter,player_8f1e3669,forced_division_of_labor,a513215dd04326b7,765.660927447452,45.254833995939634,2.0,0.0,2.0,1.0,1.0,"(5, 2)","[p(2, 2)_cs(1.0)_ws(1.0)]_[p(5, 2)_cs(1.0)_ws(1.0)]"
1227,tomato_salad,pick up,Counter_33,Counter,33,pick up tomato_salad from counter,player_8f1e3669,forced_division_of_labor,a513215dd04326b7,765.660927447452,0.0,2.0,0.0,2.0,1.0,1.0,"(5, 2)","[p(2, 2)_cs(1.0)_ws(1.0)]_[p(5, 2)_cs(1.0)_ws(1.0)]"
1239,tomato_salad,put down,Counter_33,Counter,33,put down tomato_salad on counter,player_8f1e3669,forced_division_of_labor,a513215dd04326b7,765.660927447452,0.0,2.0,0.0,2.0,1.0,1.0,"(5, 2)","[p(2, 2)_cs(1.0)_ws(1.0)]_[p(5, 2)_cs(1.0)_ws(1.0)]"
1269,tomato_salad,pick up,Counter_33,Counter,33,pick up tomato_salad from counter,player_8f1e3669,forced_division_of_labor,a513215dd04326b7,797.660927447452,32.0,2.0,0.0,2.0,1.0,1.0,"(5, 2)","[p(2, 2)_cs(1.0)_ws(1.0)]_[p(5, 2)_cs(1.0)_ws(1.0)]"
1293,tomato_salad,deliver,Delivery_63,Delivery,63,deliver tomato_salad,player_8f1e3669,forced_division_of_labor,a513215dd04326b7,813.660927447452,16.0,3.0,1.0,3.0,1.0,1.0,"(5, 2)","[p(2, 2)_cs(1.0)_ws(1.0)]_[p(5, 2)_cs(1.0)_ws(1.0)]"
1323,tomato,pick up,Dispenser_40,Dispenser,40,pick up tomato from dispenser,player_8f1e3669,forced_division_of_labor,a513215dd04326b7,852.0721872874782,38.41125984002622,3.0,0.0,3.0,1.0,1.0,"(5, 2)","[p(2, 2)_cs(1.0)_ws(1.0)]_[p(5, 2)_cs(1.0)_ws(1.0)]"
1341,tomato,put down,Counter_32,Counter,32,put down tomato on counter,player_8f1e3669,forced_division_of_labor,a513215dd04326b7,868.0721872874783,16.000000000000114,3.0,0.0,3.0,1.0,1.0,"(5, 2)","[p(2, 2)_cs(1.0)_ws(1.0)]_[p(5, 2)_cs(1.0)_ws(1.0)]"
1374,plate,pick up,Dispenser_71,Dispenser,71,pick up plate from dispenser,player_8f1e3669,forced_division_of_labor,a513215dd04326b7,906.4792499542434,38.407062666765114,3.0,0.0,3.0,1.0,1.0,"(5, 2)","[p(2, 2)_cs(1.0)_ws(1.0)]_[p(5, 2)_cs(1.0)_ws(1.0)]"
1413,plate,put down,Counter_34,Counter,34,put down plate on counter,player_8f1e3669,forced_division_of_labor,a513215dd04326b7,967.3954368567818,60.91618690253836,3.0,0.0,3.0,1.0,1.0,"(5, 2)","[p(2, 2)_cs(1.0)_ws(1.0)]_[p(5, 2)_cs(1.0)_ws(1.0)]"
1453,tomato,pick up,Dispenser_40,Dispenser,40,pick up tomato from dispenser,player_8f1e3669,forced_division_of_labor,a513215dd04326b7,1015.3954368567822,48.000000000000455,3.0,0.0,3.0,1.0,1.0,"(5, 2)","[p(2, 2)_cs(1.0)_ws(1.0)]_[p(5, 2)_cs(1.0)_ws(1.0)]"
1476,tomato,put down,Counter_32,Counter,32,put down tomato on counter,player_8f1e3669,forced_division_of_labor,a513215dd04326b7,1031.3954368567822,16.0,3.0,0.0,3.0,1.0,1.0,"(5, 2)","[p(2, 2)_cs(1.0)_ws(1.0)]_[p(5, 2)_cs(1.0)_ws(1.0)]"
1505,tomato_salad,pick up,Counter_34,Counter,34,pick up tomato_salad from counter,player_8f1e3669,forced_division_of_labor,a513215dd04326b7,1063.3954368567815,31.999999999999318,3.0,0.0,3.0,1.0,1.0,"(5, 2)","[p(2, 2)_cs(1.0)_ws(1.0)]_[p(5, 2)_cs(1.0)_ws(1.0)]"
1525,tomato_salad,deliver,Delivery_64,Delivery,64,deliver tomato_salad,player_8f1e3669,forced_division_of_labor,a513215dd04326b7,1079.3954368567809,15.999999999999318,4.0,1.0,4.0,1.0,1.0,"(5, 2)","[p(2, 2)_cs(1.0)_ws(1.0)]_[p(5, 2)_cs(1.0)_ws(1.0)]"
1613,tomato,pick up,Dispenser_40,Dispenser,40,pick up tomato from dispenser,player_8f1e3669,forced_division_of_labor,a513215dd04326b7,1191.9314019228036,112.53596506602275,4.0,0.0,4.0,1.0,1.0,"(5, 2)","[p(2, 2)_cs(1.0)_ws(1.0)]_[p(5, 2)_cs(1.0)_ws(1.0)]"
1641,tomato,put down,Counter_32,Counter,32,put down tomato on counter,player_8f1e3669,forced_division_of_labor,a513215dd04326b7,1207.9314019228032,15.999999999999545,4.0,0.0,4.0,1.0,1.0,"(5, 2)","[p(2, 2)_cs(1.0)_ws(1.0)]_[p(5, 2)_cs(1.0)_ws(1.0)]"
1672,plate,pick up,Dispenser_71,Dispenser,71,pick up plate from dispenser,player_8f1e3669,forced_division_of_labor,a513215dd04326b7,1246.338464589567,38.40706266676375,4.0,0.0,4.0,1.0,1.0,"(5, 2)","[p(2, 2)_cs(1.0)_ws(1.0)]_[p(5, 2)_cs(1.0)_ws(1.0)]"
1705,plate,put down,Counter_33,Counter,33,put down plate on counter,player_8f1e3669,forced_division_of_labor,a513215dd04326b7,1291.5932985855047,45.254833995937815,4.0,0.0,4.0,1.0,1.0,"(5, 2)","[p(2, 2)_cs(1.0)_ws(1.0)]_[p(5, 2)_cs(1.0)_ws(1.0)]"
1748,tomato_salad,pick up,Counter_33,Counter,33,pick up tomato_salad from counter,player_8f1e3669,forced_division_of_labor,a513215dd04326b7,1291.5932985855047,0.0,4.0,0.0,4.0,1.0,1.0,"(5, 2)","[p(2, 2)_cs(1.0)_ws(1.0)]_[p(5, 2)_cs(1.0)_ws(1.0)]"
1770,tomato_salad,deliver,Delivery_63,Delivery,63,deliver tomato_salad,player_8f1e3669,forced_division_of_labor,a513215dd04326b7,1307.593298585504,15.999999999999318,5.0,1.0,5.0,1.0,1.0,"(5, 2)","[p(2, 2)_cs(1.0)_ws(1.0)]_[p(5, 2)_cs(1.0)_ws(1.0)]"
1803,plate,pick up,Dispenser_71,Dispenser,71,pick up plate from dispenser,player_8f1e3669,forced_division_of_labor,a513215dd04326b7,1346.0045584255297,38.41125984002565,5.0,0.0,5.0,1.0,1.0,"(5, 2)","[p(2, 2)_cs(1.0)_ws(1.0)]_[p(5, 2)_cs(1.0)_ws(1.0)]"
1833,plate,put down,Counter_32,Counter,32,put down plate on counter,player_8f1e3669,forced_division_of_labor,a513215dd04326b7,1384.411621092294,38.407062666764205,5.0,0.0,5.0,1.0,1.0,"(5, 2)","[p(2, 2)_cs(1.0)_ws(1.0)]_[p(5, 2)_cs(1.0)_ws(1.0)]"
1883,tomato_salad,pick up,Counter_32,Counter,32,pick up tomato_salad from counter,player_8f1e3669,forced_division_of_labor,a513215dd04326b7,1384.411621092294,0.0,5.0,0.0,5.0,1.0,1.0,"(5, 2)","[p(2, 2)_cs(1.0)_ws(1.0)]_[p(5, 2)_cs(1.0)_ws(1.0)]"
1908,tomato_salad,deliver,Delivery_63,Delivery,63,deliver tomato_salad,player_8f1e3669,forced_division_of_labor,a513215dd04326b7,1407.039038090263,22.62741699796902,6.0,1.0,6.0,1.0,1.0,"(5, 2)","[p(2, 2)_cs(1.0)_ws(1.0)]_[p(5, 2)_cs(1.0)_ws(1.0)]"
1935,tomato,pick up,Dispenser_40,Dispenser,40,pick up tomato from dispenser,player_8f1e3669,forced_division_of_labor,a513215dd04326b7,1445.4502979302886,38.41125984002565,6.0,0.0,6.0,1.0,1.0,"(5, 2)","[p(2, 2)_cs(1.0)_ws(1.0)]_[p(5, 2)_cs(1.0)_ws(1.0)]"
1948,tomato,put down,Counter_32,Counter,32,put down tomato on counter,player_8f1e3669,forced_division_of_labor,a513215dd04326b7,1461.4502979302881,15.999999999999545,6.0,0.0,6.0,1.0,1.0,"(5, 2)","[p(2, 2)_cs(1.0)_ws(1.0)]_[p(5, 2)_cs(1.0)_ws(1.0)]"
1986,plate,pick up,Dispenser_71,Dispenser,71,pick up plate from dispenser,player_8f1e3669,forced_division_of_labor,a513215dd04326b7,1499.857360597052,38.40706266676398,6.0,0.0,6.0,1.0,1.0,"(5, 2)","[p(2, 2)_cs(1.0)_ws(1.0)]_[p(5, 2)_cs(1.0)_ws(1.0)]"
2012,plate,put down,Counter_32,Counter,32,put down plate on counter,player_8f1e3669,forced_division_of_labor,a513215dd04326b7,1538.2644232638163,38.407062666764205,6.0,0.0,6.0,1.0,1.0,"(5, 2)","[p(2, 2)_cs(1.0)_ws(1.0)]_[p(5, 2)_cs(1.0)_ws(1.0)]"
2035,tomato,pick up,Dispenser_40,Dispenser,40,pick up tomato from dispenser,player_8f1e3669,forced_division_of_labor,a513215dd04326b7,1554.2644232638158,15.999999999999545,6.0,0.0,6.0,1.0,1.0,"(5, 2)","[p(2, 2)_cs(1.0)_ws(1.0)]_[p(5, 2)_cs(1.0)_ws(1.0)]"
2059,tomato,put down,Counter_33,Counter,33,put down tomato on counter,player_8f1e3669,forced_division_of_labor,a513215dd04326b7,1586.264423263815,31.99999999999909,6.0,0.0,6.0,1.0,1.0,"(5, 2)","[p(2, 2)_cs(1.0)_ws(1.0)]_[p(5, 2)_cs(1.0)_ws(1.0)]"
2098,tomato,pick up,Dispenser_50,Dispenser,50,pick up tomato from dispenser,player_8f1e3669,forced_division_of_labor,a513215dd04326b7,1624.6756831038406,38.41125984002565,6.0,0.0,6.0,1.0,1.0,"(5, 2)","[p(2, 2)_cs(1.0)_ws(1.0)]_[p(5, 2)_cs(1.0)_ws(1.0)]"
2113,tomato,put down,Counter_32,Counter,32,put down tomato on counter,player_8f1e3669,forced_division_of_labor,a513215dd04326b7,1647.3031001018096,22.62741699796902,6.0,0.0,6.0,1.0,1.0,"(5, 2)","[p(2, 2)_cs(1.0)_ws(1.0)]_[p(5, 2)_cs(1.0)_ws(1.0)]"
2113,tomato_salad,pick up,Counter_32,Counter,32,pick up tomato_salad from counter,player_8f1e3669,forced_division_of_labor,a513215dd04326b7,1647.3031001018096,0.0,6.0,0.0,6.0,1.0,1.0,"(5, 2)","[p(2, 2)_cs(1.0)_ws(1.0)]_[p(5, 2)_cs(1.0)_ws(1.0)]"
2151,tomato_salad,deliver,Delivery_63,Delivery,63,deliver tomato_salad,player_8f1e3669,forced_division_of_labor,a513215dd04326b7,1669.9305170997786,22.62741699796902,7.0,1.0,7.0,1.0,1.0,"(5, 2)","[p(2, 2)_cs(1.0)_ws(1.0)]_[p(5, 2)_cs(1.0)_ws(1.0)]"
