tick,item,action,target,target_type,target_position,action_long,player_id,map_name,game_id,distance_walked,distance_walked_since_last_action,overall_score,player_score_change,player_score,walking_speed,cutting_speed,start_pos,condition,source,last_touched,touched_list,tomato_history,plate_history,is_exchange_collaboration
130,tomato,pick up,Dispenser_40,Dispenser,40,pick up tomato from dispenser,player_8c7d98ca,baseline_division_of_labor,f628fe1ac49bc66a,38.50692672489653,0.0,0.0,0.0,0.0,1.0,1.0,"(2, 2)","[p(2, 2)_cs(1.0)_ws(1.0)]_[p(5, 2)_cs(1.0)_ws(1.0)]",player_8c7d98ca_actions,,[],,,
172,tomato,start cutting,CuttingBoard_20,CuttingBoard,20,start cutting tomato,player_8c7d98ca,baseline_division_of_labor,f628fe1ac49bc66a,70.50692672489652,31.999999999999982,0.0,0.0,0.0,1.0,1.0,"(2, 2)","[p(2, 2)_cs(1.0)_ws(1.0)]_[p(5, 2)_cs(1.0)_ws(1.0)]",player_8c7d98ca_actions,player_8c7d98ca,['player_8c7d98ca'],,,
204,tomato,pick up,Dispenser_40,Dispenser,40,pick up tomato from dispenser,player_8c7d98ca,baseline_division_of_labor,f628fe1ac49bc66a,102.50692672489652,32.0,0.0,0.0,0.0,1.0,1.0,"(2, 2)","[p(2, 2)_cs(1.0)_ws(1.0)]_[p(5, 2)_cs(1.0)_ws(1.0)]",player_8c7d98ca_actions,,[],,,
235,tomato,start cutting,CuttingBoard_10,CuttingBoard,10,start cutting tomato,player_8c7d98ca,baseline_division_of_labor,f628fe1ac49bc66a,150.50692672489652,48.0,0.0,0.0,0.0,1.0,1.0,"(2, 2)","[p(2, 2)_cs(1.0)_ws(1.0)]_[p(5, 2)_cs(1.0)_ws(1.0)]",player_8c7d98ca_actions,player_8c7d98ca,['player_8c7d98ca'],,,
304,tomato,pick up,Dispenser_40,Dispenser,40,pick up tomato from dispenser,player_e497bd0f,baseline_division_of_labor,f628fe1ac49bc66a,22.62741699796952,0.0,0.0,0.0,0.0,1.0,1.0,"(5, 2)","[p(2, 2)_cs(1.0)_ws(1.0)]_[p(5, 2)_cs(1.0)_ws(1.0)]",player_e497bd0f_actions,,[],,,
350,tomato_cut,pick up,CuttingBoard_20,CuttingBoard,20,pick up tomato_cut from cuttingboard,player_8c7d98ca,baseline_division_of_labor,f628fe1ac49bc66a,198.50692672489652,48.0,0.0,0.0,0.0,1.0,1.0,"(2, 2)","[p(2, 2)_cs(1.0)_ws(1.0)]_[p(5, 2)_cs(1.0)_ws(1.0)]",player_8c7d98ca_actions,player_8c7d98ca,['player_8c7d98ca'],,,False
363,tomato_cut,put down,Counter_32,Counter,32,put down tomato_cut on counter,player_8c7d98ca,baseline_division_of_labor,f628fe1ac49bc66a,214.50692672489652,16.0,0.0,0.0,0.0,1.0,1.0,"(2, 2)","[p(2, 2)_cs(1.0)_ws(1.0)]_[p(5, 2)_cs(1.0)_ws(1.0)]",player_8c7d98ca_actions,player_8c7d98ca,"['player_8c7d98ca', 'player_8c7d98ca']",,,
387,tomato,start cutting,CuttingBoard_10,CuttingBoard,10,start cutting tomato,player_e497bd0f,baseline_division_of_labor,f628fe1ac49bc66a,102.6274169979695,79.99999999999999,0.0,0.0,0.0,1.0,1.0,"(5, 2)","[p(2, 2)_cs(1.0)_ws(1.0)]_[p(5, 2)_cs(1.0)_ws(1.0)]",player_e497bd0f_actions,player_e497bd0f,['player_e497bd0f'],,,
387,tomato_cut,pick up,CuttingBoard_10,CuttingBoard,10,pick up tomato_cut from cuttingboard,player_e497bd0f,baseline_division_of_labor,f628fe1ac49bc66a,102.6274169979695,0.0,0.0,0.0,0.0,1.0,1.0,"(5, 2)","[p(2, 2)_cs(1.0)_ws(1.0)]_[p(5, 2)_cs(1.0)_ws(1.0)]",player_e497bd0f_actions,player_e497bd0f,['player_e497bd0f'],,,False
468,tomato_cut,put down,Counter_34,Counter,34,put down tomato_cut on counter,player_e497bd0f,baseline_division_of_labor,f628fe1ac49bc66a,157.05717447224183,54.42975747427235,0.0,0.0,0.0,1.0,1.0,"(5, 2)","[p(2, 2)_cs(1.0)_ws(1.0)]_[p(5, 2)_cs(1.0)_ws(1.0)]",player_e497bd0f_actions,player_e497bd0f,"['player_e497bd0f', 'player_e497bd0f']",,,
475,plate,pick up,Dispenser_60,Dispenser,60,pick up plate from dispenser,player_8c7d98ca,baseline_division_of_labor,f628fe1ac49bc66a,353.14374363984564,138.63681691494912,0.0,0.0,0.0,1.0,1.0,"(2, 2)","[p(2, 2)_cs(1.0)_ws(1.0)]_[p(5, 2)_cs(1.0)_ws(1.0)]",player_8c7d98ca_actions,,[],,,
500,plate,assemble salad,Counter_32,Counter,32,assemble salad,player_8c7d98ca,baseline_division_of_labor,f628fe1ac49bc66a,391.55080630661064,38.407062666765,0.0,0.0,0.0,1.0,1.0,"(2, 2)","[p(2, 2)_cs(1.0)_ws(1.0)]_[p(5, 2)_cs(1.0)_ws(1.0)]",player_8c7d98ca_actions,player_8c7d98ca,['player_8c7d98ca'],"['player_8c7d98ca', 'player_8c7d98ca']",['player_8c7d98ca'],False
509,tomato_salad,pick up,Counter_32,Counter,32,pick up tomato_salad from counter,player_8c7d98ca,baseline_division_of_labor,f628fe1ac49bc66a,391.55080630661064,0.0,0.0,0.0,0.0,1.0,1.0,"(2, 2)","[p(2, 2)_cs(1.0)_ws(1.0)]_[p(5, 2)_cs(1.0)_ws(1.0)]",player_8c7d98ca_actions,player_8c7d98ca,['player_8c7d98ca'],"['player_8c7d98ca', 'player_8c7d98ca']",['player_8c7d98ca'],False
534,tomato_salad,deliver,Delivery_63,Delivery,63,deliver tomato_salad,player_8c7d98ca,baseline_division_of_labor,f628fe1ac49bc66a,414.17822330458006,22.62741699796942,1.0,1.0,1.0,1.0,1.0,"(2, 2)","[p(2, 2)_cs(1.0)_ws(1.0)]_[p(5, 2)_cs(1.0)_ws(1.0)]",player_8c7d98ca_actions,player_8c7d98ca,"['player_8c7d98ca', 'player_8c7d98ca']","['player_8c7d98ca', 'player_8c7d98ca']",['player_8c7d98ca'],
541,plate,pick up,Dispenser_60,Dispenser,60,pick up plate from dispenser,player_e497bd0f,baseline_division_of_labor,f628fe1ac49bc66a,259.24746490220195,102.1902904299601,1.0,0.0,0.0,1.0,1.0,"(5, 2)","[p(2, 2)_cs(1.0)_ws(1.0)]_[p(5, 2)_cs(1.0)_ws(1.0)]",player_e497bd0f_actions,,[],,,
567,tomato,pick up,Dispenser_40,Dispenser,40,pick up tomato from dispenser,player_8c7d98ca,baseline_division_of_labor,f628fe1ac49bc66a,452.58948314460616,38.411259840026105,1.0,0.0,1.0,1.0,1.0,"(2, 2)","[p(2, 2)_cs(1.0)_ws(1.0)]_[p(5, 2)_cs(1.0)_ws(1.0)]",player_8c7d98ca_actions,,[],,,
595,tomato,start cutting,CuttingBoard_20,CuttingBoard,20,start cutting tomato,player_8c7d98ca,baseline_division_of_labor,f628fe1ac49bc66a,484.58948314460633,32.00000000000017,1.0,0.0,1.0,1.0,1.0,"(2, 2)","[p(2, 2)_cs(1.0)_ws(1.0)]_[p(5, 2)_cs(1.0)_ws(1.0)]",player_8c7d98ca_actions,player_8c7d98ca,['player_8c7d98ca'],,,
614,plate,assemble salad,Counter_34,Counter,34,assemble salad,player_e497bd0f,baseline_division_of_labor,f628fe1ac49bc66a,320.1636518047404,60.91618690253847,1.0,0.0,0.0,1.0,1.0,"(5, 2)","[p(2, 2)_cs(1.0)_ws(1.0)]_[p(5, 2)_cs(1.0)_ws(1.0)]",player_e497bd0f_actions,player_e497bd0f,['player_e497bd0f'],"['player_e497bd0f', 'player_e497bd0f']",['player_e497bd0f'],False
642,tomato_salad,pick up,Counter_34,Counter,34,pick up tomato_salad from counter,player_e497bd0f,baseline_division_of_labor,f628fe1ac49bc66a,320.1636518047404,0.0,1.0,0.0,0.0,1.0,1.0,"(5, 2)","[p(2, 2)_cs(1.0)_ws(1.0)]_[p(5, 2)_cs(1.0)_ws(1.0)]",player_e497bd0f_actions,player_e497bd0f,['player_e497bd0f'],"['player_e497bd0f', 'player_e497bd0f']",['player_e497bd0f'],False
653,tomato_salad,put down,Counter_34,Counter,34,put down tomato_salad on counter,player_e497bd0f,baseline_division_of_labor,f628fe1ac49bc66a,320.1636518047404,0.0,1.0,0.0,0.0,1.0,1.0,"(5, 2)","[p(2, 2)_cs(1.0)_ws(1.0)]_[p(5, 2)_cs(1.0)_ws(1.0)]",player_e497bd0f_actions,player_e497bd0f,"['player_e497bd0f', 'player_e497bd0f']","['player_e497bd0f', 'player_e497bd0f']",['player_e497bd0f'],
692,tomato_salad,pick up,Counter_34,Counter,34,pick up tomato_salad from counter,player_e497bd0f,baseline_division_of_labor,f628fe1ac49bc66a,352.1636518047404,32.0,1.0,0.0,0.0,1.0,1.0,"(5, 2)","[p(2, 2)_cs(1.0)_ws(1.0)]_[p(5, 2)_cs(1.0)_ws(1.0)]",player_e497bd0f_actions,player_e497bd0f,"['player_e497bd0f', 'player_e497bd0f']","['player_e497bd0f', 'player_e497bd0f']",['player_e497bd0f'],False
701,tomato_cut,pick up,CuttingBoard_10,CuttingBoard,10,pick up tomato_cut from cuttingboard,player_8c7d98ca,baseline_division_of_labor,f628fe1ac49bc66a,500.5894831446065,16.00000000000017,1.0,0.0,1.0,1.0,1.0,"(2, 2)","[p(2, 2)_cs(1.0)_ws(1.0)]_[p(5, 2)_cs(1.0)_ws(1.0)]",player_8c7d98ca_actions,player_e497bd0f,"['player_e497bd0f', 'player_e497bd0f']","['player_e497bd0f', 'player_e497bd0f']",['player_e497bd0f'],True
723,tomato_salad,deliver,Delivery_64,Delivery,64,deliver tomato_salad,player_e497bd0f,baseline_division_of_labor,f628fe1ac49bc66a,368.1636518047404,16.0,2.0,1.0,1.0,1.0,1.0,"(5, 2)","[p(2, 2)_cs(1.0)_ws(1.0)]_[p(5, 2)_cs(1.0)_ws(1.0)]",player_e497bd0f_actions,player_e497bd0f,"['player_e497bd0f', 'player_e497bd0f', 'player_e497bd0f']","['player_e497bd0f', 'player_e497bd0f']",['player_e497bd0f'],
729,tomato_cut,put down,Counter_33,Counter,33,put down tomato_cut on counter,player_8c7d98ca,baseline_division_of_labor,f628fe1ac49bc66a,539.0007429846324,38.411259840025934,2.0,0.0,1.0,1.0,1.0,"(2, 2)","[p(2, 2)_cs(1.0)_ws(1.0)]_[p(5, 2)_cs(1.0)_ws(1.0)]",player_8c7d98ca_actions,player_8c7d98ca,"['player_e497bd0f', 'player_e497bd0f', 'player_8c7d98ca']","['player_e497bd0f', 'player_e497bd0f']",['player_e497bd0f'],
774,tomato_cut,pick up,CuttingBoard_20,CuttingBoard,20,pick up tomato_cut from cuttingboard,player_8c7d98ca,baseline_division_of_labor,f628fe1ac49bc66a,636.000742984631,96.99999999999852,2.0,0.0,1.0,1.0,1.0,"(2, 2)","[p(2, 2)_cs(1.0)_ws(1.0)]_[p(5, 2)_cs(1.0)_ws(1.0)]",player_8c7d98ca_actions,player_8c7d98ca,['player_8c7d98ca'],,,False
785,tomato,pick up,Dispenser_50,Dispenser,50,pick up tomato from dispenser,player_e497bd0f,baseline_division_of_labor,f628fe1ac49bc66a,416.1636518047409,48.000000000000455,2.0,0.0,1.0,1.0,1.0,"(5, 2)","[p(2, 2)_cs(1.0)_ws(1.0)]_[p(5, 2)_cs(1.0)_ws(1.0)]",player_e497bd0f_actions,,[],,,
802,tomato_cut,put down,Counter_34,Counter,34,put down tomato_cut on counter,player_8c7d98ca,baseline_division_of_labor,f628fe1ac49bc66a,684.0007429846314,48.000000000000455,2.0,0.0,1.0,1.0,1.0,"(2, 2)","[p(2, 2)_cs(1.0)_ws(1.0)]_[p(5, 2)_cs(1.0)_ws(1.0)]",player_8c7d98ca_actions,player_8c7d98ca,"['player_8c7d98ca', 'player_8c7d98ca']",,,
839,tomato,start cutting,CuttingBoard_20,CuttingBoard,20,start cutting tomato,player_e497bd0f,baseline_division_of_labor,f628fe1ac49bc66a,464.1636518047411,48.00000000000023,2.0,0.0,1.0,1.0,1.0,"(5, 2)","[p(2, 2)_cs(1.0)_ws(1.0)]_[p(5, 2)_cs(1.0)_ws(1.0)]",player_e497bd0f_actions,player_e497bd0f,['player_e497bd0f'],,,
852,plate,pick up,Dispenser_60,Dispenser,60,pick up plate from dispenser,player_8c7d98ca,baseline_division_of_labor,f628fe1ac49bc66a,786.1910334145914,102.19029042996,2.0,0.0,1.0,1.0,1.0,"(2, 2)","[p(2, 2)_cs(1.0)_ws(1.0)]_[p(5, 2)_cs(1.0)_ws(1.0)]",player_8c7d98ca_actions,,[],,,
880,plate,assemble salad,Counter_33,Counter,33,assemble salad,player_8c7d98ca,baseline_division_of_labor,f628fe1ac49bc66a,831.445867410531,45.254833995939634,2.0,0.0,1.0,1.0,1.0,"(2, 2)","[p(2, 2)_cs(1.0)_ws(1.0)]_[p(5, 2)_cs(1.0)_ws(1.0)]",player_8c7d98ca_actions,player_8c7d98ca,['player_8c7d98ca'],"['player_e497bd0f', 'player_e497bd0f', 'player_8c7d98ca']",['player_8c7d98ca'],False
907,plate,pick up,Dispenser_60,Dispenser,60,pick up plate from dispenser,player_8c7d98ca,baseline_division_of_labor,f628fe1ac49bc66a,876.7007014064707,45.254833995939634,2.0,0.0,1.0,1.0,1.0,"(2, 2)","[p(2, 2)_cs(1.0)_ws(1.0)]_[p(5, 2)_cs(1.0)_ws(1.0)]",player_8c7d98ca_actions,,[],,,
937,plate,assemble salad,Counter_34,Counter,34,assemble salad,player_8c7d98ca,baseline_division_of_labor,f628fe1ac49bc66a,937.616888309009,60.91618690253836,2.0,0.0,1.0,1.0,1.0,"(2, 2)","[p(2, 2)_cs(1.0)_ws(1.0)]_[p(5, 2)_cs(1.0)_ws(1.0)]",player_8c7d98ca_actions,player_8c7d98ca,['player_8c7d98ca'],"['player_8c7d98ca', 'player_8c7d98ca']",['player_8c7d98ca'],False
953,tomato_salad,pick up,Counter_33,Counter,33,pick up tomato_salad from counter,player_8c7d98ca,baseline_division_of_labor,f628fe1ac49bc66a,953.6168883090093,16.000000000000114,2.0,0.0,1.0,1.0,1.0,"(2, 2)","[p(2, 2)_cs(1.0)_ws(1.0)]_[p(5, 2)_cs(1.0)_ws(1.0)]",player_8c7d98ca_actions,player_8c7d98ca,['player_8c7d98ca'],"['player_e497bd0f', 'player_e497bd0f', 'player_8c7d98ca']",['player_8c7d98ca'],False
965,tomato_salad,deliver,Delivery_63,Delivery,63,deliver tomato_salad,player_8c7d98ca,baseline_division_of_labor,f628fe1ac49bc66a,969.6168883090093,16.0,3.0,1.0,2.0,1.0,1.0,"(2, 2)","[p(2, 2)_cs(1.0)_ws(1.0)]_[p(5, 2)_cs(1.0)_ws(1.0)]",player_8c7d98ca_actions,player_8c7d98ca,"['player_8c7d98ca', 'player_8c7d98ca']","['player_e497bd0f', 'player_e497bd0f', 'player_8c7d98ca']",['player_8c7d98ca'],
980,tomato_cut,pick up,CuttingBoard_20,CuttingBoard,20,pick up tomato_cut from cuttingboard,player_e497bd0f,baseline_division_of_labor,f628fe1ac49bc66a,592.1636518047419,128.0000000000008,3.0,0.0,1.0,1.0,1.0,"(5, 2)","[p(2, 2)_cs(1.0)_ws(1.0)]_[p(5, 2)_cs(1.0)_ws(1.0)]",player_e497bd0f_actions,player_e497bd0f,['player_e497bd0f'],,,False
983,tomato_salad,pick up,Counter_34,Counter,34,pick up tomato_salad from counter,player_8c7d98ca,baseline_division_of_labor,f628fe1ac49bc66a,992.244305306979,22.627416997969817,3.0,0.0,2.0,1.0,1.0,"(2, 2)","[p(2, 2)_cs(1.0)_ws(1.0)]_[p(5, 2)_cs(1.0)_ws(1.0)]",player_8c7d98ca_actions,player_8c7d98ca,['player_8c7d98ca'],"['player_8c7d98ca', 'player_8c7d98ca']",['player_8c7d98ca'],False
1000,tomato_salad,deliver,Delivery_63,Delivery,63,deliver tomato_salad,player_8c7d98ca,baseline_division_of_labor,f628fe1ac49bc66a,1014.8717223049488,22.627416997969817,4.0,1.0,3.0,1.0,1.0,"(2, 2)","[p(2, 2)_cs(1.0)_ws(1.0)]_[p(5, 2)_cs(1.0)_ws(1.0)]",player_8c7d98ca_actions,player_8c7d98ca,"['player_8c7d98ca', 'player_8c7d98ca']","['player_8c7d98ca', 'player_8c7d98ca']",['player_8c7d98ca'],
1017,tomato_cut,put down,Counter_32,Counter,32,put down tomato_cut on counter,player_e497bd0f,baseline_division_of_labor,f628fe1ac49bc66a,608.1636518047421,16.000000000000227,4.0,0.0,1.0,1.0,1.0,"(5, 2)","[p(2, 2)_cs(1.0)_ws(1.0)]_[p(5, 2)_cs(1.0)_ws(1.0)]",player_e497bd0f_actions,player_e497bd0f,"['player_e497bd0f', 'player_e497bd0f']",,,
1024,tomato,pick up,Dispenser_40,Dispenser,40,pick up tomato from dispenser,player_8c7d98ca,baseline_division_of_labor,f628fe1ac49bc66a,1053.2829821449748,38.41125984002599,4.0,0.0,3.0,1.0,1.0,"(2, 2)","[p(2, 2)_cs(1.0)_ws(1.0)]_[p(5, 2)_cs(1.0)_ws(1.0)]",player_8c7d98ca_actions,,[],,,
1045,tomato,start cutting,CuttingBoard_20,CuttingBoard,20,start cutting tomato,player_8c7d98ca,baseline_division_of_labor,f628fe1ac49bc66a,1085.282982144974,31.99999999999932,4.0,0.0,3.0,1.0,1.0,"(2, 2)","[p(2, 2)_cs(1.0)_ws(1.0)]_[p(5, 2)_cs(1.0)_ws(1.0)]",player_8c7d98ca_actions,player_8c7d98ca,['player_8c7d98ca'],,,
1048,tomato,pick up,Dispenser_40,Dispenser,40,pick up tomato from dispenser,player_e497bd0f,baseline_division_of_labor,f628fe1ac49bc66a,624.1636518047422,16.000000000000114,4.0,0.0,1.0,1.0,1.0,"(5, 2)","[p(2, 2)_cs(1.0)_ws(1.0)]_[p(5, 2)_cs(1.0)_ws(1.0)]",player_e497bd0f_actions,,[],,,
1097,tomato_cut,pick up,CuttingBoard_20,CuttingBoard,20,pick up tomato_cut from cuttingboard,player_8c7d98ca,baseline_division_of_labor,f628fe1ac49bc66a,1085.282982144974,0.0,4.0,0.0,3.0,1.0,1.0,"(2, 2)","[p(2, 2)_cs(1.0)_ws(1.0)]_[p(5, 2)_cs(1.0)_ws(1.0)]",player_8c7d98ca_actions,player_8c7d98ca,['player_8c7d98ca'],,,False
1101,tomato,start cutting,CuttingBoard_10,CuttingBoard,10,start cutting tomato,player_e497bd0f,baseline_division_of_labor,f628fe1ac49bc66a,672.1636518047427,48.000000000000455,4.0,0.0,1.0,1.0,1.0,"(5, 2)","[p(2, 2)_cs(1.0)_ws(1.0)]_[p(5, 2)_cs(1.0)_ws(1.0)]",player_e497bd0f_actions,player_e497bd0f,['player_e497bd0f'],,,
1118,tomato_cut,put down,Counter_33,Counter,33,put down tomato_cut on counter,player_8c7d98ca,baseline_division_of_labor,f628fe1ac49bc66a,1117.2829821449732,31.99999999999909,4.0,0.0,3.0,1.0,1.0,"(2, 2)","[p(2, 2)_cs(1.0)_ws(1.0)]_[p(5, 2)_cs(1.0)_ws(1.0)]",player_8c7d98ca_actions,player_8c7d98ca,"['player_8c7d98ca', 'player_8c7d98ca']",,,
1162,plate,pick up,Dispenser_60,Dispenser,60,pick up plate from dispenser,player_8c7d98ca,baseline_division_of_labor,f628fe1ac49bc66a,1203.4513184976208,86.16833635264766,4.0,0.0,3.0,1.0,1.0,"(2, 2)","[p(2, 2)_cs(1.0)_ws(1.0)]_[p(5, 2)_cs(1.0)_ws(1.0)]",player_8c7d98ca_actions,,[],,,
1188,plate,assemble salad,Counter_33,Counter,33,assemble salad,player_8c7d98ca,baseline_division_of_labor,f628fe1ac49bc66a,1248.7061524935586,45.254833995937815,4.0,0.0,3.0,1.0,1.0,"(2, 2)","[p(2, 2)_cs(1.0)_ws(1.0)]_[p(5, 2)_cs(1.0)_ws(1.0)]",player_8c7d98ca_actions,player_8c7d98ca,['player_8c7d98ca'],"['player_8c7d98ca', 'player_8c7d98ca']",['player_8c7d98ca'],False
1213,plate,pick up,Dispenser_60,Dispenser,60,pick up plate from dispenser,player_8c7d98ca,baseline_division_of_labor,f628fe1ac49bc66a,1293.9609864894965,45.254833995937815,4.0,0.0,3.0,1.0,1.0,"(2, 2)","[p(2, 2)_cs(1.0)_ws(1.0)]_[p(5, 2)_cs(1.0)_ws(1.0)]",player_8c7d98ca_actions,,[],,,
1233,plate,assemble salad,Counter_32,Counter,32,assemble salad,player_8c7d98ca,baseline_division_of_labor,f628fe1ac49bc66a,1332.3680491562604,38.40706266676398,4.0,0.0,3.0,1.0,1.0,"(2, 2)","[p(2, 2)_cs(1.0)_ws(1.0)]_[p(5, 2)_cs(1.0)_ws(1.0)]",player_8c7d98ca_actions,player_e497bd0f,['player_8c7d98ca'],"['player_e497bd0f', 'player_e497bd0f']",['player_8c7d98ca'],True
1234,tomato_cut,pick up,CuttingBoard_10,CuttingBoard,10,pick up tomato_cut from cuttingboard,player_e497bd0f,baseline_division_of_labor,f628fe1ac49bc66a,781.0127809222645,108.84912911752178,4.0,0.0,1.0,1.0,1.0,"(5, 2)","[p(2, 2)_cs(1.0)_ws(1.0)]_[p(5, 2)_cs(1.0)_ws(1.0)]",player_e497bd0f_actions,player_e497bd0f,['player_e497bd0f'],,,False
1244,tomato_salad,pick up,Counter_32,Counter,32,pick up tomato_salad from counter,player_8c7d98ca,baseline_division_of_labor,f628fe1ac49bc66a,1332.3680491562604,0.0,4.0,0.0,3.0,1.0,1.0,"(2, 2)","[p(2, 2)_cs(1.0)_ws(1.0)]_[p(5, 2)_cs(1.0)_ws(1.0)]",player_8c7d98ca_actions,player_8c7d98ca,['player_8c7d98ca'],"['player_e497bd0f', 'player_e497bd0f']",['player_8c7d98ca'],False
1260,tomato_salad,deliver,Delivery_63,Delivery,63,deliver tomato_salad,player_8c7d98ca,baseline_division_of_labor,f628fe1ac49bc66a,1354.9954661542297,22.62741699796902,5.0,1.0,4.0,1.0,1.0,"(2, 2)","[p(2, 2)_cs(1.0)_ws(1.0)]_[p(5, 2)_cs(1.0)_ws(1.0)]",player_8c7d98ca_actions,player_8c7d98ca,"['player_8c7d98ca', 'player_8c7d98ca']","['player_e497bd0f', 'player_e497bd0f']",['player_8c7d98ca'],
1272,tomato_salad,pick up,Counter_33,Counter,33,pick up tomato_salad from counter,player_8c7d98ca,baseline_division_of_labor,f628fe1ac49bc66a,1370.995466154229,15.999999999999543,5.0,0.0,4.0,1.0,1.0,"(2, 2)","[p(2, 2)_cs(1.0)_ws(1.0)]_[p(5, 2)_cs(1.0)_ws(1.0)]",player_8c7d98ca_actions,player_8c7d98ca,['player_8c7d98ca'],"['player_8c7d98ca', 'player_8c7d98ca']",['player_8c7d98ca'],False
1281,tomato_cut,put down,Counter_34,Counter,34,put down tomato_cut on counter,player_e497bd0f,baseline_division_of_labor,f628fe1ac49bc66a,835.4425383965372,54.42975747427272,5.0,0.0,1.0,1.0,1.0,"(5, 2)","[p(2, 2)_cs(1.0)_ws(1.0)]_[p(5, 2)_cs(1.0)_ws(1.0)]",player_e497bd0f_actions,player_e497bd0f,"['player_e497bd0f', 'player_e497bd0f']",,,
1285,tomato_salad,deliver,Delivery_63,Delivery,63,deliver tomato_salad,player_8c7d98ca,baseline_division_of_labor,f628fe1ac49bc66a,1386.9954661542286,15.999999999999543,6.0,1.0,5.0,1.0,1.0,"(2, 2)","[p(2, 2)_cs(1.0)_ws(1.0)]_[p(5, 2)_cs(1.0)_ws(1.0)]",player_8c7d98ca_actions,player_8c7d98ca,"['player_8c7d98ca', 'player_8c7d98ca']","['player_8c7d98ca', 'player_8c7d98ca']",['player_8c7d98ca'],
1308,tomato,pick up,Dispenser_40,Dispenser,40,pick up tomato from dispenser,player_8c7d98ca,baseline_division_of_labor,f628fe1ac49bc66a,1425.4067259942542,38.41125984002565,6.0,0.0,5.0,1.0,1.0,"(2, 2)","[p(2, 2)_cs(1.0)_ws(1.0)]_[p(5, 2)_cs(1.0)_ws(1.0)]",player_8c7d98ca_actions,,[],,,
1327,tomato,start cutting,CuttingBoard_20,CuttingBoard,20,start cutting tomato,player_8c7d98ca,baseline_division_of_labor,f628fe1ac49bc66a,1457.4067259942535,31.99999999999932,6.0,0.0,5.0,1.0,1.0,"(2, 2)","[p(2, 2)_cs(1.0)_ws(1.0)]_[p(5, 2)_cs(1.0)_ws(1.0)]",player_8c7d98ca_actions,player_8c7d98ca,['player_8c7d98ca'],,,
1352,tomato,pick up,Dispenser_40,Dispenser,40,pick up tomato from dispenser,player_8c7d98ca,baseline_division_of_labor,f628fe1ac49bc66a,1489.4067259942526,31.99999999999909,6.0,0.0,5.0,1.0,1.0,"(2, 2)","[p(2, 2)_cs(1.0)_ws(1.0)]_[p(5, 2)_cs(1.0)_ws(1.0)]",player_8c7d98ca_actions,,[],,,
1367,plate,pick up,Dispenser_60,Dispenser,60,pick up plate from dispenser,player_e497bd0f,baseline_division_of_labor,f628fe1ac49bc66a,937.6328288264972,102.19029042996,6.0,0.0,1.0,1.0,1.0,"(5, 2)","[p(2, 2)_cs(1.0)_ws(1.0)]_[p(5, 2)_cs(1.0)_ws(1.0)]",player_e497bd0f_actions,,[],,,
1385,tomato,start cutting,CuttingBoard_10,CuttingBoard,10,start cutting tomato,player_8c7d98ca,baseline_division_of_labor,f628fe1ac49bc66a,1537.406725994251,47.99999999999841,6.0,0.0,5.0,1.0,1.0,"(2, 2)","[p(2, 2)_cs(1.0)_ws(1.0)]_[p(5, 2)_cs(1.0)_ws(1.0)]",player_8c7d98ca_actions,player_8c7d98ca,['player_8c7d98ca'],,,
1427,plate,assemble salad,Counter_34,Counter,34,assemble salad,player_e497bd0f,baseline_division_of_labor,f628fe1ac49bc66a,998.5490157290355,60.91618690253836,6.0,0.0,1.0,1.0,1.0,"(5, 2)","[p(2, 2)_cs(1.0)_ws(1.0)]_[p(5, 2)_cs(1.0)_ws(1.0)]",player_e497bd0f_actions,player_e497bd0f,['player_e497bd0f'],"['player_e497bd0f', 'player_e497bd0f']",['player_e497bd0f'],False
1450,tomato_salad,pick up,Counter_34,Counter,34,pick up tomato_salad from counter,player_e497bd0f,baseline_division_of_labor,f628fe1ac49bc66a,998.5490157290355,0.0,6.0,0.0,1.0,1.0,1.0,"(5, 2)","[p(2, 2)_cs(1.0)_ws(1.0)]_[p(5, 2)_cs(1.0)_ws(1.0)]",player_e497bd0f_actions,player_e497bd0f,['player_e497bd0f'],"['player_e497bd0f', 'player_e497bd0f']",['player_e497bd0f'],False
1456,tomato_cut,pick up,CuttingBoard_20,CuttingBoard,20,pick up tomato_cut from cuttingboard,player_8c7d98ca,baseline_division_of_labor,f628fe1ac49bc66a,1576.4067259942467,38.99999999999568,6.0,0.0,5.0,1.0,1.0,"(2, 2)","[p(2, 2)_cs(1.0)_ws(1.0)]_[p(5, 2)_cs(1.0)_ws(1.0)]",player_8c7d98ca_actions,player_8c7d98ca,['player_8c7d98ca'],,,False
1464,tomato_salad,put down,Counter_34,Counter,34,put down tomato_salad on counter,player_e497bd0f,baseline_division_of_labor,f628fe1ac49bc66a,998.5490157290355,0.0,6.0,0.0,1.0,1.0,1.0,"(5, 2)","[p(2, 2)_cs(1.0)_ws(1.0)]_[p(5, 2)_cs(1.0)_ws(1.0)]",player_e497bd0f_actions,player_e497bd0f,"['player_e497bd0f', 'player_e497bd0f']","['player_e497bd0f', 'player_e497bd0f']",['player_e497bd0f'],
1479,tomato_cut,put down,Counter_33,Counter,33,put down tomato_cut on counter,player_8c7d98ca,baseline_division_of_labor,f628fe1ac49bc66a,1608.4067259942458,31.99999999999909,6.0,0.0,5.0,1.0,1.0,"(2, 2)","[p(2, 2)_cs(1.0)_ws(1.0)]_[p(5, 2)_cs(1.0)_ws(1.0)]",player_8c7d98ca_actions,player_8c7d98ca,"['player_8c7d98ca', 'player_8c7d98ca']",,,
1488,tomato_salad,pick up,Counter_34,Counter,34,pick up tomato_salad from counter,player_e497bd0f,baseline_division_of_labor,f628fe1ac49bc66a,998.5490157290355,0.0,6.0,0.0,1.0,1.0,1.0,"(5, 2)","[p(2, 2)_cs(1.0)_ws(1.0)]_[p(5, 2)_cs(1.0)_ws(1.0)]",player_e497bd0f_actions,player_e497bd0f,"['player_e497bd0f', 'player_e497bd0f']","['player_e497bd0f', 'player_e497bd0f']",['player_e497bd0f'],False
1524,tomato_salad,deliver,Delivery_64,Delivery,64,deliver tomato_salad,player_e497bd0f,baseline_division_of_labor,f628fe1ac49bc66a,1014.5490157290355,16.0,7.0,1.0,2.0,1.0,1.0,"(5, 2)","[p(2, 2)_cs(1.0)_ws(1.0)]_[p(5, 2)_cs(1.0)_ws(1.0)]",player_e497bd0f_actions,player_e497bd0f,"['player_e497bd0f', 'player_e497bd0f', 'player_e497bd0f']","['player_e497bd0f', 'player_e497bd0f']",['player_e497bd0f'],
1541,tomato_cut,pick up,CuttingBoard_10,CuttingBoard,10,pick up tomato_cut from cuttingboard,player_8c7d98ca,baseline_division_of_labor,f628fe1ac49bc66a,1646.8179858342717,38.41125984002588,7.0,0.0,5.0,1.0,1.0,"(2, 2)","[p(2, 2)_cs(1.0)_ws(1.0)]_[p(5, 2)_cs(1.0)_ws(1.0)]",player_8c7d98ca_actions,player_8c7d98ca,['player_8c7d98ca'],,,False
1559,tomato_cut,put down,Counter_32,Counter,32,put down tomato_cut on counter,player_8c7d98ca,baseline_division_of_labor,f628fe1ac49bc66a,1669.4454028322414,22.627416997969704,7.0,0.0,5.0,1.0,1.0,"(2, 2)","[p(2, 2)_cs(1.0)_ws(1.0)]_[p(5, 2)_cs(1.0)_ws(1.0)]",player_8c7d98ca_actions,player_8c7d98ca,"['player_8c7d98ca', 'player_8c7d98ca']",,,
1577,plate,pick up,Dispenser_60,Dispenser,60,pick up plate from dispenser,player_e497bd0f,baseline_division_of_labor,f628fe1ac49bc66a,1068.9683873722831,54.41937164324759,7.0,0.0,2.0,1.0,1.0,"(5, 2)","[p(2, 2)_cs(1.0)_ws(1.0)]_[p(5, 2)_cs(1.0)_ws(1.0)]",player_e497bd0f_actions,,[],,,
1582,tomato,pick up,Dispenser_40,Dispenser,40,pick up tomato from dispenser,player_8c7d98ca,baseline_division_of_labor,f628fe1ac49bc66a,1707.952329557137,38.50692672489595,7.0,0.0,5.0,1.0,1.0,"(2, 2)","[p(2, 2)_cs(1.0)_ws(1.0)]_[p(5, 2)_cs(1.0)_ws(1.0)]",player_8c7d98ca_actions,,[],,,
1605,tomato,start cutting,CuttingBoard_20,CuttingBoard,20,start cutting tomato,player_8c7d98ca,baseline_division_of_labor,f628fe1ac49bc66a,1739.9523295571366,31.99999999999932,7.0,0.0,5.0,1.0,1.0,"(2, 2)","[p(2, 2)_cs(1.0)_ws(1.0)]_[p(5, 2)_cs(1.0)_ws(1.0)]",player_8c7d98ca_actions,player_8c7d98ca,['player_8c7d98ca'],,,
1619,plate,assemble salad,Counter_32,Counter,32,assemble salad,player_e497bd0f,baseline_division_of_labor,f628fe1ac49bc66a,1107.375450039047,38.407062666764205,7.0,0.0,2.0,1.0,1.0,"(5, 2)","[p(2, 2)_cs(1.0)_ws(1.0)]_[p(5, 2)_cs(1.0)_ws(1.0)]",player_e497bd0f_actions,player_8c7d98ca,['player_e497bd0f'],"['player_8c7d98ca', 'player_8c7d98ca']",['player_e497bd0f'],True
1628,tomato,pick up,Dispenser_50,Dispenser,50,pick up tomato from dispenser,player_8c7d98ca,baseline_division_of_labor,f628fe1ac49bc66a,1787.9523295571348,47.99999999999818,7.0,0.0,5.0,1.0,1.0,"(2, 2)","[p(2, 2)_cs(1.0)_ws(1.0)]_[p(5, 2)_cs(1.0)_ws(1.0)]",player_8c7d98ca_actions,,[],,,
1643,tomato_salad,pick up,Counter_32,Counter,32,pick up tomato_salad from counter,player_e497bd0f,baseline_division_of_labor,f628fe1ac49bc66a,1107.375450039047,0.0,7.0,0.0,2.0,1.0,1.0,"(5, 2)","[p(2, 2)_cs(1.0)_ws(1.0)]_[p(5, 2)_cs(1.0)_ws(1.0)]",player_e497bd0f_actions,player_e497bd0f,['player_e497bd0f'],"['player_8c7d98ca', 'player_8c7d98ca']",['player_e497bd0f'],False
1662,tomato,start cutting,CuttingBoard_10,CuttingBoard,10,start cutting tomato,player_8c7d98ca,baseline_division_of_labor,f628fe1ac49bc66a,1851.9523295571323,63.999999999997726,7.0,0.0,5.0,1.0,1.0,"(2, 2)","[p(2, 2)_cs(1.0)_ws(1.0)]_[p(5, 2)_cs(1.0)_ws(1.0)]",player_8c7d98ca_actions,player_8c7d98ca,['player_8c7d98ca'],,,
1674,tomato_salad,deliver,Delivery_63,Delivery,63,deliver tomato_salad,player_e497bd0f,baseline_division_of_labor,f628fe1ac49bc66a,1130.0028670370164,22.62741699796902,8.0,1.0,3.0,1.0,1.0,"(5, 2)","[p(2, 2)_cs(1.0)_ws(1.0)]_[p(5, 2)_cs(1.0)_ws(1.0)]",player_e497bd0f_actions,player_e497bd0f,"['player_e497bd0f', 'player_e497bd0f']","['player_8c7d98ca', 'player_8c7d98ca']",['player_e497bd0f'],
1723,tomato_cut,pick up,CuttingBoard_20,CuttingBoard,20,pick up tomato_cut from cuttingboard,player_8c7d98ca,baseline_division_of_labor,f628fe1ac49bc66a,1867.952329557132,15.999999999999543,8.0,0.0,5.0,1.0,1.0,"(2, 2)","[p(2, 2)_cs(1.0)_ws(1.0)]_[p(5, 2)_cs(1.0)_ws(1.0)]",player_8c7d98ca_actions,player_8c7d98ca,['player_8c7d98ca'],,,False
1740,tomato_cut,put down,Counter_32,Counter,32,put down tomato_cut on counter,player_8c7d98ca,baseline_division_of_labor,f628fe1ac49bc66a,1883.9523295571316,15.999999999999543,8.0,0.0,5.0,1.0,1.0,"(2, 2)","[p(2, 2)_cs(1.0)_ws(1.0)]_[p(5, 2)_cs(1.0)_ws(1.0)]",player_8c7d98ca_actions,player_8c7d98ca,"['player_8c7d98ca', 'player_8c7d98ca']",,,
1744,plate,pick up,Dispenser_60,Dispenser,60,pick up plate from dispenser,player_e497bd0f,baseline_division_of_labor,f628fe1ac49bc66a,1168.414126877042,38.41125984002565,8.0,0.0,3.0,1.0,1.0,"(5, 2)","[p(2, 2)_cs(1.0)_ws(1.0)]_[p(5, 2)_cs(1.0)_ws(1.0)]",player_e497bd0f_actions,,[],,,
1789,plate,assemble salad,Counter_32,Counter,32,assemble salad,player_e497bd0f,baseline_division_of_labor,f628fe1ac49bc66a,1206.8211895438062,38.407062666764205,8.0,0.0,3.0,1.0,1.0,"(5, 2)","[p(2, 2)_cs(1.0)_ws(1.0)]_[p(5, 2)_cs(1.0)_ws(1.0)]",player_e497bd0f_actions,player_8c7d98ca,['player_e497bd0f'],"['player_8c7d98ca', 'player_8c7d98ca']",['player_e497bd0f'],True
1810,tomato_salad,pick up,Counter_32,Counter,32,pick up tomato_salad from counter,player_e497bd0f,baseline_division_of_labor,f628fe1ac49bc66a,1206.8211895438062,0.0,8.0,0.0,3.0,1.0,1.0,"(5, 2)","[p(2, 2)_cs(1.0)_ws(1.0)]_[p(5, 2)_cs(1.0)_ws(1.0)]",player_e497bd0f_actions,player_e497bd0f,['player_e497bd0f'],"['player_8c7d98ca', 'player_8c7d98ca']",['player_e497bd0f'],False
1812,tomato_cut,pick up,CuttingBoard_10,CuttingBoard,10,pick up tomato_cut from cuttingboard,player_8c7d98ca,baseline_division_of_labor,f628fe1ac49bc66a,1915.9523295571307,31.99999999999909,8.0,0.0,5.0,1.0,1.0,"(2, 2)","[p(2, 2)_cs(1.0)_ws(1.0)]_[p(5, 2)_cs(1.0)_ws(1.0)]",player_8c7d98ca_actions,player_8c7d98ca,['player_8c7d98ca'],,,False
1838,tomato_cut,put down,Counter_32,Counter,32,put down tomato_cut on counter,player_8c7d98ca,baseline_division_of_labor,f628fe1ac49bc66a,1938.5797465551004,22.627416997969704,8.0,0.0,5.0,1.0,1.0,"(2, 2)","[p(2, 2)_cs(1.0)_ws(1.0)]_[p(5, 2)_cs(1.0)_ws(1.0)]",player_8c7d98ca_actions,player_8c7d98ca,"['player_8c7d98ca', 'player_8c7d98ca']",,,
1844,tomato_salad,deliver,Delivery_63,Delivery,63,deliver tomato_salad,player_e497bd0f,baseline_division_of_labor,f628fe1ac49bc66a,1229.4486065417752,22.62741699796902,9.0,1.0,4.0,1.0,1.0,"(5, 2)","[p(2, 2)_cs(1.0)_ws(1.0)]_[p(5, 2)_cs(1.0)_ws(1.0)]",player_e497bd0f_actions,player_e497bd0f,"['player_e497bd0f', 'player_e497bd0f']","['player_8c7d98ca', 'player_8c7d98ca']",['player_e497bd0f'],
1863,tomato,pick up,Dispenser_40,Dispenser,40,pick up tomato from dispenser,player_8c7d98ca,baseline_division_of_labor,f628fe1ac49bc66a,1977.0866732799964,38.50692672489595,9.0,0.0,5.0,1.0,1.0,"(2, 2)","[p(2, 2)_cs(1.0)_ws(1.0)]_[p(5, 2)_cs(1.0)_ws(1.0)]",player_8c7d98ca_actions,,[],,,
1882,tomato,start cutting,CuttingBoard_20,CuttingBoard,20,start cutting tomato,player_8c7d98ca,baseline_division_of_labor,f628fe1ac49bc66a,2009.0866732799957,31.99999999999909,9.0,0.0,5.0,1.0,1.0,"(2, 2)","[p(2, 2)_cs(1.0)_ws(1.0)]_[p(5, 2)_cs(1.0)_ws(1.0)]",player_8c7d98ca_actions,player_8c7d98ca,['player_8c7d98ca'],,,
1902,tomato,pick up,Dispenser_40,Dispenser,40,pick up tomato from dispenser,player_8c7d98ca,baseline_division_of_labor,f628fe1ac49bc66a,2041.0866732799943,31.99999999999909,9.0,0.0,5.0,1.0,1.0,"(2, 2)","[p(2, 2)_cs(1.0)_ws(1.0)]_[p(5, 2)_cs(1.0)_ws(1.0)]",player_8c7d98ca_actions,,[],,,
1907,plate,pick up,Dispenser_60,Dispenser,60,pick up plate from dispenser,player_e497bd0f,baseline_division_of_labor,f628fe1ac49bc66a,1267.8598663818009,38.41125984002565,9.0,0.0,4.0,1.0,1.0,"(5, 2)","[p(2, 2)_cs(1.0)_ws(1.0)]_[p(5, 2)_cs(1.0)_ws(1.0)]",player_e497bd0f_actions,,[],,,
1929,tomato,start cutting,CuttingBoard_10,CuttingBoard,10,start cutting tomato,player_8c7d98ca,baseline_division_of_labor,f628fe1ac49bc66a,2089.0866732799964,48.00000000000182,9.0,0.0,5.0,1.0,1.0,"(2, 2)","[p(2, 2)_cs(1.0)_ws(1.0)]_[p(5, 2)_cs(1.0)_ws(1.0)]",player_8c7d98ca_actions,player_8c7d98ca,['player_8c7d98ca'],,,
1957,plate,assemble salad,Counter_33,Counter,33,assemble salad,player_e497bd0f,baseline_division_of_labor,f628fe1ac49bc66a,1313.1147003777387,45.254833995937815,9.0,0.0,4.0,1.0,1.0,"(5, 2)","[p(2, 2)_cs(1.0)_ws(1.0)]_[p(5, 2)_cs(1.0)_ws(1.0)]",player_e497bd0f_actions,player_8c7d98ca,['player_e497bd0f'],"['player_8c7d98ca', 'player_8c7d98ca']",['player_e497bd0f'],True
1993,tomato_salad,pick up,Counter_33,Counter,33,pick up tomato_salad from counter,player_e497bd0f,baseline_division_of_labor,f628fe1ac49bc66a,1313.1147003777387,0.0,9.0,0.0,4.0,1.0,1.0,"(5, 2)","[p(2, 2)_cs(1.0)_ws(1.0)]_[p(5, 2)_cs(1.0)_ws(1.0)]",player_e497bd0f_actions,player_e497bd0f,['player_e497bd0f'],"['player_8c7d98ca', 'player_8c7d98ca']",['player_e497bd0f'],False
2004,tomato_salad,put down,Counter_33,Counter,33,put down tomato_salad on counter,player_e497bd0f,baseline_division_of_labor,f628fe1ac49bc66a,1313.1147003777387,0.0,9.0,0.0,4.0,1.0,1.0,"(5, 2)","[p(2, 2)_cs(1.0)_ws(1.0)]_[p(5, 2)_cs(1.0)_ws(1.0)]",player_e497bd0f_actions,player_e497bd0f,"['player_e497bd0f', 'player_e497bd0f']","['player_8c7d98ca', 'player_8c7d98ca']",['player_e497bd0f'],
2034,tomato_salad,pick up,Counter_33,Counter,33,pick up tomato_salad from counter,player_e497bd0f,baseline_division_of_labor,f628fe1ac49bc66a,1313.1147003777387,0.0,9.0,0.0,4.0,1.0,1.0,"(5, 2)","[p(2, 2)_cs(1.0)_ws(1.0)]_[p(5, 2)_cs(1.0)_ws(1.0)]",player_e497bd0f_actions,player_e497bd0f,"['player_e497bd0f', 'player_e497bd0f']","['player_8c7d98ca', 'player_8c7d98ca']",['player_e497bd0f'],False
2036,tomato_cut,pick up,CuttingBoard_20,CuttingBoard,20,pick up tomato_cut from cuttingboard,player_8c7d98ca,baseline_division_of_labor,f628fe1ac49bc66a,2105.0866732799973,16.00000000000091,9.0,0.0,5.0,1.0,1.0,"(2, 2)","[p(2, 2)_cs(1.0)_ws(1.0)]_[p(5, 2)_cs(1.0)_ws(1.0)]",player_8c7d98ca_actions,player_8c7d98ca,['player_8c7d98ca'],,,False
2060,tomato_cut,put down,Counter_33,Counter,33,put down tomato_cut on counter,player_8c7d98ca,baseline_division_of_labor,f628fe1ac49bc66a,2137.086673279999,32.00000000000182,9.0,0.0,5.0,1.0,1.0,"(2, 2)","[p(2, 2)_cs(1.0)_ws(1.0)]_[p(5, 2)_cs(1.0)_ws(1.0)]",player_8c7d98ca_actions,player_8c7d98ca,"['player_8c7d98ca', 'player_8c7d98ca']",,,
2067,tomato_salad,deliver,Delivery_63,Delivery,63,deliver tomato_salad,player_e497bd0f,baseline_division_of_labor,f628fe1ac49bc66a,1329.114700377738,15.999999999999318,10.0,1.0,5.0,1.0,1.0,"(5, 2)","[p(2, 2)_cs(1.0)_ws(1.0)]_[p(5, 2)_cs(1.0)_ws(1.0)]",player_e497bd0f_actions,player_e497bd0f,"['player_e497bd0f', 'player_e497bd0f', 'player_e497bd0f']","['player_8c7d98ca', 'player_8c7d98ca']",['player_e497bd0f'],
2084,tomato_cut,pick up,CuttingBoard_10,CuttingBoard,10,pick up tomato_cut from cuttingboard,player_8c7d98ca,baseline_division_of_labor,f628fe1ac49bc66a,2175.497933120026,38.411259840027014,10.0,0.0,5.0,1.0,1.0,"(2, 2)","[p(2, 2)_cs(1.0)_ws(1.0)]_[p(5, 2)_cs(1.0)_ws(1.0)]",player_8c7d98ca_actions,player_8c7d98ca,['player_8c7d98ca'],,,False
2114,tomato_cut,put down,Counter_34,Counter,34,put down tomato_cut on counter,player_8c7d98ca,baseline_division_of_labor,f628fe1ac49bc66a,2229.9276905942997,54.42975747427363,10.0,0.0,5.0,1.0,1.0,"(2, 2)","[p(2, 2)_cs(1.0)_ws(1.0)]_[p(5, 2)_cs(1.0)_ws(1.0)]",player_8c7d98ca_actions,player_8c7d98ca,"['player_8c7d98ca', 'player_8c7d98ca']",,,
2116,plate,pick up,Dispenser_60,Dispenser,60,pick up plate from dispenser,player_e497bd0f,baseline_division_of_labor,f628fe1ac49bc66a,1367.5259602177637,38.41125984002565,10.0,0.0,5.0,1.0,1.0,"(5, 2)","[p(2, 2)_cs(1.0)_ws(1.0)]_[p(5, 2)_cs(1.0)_ws(1.0)]",player_e497bd0f_actions,,[],,,
