{"agents": {"player_8c7d98ca": {"initial_state": {"agent_id": "player_8c7d98ca", "x": 40, "y": 40, "item": null, "url_params": {"gameType": ["tomatoSaladOnly"], "PROLIFIC_PID": ["5ea8154dcfd4dd20473ed88e"], "map": ["baseline_division_of_labor"], "cutting_speed_p1": ["1"], "walking_speed_p1": ["1"], "cutting_speed_p2": ["1"], "walking_speed_p2": ["1"], "slot_x_p1": ["2"], "slot_y_p1": ["2"], "slot_x_p2": ["5"], "slot_y_p2": ["2"], "EIO": ["4"], "transport": ["polling"], "t": ["PZKoK2K"]}, "cut_speed": 1.0, "walk_speed": 30.0, "player_nr": 1}, "player_score": 5.0, "total_actions": 60, "first_action_tick": 130, "last_action_tick": 2114}, "player_e497bd0f": {"initial_state": {"agent_id": "player_e497bd0f", "x": 88, "y": 40, "item": null, "url_params": {"gameType": ["tomatoSaladOnly"], "PROLIFIC_PID": ["67e73cc7cf25bb683f36f62c"], "map": ["baseline_division_of_labor"], "cutting_speed_p1": ["1"], "walking_speed_p1": ["1"], "cutting_speed_p2": ["1"], "walking_speed_p2": ["1"], "slot_x_p1": ["2"], "slot_y_p1": ["2"], "slot_x_p2": ["5"], "slot_y_p2": ["2"], "EIO": ["4"], "transport": ["polling"], "t": ["PZKoSbA"]}, "cut_speed": 1.0, "walk_speed": 30.0, "player_nr": 2}, "player_score": 5.0, "total_actions": 39, "first_action_tick": 304, "last_action_tick": 2116}}, "map_name": "baseline_division_of_labor", "final_score": 10.0}