tick,item,action,target,target_type,target_position,action_long,player_id,map_name,game_id,distance_walked,distance_walked_since_last_action,overall_score,player_score_change,player_score,walking_speed,cutting_speed,start_pos,condition
304,tomato,pick up,Dispenser_40,Dispenser,40,pick up tomato from dispenser,player_e497bd0f,baseline_division_of_labor,f628fe1ac49bc66a,22.62741699796952,0.0,0.0,0.0,0.0,1.0,1.0,"(5, 2)","[p(2, 2)_cs(1.0)_ws(1.0)]_[p(5, 2)_cs(1.0)_ws(1.0)]"
387,tomato,start cutting,CuttingBoard_10,CuttingBoard,10,start cutting tomato,player_e497bd0f,baseline_division_of_labor,f628fe1ac49bc66a,102.6274169979695,79.99999999999999,0.0,0.0,0.0,1.0,1.0,"(5, 2)","[p(2, 2)_cs(1.0)_ws(1.0)]_[p(5, 2)_cs(1.0)_ws(1.0)]"
387,tomato_cut,pick up,CuttingBoard_10,CuttingBoard,10,pick up tomato_cut from cuttingboard,player_e497bd0f,baseline_division_of_labor,f628fe1ac49bc66a,102.6274169979695,0.0,0.0,0.0,0.0,1.0,1.0,"(5, 2)","[p(2, 2)_cs(1.0)_ws(1.0)]_[p(5, 2)_cs(1.0)_ws(1.0)]"
468,tomato_cut,put down,Counter_34,Counter,34,put down tomato_cut on counter,player_e497bd0f,baseline_division_of_labor,f628fe1ac49bc66a,157.05717447224185,54.42975747427235,0.0,0.0,0.0,1.0,1.0,"(5, 2)","[p(2, 2)_cs(1.0)_ws(1.0)]_[p(5, 2)_cs(1.0)_ws(1.0)]"
541,plate,pick up,Dispenser_60,Dispenser,60,pick up plate from dispenser,player_e497bd0f,baseline_division_of_labor,f628fe1ac49bc66a,259.24746490220195,102.1902904299601,1.0,0.0,0.0,1.0,1.0,"(5, 2)","[p(2, 2)_cs(1.0)_ws(1.0)]_[p(5, 2)_cs(1.0)_ws(1.0)]"
614,plate,assemble salad,Counter_34,Counter,34,assemble salad,player_e497bd0f,baseline_division_of_labor,f628fe1ac49bc66a,320.1636518047404,60.91618690253847,1.0,0.0,0.0,1.0,1.0,"(5, 2)","[p(2, 2)_cs(1.0)_ws(1.0)]_[p(5, 2)_cs(1.0)_ws(1.0)]"
642,tomato_salad,pick up,Counter_34,Counter,34,pick up tomato_salad from counter,player_e497bd0f,baseline_division_of_labor,f628fe1ac49bc66a,320.1636518047404,0.0,1.0,0.0,0.0,1.0,1.0,"(5, 2)","[p(2, 2)_cs(1.0)_ws(1.0)]_[p(5, 2)_cs(1.0)_ws(1.0)]"
653,tomato_salad,put down,Counter_34,Counter,34,put down tomato_salad on counter,player_e497bd0f,baseline_division_of_labor,f628fe1ac49bc66a,320.1636518047404,0.0,1.0,0.0,0.0,1.0,1.0,"(5, 2)","[p(2, 2)_cs(1.0)_ws(1.0)]_[p(5, 2)_cs(1.0)_ws(1.0)]"
692,tomato_salad,pick up,Counter_34,Counter,34,pick up tomato_salad from counter,player_e497bd0f,baseline_division_of_labor,f628fe1ac49bc66a,352.1636518047404,32.0,1.0,0.0,0.0,1.0,1.0,"(5, 2)","[p(2, 2)_cs(1.0)_ws(1.0)]_[p(5, 2)_cs(1.0)_ws(1.0)]"
723,tomato_salad,deliver,Delivery_64,Delivery,64,deliver tomato_salad,player_e497bd0f,baseline_division_of_labor,f628fe1ac49bc66a,368.1636518047404,16.0,2.0,1.0,1.0,1.0,1.0,"(5, 2)","[p(2, 2)_cs(1.0)_ws(1.0)]_[p(5, 2)_cs(1.0)_ws(1.0)]"
785,tomato,pick up,Dispenser_50,Dispenser,50,pick up tomato from dispenser,player_e497bd0f,baseline_division_of_labor,f628fe1ac49bc66a,416.1636518047409,48.000000000000455,2.0,0.0,1.0,1.0,1.0,"(5, 2)","[p(2, 2)_cs(1.0)_ws(1.0)]_[p(5, 2)_cs(1.0)_ws(1.0)]"
839,tomato,start cutting,CuttingBoard_20,CuttingBoard,20,start cutting tomato,player_e497bd0f,baseline_division_of_labor,f628fe1ac49bc66a,464.1636518047411,48.00000000000023,2.0,0.0,1.0,1.0,1.0,"(5, 2)","[p(2, 2)_cs(1.0)_ws(1.0)]_[p(5, 2)_cs(1.0)_ws(1.0)]"
980,tomato_cut,pick up,CuttingBoard_20,CuttingBoard,20,pick up tomato_cut from cuttingboard,player_e497bd0f,baseline_division_of_labor,f628fe1ac49bc66a,592.1636518047419,128.0000000000008,3.0,0.0,1.0,1.0,1.0,"(5, 2)","[p(2, 2)_cs(1.0)_ws(1.0)]_[p(5, 2)_cs(1.0)_ws(1.0)]"
1017,tomato_cut,put down,Counter_32,Counter,32,put down tomato_cut on counter,player_e497bd0f,baseline_division_of_labor,f628fe1ac49bc66a,608.1636518047421,16.000000000000227,4.0,0.0,1.0,1.0,1.0,"(5, 2)","[p(2, 2)_cs(1.0)_ws(1.0)]_[p(5, 2)_cs(1.0)_ws(1.0)]"
1048,tomato,pick up,Dispenser_40,Dispenser,40,pick up tomato from dispenser,player_e497bd0f,baseline_division_of_labor,f628fe1ac49bc66a,624.1636518047422,16.000000000000114,4.0,0.0,1.0,1.0,1.0,"(5, 2)","[p(2, 2)_cs(1.0)_ws(1.0)]_[p(5, 2)_cs(1.0)_ws(1.0)]"
1101,tomato,start cutting,CuttingBoard_10,CuttingBoard,10,start cutting tomato,player_e497bd0f,baseline_division_of_labor,f628fe1ac49bc66a,672.1636518047427,48.000000000000455,4.0,0.0,1.0,1.0,1.0,"(5, 2)","[p(2, 2)_cs(1.0)_ws(1.0)]_[p(5, 2)_cs(1.0)_ws(1.0)]"
1234,tomato_cut,pick up,CuttingBoard_10,CuttingBoard,10,pick up tomato_cut from cuttingboard,player_e497bd0f,baseline_division_of_labor,f628fe1ac49bc66a,781.0127809222645,108.84912911752178,4.0,0.0,1.0,1.0,1.0,"(5, 2)","[p(2, 2)_cs(1.0)_ws(1.0)]_[p(5, 2)_cs(1.0)_ws(1.0)]"
1281,tomato_cut,put down,Counter_34,Counter,34,put down tomato_cut on counter,player_e497bd0f,baseline_division_of_labor,f628fe1ac49bc66a,835.4425383965372,54.42975747427272,5.0,0.0,1.0,1.0,1.0,"(5, 2)","[p(2, 2)_cs(1.0)_ws(1.0)]_[p(5, 2)_cs(1.0)_ws(1.0)]"
1367,plate,pick up,Dispenser_60,Dispenser,60,pick up plate from dispenser,player_e497bd0f,baseline_division_of_labor,f628fe1ac49bc66a,937.6328288264972,102.19029042995999,6.0,0.0,1.0,1.0,1.0,"(5, 2)","[p(2, 2)_cs(1.0)_ws(1.0)]_[p(5, 2)_cs(1.0)_ws(1.0)]"
1427,plate,assemble salad,Counter_34,Counter,34,assemble salad,player_e497bd0f,baseline_division_of_labor,f628fe1ac49bc66a,998.5490157290355,60.91618690253836,6.0,0.0,1.0,1.0,1.0,"(5, 2)","[p(2, 2)_cs(1.0)_ws(1.0)]_[p(5, 2)_cs(1.0)_ws(1.0)]"
1450,tomato_salad,pick up,Counter_34,Counter,34,pick up tomato_salad from counter,player_e497bd0f,baseline_division_of_labor,f628fe1ac49bc66a,998.5490157290355,0.0,6.0,0.0,1.0,1.0,1.0,"(5, 2)","[p(2, 2)_cs(1.0)_ws(1.0)]_[p(5, 2)_cs(1.0)_ws(1.0)]"
1464,tomato_salad,put down,Counter_34,Counter,34,put down tomato_salad on counter,player_e497bd0f,baseline_division_of_labor,f628fe1ac49bc66a,998.5490157290355,0.0,6.0,0.0,1.0,1.0,1.0,"(5, 2)","[p(2, 2)_cs(1.0)_ws(1.0)]_[p(5, 2)_cs(1.0)_ws(1.0)]"
1488,tomato_salad,pick up,Counter_34,Counter,34,pick up tomato_salad from counter,player_e497bd0f,baseline_division_of_labor,f628fe1ac49bc66a,998.5490157290355,0.0,6.0,0.0,1.0,1.0,1.0,"(5, 2)","[p(2, 2)_cs(1.0)_ws(1.0)]_[p(5, 2)_cs(1.0)_ws(1.0)]"
1524,tomato_salad,deliver,Delivery_64,Delivery,64,deliver tomato_salad,player_e497bd0f,baseline_division_of_labor,f628fe1ac49bc66a,1014.5490157290355,16.0,7.0,1.0,2.0,1.0,1.0,"(5, 2)","[p(2, 2)_cs(1.0)_ws(1.0)]_[p(5, 2)_cs(1.0)_ws(1.0)]"
1577,plate,pick up,Dispenser_60,Dispenser,60,pick up plate from dispenser,player_e497bd0f,baseline_division_of_labor,f628fe1ac49bc66a,1068.9683873722831,54.41937164324759,7.0,0.0,2.0,1.0,1.0,"(5, 2)","[p(2, 2)_cs(1.0)_ws(1.0)]_[p(5, 2)_cs(1.0)_ws(1.0)]"
1619,plate,assemble salad,Counter_32,Counter,32,assemble salad,player_e497bd0f,baseline_division_of_labor,f628fe1ac49bc66a,1107.3754500390473,38.407062666764205,7.0,0.0,2.0,1.0,1.0,"(5, 2)","[p(2, 2)_cs(1.0)_ws(1.0)]_[p(5, 2)_cs(1.0)_ws(1.0)]"
1643,tomato_salad,pick up,Counter_32,Counter,32,pick up tomato_salad from counter,player_e497bd0f,baseline_division_of_labor,f628fe1ac49bc66a,1107.3754500390473,0.0,7.0,0.0,2.0,1.0,1.0,"(5, 2)","[p(2, 2)_cs(1.0)_ws(1.0)]_[p(5, 2)_cs(1.0)_ws(1.0)]"
1674,tomato_salad,deliver,Delivery_63,Delivery,63,deliver tomato_salad,player_e497bd0f,baseline_division_of_labor,f628fe1ac49bc66a,1130.0028670370164,22.62741699796902,8.0,1.0,3.0,1.0,1.0,"(5, 2)","[p(2, 2)_cs(1.0)_ws(1.0)]_[p(5, 2)_cs(1.0)_ws(1.0)]"
1744,plate,pick up,Dispenser_60,Dispenser,60,pick up plate from dispenser,player_e497bd0f,baseline_division_of_labor,f628fe1ac49bc66a,1168.414126877042,38.41125984002565,8.0,0.0,3.0,1.0,1.0,"(5, 2)","[p(2, 2)_cs(1.0)_ws(1.0)]_[p(5, 2)_cs(1.0)_ws(1.0)]"
1789,plate,assemble salad,Counter_32,Counter,32,assemble salad,player_e497bd0f,baseline_division_of_labor,f628fe1ac49bc66a,1206.8211895438062,38.407062666764205,8.0,0.0,3.0,1.0,1.0,"(5, 2)","[p(2, 2)_cs(1.0)_ws(1.0)]_[p(5, 2)_cs(1.0)_ws(1.0)]"
1810,tomato_salad,pick up,Counter_32,Counter,32,pick up tomato_salad from counter,player_e497bd0f,baseline_division_of_labor,f628fe1ac49bc66a,1206.8211895438062,0.0,8.0,0.0,3.0,1.0,1.0,"(5, 2)","[p(2, 2)_cs(1.0)_ws(1.0)]_[p(5, 2)_cs(1.0)_ws(1.0)]"
1844,tomato_salad,deliver,Delivery_63,Delivery,63,deliver tomato_salad,player_e497bd0f,baseline_division_of_labor,f628fe1ac49bc66a,1229.4486065417752,22.62741699796902,9.0,1.0,4.0,1.0,1.0,"(5, 2)","[p(2, 2)_cs(1.0)_ws(1.0)]_[p(5, 2)_cs(1.0)_ws(1.0)]"
1907,plate,pick up,Dispenser_60,Dispenser,60,pick up plate from dispenser,player_e497bd0f,baseline_division_of_labor,f628fe1ac49bc66a,1267.8598663818009,38.41125984002565,9.0,0.0,4.0,1.0,1.0,"(5, 2)","[p(2, 2)_cs(1.0)_ws(1.0)]_[p(5, 2)_cs(1.0)_ws(1.0)]"
1957,plate,assemble salad,Counter_33,Counter,33,assemble salad,player_e497bd0f,baseline_division_of_labor,f628fe1ac49bc66a,1313.1147003777387,45.254833995937815,9.0,0.0,4.0,1.0,1.0,"(5, 2)","[p(2, 2)_cs(1.0)_ws(1.0)]_[p(5, 2)_cs(1.0)_ws(1.0)]"
1993,tomato_salad,pick up,Counter_33,Counter,33,pick up tomato_salad from counter,player_e497bd0f,baseline_division_of_labor,f628fe1ac49bc66a,1313.1147003777387,0.0,9.0,0.0,4.0,1.0,1.0,"(5, 2)","[p(2, 2)_cs(1.0)_ws(1.0)]_[p(5, 2)_cs(1.0)_ws(1.0)]"
2004,tomato_salad,put down,Counter_33,Counter,33,put down tomato_salad on counter,player_e497bd0f,baseline_division_of_labor,f628fe1ac49bc66a,1313.1147003777387,0.0,9.0,0.0,4.0,1.0,1.0,"(5, 2)","[p(2, 2)_cs(1.0)_ws(1.0)]_[p(5, 2)_cs(1.0)_ws(1.0)]"
2034,tomato_salad,pick up,Counter_33,Counter,33,pick up tomato_salad from counter,player_e497bd0f,baseline_division_of_labor,f628fe1ac49bc66a,1313.1147003777387,0.0,9.0,0.0,4.0,1.0,1.0,"(5, 2)","[p(2, 2)_cs(1.0)_ws(1.0)]_[p(5, 2)_cs(1.0)_ws(1.0)]"
2067,tomato_salad,deliver,Delivery_63,Delivery,63,deliver tomato_salad,player_e497bd0f,baseline_division_of_labor,f628fe1ac49bc66a,1329.114700377738,15.999999999999318,10.0,1.0,5.0,1.0,1.0,"(5, 2)","[p(2, 2)_cs(1.0)_ws(1.0)]_[p(5, 2)_cs(1.0)_ws(1.0)]"
2116,plate,pick up,Dispenser_60,Dispenser,60,pick up plate from dispenser,player_e497bd0f,baseline_division_of_labor,f628fe1ac49bc66a,1367.5259602177637,38.41125984002565,10.0,0.0,5.0,1.0,1.0,"(5, 2)","[p(2, 2)_cs(1.0)_ws(1.0)]_[p(5, 2)_cs(1.0)_ws(1.0)]"
