{"agents": {"player_5df54a85": {"initial_state": {"agent_id": "player_5df54a85", "x": 40, "y": 40, "item": null, "url_params": {"gameType": ["tomatoSaladOnly"], "PROLIFIC_PID": ["662940d70f2f630ed69ceb40"], "map": ["forced_division_of_labor"], "cutting_speed_p1": ["1"], "walking_speed_p1": ["1"], "cutting_speed_p2": ["1"], "walking_speed_p2": ["1"], "slot_x_p1": ["2"], "slot_y_p1": ["2"], "slot_x_p2": ["5"], "slot_y_p2": ["2"], "EIO": ["4"], "transport": ["polling"], "t": ["PZL4lJ-"]}, "cut_speed": 1.0, "walk_speed": 30.0, "player_nr": 1}, "player_score": 0.0, "total_actions": 42, "first_action_tick": 296, "last_action_tick": 2113}, "player_73b134d1": {"initial_state": {"agent_id": "player_73b134d1", "x": 88, "y": 40, "item": null, "url_params": {"gameType": ["tomatoSaladOnly"], "PROLIFIC_PID": ["66077f409f9052bc169c56de"], "map": ["forced_division_of_labor"], "cutting_speed_p1": ["1"], "walking_speed_p1": ["1"], "cutting_speed_p2": ["1"], "walking_speed_p2": ["1"], "slot_x_p1": ["2"], "slot_y_p1": ["2"], "slot_x_p2": ["5"], "slot_y_p2": ["2"], "EIO": ["4"], "transport": ["polling"], "t": ["PZL4wrf"]}, "cut_speed": 1.0, "walk_speed": 30.0, "player_nr": 2}, "player_score": 9.0, "total_actions": 63, "first_action_tick": 92, "last_action_tick": 2159}}, "map_name": "forced_division_of_labor", "final_score": 9.0}