tick,item,action,target,target_type,target_position,action_long,player_id,map_name,game_id,distance_walked,distance_walked_since_last_action,overall_score,player_score_change,player_score,walking_speed,cutting_speed,start_pos,condition,source,last_touched,touched_list,tomato_history,plate_history,is_exchange_collaboration
65,tomato,pick up,Dispenser_40,Dispenser,40,pick up tomato from dispenser,player_d62697a3,forced_division_of_labor,735e55861a451a59,22.62741699796952,0.0,0.0,0.0,0.0,1.0,1.0,"(5, 2)","[p(2, 2)_cs(1.0)_ws(1.0)]_[p(5, 2)_cs(1.0)_ws(1.0)]",player_d62697a3_actions,,[],,,
105,tomato,put down,Counter_32,Counter,32,put down tomato on counter,player_d62697a3,forced_division_of_labor,735e55861a451a59,38.62741699796952,16.0,0.0,0.0,0.0,1.0,1.0,"(5, 2)","[p(2, 2)_cs(1.0)_ws(1.0)]_[p(5, 2)_cs(1.0)_ws(1.0)]",player_d62697a3_actions,player_d62697a3,['player_d62697a3'],,,
132,tomato,pick up,Dispenser_40,Dispenser,40,pick up tomato from dispenser,player_d62697a3,forced_division_of_labor,735e55861a451a59,54.62741699796952,16.0,0.0,0.0,0.0,1.0,1.0,"(5, 2)","[p(2, 2)_cs(1.0)_ws(1.0)]_[p(5, 2)_cs(1.0)_ws(1.0)]",player_d62697a3_actions,,[],,,
159,tomato,put down,Counter_33,Counter,33,put down tomato on counter,player_d62697a3,forced_division_of_labor,735e55861a451a59,86.62741699796952,32.0,0.0,0.0,0.0,1.0,1.0,"(5, 2)","[p(2, 2)_cs(1.0)_ws(1.0)]_[p(5, 2)_cs(1.0)_ws(1.0)]",player_d62697a3_actions,player_d62697a3,['player_d62697a3'],,,
225,tomato,pick up,Dispenser_40,Dispenser,40,pick up tomato from dispenser,player_d62697a3,forced_division_of_labor,735e55861a451a59,118.62741699796952,32.0,0.0,0.0,0.0,1.0,1.0,"(5, 2)","[p(2, 2)_cs(1.0)_ws(1.0)]_[p(5, 2)_cs(1.0)_ws(1.0)]",player_d62697a3_actions,,[],,,
262,tomato,put down,Counter_34,Counter,34,put down tomato on counter,player_d62697a3,forced_division_of_labor,735e55861a451a59,166.62741699796953,48.000000000000014,0.0,0.0,0.0,1.0,1.0,"(5, 2)","[p(2, 2)_cs(1.0)_ws(1.0)]_[p(5, 2)_cs(1.0)_ws(1.0)]",player_d62697a3_actions,player_d62697a3,['player_d62697a3'],,,
282,tomato,pick up,Counter_34,Counter,34,pick up tomato from counter,player_56fc1b03,forced_division_of_labor,735e55861a451a59,32.0,0.0,0.0,0.0,0.0,1.0,1.0,"(2, 2)","[p(2, 2)_cs(1.0)_ws(1.0)]_[p(5, 2)_cs(1.0)_ws(1.0)]",player_56fc1b03_actions,player_d62697a3,['player_d62697a3'],,,True
300,plate,pick up,Dispenser_60,Dispenser,60,pick up plate from dispenser,player_d62697a3,forced_division_of_labor,735e55861a451a59,227.54360390050732,60.91618690253779,0.0,0.0,0.0,1.0,1.0,"(5, 2)","[p(2, 2)_cs(1.0)_ws(1.0)]_[p(5, 2)_cs(1.0)_ws(1.0)]",player_d62697a3_actions,,[],,,
313,tomato,start cutting,CuttingBoard_20,CuttingBoard,20,start cutting tomato,player_56fc1b03,forced_division_of_labor,735e55861a451a59,80.0,48.0,0.0,0.0,0.0,1.0,1.0,"(2, 2)","[p(2, 2)_cs(1.0)_ws(1.0)]_[p(5, 2)_cs(1.0)_ws(1.0)]",player_56fc1b03_actions,player_56fc1b03,"['player_d62697a3', 'player_56fc1b03']",,,
339,plate,put down,Counter_34,Counter,34,put down plate on counter,player_d62697a3,forced_division_of_labor,735e55861a451a59,288.45979080304573,60.91618690253841,0.0,0.0,0.0,1.0,1.0,"(5, 2)","[p(2, 2)_cs(1.0)_ws(1.0)]_[p(5, 2)_cs(1.0)_ws(1.0)]",player_d62697a3_actions,player_d62697a3,['player_d62697a3'],,,
360,tomato_cut,pick up,CuttingBoard_20,CuttingBoard,20,pick up tomato_cut from cuttingboard,player_56fc1b03,forced_division_of_labor,735e55861a451a59,80.0,0.0,0.0,0.0,0.0,1.0,1.0,"(2, 2)","[p(2, 2)_cs(1.0)_ws(1.0)]_[p(5, 2)_cs(1.0)_ws(1.0)]",player_56fc1b03_actions,player_56fc1b03,"['player_d62697a3', 'player_56fc1b03']",,,False
378,plate,pick up,Dispenser_71,Dispenser,71,pick up plate from dispenser,player_d62697a3,forced_division_of_labor,735e55861a451a59,349.3759777055835,60.91618690253779,0.0,0.0,0.0,1.0,1.0,"(5, 2)","[p(2, 2)_cs(1.0)_ws(1.0)]_[p(5, 2)_cs(1.0)_ws(1.0)]",player_d62697a3_actions,,[],,,
394,tomato_cut,assemble salad,Counter_34,Counter,34,assemble salad,player_56fc1b03,forced_division_of_labor,735e55861a451a59,128.0,48.0,0.0,0.0,0.0,1.0,1.0,"(2, 2)","[p(2, 2)_cs(1.0)_ws(1.0)]_[p(5, 2)_cs(1.0)_ws(1.0)]",player_56fc1b03_actions,player_d62697a3,['player_56fc1b03'],"['player_d62697a3', 'player_56fc1b03', 'player_56fc1b03']",['player_d62697a3'],True
411,tomato,pick up,Counter_33,Counter,33,pick up tomato from counter,player_56fc1b03,forced_division_of_labor,735e55861a451a59,144.0,16.0,0.0,0.0,0.0,1.0,1.0,"(2, 2)","[p(2, 2)_cs(1.0)_ws(1.0)]_[p(5, 2)_cs(1.0)_ws(1.0)]",player_56fc1b03_actions,player_d62697a3,['player_d62697a3'],,,True
420,plate,put down,Counter_35,Counter,35,put down plate on counter,player_d62697a3,forced_division_of_labor,735e55861a451a59,426.3100821361533,76.93410443056979,0.0,0.0,0.0,1.0,1.0,"(5, 2)","[p(2, 2)_cs(1.0)_ws(1.0)]_[p(5, 2)_cs(1.0)_ws(1.0)]",player_d62697a3_actions,player_d62697a3,['player_d62697a3'],,,
435,tomato,start cutting,CuttingBoard_20,CuttingBoard,20,start cutting tomato,player_56fc1b03,forced_division_of_labor,735e55861a451a59,176.0,32.0,0.0,0.0,0.0,1.0,1.0,"(2, 2)","[p(2, 2)_cs(1.0)_ws(1.0)]_[p(5, 2)_cs(1.0)_ws(1.0)]",player_56fc1b03_actions,player_56fc1b03,"['player_d62697a3', 'player_56fc1b03']",,,
438,tomato_salad,pick up,Counter_34,Counter,34,pick up tomato_salad from counter,player_d62697a3,forced_division_of_labor,735e55861a451a59,442.3100821361533,16.0,0.0,0.0,0.0,1.0,1.0,"(5, 2)","[p(2, 2)_cs(1.0)_ws(1.0)]_[p(5, 2)_cs(1.0)_ws(1.0)]",player_d62697a3_actions,player_56fc1b03,['player_56fc1b03'],"['player_d62697a3', 'player_56fc1b03', 'player_56fc1b03']",['player_d62697a3'],True
453,tomato_salad,deliver,Delivery_64,Delivery,64,deliver tomato_salad,player_d62697a3,forced_division_of_labor,735e55861a451a59,458.3100821361533,16.0,1.0,1.0,1.0,1.0,1.0,"(5, 2)","[p(2, 2)_cs(1.0)_ws(1.0)]_[p(5, 2)_cs(1.0)_ws(1.0)]",player_d62697a3_actions,player_d62697a3,"['player_56fc1b03', 'player_d62697a3']","['player_d62697a3', 'player_56fc1b03', 'player_56fc1b03']",['player_d62697a3'],
484,tomato,pick up,Dispenser_50,Dispenser,50,pick up tomato from dispenser,player_d62697a3,forced_division_of_labor,735e55861a451a59,506.3100821361537,48.0000000000004,1.0,0.0,1.0,1.0,1.0,"(5, 2)","[p(2, 2)_cs(1.0)_ws(1.0)]_[p(5, 2)_cs(1.0)_ws(1.0)]",player_d62697a3_actions,,[],,,
486,tomato_cut,pick up,CuttingBoard_20,CuttingBoard,20,pick up tomato_cut from cuttingboard,player_56fc1b03,forced_division_of_labor,735e55861a451a59,176.0,0.0,1.0,0.0,0.0,1.0,1.0,"(2, 2)","[p(2, 2)_cs(1.0)_ws(1.0)]_[p(5, 2)_cs(1.0)_ws(1.0)]",player_56fc1b03_actions,player_56fc1b03,"['player_d62697a3', 'player_56fc1b03']",,,False
510,tomato,put down,Counter_33,Counter,33,put down tomato on counter,player_d62697a3,forced_division_of_labor,735e55861a451a59,544.7213419761798,38.411259840026105,1.0,0.0,1.0,1.0,1.0,"(5, 2)","[p(2, 2)_cs(1.0)_ws(1.0)]_[p(5, 2)_cs(1.0)_ws(1.0)]",player_d62697a3_actions,player_d62697a3,['player_d62697a3'],,,
520,tomato_cut,assemble salad,Counter_35,Counter,35,assemble salad,player_56fc1b03,forced_division_of_labor,735e55861a451a59,240.0,64.0,1.0,0.0,0.0,1.0,1.0,"(2, 2)","[p(2, 2)_cs(1.0)_ws(1.0)]_[p(5, 2)_cs(1.0)_ws(1.0)]",player_56fc1b03_actions,player_d62697a3,['player_56fc1b03'],"['player_d62697a3', 'player_56fc1b03', 'player_56fc1b03']",['player_d62697a3'],True
543,tomato,pick up,Counter_33,Counter,33,pick up tomato from counter,player_56fc1b03,forced_division_of_labor,735e55861a451a59,272.0,32.0,1.0,0.0,0.0,1.0,1.0,"(2, 2)","[p(2, 2)_cs(1.0)_ws(1.0)]_[p(5, 2)_cs(1.0)_ws(1.0)]",player_56fc1b03_actions,player_d62697a3,['player_d62697a3'],,,True
557,plate,pick up,Dispenser_60,Dispenser,60,pick up plate from dispenser,player_d62697a3,forced_division_of_labor,735e55861a451a59,589.9761759721194,45.254833995939634,1.0,0.0,1.0,1.0,1.0,"(5, 2)","[p(2, 2)_cs(1.0)_ws(1.0)]_[p(5, 2)_cs(1.0)_ws(1.0)]",player_d62697a3_actions,,[],,,
567,tomato,start cutting,CuttingBoard_20,CuttingBoard,20,start cutting tomato,player_56fc1b03,forced_division_of_labor,735e55861a451a59,304.00000000000034,32.00000000000034,1.0,0.0,0.0,1.0,1.0,"(2, 2)","[p(2, 2)_cs(1.0)_ws(1.0)]_[p(5, 2)_cs(1.0)_ws(1.0)]",player_56fc1b03_actions,player_56fc1b03,"['player_d62697a3', 'player_56fc1b03']",,,
594,plate,put down,Counter_34,Counter,34,put down plate on counter,player_d62697a3,forced_division_of_labor,735e55861a451a59,650.8923628746578,60.91618690253836,1.0,0.0,1.0,1.0,1.0,"(5, 2)","[p(2, 2)_cs(1.0)_ws(1.0)]_[p(5, 2)_cs(1.0)_ws(1.0)]",player_d62697a3_actions,player_d62697a3,['player_d62697a3'],,,
615,tomato_cut,pick up,CuttingBoard_20,CuttingBoard,20,pick up tomato_cut from cuttingboard,player_56fc1b03,forced_division_of_labor,735e55861a451a59,304.00000000000034,0.0,1.0,0.0,0.0,1.0,1.0,"(2, 2)","[p(2, 2)_cs(1.0)_ws(1.0)]_[p(5, 2)_cs(1.0)_ws(1.0)]",player_56fc1b03_actions,player_56fc1b03,"['player_d62697a3', 'player_56fc1b03']",,,False
644,tomato_salad,pick up,Counter_35,Counter,35,pick up tomato_salad from counter,player_d62697a3,forced_division_of_labor,735e55861a451a59,712.1471968705974,61.254833995939634,1.0,0.0,1.0,1.0,1.0,"(5, 2)","[p(2, 2)_cs(1.0)_ws(1.0)]_[p(5, 2)_cs(1.0)_ws(1.0)]",player_d62697a3_actions,player_56fc1b03,['player_56fc1b03'],"['player_d62697a3', 'player_56fc1b03', 'player_56fc1b03']",['player_d62697a3'],True
646,tomato_cut,assemble salad,Counter_34,Counter,34,assemble salad,player_56fc1b03,forced_division_of_labor,735e55861a451a59,352.0000000000008,48.000000000000455,1.0,0.0,0.0,1.0,1.0,"(2, 2)","[p(2, 2)_cs(1.0)_ws(1.0)]_[p(5, 2)_cs(1.0)_ws(1.0)]",player_56fc1b03_actions,player_d62697a3,['player_56fc1b03'],"['player_d62697a3', 'player_56fc1b03', 'player_56fc1b03']",['player_d62697a3'],True
665,tomato_salad,deliver,Delivery_64,Delivery,64,deliver tomato_salad,player_d62697a3,forced_division_of_labor,735e55861a451a59,734.7746138685673,22.627416997969817,2.0,1.0,2.0,1.0,1.0,"(5, 2)","[p(2, 2)_cs(1.0)_ws(1.0)]_[p(5, 2)_cs(1.0)_ws(1.0)]",player_d62697a3_actions,player_d62697a3,"['player_56fc1b03', 'player_d62697a3']","['player_d62697a3', 'player_56fc1b03', 'player_56fc1b03']",['player_d62697a3'],
669,tomato,pick up,Counter_32,Counter,32,pick up tomato from counter,player_56fc1b03,forced_division_of_labor,735e55861a451a59,384.000000000001,32.00000000000023,2.0,0.0,0.0,1.0,1.0,"(2, 2)","[p(2, 2)_cs(1.0)_ws(1.0)]_[p(5, 2)_cs(1.0)_ws(1.0)]",player_56fc1b03_actions,player_d62697a3,['player_d62697a3'],,,True
684,tomato,start cutting,CuttingBoard_20,CuttingBoard,20,start cutting tomato,player_56fc1b03,forced_division_of_labor,735e55861a451a59,400.0000000000012,16.00000000000017,2.0,0.0,0.0,1.0,1.0,"(2, 2)","[p(2, 2)_cs(1.0)_ws(1.0)]_[p(5, 2)_cs(1.0)_ws(1.0)]",player_56fc1b03_actions,player_56fc1b03,"['player_d62697a3', 'player_56fc1b03']",,,
687,tomato_salad,pick up,Counter_34,Counter,34,pick up tomato_salad from counter,player_d62697a3,forced_division_of_labor,735e55861a451a59,750.7746138685673,16.0,2.0,0.0,2.0,1.0,1.0,"(5, 2)","[p(2, 2)_cs(1.0)_ws(1.0)]_[p(5, 2)_cs(1.0)_ws(1.0)]",player_d62697a3_actions,player_56fc1b03,['player_56fc1b03'],"['player_d62697a3', 'player_56fc1b03', 'player_56fc1b03']",['player_d62697a3'],True
702,tomato_salad,deliver,Delivery_64,Delivery,64,deliver tomato_salad,player_d62697a3,forced_division_of_labor,735e55861a451a59,766.7746138685673,16.0,3.0,1.0,3.0,1.0,1.0,"(5, 2)","[p(2, 2)_cs(1.0)_ws(1.0)]_[p(5, 2)_cs(1.0)_ws(1.0)]",player_d62697a3_actions,player_d62697a3,"['player_56fc1b03', 'player_d62697a3']","['player_d62697a3', 'player_56fc1b03', 'player_56fc1b03']",['player_d62697a3'],
738,tomato_cut,pick up,CuttingBoard_20,CuttingBoard,20,pick up tomato_cut from cuttingboard,player_56fc1b03,forced_division_of_labor,735e55861a451a59,400.0000000000012,0.0,3.0,0.0,0.0,1.0,1.0,"(2, 2)","[p(2, 2)_cs(1.0)_ws(1.0)]_[p(5, 2)_cs(1.0)_ws(1.0)]",player_56fc1b03_actions,player_56fc1b03,"['player_d62697a3', 'player_56fc1b03']",,,False
738,plate,pick up,Dispenser_71,Dispenser,71,pick up plate from dispenser,player_d62697a3,forced_division_of_labor,735e55861a451a59,821.1939855118162,54.41937164324895,3.0,0.0,3.0,1.0,1.0,"(5, 2)","[p(2, 2)_cs(1.0)_ws(1.0)]_[p(5, 2)_cs(1.0)_ws(1.0)]",player_d62697a3_actions,,[],,,
765,plate,put down,Counter_32,Counter,32,put down plate on counter,player_d62697a3,forced_division_of_labor,735e55861a451a59,859.601048178581,38.40706266676477,3.0,0.0,3.0,1.0,1.0,"(5, 2)","[p(2, 2)_cs(1.0)_ws(1.0)]_[p(5, 2)_cs(1.0)_ws(1.0)]",player_d62697a3_actions,player_d62697a3,['player_d62697a3'],,,
783,tomato_cut,assemble salad,Counter_32,Counter,32,assemble salad,player_56fc1b03,forced_division_of_labor,735e55861a451a59,416.0000000000013,16.000000000000114,3.0,0.0,0.0,1.0,1.0,"(2, 2)","[p(2, 2)_cs(1.0)_ws(1.0)]_[p(5, 2)_cs(1.0)_ws(1.0)]",player_56fc1b03_actions,player_d62697a3,['player_56fc1b03'],"['player_d62697a3', 'player_56fc1b03', 'player_56fc1b03']",['player_d62697a3'],True
783,tomato,pick up,Dispenser_40,Dispenser,40,pick up tomato from dispenser,player_d62697a3,forced_division_of_labor,735e55861a451a59,875.6010481785811,16.000000000000114,3.0,0.0,3.0,1.0,1.0,"(5, 2)","[p(2, 2)_cs(1.0)_ws(1.0)]_[p(5, 2)_cs(1.0)_ws(1.0)]",player_d62697a3_actions,,[],,,
807,tomato,put down,Counter_33,Counter,33,put down tomato on counter,player_d62697a3,forced_division_of_labor,735e55861a451a59,907.6010481785814,32.00000000000034,3.0,0.0,3.0,1.0,1.0,"(5, 2)","[p(2, 2)_cs(1.0)_ws(1.0)]_[p(5, 2)_cs(1.0)_ws(1.0)]",player_d62697a3_actions,player_d62697a3,['player_d62697a3'],,,
825,tomato_salad,pick up,Counter_32,Counter,32,pick up tomato_salad from counter,player_d62697a3,forced_division_of_labor,735e55861a451a59,923.6010481785816,16.000000000000114,3.0,0.0,3.0,1.0,1.0,"(5, 2)","[p(2, 2)_cs(1.0)_ws(1.0)]_[p(5, 2)_cs(1.0)_ws(1.0)]",player_d62697a3_actions,player_56fc1b03,['player_56fc1b03'],"['player_d62697a3', 'player_56fc1b03', 'player_56fc1b03']",['player_d62697a3'],True
834,tomato,pick up,Counter_33,Counter,33,pick up tomato from counter,player_56fc1b03,forced_division_of_labor,735e55861a451a59,432.0000000000014,16.000000000000114,3.0,0.0,0.0,1.0,1.0,"(2, 2)","[p(2, 2)_cs(1.0)_ws(1.0)]_[p(5, 2)_cs(1.0)_ws(1.0)]",player_56fc1b03_actions,player_d62697a3,['player_d62697a3'],,,True
845,tomato_salad,deliver,Delivery_63,Delivery,63,deliver tomato_salad,player_d62697a3,forced_division_of_labor,735e55861a451a59,946.2284651765514,22.627416997969817,4.0,1.0,4.0,1.0,1.0,"(5, 2)","[p(2, 2)_cs(1.0)_ws(1.0)]_[p(5, 2)_cs(1.0)_ws(1.0)]",player_d62697a3_actions,player_d62697a3,"['player_56fc1b03', 'player_d62697a3']","['player_d62697a3', 'player_56fc1b03', 'player_56fc1b03']",['player_d62697a3'],
852,tomato,start cutting,CuttingBoard_20,CuttingBoard,20,start cutting tomato,player_56fc1b03,forced_division_of_labor,735e55861a451a59,464.0000000000017,32.000000000000284,4.0,0.0,0.0,1.0,1.0,"(2, 2)","[p(2, 2)_cs(1.0)_ws(1.0)]_[p(5, 2)_cs(1.0)_ws(1.0)]",player_56fc1b03_actions,player_56fc1b03,"['player_d62697a3', 'player_56fc1b03']",,,
873,tomato,pick up,Dispenser_40,Dispenser,40,pick up tomato from dispenser,player_d62697a3,forced_division_of_labor,735e55861a451a59,984.6397250165776,38.41125984002622,4.0,0.0,4.0,1.0,1.0,"(5, 2)","[p(2, 2)_cs(1.0)_ws(1.0)]_[p(5, 2)_cs(1.0)_ws(1.0)]",player_d62697a3_actions,,[],,,
903,tomato_cut,pick up,CuttingBoard_20,CuttingBoard,20,pick up tomato_cut from cuttingboard,player_56fc1b03,forced_division_of_labor,735e55861a451a59,464.0000000000017,0.0,4.0,0.0,0.0,1.0,1.0,"(2, 2)","[p(2, 2)_cs(1.0)_ws(1.0)]_[p(5, 2)_cs(1.0)_ws(1.0)]",player_56fc1b03_actions,player_56fc1b03,"['player_d62697a3', 'player_56fc1b03']",,,False
906,tomato,put down,Dispenser_71,Dispenser,71,put down tomato on dispenser,player_d62697a3,forced_division_of_labor,735e55861a451a59,1039.0467876833425,54.40706266676489,4.0,0.0,4.0,1.0,1.0,"(5, 2)","[p(2, 2)_cs(1.0)_ws(1.0)]_[p(5, 2)_cs(1.0)_ws(1.0)]",player_d62697a3_actions,player_d62697a3,['player_d62697a3'],,,
906,plate,pick up,Dispenser_71,Dispenser,71,pick up plate from dispenser,player_d62697a3,forced_division_of_labor,735e55861a451a59,1039.0467876833425,0.0,4.0,0.0,4.0,1.0,1.0,"(5, 2)","[p(2, 2)_cs(1.0)_ws(1.0)]_[p(5, 2)_cs(1.0)_ws(1.0)]",player_d62697a3_actions,,[],,,
936,plate,put down,Counter_32,Counter,32,put down plate on counter,player_d62697a3,forced_division_of_labor,735e55861a451a59,1077.453850350107,38.407062666764205,4.0,0.0,4.0,1.0,1.0,"(5, 2)","[p(2, 2)_cs(1.0)_ws(1.0)]_[p(5, 2)_cs(1.0)_ws(1.0)]",player_d62697a3_actions,player_d62697a3,['player_d62697a3'],,,
954,tomato_cut,assemble salad,Counter_32,Counter,32,assemble salad,player_56fc1b03,forced_division_of_labor,735e55861a451a59,480.0000000000019,16.00000000000017,4.0,0.0,0.0,1.0,1.0,"(2, 2)","[p(2, 2)_cs(1.0)_ws(1.0)]_[p(5, 2)_cs(1.0)_ws(1.0)]",player_56fc1b03_actions,player_d62697a3,['player_56fc1b03'],"['player_d62697a3', 'player_56fc1b03', 'player_56fc1b03']",['player_d62697a3'],True
954,tomato,pick up,Dispenser_40,Dispenser,40,pick up tomato from dispenser,player_d62697a3,forced_division_of_labor,735e55861a451a59,1093.4538503501062,15.999999999999543,4.0,0.0,4.0,1.0,1.0,"(5, 2)","[p(2, 2)_cs(1.0)_ws(1.0)]_[p(5, 2)_cs(1.0)_ws(1.0)]",player_d62697a3_actions,,[],,,
978,tomato,put down,Counter_33,Counter,33,put down tomato on counter,player_d62697a3,forced_division_of_labor,735e55861a451a59,1125.4538503501053,31.99999999999909,4.0,0.0,4.0,1.0,1.0,"(5, 2)","[p(2, 2)_cs(1.0)_ws(1.0)]_[p(5, 2)_cs(1.0)_ws(1.0)]",player_d62697a3_actions,player_d62697a3,['player_d62697a3'],,,
987,tomato,pick up,Counter_33,Counter,33,pick up tomato from counter,player_56fc1b03,forced_division_of_labor,735e55861a451a59,496.000000000002,16.000000000000114,4.0,0.0,0.0,1.0,1.0,"(2, 2)","[p(2, 2)_cs(1.0)_ws(1.0)]_[p(5, 2)_cs(1.0)_ws(1.0)]",player_56fc1b03_actions,player_d62697a3,['player_d62697a3'],,,True
999,tomato_salad,pick up,Counter_32,Counter,32,pick up tomato_salad from counter,player_d62697a3,forced_division_of_labor,735e55861a451a59,1141.4538503501049,15.999999999999543,4.0,0.0,4.0,1.0,1.0,"(5, 2)","[p(2, 2)_cs(1.0)_ws(1.0)]_[p(5, 2)_cs(1.0)_ws(1.0)]",player_d62697a3_actions,player_56fc1b03,['player_56fc1b03'],"['player_d62697a3', 'player_56fc1b03', 'player_56fc1b03']",['player_d62697a3'],True
1011,tomato,start cutting,CuttingBoard_20,CuttingBoard,20,start cutting tomato,player_56fc1b03,forced_division_of_labor,735e55861a451a59,528.0000000000023,32.000000000000284,4.0,0.0,0.0,1.0,1.0,"(2, 2)","[p(2, 2)_cs(1.0)_ws(1.0)]_[p(5, 2)_cs(1.0)_ws(1.0)]",player_56fc1b03_actions,player_56fc1b03,"['player_d62697a3', 'player_56fc1b03']",,,
1019,tomato_salad,deliver,Delivery_63,Delivery,63,deliver tomato_salad,player_d62697a3,forced_division_of_labor,735e55861a451a59,1164.081267348074,22.62741699796902,5.0,1.0,5.0,1.0,1.0,"(5, 2)","[p(2, 2)_cs(1.0)_ws(1.0)]_[p(5, 2)_cs(1.0)_ws(1.0)]",player_d62697a3_actions,player_d62697a3,"['player_56fc1b03', 'player_d62697a3']","['player_d62697a3', 'player_56fc1b03', 'player_56fc1b03']",['player_d62697a3'],
1047,plate,pick up,Dispenser_71,Dispenser,71,pick up plate from dispenser,player_d62697a3,forced_division_of_labor,735e55861a451a59,1202.4925271880995,38.41125984002565,5.0,0.0,5.0,1.0,1.0,"(5, 2)","[p(2, 2)_cs(1.0)_ws(1.0)]_[p(5, 2)_cs(1.0)_ws(1.0)]",player_d62697a3_actions,,[],,,
1065,tomato_cut,pick up,CuttingBoard_20,CuttingBoard,20,pick up tomato_cut from cuttingboard,player_56fc1b03,forced_division_of_labor,735e55861a451a59,528.0000000000023,0.0,5.0,0.0,0.0,1.0,1.0,"(2, 2)","[p(2, 2)_cs(1.0)_ws(1.0)]_[p(5, 2)_cs(1.0)_ws(1.0)]",player_56fc1b03_actions,player_56fc1b03,"['player_d62697a3', 'player_56fc1b03']",,,False
1074,plate,put down,Counter_32,Counter,32,put down plate on counter,player_d62697a3,forced_division_of_labor,735e55861a451a59,1240.8995898548635,38.407062666764205,5.0,0.0,5.0,1.0,1.0,"(5, 2)","[p(2, 2)_cs(1.0)_ws(1.0)]_[p(5, 2)_cs(1.0)_ws(1.0)]",player_d62697a3_actions,player_d62697a3,['player_d62697a3'],,,
1086,tomato_cut,assemble salad,Counter_32,Counter,32,assemble salad,player_56fc1b03,forced_division_of_labor,735e55861a451a59,544.0000000000025,16.000000000000227,5.0,0.0,0.0,1.0,1.0,"(2, 2)","[p(2, 2)_cs(1.0)_ws(1.0)]_[p(5, 2)_cs(1.0)_ws(1.0)]",player_56fc1b03_actions,player_d62697a3,['player_56fc1b03'],"['player_d62697a3', 'player_56fc1b03', 'player_56fc1b03']",['player_d62697a3'],True
1092,tomato,pick up,Dispenser_40,Dispenser,40,pick up tomato from dispenser,player_d62697a3,forced_division_of_labor,735e55861a451a59,1256.8995898548633,15.999999999999543,5.0,0.0,5.0,1.0,1.0,"(5, 2)","[p(2, 2)_cs(1.0)_ws(1.0)]_[p(5, 2)_cs(1.0)_ws(1.0)]",player_d62697a3_actions,,[],,,
1116,tomato,put down,Counter_33,Counter,33,put down tomato on counter,player_d62697a3,forced_division_of_labor,735e55861a451a59,1288.8995898548624,31.99999999999909,5.0,0.0,5.0,1.0,1.0,"(5, 2)","[p(2, 2)_cs(1.0)_ws(1.0)]_[p(5, 2)_cs(1.0)_ws(1.0)]",player_d62697a3_actions,player_d62697a3,['player_d62697a3'],,,
1131,tomato,pick up,Counter_33,Counter,33,pick up tomato from counter,player_56fc1b03,forced_division_of_labor,735e55861a451a59,560.0000000000027,16.000000000000227,5.0,0.0,0.0,1.0,1.0,"(2, 2)","[p(2, 2)_cs(1.0)_ws(1.0)]_[p(5, 2)_cs(1.0)_ws(1.0)]",player_56fc1b03_actions,player_d62697a3,['player_d62697a3'],,,True
1134,tomato_salad,pick up,Counter_32,Counter,32,pick up tomato_salad from counter,player_d62697a3,forced_division_of_labor,735e55861a451a59,1304.899589854862,15.999999999999543,5.0,0.0,5.0,1.0,1.0,"(5, 2)","[p(2, 2)_cs(1.0)_ws(1.0)]_[p(5, 2)_cs(1.0)_ws(1.0)]",player_d62697a3_actions,player_56fc1b03,['player_56fc1b03'],"['player_d62697a3', 'player_56fc1b03', 'player_56fc1b03']",['player_d62697a3'],True
1154,tomato_salad,deliver,Delivery_63,Delivery,63,deliver tomato_salad,player_d62697a3,forced_division_of_labor,735e55861a451a59,1327.527006852831,22.62741699796902,6.0,1.0,6.0,1.0,1.0,"(5, 2)","[p(2, 2)_cs(1.0)_ws(1.0)]_[p(5, 2)_cs(1.0)_ws(1.0)]",player_d62697a3_actions,player_d62697a3,"['player_56fc1b03', 'player_d62697a3']","['player_d62697a3', 'player_56fc1b03', 'player_56fc1b03']",['player_d62697a3'],
1155,tomato,start cutting,CuttingBoard_20,CuttingBoard,20,start cutting tomato,player_56fc1b03,forced_division_of_labor,735e55861a451a59,592.0000000000031,32.00000000000034,6.0,0.0,0.0,1.0,1.0,"(2, 2)","[p(2, 2)_cs(1.0)_ws(1.0)]_[p(5, 2)_cs(1.0)_ws(1.0)]",player_56fc1b03_actions,player_56fc1b03,"['player_d62697a3', 'player_56fc1b03']",,,
1182,plate,pick up,Dispenser_71,Dispenser,71,pick up plate from dispenser,player_d62697a3,forced_division_of_labor,735e55861a451a59,1365.9382666928566,38.41125984002565,6.0,0.0,6.0,1.0,1.0,"(5, 2)","[p(2, 2)_cs(1.0)_ws(1.0)]_[p(5, 2)_cs(1.0)_ws(1.0)]",player_d62697a3_actions,,[],,,
1209,plate,put down,Counter_32,Counter,32,put down plate on counter,player_d62697a3,forced_division_of_labor,735e55861a451a59,1404.3453293596208,38.407062666764205,6.0,0.0,6.0,1.0,1.0,"(5, 2)","[p(2, 2)_cs(1.0)_ws(1.0)]_[p(5, 2)_cs(1.0)_ws(1.0)]",player_d62697a3_actions,player_d62697a3,['player_d62697a3'],,,
1209,tomato_cut,pick up,CuttingBoard_20,CuttingBoard,20,pick up tomato_cut from cuttingboard,player_56fc1b03,forced_division_of_labor,735e55861a451a59,592.0000000000031,0.0,6.0,0.0,0.0,1.0,1.0,"(2, 2)","[p(2, 2)_cs(1.0)_ws(1.0)]_[p(5, 2)_cs(1.0)_ws(1.0)]",player_56fc1b03_actions,player_56fc1b03,"['player_d62697a3', 'player_56fc1b03']",,,False
1227,tomato_cut,assemble salad,Counter_32,Counter,32,assemble salad,player_56fc1b03,forced_division_of_labor,735e55861a451a59,608.0000000000032,16.000000000000114,6.0,0.0,0.0,1.0,1.0,"(2, 2)","[p(2, 2)_cs(1.0)_ws(1.0)]_[p(5, 2)_cs(1.0)_ws(1.0)]",player_56fc1b03_actions,player_d62697a3,['player_56fc1b03'],"['player_d62697a3', 'player_56fc1b03', 'player_56fc1b03']",['player_d62697a3'],True
1233,tomato,pick up,Dispenser_40,Dispenser,40,pick up tomato from dispenser,player_d62697a3,forced_division_of_labor,735e55861a451a59,1420.3453293596203,15.999999999999543,6.0,0.0,6.0,1.0,1.0,"(5, 2)","[p(2, 2)_cs(1.0)_ws(1.0)]_[p(5, 2)_cs(1.0)_ws(1.0)]",player_d62697a3_actions,,[],,,
1260,tomato,put down,Counter_33,Counter,33,put down tomato on counter,player_d62697a3,forced_division_of_labor,735e55861a451a59,1452.3453293596194,31.99999999999909,6.0,0.0,6.0,1.0,1.0,"(5, 2)","[p(2, 2)_cs(1.0)_ws(1.0)]_[p(5, 2)_cs(1.0)_ws(1.0)]",player_d62697a3_actions,player_d62697a3,['player_d62697a3'],,,
1269,tomato,pick up,Counter_33,Counter,33,pick up tomato from counter,player_56fc1b03,forced_division_of_labor,735e55861a451a59,624.0000000000034,16.000000000000227,6.0,0.0,0.0,1.0,1.0,"(2, 2)","[p(2, 2)_cs(1.0)_ws(1.0)]_[p(5, 2)_cs(1.0)_ws(1.0)]",player_56fc1b03_actions,player_d62697a3,['player_d62697a3'],,,True
1278,tomato_salad,pick up,Counter_32,Counter,32,pick up tomato_salad from counter,player_d62697a3,forced_division_of_labor,735e55861a451a59,1468.345329359619,15.999999999999543,6.0,0.0,6.0,1.0,1.0,"(5, 2)","[p(2, 2)_cs(1.0)_ws(1.0)]_[p(5, 2)_cs(1.0)_ws(1.0)]",player_d62697a3_actions,player_56fc1b03,['player_56fc1b03'],"['player_d62697a3', 'player_56fc1b03', 'player_56fc1b03']",['player_d62697a3'],True
1290,tomato,start cutting,CuttingBoard_20,CuttingBoard,20,start cutting tomato,player_56fc1b03,forced_division_of_labor,735e55861a451a59,656.0000000000038,32.00000000000034,6.0,0.0,0.0,1.0,1.0,"(2, 2)","[p(2, 2)_cs(1.0)_ws(1.0)]_[p(5, 2)_cs(1.0)_ws(1.0)]",player_56fc1b03_actions,player_56fc1b03,"['player_d62697a3', 'player_56fc1b03']",,,
1298,tomato_salad,deliver,Delivery_63,Delivery,63,deliver tomato_salad,player_d62697a3,forced_division_of_labor,735e55861a451a59,1490.972746357588,22.62741699796902,7.0,1.0,7.0,1.0,1.0,"(5, 2)","[p(2, 2)_cs(1.0)_ws(1.0)]_[p(5, 2)_cs(1.0)_ws(1.0)]",player_d62697a3_actions,player_d62697a3,"['player_56fc1b03', 'player_d62697a3']","['player_d62697a3', 'player_56fc1b03', 'player_56fc1b03']",['player_d62697a3'],
1326,plate,pick up,Dispenser_71,Dispenser,71,pick up plate from dispenser,player_d62697a3,forced_division_of_labor,735e55861a451a59,1529.3840061976136,38.41125984002565,7.0,0.0,7.0,1.0,1.0,"(5, 2)","[p(2, 2)_cs(1.0)_ws(1.0)]_[p(5, 2)_cs(1.0)_ws(1.0)]",player_d62697a3_actions,,[],,,
1338,tomato_cut,pick up,CuttingBoard_20,CuttingBoard,20,pick up tomato_cut from cuttingboard,player_56fc1b03,forced_division_of_labor,735e55861a451a59,656.0000000000038,0.0,7.0,0.0,0.0,1.0,1.0,"(2, 2)","[p(2, 2)_cs(1.0)_ws(1.0)]_[p(5, 2)_cs(1.0)_ws(1.0)]",player_56fc1b03_actions,player_56fc1b03,"['player_d62697a3', 'player_56fc1b03']",,,False
1353,plate,put down,Counter_32,Counter,32,put down plate on counter,player_d62697a3,forced_division_of_labor,735e55861a451a59,1567.7910688643778,38.407062666764205,7.0,0.0,7.0,1.0,1.0,"(5, 2)","[p(2, 2)_cs(1.0)_ws(1.0)]_[p(5, 2)_cs(1.0)_ws(1.0)]",player_d62697a3_actions,player_d62697a3,['player_d62697a3'],,,
1371,tomato,pick up,Dispenser_40,Dispenser,40,pick up tomato from dispenser,player_d62697a3,forced_division_of_labor,735e55861a451a59,1583.7910688643774,15.999999999999543,7.0,0.0,7.0,1.0,1.0,"(5, 2)","[p(2, 2)_cs(1.0)_ws(1.0)]_[p(5, 2)_cs(1.0)_ws(1.0)]",player_d62697a3_actions,,[],,,
1374,tomato_cut,assemble salad,Counter_32,Counter,32,assemble salad,player_56fc1b03,forced_division_of_labor,735e55861a451a59,672.0000000000039,16.000000000000114,7.0,0.0,0.0,1.0,1.0,"(2, 2)","[p(2, 2)_cs(1.0)_ws(1.0)]_[p(5, 2)_cs(1.0)_ws(1.0)]",player_56fc1b03_actions,player_d62697a3,['player_56fc1b03'],"['player_d62697a3', 'player_56fc1b03', 'player_56fc1b03']",['player_d62697a3'],True
1398,tomato,put down,Counter_33,Counter,33,put down tomato on counter,player_d62697a3,forced_division_of_labor,735e55861a451a59,1615.7910688643765,31.99999999999909,7.0,0.0,7.0,1.0,1.0,"(5, 2)","[p(2, 2)_cs(1.0)_ws(1.0)]_[p(5, 2)_cs(1.0)_ws(1.0)]",player_d62697a3_actions,player_d62697a3,['player_d62697a3'],,,
1410,tomato,pick up,Counter_33,Counter,33,pick up tomato from counter,player_56fc1b03,forced_division_of_labor,735e55861a451a59,688.0000000000041,16.000000000000227,7.0,0.0,0.0,1.0,1.0,"(2, 2)","[p(2, 2)_cs(1.0)_ws(1.0)]_[p(5, 2)_cs(1.0)_ws(1.0)]",player_56fc1b03_actions,player_d62697a3,['player_d62697a3'],,,True
1416,tomato_salad,pick up,Counter_32,Counter,32,pick up tomato_salad from counter,player_d62697a3,forced_division_of_labor,735e55861a451a59,1631.791068864376,15.999999999999543,7.0,0.0,7.0,1.0,1.0,"(5, 2)","[p(2, 2)_cs(1.0)_ws(1.0)]_[p(5, 2)_cs(1.0)_ws(1.0)]",player_d62697a3_actions,player_56fc1b03,['player_56fc1b03'],"['player_d62697a3', 'player_56fc1b03', 'player_56fc1b03']",['player_d62697a3'],True
1436,tomato_salad,deliver,Delivery_63,Delivery,63,deliver tomato_salad,player_d62697a3,forced_division_of_labor,735e55861a451a59,1654.418485862345,22.62741699796902,8.0,1.0,8.0,1.0,1.0,"(5, 2)","[p(2, 2)_cs(1.0)_ws(1.0)]_[p(5, 2)_cs(1.0)_ws(1.0)]",player_d62697a3_actions,player_d62697a3,"['player_56fc1b03', 'player_d62697a3']","['player_d62697a3', 'player_56fc1b03', 'player_56fc1b03']",['player_d62697a3'],
1440,tomato,start cutting,CuttingBoard_20,CuttingBoard,20,start cutting tomato,player_56fc1b03,forced_division_of_labor,735e55861a451a59,720.0000000000044,32.00000000000034,8.0,0.0,0.0,1.0,1.0,"(2, 2)","[p(2, 2)_cs(1.0)_ws(1.0)]_[p(5, 2)_cs(1.0)_ws(1.0)]",player_56fc1b03_actions,player_56fc1b03,"['player_d62697a3', 'player_56fc1b03']",,,
1479,plate,pick up,Dispenser_71,Dispenser,71,pick up plate from dispenser,player_d62697a3,forced_division_of_labor,735e55861a451a59,1723.8567680709891,69.43828220864407,8.0,0.0,8.0,1.0,1.0,"(5, 2)","[p(2, 2)_cs(1.0)_ws(1.0)]_[p(5, 2)_cs(1.0)_ws(1.0)]",player_d62697a3_actions,,[],,,
1491,tomato_cut,pick up,CuttingBoard_20,CuttingBoard,20,pick up tomato_cut from cuttingboard,player_56fc1b03,forced_division_of_labor,735e55861a451a59,720.0000000000044,0.0,8.0,0.0,0.0,1.0,1.0,"(2, 2)","[p(2, 2)_cs(1.0)_ws(1.0)]_[p(5, 2)_cs(1.0)_ws(1.0)]",player_56fc1b03_actions,player_56fc1b03,"['player_d62697a3', 'player_56fc1b03']",,,False
1506,plate,put down,Counter_32,Counter,32,put down plate on counter,player_d62697a3,forced_division_of_labor,735e55861a451a59,1762.263830737753,38.407062666764205,8.0,0.0,8.0,1.0,1.0,"(5, 2)","[p(2, 2)_cs(1.0)_ws(1.0)]_[p(5, 2)_cs(1.0)_ws(1.0)]",player_d62697a3_actions,player_d62697a3,['player_d62697a3'],,,
1518,tomato_cut,assemble salad,Counter_32,Counter,32,assemble salad,player_56fc1b03,forced_division_of_labor,735e55861a451a59,736.0000000000045,16.000000000000114,8.0,0.0,0.0,1.0,1.0,"(2, 2)","[p(2, 2)_cs(1.0)_ws(1.0)]_[p(5, 2)_cs(1.0)_ws(1.0)]",player_56fc1b03_actions,player_d62697a3,['player_56fc1b03'],"['player_d62697a3', 'player_56fc1b03', 'player_56fc1b03']",['player_d62697a3'],True
1524,tomato,pick up,Dispenser_40,Dispenser,40,pick up tomato from dispenser,player_d62697a3,forced_division_of_labor,735e55861a451a59,1778.2638307377529,15.999999999999543,8.0,0.0,8.0,1.0,1.0,"(5, 2)","[p(2, 2)_cs(1.0)_ws(1.0)]_[p(5, 2)_cs(1.0)_ws(1.0)]",player_d62697a3_actions,,[],,,
1551,tomato,put down,Counter_33,Counter,33,put down tomato on counter,player_d62697a3,forced_division_of_labor,735e55861a451a59,1810.263830737752,31.99999999999909,8.0,0.0,8.0,1.0,1.0,"(5, 2)","[p(2, 2)_cs(1.0)_ws(1.0)]_[p(5, 2)_cs(1.0)_ws(1.0)]",player_d62697a3_actions,player_d62697a3,['player_d62697a3'],,,
1563,tomato,pick up,Counter_33,Counter,33,pick up tomato from counter,player_56fc1b03,forced_division_of_labor,735e55861a451a59,752.0000000000048,16.000000000000227,8.0,0.0,0.0,1.0,1.0,"(2, 2)","[p(2, 2)_cs(1.0)_ws(1.0)]_[p(5, 2)_cs(1.0)_ws(1.0)]",player_56fc1b03_actions,player_d62697a3,['player_d62697a3'],,,True
1587,tomato,start cutting,CuttingBoard_20,CuttingBoard,20,start cutting tomato,player_56fc1b03,forced_division_of_labor,735e55861a451a59,784.0000000000051,32.00000000000034,8.0,0.0,0.0,1.0,1.0,"(2, 2)","[p(2, 2)_cs(1.0)_ws(1.0)]_[p(5, 2)_cs(1.0)_ws(1.0)]",player_56fc1b03_actions,player_56fc1b03,"['player_d62697a3', 'player_56fc1b03']",,,
1595,tomato_salad,pick up,Counter_32,Counter,32,pick up tomato_salad from counter,player_d62697a3,forced_division_of_labor,735e55861a451a59,1871.5186647336895,61.25483399593759,8.0,0.0,8.0,1.0,1.0,"(5, 2)","[p(2, 2)_cs(1.0)_ws(1.0)]_[p(5, 2)_cs(1.0)_ws(1.0)]",player_d62697a3_actions,player_56fc1b03,['player_56fc1b03'],"['player_d62697a3', 'player_56fc1b03', 'player_56fc1b03']",['player_d62697a3'],True
1616,tomato_salad,deliver,Delivery_63,Delivery,63,deliver tomato_salad,player_d62697a3,forced_division_of_labor,735e55861a451a59,1894.1460817316583,22.62741699796902,9.0,1.0,9.0,1.0,1.0,"(5, 2)","[p(2, 2)_cs(1.0)_ws(1.0)]_[p(5, 2)_cs(1.0)_ws(1.0)]",player_d62697a3_actions,player_d62697a3,"['player_56fc1b03', 'player_d62697a3']","['player_d62697a3', 'player_56fc1b03', 'player_56fc1b03']",['player_d62697a3'],
1641,tomato_cut,pick up,CuttingBoard_20,CuttingBoard,20,pick up tomato_cut from cuttingboard,player_56fc1b03,forced_division_of_labor,735e55861a451a59,784.0000000000051,0.0,9.0,0.0,0.0,1.0,1.0,"(2, 2)","[p(2, 2)_cs(1.0)_ws(1.0)]_[p(5, 2)_cs(1.0)_ws(1.0)]",player_56fc1b03_actions,player_56fc1b03,"['player_d62697a3', 'player_56fc1b03']",,,False
1641,plate,pick up,Dispenser_71,Dispenser,71,pick up plate from dispenser,player_d62697a3,forced_division_of_labor,735e55861a451a59,1932.557341571684,38.41125984002565,9.0,0.0,9.0,1.0,1.0,"(5, 2)","[p(2, 2)_cs(1.0)_ws(1.0)]_[p(5, 2)_cs(1.0)_ws(1.0)]",player_d62697a3_actions,,[],,,
1665,plate,put down,Counter_32,Counter,32,put down plate on counter,player_d62697a3,forced_division_of_labor,735e55861a451a59,1970.9644042384484,38.407062666764205,9.0,0.0,9.0,1.0,1.0,"(5, 2)","[p(2, 2)_cs(1.0)_ws(1.0)]_[p(5, 2)_cs(1.0)_ws(1.0)]",player_d62697a3_actions,player_d62697a3,['player_d62697a3'],,,
1680,tomato_cut,assemble salad,Counter_32,Counter,32,assemble salad,player_56fc1b03,forced_division_of_labor,735e55861a451a59,800.0000000000052,16.000000000000114,9.0,0.0,0.0,1.0,1.0,"(2, 2)","[p(2, 2)_cs(1.0)_ws(1.0)]_[p(5, 2)_cs(1.0)_ws(1.0)]",player_56fc1b03_actions,player_d62697a3,['player_56fc1b03'],"['player_d62697a3', 'player_56fc1b03', 'player_56fc1b03']",['player_d62697a3'],True
1683,tomato,pick up,Dispenser_40,Dispenser,40,pick up tomato from dispenser,player_d62697a3,forced_division_of_labor,735e55861a451a59,1986.964404238448,15.999999999999543,9.0,0.0,9.0,1.0,1.0,"(5, 2)","[p(2, 2)_cs(1.0)_ws(1.0)]_[p(5, 2)_cs(1.0)_ws(1.0)]",player_d62697a3_actions,,[],,,
1704,tomato,put down,Counter_33,Counter,33,put down tomato on counter,player_d62697a3,forced_division_of_labor,735e55861a451a59,2018.964404238447,31.99999999999909,9.0,0.0,9.0,1.0,1.0,"(5, 2)","[p(2, 2)_cs(1.0)_ws(1.0)]_[p(5, 2)_cs(1.0)_ws(1.0)]",player_d62697a3_actions,player_d62697a3,['player_d62697a3'],,,
1713,tomato,pick up,Counter_33,Counter,33,pick up tomato from counter,player_56fc1b03,forced_division_of_labor,735e55861a451a59,816.0000000000055,16.000000000000227,9.0,0.0,0.0,1.0,1.0,"(2, 2)","[p(2, 2)_cs(1.0)_ws(1.0)]_[p(5, 2)_cs(1.0)_ws(1.0)]",player_56fc1b03_actions,player_d62697a3,['player_d62697a3'],,,True
1736,plate,pick up,Dispenser_71,Dispenser,71,pick up plate from dispenser,player_d62697a3,forced_division_of_labor,735e55861a451a59,2064.219238234385,45.25483399593804,9.0,0.0,9.0,1.0,1.0,"(5, 2)","[p(2, 2)_cs(1.0)_ws(1.0)]_[p(5, 2)_cs(1.0)_ws(1.0)]",player_d62697a3_actions,,[],,,
1737,tomato,start cutting,CuttingBoard_20,CuttingBoard,20,start cutting tomato,player_56fc1b03,forced_division_of_labor,735e55861a451a59,848.0000000000058,32.00000000000034,9.0,0.0,0.0,1.0,1.0,"(2, 2)","[p(2, 2)_cs(1.0)_ws(1.0)]_[p(5, 2)_cs(1.0)_ws(1.0)]",player_56fc1b03_actions,player_56fc1b03,"['player_d62697a3', 'player_56fc1b03']",,,
1769,plate,put down,Counter_33,Counter,33,put down plate on counter,player_d62697a3,forced_division_of_labor,735e55861a451a59,2109.474072230323,45.25483399593804,9.0,0.0,9.0,1.0,1.0,"(5, 2)","[p(2, 2)_cs(1.0)_ws(1.0)]_[p(5, 2)_cs(1.0)_ws(1.0)]",player_d62697a3_actions,player_d62697a3,['player_d62697a3'],,,
1788,tomato_salad,pick up,Counter_32,Counter,32,pick up tomato_salad from counter,player_d62697a3,forced_division_of_labor,735e55861a451a59,2125.474072230324,16.00000000000091,9.0,0.0,9.0,1.0,1.0,"(5, 2)","[p(2, 2)_cs(1.0)_ws(1.0)]_[p(5, 2)_cs(1.0)_ws(1.0)]",player_d62697a3_actions,player_56fc1b03,['player_56fc1b03'],"['player_d62697a3', 'player_56fc1b03', 'player_56fc1b03']",['player_d62697a3'],True
1788,tomato_cut,pick up,CuttingBoard_20,CuttingBoard,20,pick up tomato_cut from cuttingboard,player_56fc1b03,forced_division_of_labor,735e55861a451a59,848.0000000000058,0.0,9.0,0.0,0.0,1.0,1.0,"(2, 2)","[p(2, 2)_cs(1.0)_ws(1.0)]_[p(5, 2)_cs(1.0)_ws(1.0)]",player_56fc1b03_actions,player_56fc1b03,"['player_d62697a3', 'player_56fc1b03']",,,False
1808,tomato_salad,deliver,Delivery_63,Delivery,63,deliver tomato_salad,player_d62697a3,forced_division_of_labor,735e55861a451a59,2148.101489228293,22.62741699796879,10.0,1.0,10.0,1.0,1.0,"(5, 2)","[p(2, 2)_cs(1.0)_ws(1.0)]_[p(5, 2)_cs(1.0)_ws(1.0)]",player_d62697a3_actions,player_d62697a3,"['player_56fc1b03', 'player_d62697a3']","['player_d62697a3', 'player_56fc1b03', 'player_56fc1b03']",['player_d62697a3'],
1815,tomato_cut,assemble salad,Counter_33,Counter,33,assemble salad,player_56fc1b03,forced_division_of_labor,735e55861a451a59,880.0000000000061,32.00000000000034,10.0,0.0,0.0,1.0,1.0,"(2, 2)","[p(2, 2)_cs(1.0)_ws(1.0)]_[p(5, 2)_cs(1.0)_ws(1.0)]",player_56fc1b03_actions,player_d62697a3,['player_56fc1b03'],"['player_d62697a3', 'player_56fc1b03', 'player_56fc1b03']",['player_d62697a3'],True
1836,tomato,pick up,Dispenser_40,Dispenser,40,pick up tomato from dispenser,player_d62697a3,forced_division_of_labor,735e55861a451a59,2186.51274906832,38.411259840027014,10.0,0.0,10.0,1.0,1.0,"(5, 2)","[p(2, 2)_cs(1.0)_ws(1.0)]_[p(5, 2)_cs(1.0)_ws(1.0)]",player_d62697a3_actions,,[],,,
1857,tomato,put down,Counter_32,Counter,32,put down tomato on counter,player_d62697a3,forced_division_of_labor,735e55861a451a59,2202.5127490683208,16.00000000000091,10.0,0.0,10.0,1.0,1.0,"(5, 2)","[p(2, 2)_cs(1.0)_ws(1.0)]_[p(5, 2)_cs(1.0)_ws(1.0)]",player_d62697a3_actions,player_d62697a3,['player_d62697a3'],,,
1869,tomato,pick up,Counter_32,Counter,32,pick up tomato from counter,player_56fc1b03,forced_division_of_labor,735e55861a451a59,896.0000000000064,16.000000000000227,10.0,0.0,0.0,1.0,1.0,"(2, 2)","[p(2, 2)_cs(1.0)_ws(1.0)]_[p(5, 2)_cs(1.0)_ws(1.0)]",player_56fc1b03_actions,player_d62697a3,['player_d62697a3'],,,True
1884,tomato,start cutting,CuttingBoard_20,CuttingBoard,20,start cutting tomato,player_56fc1b03,forced_division_of_labor,735e55861a451a59,912.0000000000066,16.000000000000227,10.0,0.0,0.0,1.0,1.0,"(2, 2)","[p(2, 2)_cs(1.0)_ws(1.0)]_[p(5, 2)_cs(1.0)_ws(1.0)]",player_56fc1b03_actions,player_56fc1b03,"['player_d62697a3', 'player_56fc1b03']",,,
1887,plate,pick up,Dispenser_71,Dispenser,71,pick up plate from dispenser,player_d62697a3,forced_division_of_labor,735e55861a451a59,2240.9198117350847,38.40706266676398,10.0,0.0,10.0,1.0,1.0,"(5, 2)","[p(2, 2)_cs(1.0)_ws(1.0)]_[p(5, 2)_cs(1.0)_ws(1.0)]",player_d62697a3_actions,,[],,,
1917,plate,put down,Counter_32,Counter,32,put down plate on counter,player_d62697a3,forced_division_of_labor,735e55861a451a59,2279.3268744018487,38.40706266676398,10.0,0.0,10.0,1.0,1.0,"(5, 2)","[p(2, 2)_cs(1.0)_ws(1.0)]_[p(5, 2)_cs(1.0)_ws(1.0)]",player_d62697a3_actions,player_d62697a3,['player_d62697a3'],,,
1938,tomato,pick up,Dispenser_40,Dispenser,40,pick up tomato from dispenser,player_d62697a3,forced_division_of_labor,735e55861a451a59,2295.3268744018496,16.00000000000091,10.0,0.0,10.0,1.0,1.0,"(5, 2)","[p(2, 2)_cs(1.0)_ws(1.0)]_[p(5, 2)_cs(1.0)_ws(1.0)]",player_d62697a3_actions,,[],,,
1953,plate,pick up,Counter_32,Counter,32,pick up plate from counter,player_56fc1b03,forced_division_of_labor,735e55861a451a59,928.0000000000068,16.000000000000227,10.0,0.0,0.0,1.0,1.0,"(2, 2)","[p(2, 2)_cs(1.0)_ws(1.0)]_[p(5, 2)_cs(1.0)_ws(1.0)]",player_56fc1b03_actions,player_d62697a3,['player_d62697a3'],,,True
1971,plate,put down,Counter_32,Counter,32,put down plate on counter,player_56fc1b03,forced_division_of_labor,735e55861a451a59,928.0000000000068,0.0,10.0,0.0,0.0,1.0,1.0,"(2, 2)","[p(2, 2)_cs(1.0)_ws(1.0)]_[p(5, 2)_cs(1.0)_ws(1.0)]",player_56fc1b03_actions,player_56fc1b03,"['player_d62697a3', 'player_56fc1b03']",,,
1972,tomato,put down,Counter_34,Counter,34,put down tomato on counter,player_d62697a3,forced_division_of_labor,735e55861a451a59,2343.3268744018515,48.00000000000182,10.0,0.0,10.0,1.0,1.0,"(5, 2)","[p(2, 2)_cs(1.0)_ws(1.0)]_[p(5, 2)_cs(1.0)_ws(1.0)]",player_d62697a3_actions,player_d62697a3,['player_d62697a3'],,,
1986,tomato_cut,pick up,CuttingBoard_20,CuttingBoard,20,pick up tomato_cut from cuttingboard,player_56fc1b03,forced_division_of_labor,735e55861a451a59,944.000000000007,16.000000000000227,10.0,0.0,0.0,1.0,1.0,"(2, 2)","[p(2, 2)_cs(1.0)_ws(1.0)]_[p(5, 2)_cs(1.0)_ws(1.0)]",player_56fc1b03_actions,player_56fc1b03,"['player_d62697a3', 'player_56fc1b03']",,,False
1995,tomato_salad,pick up,Counter_33,Counter,33,pick up tomato_salad from counter,player_d62697a3,forced_division_of_labor,735e55861a451a59,2359.3268744018515,16.0,10.0,0.0,10.0,1.0,1.0,"(5, 2)","[p(2, 2)_cs(1.0)_ws(1.0)]_[p(5, 2)_cs(1.0)_ws(1.0)]",player_d62697a3_actions,player_56fc1b03,['player_56fc1b03'],"['player_d62697a3', 'player_56fc1b03', 'player_56fc1b03']",['player_d62697a3'],True
2007,tomato_cut,assemble salad,Counter_32,Counter,32,assemble salad,player_56fc1b03,forced_division_of_labor,735e55861a451a59,960.0000000000072,16.000000000000227,10.0,0.0,0.0,1.0,1.0,"(2, 2)","[p(2, 2)_cs(1.0)_ws(1.0)]_[p(5, 2)_cs(1.0)_ws(1.0)]",player_56fc1b03_actions,player_56fc1b03,['player_56fc1b03'],"['player_d62697a3', 'player_56fc1b03', 'player_56fc1b03']","['player_d62697a3', 'player_56fc1b03']",False
2031,tomato,pick up,Counter_34,Counter,34,pick up tomato from counter,player_56fc1b03,forced_division_of_labor,735e55861a451a59,992.0000000000076,32.00000000000023,10.0,0.0,0.0,1.0,1.0,"(2, 2)","[p(2, 2)_cs(1.0)_ws(1.0)]_[p(5, 2)_cs(1.0)_ws(1.0)]",player_56fc1b03_actions,player_d62697a3,['player_d62697a3'],,,True
2037,tomato_salad,deliver,Delivery_63,Delivery,63,deliver tomato_salad,player_d62697a3,forced_division_of_labor,735e55861a451a59,2375.3268744018505,15.99999999999909,11.0,1.0,11.0,1.0,1.0,"(5, 2)","[p(2, 2)_cs(1.0)_ws(1.0)]_[p(5, 2)_cs(1.0)_ws(1.0)]",player_d62697a3_actions,player_d62697a3,"['player_56fc1b03', 'player_d62697a3']","['player_d62697a3', 'player_56fc1b03', 'player_56fc1b03']",['player_d62697a3'],
2059,tomato,start cutting,CuttingBoard_20,CuttingBoard,20,start cutting tomato,player_56fc1b03,forced_division_of_labor,735e55861a451a59,1040.0000000000073,47.99999999999977,11.0,0.0,0.0,1.0,1.0,"(2, 2)","[p(2, 2)_cs(1.0)_ws(1.0)]_[p(5, 2)_cs(1.0)_ws(1.0)]",player_56fc1b03_actions,player_56fc1b03,"['player_d62697a3', 'player_56fc1b03']",,,
2067,plate,pick up,Dispenser_71,Dispenser,71,pick up plate from dispenser,player_d62697a3,forced_division_of_labor,735e55861a451a59,2413.7381342418776,38.411259840027014,11.0,0.0,11.0,1.0,1.0,"(5, 2)","[p(2, 2)_cs(1.0)_ws(1.0)]_[p(5, 2)_cs(1.0)_ws(1.0)]",player_d62697a3_actions,,[],,,
2096,plate,put down,Counter_33,Counter,33,put down plate on counter,player_d62697a3,forced_division_of_labor,735e55861a451a59,2458.9929682378156,45.25483399593804,11.0,0.0,11.0,1.0,1.0,"(5, 2)","[p(2, 2)_cs(1.0)_ws(1.0)]_[p(5, 2)_cs(1.0)_ws(1.0)]",player_d62697a3_actions,player_d62697a3,['player_d62697a3'],,,
2106,tomato_cut,pick up,CuttingBoard_20,CuttingBoard,20,pick up tomato_cut from cuttingboard,player_56fc1b03,forced_division_of_labor,735e55861a451a59,1040.0000000000073,0.0,11.0,0.0,0.0,1.0,1.0,"(2, 2)","[p(2, 2)_cs(1.0)_ws(1.0)]_[p(5, 2)_cs(1.0)_ws(1.0)]",player_56fc1b03_actions,player_56fc1b03,"['player_d62697a3', 'player_56fc1b03']",,,False
2115,tomato_salad,pick up,Counter_32,Counter,32,pick up tomato_salad from counter,player_d62697a3,forced_division_of_labor,735e55861a451a59,2474.9929682378165,16.00000000000091,11.0,0.0,11.0,1.0,1.0,"(5, 2)","[p(2, 2)_cs(1.0)_ws(1.0)]_[p(5, 2)_cs(1.0)_ws(1.0)]",player_d62697a3_actions,player_56fc1b03,['player_56fc1b03'],"['player_d62697a3', 'player_56fc1b03', 'player_56fc1b03']","['player_d62697a3', 'player_56fc1b03']",True
2130,tomato_cut,assemble salad,Counter_33,Counter,33,assemble salad,player_56fc1b03,forced_division_of_labor,735e55861a451a59,1072.0000000000064,31.99999999999909,11.0,0.0,0.0,1.0,1.0,"(2, 2)","[p(2, 2)_cs(1.0)_ws(1.0)]_[p(5, 2)_cs(1.0)_ws(1.0)]",player_56fc1b03_actions,player_d62697a3,['player_56fc1b03'],"['player_d62697a3', 'player_56fc1b03', 'player_56fc1b03']",['player_d62697a3'],True
2138,tomato_salad,deliver,Delivery_63,Delivery,63,deliver tomato_salad,player_d62697a3,forced_division_of_labor,735e55861a451a59,2497.6203852357853,22.62741699796879,12.0,1.0,12.0,1.0,1.0,"(5, 2)","[p(2, 2)_cs(1.0)_ws(1.0)]_[p(5, 2)_cs(1.0)_ws(1.0)]",player_d62697a3_actions,player_d62697a3,"['player_56fc1b03', 'player_d62697a3']","['player_d62697a3', 'player_56fc1b03', 'player_56fc1b03']","['player_d62697a3', 'player_56fc1b03']",
