{"agents": {"player_56fc1b03": {"initial_state": {"agent_id": "player_56fc1b03", "x": 40, "y": 40, "item": null, "url_params": {"gameType": ["tomatoSaladOnly"], "PROLIFIC_PID": ["66cc4ba25cc59f1c17f1a2b4"], "map": ["forced_division_of_labor"], "cutting_speed_p1": ["1"], "walking_speed_p1": ["1"], "cutting_speed_p2": ["1"], "walking_speed_p2": ["1"], "slot_x_p1": ["2"], "slot_y_p1": ["2"], "slot_x_p2": ["5"], "slot_y_p2": ["2"], "EIO": ["4"], "transport": ["polling"], "t": ["PZKxySR"]}, "cut_speed": 1.0, "walk_speed": 30.0, "player_nr": 1}, "player_score": 0.0, "total_actions": 54, "first_action_tick": 282, "last_action_tick": 2130}, "player_d62697a3": {"initial_state": {"agent_id": "player_d62697a3", "x": 88, "y": 40, "item": null, "url_params": {"gameType": ["tomatoSaladOnly"], "PROLIFIC_PID": ["6643b1f5086e2e498fbcc7b7"], "map": ["forced_division_of_labor"], "cutting_speed_p1": ["1"], "walking_speed_p1": ["1"], "cutting_speed_p2": ["1"], "walking_speed_p2": ["1"], "slot_x_p1": ["2"], "slot_y_p1": ["2"], "slot_x_p2": ["5"], "slot_y_p2": ["2"], "EIO": ["4"], "transport": ["polling"], "t": ["PZKxyYP"]}, "cut_speed": 1.0, "walk_speed": 30.0, "player_nr": 2}, "player_score": 12.0, "total_actions": 78, "first_action_tick": 65, "last_action_tick": 2138}}, "map_name": "forced_division_of_labor", "final_score": 12.0}