{"agents": {"player_7458ab9a": {"initial_state": {"agent_id": "player_7458ab9a", "x": 40, "y": 40, "item": null, "url_params": {"gameType": ["tomatoSaladOnly"], "PROLIFIC_PID": ["66a261c8cd2d7a18cbe95b9a"], "map": ["encouraged_division_of_labor"], "cutting_speed_p1": ["1"], "walking_speed_p1": ["1"], "cutting_speed_p2": ["1"], "walking_speed_p2": ["1"], "slot_x_p1": ["2"], "slot_y_p1": ["2"], "slot_x_p2": ["5"], "slot_y_p2": ["2"], "EIO": ["4"], "transport": ["polling"], "t": ["PZJrNuQ"]}, "cut_speed": 1.0, "walk_speed": 30.0, "player_nr": 1}, "player_score": 1.0, "total_actions": 43, "first_action_tick": 172, "last_action_tick": 2146}, "player_acbfb737": {"initial_state": {"agent_id": "player_acbfb737", "x": 88, "y": 40, "item": null, "url_params": {"gameType": ["tomatoSaladOnly"], "PROLIFIC_PID": ["67e069199f5b036960b0cc5f"], "map": ["encouraged_division_of_labor"], "cutting_speed_p1": ["1"], "walking_speed_p1": ["1"], "cutting_speed_p2": ["1"], "walking_speed_p2": ["1"], "slot_x_p1": ["2"], "slot_y_p1": ["2"], "slot_x_p2": ["5"], "slot_y_p2": ["2"], "EIO": ["4"], "transport": ["polling"], "t": ["PZJrYLY"]}, "cut_speed": 1.0, "walk_speed": 30.0, "player_nr": 2}, "player_score": 6.0, "total_actions": 40, "first_action_tick": 108, "last_action_tick": 2093}}, "map_name": "encouraged_division_of_labor", "final_score": 7.0}