{"agents": {"player_e2cfd805": {"initial_state": {"agent_id": "player_e2cfd805", "x": 40, "y": 40, "item": null, "url_params": {"gameType": ["tomatoSaladOnly"], "PROLIFIC_PID": ["5dd343f19595a13585492c99"], "map": ["encouraged_division_of_labor"], "cutting_speed_p1": ["1"], "walking_speed_p1": ["0.2"], "cutting_speed_p2": ["0.2"], "walking_speed_p2": ["1"], "slot_x_p1": ["2"], "slot_y_p1": ["2"], "slot_x_p2": ["5"], "slot_y_p2": ["2"], "EIO": ["4"], "transport": ["polling"], "t": ["Pa13UWe"]}, "cut_speed": 1.0, "walk_speed": 6.0, "player_nr": 1}, "player_score": 1.0, "total_actions": 10, "first_action_tick": 360, "last_action_tick": 2079}, "player_331261d9": {"initial_state": {"agent_id": "player_331261d9", "x": 88, "y": 40, "item": null, "url_params": {"gameType": ["tomatoSaladOnly"], "PROLIFIC_PID": ["6550de88683355a74699844c"], "map": ["encouraged_division_of_labor"], "cutting_speed_p1": ["1"], "walking_speed_p1": ["0.2"], "cutting_speed_p2": ["0.2"], "walking_speed_p2": ["1"], "slot_x_p1": ["2"], "slot_y_p1": ["2"], "slot_x_p2": ["5"], "slot_y_p2": ["2"], "EIO": ["4"], "transport": ["polling"], "t": ["Pa13Uum"]}, "cut_speed": 0.2, "walk_speed": 30.0, "player_nr": 2}, "player_score": 2.0, "total_actions": 36, "first_action_tick": 76, "last_action_tick": 2049}}, "map_name": "encouraged_division_of_labor", "final_score": 3.0}