tick,item,action,target,target_type,target_position,action_long,player_id,map_name,game_id,distance_walked,distance_walked_since_last_action,overall_score,player_score_change,player_score,walking_speed,cutting_speed,start_pos,condition
360,tomato,pick up,Dispenser_40,Dispenser,40,pick up tomato from dispenser,player_e2cfd805,encouraged_division_of_labor,756cd0d7b4ea38cc,156.6280071473171,0.0,0.0,0.0,0.0,0.2,1.0,"(2, 2)","[p(2, 2)_cs(1.0)_ws(0.2)]_[p(5, 2)_cs(0.2)_ws(1.0)]"
831,tomato,put down,Counter_35,Counter,35,put down tomato on counter,player_e2cfd805,encouraged_division_of_labor,756cd0d7b4ea38cc,337.6721366368617,181.0441294895446,0.0,0.0,0.0,0.2,1.0,"(2, 2)","[p(2, 2)_cs(1.0)_ws(0.2)]_[p(5, 2)_cs(0.2)_ws(1.0)]"
831,plate,pick up,Counter_35,Counter,35,pick up plate from counter,player_e2cfd805,encouraged_division_of_labor,756cd0d7b4ea38cc,337.6721366368617,0.0,0.0,0.0,0.0,0.2,1.0,"(2, 2)","[p(2, 2)_cs(1.0)_ws(0.2)]_[p(5, 2)_cs(0.2)_ws(1.0)]"
1221,plate,put down,CuttingBoard_20,CuttingBoard,20,put down plate on cuttingboard,player_e2cfd805,encouraged_division_of_labor,756cd0d7b4ea38cc,471.2873378105265,133.6152011736648,1.0,0.0,0.0,0.2,1.0,"(2, 2)","[p(2, 2)_cs(1.0)_ws(0.2)]_[p(5, 2)_cs(0.2)_ws(1.0)]"
1221,tomato_cut,pick up,CuttingBoard_20,CuttingBoard,20,pick up tomato_cut from cuttingboard,player_e2cfd805,encouraged_division_of_labor,756cd0d7b4ea38cc,471.2873378105265,0.0,1.0,0.0,0.0,0.2,1.0,"(2, 2)","[p(2, 2)_cs(1.0)_ws(0.2)]_[p(5, 2)_cs(0.2)_ws(1.0)]"
1797,tomato_cut,assemble salad,Counter_34,Counter,34,assemble salad,player_e2cfd805,encouraged_division_of_labor,756cd0d7b4ea38cc,698.3758541701137,227.08851635958723,2.0,0.0,0.0,0.2,1.0,"(2, 2)","[p(2, 2)_cs(1.0)_ws(0.2)]_[p(5, 2)_cs(0.2)_ws(1.0)]"
1836,tomato_salad,pick up,Counter_34,Counter,34,pick up tomato_salad from counter,player_e2cfd805,encouraged_division_of_labor,756cd0d7b4ea38cc,698.3758541701137,0.0,2.0,0.0,0.0,0.2,1.0,"(2, 2)","[p(2, 2)_cs(1.0)_ws(0.2)]_[p(5, 2)_cs(0.2)_ws(1.0)]"
1845,tomato_salad,put down,Counter_34,Counter,34,put down tomato_salad on counter,player_e2cfd805,encouraged_division_of_labor,756cd0d7b4ea38cc,698.3758541701137,0.0,2.0,0.0,0.0,0.2,1.0,"(2, 2)","[p(2, 2)_cs(1.0)_ws(0.2)]_[p(5, 2)_cs(0.2)_ws(1.0)]"
2012,tomato_salad,pick up,Counter_34,Counter,34,pick up tomato_salad from counter,player_e2cfd805,encouraged_division_of_labor,756cd0d7b4ea38cc,743.6306881660495,45.25483399593577,2.0,0.0,0.0,0.2,1.0,"(2, 2)","[p(2, 2)_cs(1.0)_ws(0.2)]_[p(5, 2)_cs(0.2)_ws(1.0)]"
2079,tomato_salad,deliver,Delivery_63,Delivery,63,deliver tomato_salad,player_e2cfd805,encouraged_division_of_labor,756cd0d7b4ea38cc,766.2581051640174,22.627416997967885,3.0,1.0,1.0,0.2,1.0,"(2, 2)","[p(2, 2)_cs(1.0)_ws(0.2)]_[p(5, 2)_cs(0.2)_ws(1.0)]"
