tick,item,action,target,target_type,target_position,action_long,player_id,map_name,game_id,distance_walked,distance_walked_since_last_action,overall_score,player_score_change,player_score,walking_speed,cutting_speed,start_pos,condition,source,last_touched,touched_list,tomato_history,plate_history,is_exchange_collaboration
114,plate,pick up,Dispenser_71,Dispenser,71,pick up plate from dispenser,player_ea19a9d5,forced_division_of_labor,d075e76d7172d4b7,77.03447966473449,0.0,0.0,0.0,0.0,1.0,1.0,"(5, 2)","[p(2, 2)_cs(1.0)_ws(1.0)]_[p(5, 2)_cs(1.0)_ws(1.0)]",player_ea19a9d5_actions,,[],,,
143,plate,put down,Counter_33,Counter,33,put down plate on counter,player_ea19a9d5,forced_division_of_labor,d075e76d7172d4b7,122.28931366067351,45.25483399593904,0.0,0.0,0.0,1.0,1.0,"(5, 2)","[p(2, 2)_cs(1.0)_ws(1.0)]_[p(5, 2)_cs(1.0)_ws(1.0)]",player_ea19a9d5_actions,player_ea19a9d5,['player_ea19a9d5'],,,
168,tomato,pick up,Dispenser_40,Dispenser,40,pick up tomato from dispenser,player_ea19a9d5,forced_division_of_labor,d075e76d7172d4b7,154.2893136606735,31.999999999999982,0.0,0.0,0.0,1.0,1.0,"(5, 2)","[p(2, 2)_cs(1.0)_ws(1.0)]_[p(5, 2)_cs(1.0)_ws(1.0)]",player_ea19a9d5_actions,,[],,,
189,tomato,put down,Counter_32,Counter,32,put down tomato on counter,player_ea19a9d5,forced_division_of_labor,d075e76d7172d4b7,170.2893136606735,16.0,0.0,0.0,0.0,1.0,1.0,"(5, 2)","[p(2, 2)_cs(1.0)_ws(1.0)]_[p(5, 2)_cs(1.0)_ws(1.0)]",player_ea19a9d5_actions,player_ea19a9d5,['player_ea19a9d5'],,,
210,tomato,pick up,Counter_32,Counter,32,pick up tomato from counter,player_eecbba12,forced_division_of_labor,d075e76d7172d4b7,0.0,0.0,0.0,0.0,0.0,1.0,1.0,"(2, 2)","[p(2, 2)_cs(1.0)_ws(1.0)]_[p(5, 2)_cs(1.0)_ws(1.0)]",player_eecbba12_actions,player_ea19a9d5,['player_ea19a9d5'],,,True
210,tomato,pick up,Dispenser_40,Dispenser,40,pick up tomato from dispenser,player_ea19a9d5,forced_division_of_labor,d075e76d7172d4b7,186.2893136606735,16.0,0.0,0.0,0.0,1.0,1.0,"(5, 2)","[p(2, 2)_cs(1.0)_ws(1.0)]_[p(5, 2)_cs(1.0)_ws(1.0)]",player_ea19a9d5_actions,,[],,,
234,tomato,start cutting,CuttingBoard_20,CuttingBoard,20,start cutting tomato,player_eecbba12,forced_division_of_labor,d075e76d7172d4b7,45.999999999998295,45.999999999998295,0.0,0.0,0.0,1.0,1.0,"(2, 2)","[p(2, 2)_cs(1.0)_ws(1.0)]_[p(5, 2)_cs(1.0)_ws(1.0)]",player_eecbba12_actions,player_eecbba12,"['player_ea19a9d5', 'player_eecbba12']",,,
241,tomato,put down,Counter_34,Counter,34,put down tomato on counter,player_ea19a9d5,forced_division_of_labor,d075e76d7172d4b7,234.2893136606735,48.0,0.0,0.0,0.0,1.0,1.0,"(5, 2)","[p(2, 2)_cs(1.0)_ws(1.0)]_[p(5, 2)_cs(1.0)_ws(1.0)]",player_ea19a9d5_actions,player_ea19a9d5,['player_ea19a9d5'],,,
268,tomato,pick up,Dispenser_40,Dispenser,40,pick up tomato from dispenser,player_ea19a9d5,forced_division_of_labor,d075e76d7172d4b7,282.28931366067377,48.000000000000256,0.0,0.0,0.0,1.0,1.0,"(5, 2)","[p(2, 2)_cs(1.0)_ws(1.0)]_[p(5, 2)_cs(1.0)_ws(1.0)]",player_ea19a9d5_actions,,[],,,
288,tomato,put down,Counter_32,Counter,32,put down tomato on counter,player_ea19a9d5,forced_division_of_labor,d075e76d7172d4b7,298.28931366067394,16.00000000000017,0.0,0.0,0.0,1.0,1.0,"(5, 2)","[p(2, 2)_cs(1.0)_ws(1.0)]_[p(5, 2)_cs(1.0)_ws(1.0)]",player_ea19a9d5_actions,player_ea19a9d5,['player_ea19a9d5'],,,
297,tomato_cut,pick up,CuttingBoard_20,CuttingBoard,20,pick up tomato_cut from cuttingboard,player_eecbba12,forced_division_of_labor,d075e76d7172d4b7,45.999999999998295,0.0,0.0,0.0,0.0,1.0,1.0,"(2, 2)","[p(2, 2)_cs(1.0)_ws(1.0)]_[p(5, 2)_cs(1.0)_ws(1.0)]",player_eecbba12_actions,player_eecbba12,"['player_ea19a9d5', 'player_eecbba12']",,,False
318,plate,pick up,Dispenser_71,Dispenser,71,pick up plate from dispenser,player_ea19a9d5,forced_division_of_labor,d075e76d7172d4b7,336.69637632743894,38.407062666765,0.0,0.0,0.0,1.0,1.0,"(5, 2)","[p(2, 2)_cs(1.0)_ws(1.0)]_[p(5, 2)_cs(1.0)_ws(1.0)]",player_ea19a9d5_actions,,[],,,
330,tomato_cut,assemble salad,Counter_33,Counter,33,assemble salad,player_eecbba12,forced_division_of_labor,d075e76d7172d4b7,77.9999999999983,32.0,0.0,0.0,0.0,1.0,1.0,"(2, 2)","[p(2, 2)_cs(1.0)_ws(1.0)]_[p(5, 2)_cs(1.0)_ws(1.0)]",player_eecbba12_actions,player_ea19a9d5,['player_eecbba12'],"['player_ea19a9d5', 'player_eecbba12', 'player_eecbba12']",['player_ea19a9d5'],True
360,plate,put down,Counter_35,Counter,35,put down plate on counter,player_ea19a9d5,forced_division_of_labor,d075e76d7172d4b7,413.63048075800873,76.93410443056979,0.0,0.0,0.0,1.0,1.0,"(5, 2)","[p(2, 2)_cs(1.0)_ws(1.0)]_[p(5, 2)_cs(1.0)_ws(1.0)]",player_ea19a9d5_actions,player_ea19a9d5,['player_ea19a9d5'],,,
363,tomato_salad,pick up,Counter_33,Counter,33,pick up tomato_salad from counter,player_eecbba12,forced_division_of_labor,d075e76d7172d4b7,77.9999999999983,0.0,0.0,0.0,0.0,1.0,1.0,"(2, 2)","[p(2, 2)_cs(1.0)_ws(1.0)]_[p(5, 2)_cs(1.0)_ws(1.0)]",player_eecbba12_actions,player_eecbba12,['player_eecbba12'],"['player_ea19a9d5', 'player_eecbba12', 'player_eecbba12']",['player_ea19a9d5'],False
372,tomato_salad,put down,Counter_33,Counter,33,put down tomato_salad on counter,player_eecbba12,forced_division_of_labor,d075e76d7172d4b7,77.9999999999983,0.0,0.0,0.0,0.0,1.0,1.0,"(2, 2)","[p(2, 2)_cs(1.0)_ws(1.0)]_[p(5, 2)_cs(1.0)_ws(1.0)]",player_eecbba12_actions,player_eecbba12,"['player_eecbba12', 'player_eecbba12']","['player_ea19a9d5', 'player_eecbba12', 'player_eecbba12']",['player_ea19a9d5'],
387,tomato_salad,pick up,Counter_33,Counter,33,pick up tomato_salad from counter,player_ea19a9d5,forced_division_of_labor,d075e76d7172d4b7,445.63048075800873,32.0,0.0,0.0,0.0,1.0,1.0,"(5, 2)","[p(2, 2)_cs(1.0)_ws(1.0)]_[p(5, 2)_cs(1.0)_ws(1.0)]",player_ea19a9d5_actions,player_eecbba12,"['player_eecbba12', 'player_eecbba12']","['player_ea19a9d5', 'player_eecbba12', 'player_eecbba12']",['player_ea19a9d5'],True
408,tomato_salad,deliver,Delivery_63,Delivery,63,deliver tomato_salad,player_ea19a9d5,forced_division_of_labor,d075e76d7172d4b7,461.63048075800873,16.0,1.0,1.0,1.0,1.0,1.0,"(5, 2)","[p(2, 2)_cs(1.0)_ws(1.0)]_[p(5, 2)_cs(1.0)_ws(1.0)]",player_ea19a9d5_actions,player_ea19a9d5,"['player_eecbba12', 'player_eecbba12', 'player_ea19a9d5']","['player_ea19a9d5', 'player_eecbba12', 'player_eecbba12']",['player_ea19a9d5'],
438,plate,pick up,Dispenser_60,Dispenser,60,pick up plate from dispenser,player_ea19a9d5,forced_division_of_labor,d075e76d7172d4b7,500.0417405980349,38.41125984002616,1.0,0.0,1.0,1.0,1.0,"(5, 2)","[p(2, 2)_cs(1.0)_ws(1.0)]_[p(5, 2)_cs(1.0)_ws(1.0)]",player_ea19a9d5_actions,,[],,,
456,tomato,pick up,Counter_32,Counter,32,pick up tomato from counter,player_eecbba12,forced_division_of_labor,d075e76d7172d4b7,93.9999999999983,16.0,1.0,0.0,0.0,1.0,1.0,"(2, 2)","[p(2, 2)_cs(1.0)_ws(1.0)]_[p(5, 2)_cs(1.0)_ws(1.0)]",player_eecbba12_actions,player_ea19a9d5,['player_ea19a9d5'],,,True
470,plate,put down,Counter_33,Counter,33,put down plate on counter,player_ea19a9d5,forced_division_of_labor,d075e76d7172d4b7,545.2965745939745,45.25483399593958,1.0,0.0,1.0,1.0,1.0,"(5, 2)","[p(2, 2)_cs(1.0)_ws(1.0)]_[p(5, 2)_cs(1.0)_ws(1.0)]",player_ea19a9d5_actions,player_ea19a9d5,['player_ea19a9d5'],,,
480,tomato,start cutting,CuttingBoard_20,CuttingBoard,20,start cutting tomato,player_eecbba12,forced_division_of_labor,d075e76d7172d4b7,109.9999999999983,16.0,1.0,0.0,0.0,1.0,1.0,"(2, 2)","[p(2, 2)_cs(1.0)_ws(1.0)]_[p(5, 2)_cs(1.0)_ws(1.0)]",player_eecbba12_actions,player_eecbba12,"['player_ea19a9d5', 'player_eecbba12']",,,
492,tomato,pick up,Dispenser_40,Dispenser,40,pick up tomato from dispenser,player_ea19a9d5,forced_division_of_labor,d075e76d7172d4b7,577.2965745939748,32.00000000000034,1.0,0.0,1.0,1.0,1.0,"(5, 2)","[p(2, 2)_cs(1.0)_ws(1.0)]_[p(5, 2)_cs(1.0)_ws(1.0)]",player_ea19a9d5_actions,,[],,,
513,tomato,put down,Counter_32,Counter,32,put down tomato on counter,player_ea19a9d5,forced_division_of_labor,d075e76d7172d4b7,593.296574593975,16.000000000000227,1.0,0.0,1.0,1.0,1.0,"(5, 2)","[p(2, 2)_cs(1.0)_ws(1.0)]_[p(5, 2)_cs(1.0)_ws(1.0)]",player_ea19a9d5_actions,player_ea19a9d5,['player_ea19a9d5'],,,
540,tomato_cut,pick up,CuttingBoard_20,CuttingBoard,20,pick up tomato_cut from cuttingboard,player_eecbba12,forced_division_of_labor,d075e76d7172d4b7,109.9999999999983,0.0,1.0,0.0,0.0,1.0,1.0,"(2, 2)","[p(2, 2)_cs(1.0)_ws(1.0)]_[p(5, 2)_cs(1.0)_ws(1.0)]",player_eecbba12_actions,player_eecbba12,"['player_ea19a9d5', 'player_eecbba12']",,,False
582,tomato_cut,assemble salad,Counter_33,Counter,33,assemble salad,player_eecbba12,forced_division_of_labor,d075e76d7172d4b7,141.9999999999983,32.0,1.0,0.0,0.0,1.0,1.0,"(2, 2)","[p(2, 2)_cs(1.0)_ws(1.0)]_[p(5, 2)_cs(1.0)_ws(1.0)]",player_eecbba12_actions,player_ea19a9d5,['player_eecbba12'],"['player_ea19a9d5', 'player_eecbba12', 'player_eecbba12']",['player_ea19a9d5'],True
603,tomato_salad,pick up,Counter_33,Counter,33,pick up tomato_salad from counter,player_ea19a9d5,forced_division_of_labor,d075e76d7172d4b7,609.2965745939753,16.000000000000227,1.0,0.0,1.0,1.0,1.0,"(5, 2)","[p(2, 2)_cs(1.0)_ws(1.0)]_[p(5, 2)_cs(1.0)_ws(1.0)]",player_ea19a9d5_actions,player_eecbba12,['player_eecbba12'],"['player_ea19a9d5', 'player_eecbba12', 'player_eecbba12']",['player_ea19a9d5'],True
624,tomato_salad,deliver,Delivery_63,Delivery,63,deliver tomato_salad,player_ea19a9d5,forced_division_of_labor,d075e76d7172d4b7,625.2965745939753,16.0,2.0,1.0,2.0,1.0,1.0,"(5, 2)","[p(2, 2)_cs(1.0)_ws(1.0)]_[p(5, 2)_cs(1.0)_ws(1.0)]",player_ea19a9d5_actions,player_ea19a9d5,"['player_eecbba12', 'player_ea19a9d5']","['player_ea19a9d5', 'player_eecbba12', 'player_eecbba12']",['player_ea19a9d5'],
627,tomato,pick up,Counter_32,Counter,32,pick up tomato from counter,player_eecbba12,forced_division_of_labor,d075e76d7172d4b7,157.9999999999983,16.0,2.0,0.0,0.0,1.0,1.0,"(2, 2)","[p(2, 2)_cs(1.0)_ws(1.0)]_[p(5, 2)_cs(1.0)_ws(1.0)]",player_eecbba12_actions,player_ea19a9d5,['player_ea19a9d5'],,,True
651,tomato,start cutting,CuttingBoard_20,CuttingBoard,20,start cutting tomato,player_eecbba12,forced_division_of_labor,d075e76d7172d4b7,173.9999999999983,16.0,2.0,0.0,0.0,1.0,1.0,"(2, 2)","[p(2, 2)_cs(1.0)_ws(1.0)]_[p(5, 2)_cs(1.0)_ws(1.0)]",player_eecbba12_actions,player_eecbba12,"['player_ea19a9d5', 'player_eecbba12']",,,
654,plate,pick up,Dispenser_60,Dispenser,60,pick up plate from dispenser,player_ea19a9d5,forced_division_of_labor,d075e76d7172d4b7,663.7078344340015,38.41125984002622,2.0,0.0,2.0,1.0,1.0,"(5, 2)","[p(2, 2)_cs(1.0)_ws(1.0)]_[p(5, 2)_cs(1.0)_ws(1.0)]",player_ea19a9d5_actions,,[],,,
680,plate,put down,Counter_33,Counter,33,put down plate on counter,player_ea19a9d5,forced_division_of_labor,d075e76d7172d4b7,708.9626684299411,45.254833995939634,2.0,0.0,2.0,1.0,1.0,"(5, 2)","[p(2, 2)_cs(1.0)_ws(1.0)]_[p(5, 2)_cs(1.0)_ws(1.0)]",player_ea19a9d5_actions,player_ea19a9d5,['player_ea19a9d5'],,,
702,tomato,pick up,Dispenser_40,Dispenser,40,pick up tomato from dispenser,player_ea19a9d5,forced_division_of_labor,d075e76d7172d4b7,740.9626684299415,32.00000000000034,2.0,0.0,2.0,1.0,1.0,"(5, 2)","[p(2, 2)_cs(1.0)_ws(1.0)]_[p(5, 2)_cs(1.0)_ws(1.0)]",player_ea19a9d5_actions,,[],,,
708,tomato_cut,pick up,CuttingBoard_20,CuttingBoard,20,pick up tomato_cut from cuttingboard,player_eecbba12,forced_division_of_labor,d075e76d7172d4b7,173.9999999999983,0.0,2.0,0.0,0.0,1.0,1.0,"(2, 2)","[p(2, 2)_cs(1.0)_ws(1.0)]_[p(5, 2)_cs(1.0)_ws(1.0)]",player_eecbba12_actions,player_eecbba12,"['player_ea19a9d5', 'player_eecbba12']",,,False
720,tomato,put down,Counter_32,Counter,32,put down tomato on counter,player_ea19a9d5,forced_division_of_labor,d075e76d7172d4b7,756.9626684299417,16.000000000000227,2.0,0.0,2.0,1.0,1.0,"(5, 2)","[p(2, 2)_cs(1.0)_ws(1.0)]_[p(5, 2)_cs(1.0)_ws(1.0)]",player_ea19a9d5_actions,player_ea19a9d5,['player_ea19a9d5'],,,
744,tomato_cut,assemble salad,Counter_33,Counter,33,assemble salad,player_eecbba12,forced_division_of_labor,d075e76d7172d4b7,205.9999999999983,32.0,2.0,0.0,0.0,1.0,1.0,"(2, 2)","[p(2, 2)_cs(1.0)_ws(1.0)]_[p(5, 2)_cs(1.0)_ws(1.0)]",player_eecbba12_actions,player_ea19a9d5,['player_eecbba12'],"['player_ea19a9d5', 'player_eecbba12', 'player_eecbba12']",['player_ea19a9d5'],True
765,tomato_salad,pick up,Counter_33,Counter,33,pick up tomato_salad from counter,player_ea19a9d5,forced_division_of_labor,d075e76d7172d4b7,772.9626684299419,16.000000000000227,2.0,0.0,2.0,1.0,1.0,"(5, 2)","[p(2, 2)_cs(1.0)_ws(1.0)]_[p(5, 2)_cs(1.0)_ws(1.0)]",player_ea19a9d5_actions,player_eecbba12,['player_eecbba12'],"['player_ea19a9d5', 'player_eecbba12', 'player_eecbba12']",['player_ea19a9d5'],True
777,tomato,pick up,Counter_34,Counter,34,pick up tomato from counter,player_eecbba12,forced_division_of_labor,d075e76d7172d4b7,221.9999999999983,16.0,2.0,0.0,0.0,1.0,1.0,"(2, 2)","[p(2, 2)_cs(1.0)_ws(1.0)]_[p(5, 2)_cs(1.0)_ws(1.0)]",player_eecbba12_actions,player_ea19a9d5,['player_ea19a9d5'],,,True
783,tomato_salad,deliver,Delivery_63,Delivery,63,deliver tomato_salad,player_ea19a9d5,forced_division_of_labor,d075e76d7172d4b7,788.9626684299419,16.0,3.0,1.0,3.0,1.0,1.0,"(5, 2)","[p(2, 2)_cs(1.0)_ws(1.0)]_[p(5, 2)_cs(1.0)_ws(1.0)]",player_ea19a9d5_actions,player_ea19a9d5,"['player_eecbba12', 'player_ea19a9d5']","['player_ea19a9d5', 'player_eecbba12', 'player_eecbba12']",['player_ea19a9d5'],
817,tomato,start cutting,CuttingBoard_20,CuttingBoard,20,start cutting tomato,player_eecbba12,forced_division_of_labor,d075e76d7172d4b7,269.9999999999984,48.000000000000114,3.0,0.0,0.0,1.0,1.0,"(2, 2)","[p(2, 2)_cs(1.0)_ws(1.0)]_[p(5, 2)_cs(1.0)_ws(1.0)]",player_eecbba12_actions,player_eecbba12,"['player_ea19a9d5', 'player_eecbba12']",,,
819,tomato,pick up,Dispenser_40,Dispenser,40,pick up tomato from dispenser,player_ea19a9d5,forced_division_of_labor,d075e76d7172d4b7,827.3739282699681,38.41125984002622,3.0,0.0,3.0,1.0,1.0,"(5, 2)","[p(2, 2)_cs(1.0)_ws(1.0)]_[p(5, 2)_cs(1.0)_ws(1.0)]",player_ea19a9d5_actions,,[],,,
850,tomato,put down,Counter_34,Counter,34,put down tomato on counter,player_ea19a9d5,forced_division_of_labor,d075e76d7172d4b7,875.3739282699686,48.000000000000455,3.0,0.0,3.0,1.0,1.0,"(5, 2)","[p(2, 2)_cs(1.0)_ws(1.0)]_[p(5, 2)_cs(1.0)_ws(1.0)]",player_ea19a9d5_actions,player_ea19a9d5,['player_ea19a9d5'],,,
876,tomato_cut,pick up,CuttingBoard_20,CuttingBoard,20,pick up tomato_cut from cuttingboard,player_eecbba12,forced_division_of_labor,d075e76d7172d4b7,269.9999999999984,0.0,3.0,0.0,0.0,1.0,1.0,"(2, 2)","[p(2, 2)_cs(1.0)_ws(1.0)]_[p(5, 2)_cs(1.0)_ws(1.0)]",player_eecbba12_actions,player_eecbba12,"['player_ea19a9d5', 'player_eecbba12']",,,False
879,plate,pick up,Dispenser_60,Dispenser,60,pick up plate from dispenser,player_ea19a9d5,forced_division_of_labor,d075e76d7172d4b7,936.2901151725066,60.916186902538016,3.0,0.0,3.0,1.0,1.0,"(5, 2)","[p(2, 2)_cs(1.0)_ws(1.0)]_[p(5, 2)_cs(1.0)_ws(1.0)]",player_ea19a9d5_actions,,[],,,
911,plate,put down,Counter_33,Counter,33,put down plate on counter,player_ea19a9d5,forced_division_of_labor,d075e76d7172d4b7,981.5449491684462,45.254833995939634,3.0,0.0,3.0,1.0,1.0,"(5, 2)","[p(2, 2)_cs(1.0)_ws(1.0)]_[p(5, 2)_cs(1.0)_ws(1.0)]",player_ea19a9d5_actions,player_ea19a9d5,['player_ea19a9d5'],,,
925,tomato_cut,assemble salad,Counter_35,Counter,35,assemble salad,player_eecbba12,forced_division_of_labor,d075e76d7172d4b7,333.99999999999886,64.00000000000045,3.0,0.0,0.0,1.0,1.0,"(2, 2)","[p(2, 2)_cs(1.0)_ws(1.0)]_[p(5, 2)_cs(1.0)_ws(1.0)]",player_eecbba12_actions,player_ea19a9d5,['player_eecbba12'],"['player_ea19a9d5', 'player_eecbba12', 'player_eecbba12']",['player_ea19a9d5'],True
959,tomato_salad,pick up,Counter_35,Counter,35,pick up tomato_salad from counter,player_ea19a9d5,forced_division_of_labor,d075e76d7172d4b7,1013.5449491684464,32.000000000000114,3.0,0.0,3.0,1.0,1.0,"(5, 2)","[p(2, 2)_cs(1.0)_ws(1.0)]_[p(5, 2)_cs(1.0)_ws(1.0)]",player_ea19a9d5_actions,player_eecbba12,['player_eecbba12'],"['player_ea19a9d5', 'player_eecbba12', 'player_eecbba12']",['player_ea19a9d5'],True
978,tomato_salad,deliver,Delivery_64,Delivery,64,deliver tomato_salad,player_ea19a9d5,forced_division_of_labor,d075e76d7172d4b7,1036.172366166416,22.62741699796959,4.0,1.0,4.0,1.0,1.0,"(5, 2)","[p(2, 2)_cs(1.0)_ws(1.0)]_[p(5, 2)_cs(1.0)_ws(1.0)]",player_ea19a9d5_actions,player_ea19a9d5,"['player_eecbba12', 'player_ea19a9d5']","['player_ea19a9d5', 'player_eecbba12', 'player_eecbba12']",['player_ea19a9d5'],
995,tomato,pick up,Counter_32,Counter,32,pick up tomato from counter,player_eecbba12,forced_division_of_labor,d075e76d7172d4b7,381.9999999999991,48.00000000000023,4.0,0.0,0.0,1.0,1.0,"(2, 2)","[p(2, 2)_cs(1.0)_ws(1.0)]_[p(5, 2)_cs(1.0)_ws(1.0)]",player_eecbba12_actions,player_ea19a9d5,['player_ea19a9d5'],,,True
1016,tomato,start cutting,CuttingBoard_20,CuttingBoard,20,start cutting tomato,player_eecbba12,forced_division_of_labor,d075e76d7172d4b7,397.99999999999926,16.00000000000017,4.0,0.0,0.0,1.0,1.0,"(2, 2)","[p(2, 2)_cs(1.0)_ws(1.0)]_[p(5, 2)_cs(1.0)_ws(1.0)]",player_eecbba12_actions,player_eecbba12,"['player_ea19a9d5', 'player_eecbba12']",,,
1022,plate,pick up,Dispenser_60,Dispenser,60,pick up plate from dispenser,player_ea19a9d5,forced_division_of_labor,d075e76d7172d4b7,1090.5917378096633,54.41937164324736,4.0,0.0,4.0,1.0,1.0,"(5, 2)","[p(2, 2)_cs(1.0)_ws(1.0)]_[p(5, 2)_cs(1.0)_ws(1.0)]",player_ea19a9d5_actions,,[],,,
1069,plate,put down,Counter_35,Counter,35,put down plate on counter,player_ea19a9d5,forced_division_of_labor,d075e76d7172d4b7,1167.525842240232,76.9341044305686,4.0,0.0,4.0,1.0,1.0,"(5, 2)","[p(2, 2)_cs(1.0)_ws(1.0)]_[p(5, 2)_cs(1.0)_ws(1.0)]",player_ea19a9d5_actions,player_ea19a9d5,['player_ea19a9d5'],,,
1073,tomato_cut,pick up,CuttingBoard_20,CuttingBoard,20,pick up tomato_cut from cuttingboard,player_eecbba12,forced_division_of_labor,d075e76d7172d4b7,397.99999999999926,0.0,4.0,0.0,0.0,1.0,1.0,"(2, 2)","[p(2, 2)_cs(1.0)_ws(1.0)]_[p(5, 2)_cs(1.0)_ws(1.0)]",player_eecbba12_actions,player_eecbba12,"['player_ea19a9d5', 'player_eecbba12']",,,False
1101,tomato,pick up,Dispenser_40,Dispenser,40,pick up tomato from dispenser,player_ea19a9d5,forced_division_of_labor,d075e76d7172d4b7,1231.5258422402298,63.999999999997954,4.0,0.0,4.0,1.0,1.0,"(5, 2)","[p(2, 2)_cs(1.0)_ws(1.0)]_[p(5, 2)_cs(1.0)_ws(1.0)]",player_ea19a9d5_actions,,[],,,
1102,tomato_cut,assemble salad,Counter_33,Counter,33,assemble salad,player_eecbba12,forced_division_of_labor,d075e76d7172d4b7,429.99999999999955,32.000000000000284,4.0,0.0,0.0,1.0,1.0,"(2, 2)","[p(2, 2)_cs(1.0)_ws(1.0)]_[p(5, 2)_cs(1.0)_ws(1.0)]",player_eecbba12_actions,player_ea19a9d5,['player_eecbba12'],"['player_ea19a9d5', 'player_eecbba12', 'player_eecbba12']",['player_ea19a9d5'],True
1116,tomato,put down,Counter_32,Counter,32,put down tomato on counter,player_ea19a9d5,forced_division_of_labor,d075e76d7172d4b7,1247.5258422402294,15.999999999999543,4.0,0.0,4.0,1.0,1.0,"(5, 2)","[p(2, 2)_cs(1.0)_ws(1.0)]_[p(5, 2)_cs(1.0)_ws(1.0)]",player_ea19a9d5_actions,player_ea19a9d5,['player_ea19a9d5'],,,
1131,tomato_salad,pick up,Counter_33,Counter,33,pick up tomato_salad from counter,player_ea19a9d5,forced_division_of_labor,d075e76d7172d4b7,1263.525842240229,15.999999999999543,4.0,0.0,4.0,1.0,1.0,"(5, 2)","[p(2, 2)_cs(1.0)_ws(1.0)]_[p(5, 2)_cs(1.0)_ws(1.0)]",player_ea19a9d5_actions,player_eecbba12,['player_eecbba12'],"['player_ea19a9d5', 'player_eecbba12', 'player_eecbba12']",['player_ea19a9d5'],True
1148,tomato_salad,deliver,Delivery_63,Delivery,63,deliver tomato_salad,player_ea19a9d5,forced_division_of_labor,d075e76d7172d4b7,1279.5258422402285,15.999999999999318,5.0,1.0,5.0,1.0,1.0,"(5, 2)","[p(2, 2)_cs(1.0)_ws(1.0)]_[p(5, 2)_cs(1.0)_ws(1.0)]",player_ea19a9d5_actions,player_ea19a9d5,"['player_eecbba12', 'player_ea19a9d5']","['player_ea19a9d5', 'player_eecbba12', 'player_eecbba12']",['player_ea19a9d5'],
1166,tomato,pick up,Counter_32,Counter,32,pick up tomato from counter,player_eecbba12,forced_division_of_labor,d075e76d7172d4b7,445.9999999999997,16.00000000000017,5.0,0.0,0.0,1.0,1.0,"(2, 2)","[p(2, 2)_cs(1.0)_ws(1.0)]_[p(5, 2)_cs(1.0)_ws(1.0)]",player_eecbba12_actions,player_ea19a9d5,['player_ea19a9d5'],,,True
1195,tomato,start cutting,CuttingBoard_20,CuttingBoard,20,start cutting tomato,player_eecbba12,forced_division_of_labor,d075e76d7172d4b7,461.99999999999983,16.000000000000114,5.0,0.0,0.0,1.0,1.0,"(2, 2)","[p(2, 2)_cs(1.0)_ws(1.0)]_[p(5, 2)_cs(1.0)_ws(1.0)]",player_eecbba12_actions,player_eecbba12,"['player_ea19a9d5', 'player_eecbba12']",,,
1228,plate,pick up,Dispenser_60,Dispenser,60,pick up plate from dispenser,player_ea19a9d5,forced_division_of_labor,d075e76d7172d4b7,1317.937102080254,38.41125984002565,5.0,0.0,5.0,1.0,1.0,"(5, 2)","[p(2, 2)_cs(1.0)_ws(1.0)]_[p(5, 2)_cs(1.0)_ws(1.0)]",player_ea19a9d5_actions,,[],,,
1245,tomato_cut,pick up,CuttingBoard_20,CuttingBoard,20,pick up tomato_cut from cuttingboard,player_eecbba12,forced_division_of_labor,d075e76d7172d4b7,461.99999999999983,0.0,5.0,0.0,0.0,1.0,1.0,"(2, 2)","[p(2, 2)_cs(1.0)_ws(1.0)]_[p(5, 2)_cs(1.0)_ws(1.0)]",player_eecbba12_actions,player_eecbba12,"['player_ea19a9d5', 'player_eecbba12']",,,False
1249,plate,put down,Counter_33,Counter,33,put down plate on counter,player_ea19a9d5,forced_division_of_labor,d075e76d7172d4b7,1363.1919360761915,45.254833995937815,5.0,0.0,5.0,1.0,1.0,"(5, 2)","[p(2, 2)_cs(1.0)_ws(1.0)]_[p(5, 2)_cs(1.0)_ws(1.0)]",player_ea19a9d5_actions,player_ea19a9d5,['player_ea19a9d5'],,,
1267,tomato,pick up,Dispenser_40,Dispenser,40,pick up tomato from dispenser,player_ea19a9d5,forced_division_of_labor,d075e76d7172d4b7,1395.1919360761908,31.99999999999909,5.0,0.0,5.0,1.0,1.0,"(5, 2)","[p(2, 2)_cs(1.0)_ws(1.0)]_[p(5, 2)_cs(1.0)_ws(1.0)]",player_ea19a9d5_actions,,[],,,
1277,tomato_cut,assemble salad,Counter_33,Counter,33,assemble salad,player_eecbba12,forced_division_of_labor,d075e76d7172d4b7,494.0000000000001,32.000000000000284,5.0,0.0,0.0,1.0,1.0,"(2, 2)","[p(2, 2)_cs(1.0)_ws(1.0)]_[p(5, 2)_cs(1.0)_ws(1.0)]",player_eecbba12_actions,player_ea19a9d5,['player_eecbba12'],"['player_ea19a9d5', 'player_eecbba12', 'player_eecbba12']",['player_ea19a9d5'],True
1279,tomato,put down,Counter_32,Counter,32,put down tomato on counter,player_ea19a9d5,forced_division_of_labor,d075e76d7172d4b7,1411.1919360761904,15.999999999999543,5.0,0.0,5.0,1.0,1.0,"(5, 2)","[p(2, 2)_cs(1.0)_ws(1.0)]_[p(5, 2)_cs(1.0)_ws(1.0)]",player_ea19a9d5_actions,player_ea19a9d5,['player_ea19a9d5'],,,
1296,tomato_salad,pick up,Counter_33,Counter,33,pick up tomato_salad from counter,player_ea19a9d5,forced_division_of_labor,d075e76d7172d4b7,1427.19193607619,15.999999999999543,5.0,0.0,5.0,1.0,1.0,"(5, 2)","[p(2, 2)_cs(1.0)_ws(1.0)]_[p(5, 2)_cs(1.0)_ws(1.0)]",player_ea19a9d5_actions,player_eecbba12,['player_eecbba12'],"['player_ea19a9d5', 'player_eecbba12', 'player_eecbba12']",['player_ea19a9d5'],True
1300,tomato,pick up,Counter_32,Counter,32,pick up tomato from counter,player_eecbba12,forced_division_of_labor,d075e76d7172d4b7,510.0000000000003,16.00000000000017,5.0,0.0,0.0,1.0,1.0,"(2, 2)","[p(2, 2)_cs(1.0)_ws(1.0)]_[p(5, 2)_cs(1.0)_ws(1.0)]",player_eecbba12_actions,player_ea19a9d5,['player_ea19a9d5'],,,True
1311,tomato_salad,deliver,Delivery_63,Delivery,63,deliver tomato_salad,player_ea19a9d5,forced_division_of_labor,d075e76d7172d4b7,1443.1919360761892,15.999999999999318,6.0,1.0,6.0,1.0,1.0,"(5, 2)","[p(2, 2)_cs(1.0)_ws(1.0)]_[p(5, 2)_cs(1.0)_ws(1.0)]",player_ea19a9d5_actions,player_ea19a9d5,"['player_eecbba12', 'player_ea19a9d5']","['player_ea19a9d5', 'player_eecbba12', 'player_eecbba12']",['player_ea19a9d5'],
1320,tomato,start cutting,CuttingBoard_20,CuttingBoard,20,start cutting tomato,player_eecbba12,forced_division_of_labor,d075e76d7172d4b7,526.0000000000005,16.00000000000017,6.0,0.0,0.0,1.0,1.0,"(2, 2)","[p(2, 2)_cs(1.0)_ws(1.0)]_[p(5, 2)_cs(1.0)_ws(1.0)]",player_eecbba12_actions,player_eecbba12,"['player_ea19a9d5', 'player_eecbba12']",,,
1335,tomato,pick up,Dispenser_40,Dispenser,40,pick up tomato from dispenser,player_ea19a9d5,forced_division_of_labor,d075e76d7172d4b7,1481.6031959162149,38.41125984002565,6.0,0.0,6.0,1.0,1.0,"(5, 2)","[p(2, 2)_cs(1.0)_ws(1.0)]_[p(5, 2)_cs(1.0)_ws(1.0)]",player_ea19a9d5_actions,,[],,,
1346,tomato,put down,Counter_32,Counter,32,put down tomato on counter,player_ea19a9d5,forced_division_of_labor,d075e76d7172d4b7,1497.6031959162144,15.999999999999543,6.0,0.0,6.0,1.0,1.0,"(5, 2)","[p(2, 2)_cs(1.0)_ws(1.0)]_[p(5, 2)_cs(1.0)_ws(1.0)]",player_ea19a9d5_actions,player_ea19a9d5,['player_ea19a9d5'],,,
1370,plate,pick up,Dispenser_60,Dispenser,60,pick up plate from dispenser,player_ea19a9d5,forced_division_of_labor,d075e76d7172d4b7,1536.0102585829784,38.40706266676398,6.0,0.0,6.0,1.0,1.0,"(5, 2)","[p(2, 2)_cs(1.0)_ws(1.0)]_[p(5, 2)_cs(1.0)_ws(1.0)]",player_ea19a9d5_actions,,[],,,
1382,tomato_cut,pick up,CuttingBoard_20,CuttingBoard,20,pick up tomato_cut from cuttingboard,player_eecbba12,forced_division_of_labor,d075e76d7172d4b7,526.0000000000005,0.0,6.0,0.0,0.0,1.0,1.0,"(2, 2)","[p(2, 2)_cs(1.0)_ws(1.0)]_[p(5, 2)_cs(1.0)_ws(1.0)]",player_eecbba12_actions,player_eecbba12,"['player_ea19a9d5', 'player_eecbba12']",,,False
1395,plate,put down,Counter_33,Counter,33,put down plate on counter,player_ea19a9d5,forced_division_of_labor,d075e76d7172d4b7,1581.2650925789162,45.254833995937815,6.0,0.0,6.0,1.0,1.0,"(5, 2)","[p(2, 2)_cs(1.0)_ws(1.0)]_[p(5, 2)_cs(1.0)_ws(1.0)]",player_ea19a9d5_actions,player_ea19a9d5,['player_ea19a9d5'],,,
1423,tomato_cut,assemble salad,Counter_35,Counter,35,assemble salad,player_eecbba12,forced_division_of_labor,d075e76d7172d4b7,590.0000000000009,64.00000000000045,6.0,0.0,0.0,1.0,1.0,"(2, 2)","[p(2, 2)_cs(1.0)_ws(1.0)]_[p(5, 2)_cs(1.0)_ws(1.0)]",player_eecbba12_actions,player_ea19a9d5,['player_eecbba12'],"['player_ea19a9d5', 'player_eecbba12', 'player_eecbba12']",['player_ea19a9d5'],True
1450,tomato_salad,pick up,Counter_35,Counter,35,pick up tomato_salad from counter,player_ea19a9d5,forced_division_of_labor,d075e76d7172d4b7,1613.2650925789153,31.99999999999909,6.0,0.0,6.0,1.0,1.0,"(5, 2)","[p(2, 2)_cs(1.0)_ws(1.0)]_[p(5, 2)_cs(1.0)_ws(1.0)]",player_ea19a9d5_actions,player_eecbba12,['player_eecbba12'],"['player_ea19a9d5', 'player_eecbba12', 'player_eecbba12']",['player_ea19a9d5'],True
1464,tomato_salad,deliver,Delivery_64,Delivery,64,deliver tomato_salad,player_ea19a9d5,forced_division_of_labor,d075e76d7172d4b7,1635.8925095768843,22.62741699796902,7.0,1.0,7.0,1.0,1.0,"(5, 2)","[p(2, 2)_cs(1.0)_ws(1.0)]_[p(5, 2)_cs(1.0)_ws(1.0)]",player_ea19a9d5_actions,player_ea19a9d5,"['player_eecbba12', 'player_ea19a9d5']","['player_ea19a9d5', 'player_eecbba12', 'player_eecbba12']",['player_ea19a9d5'],
1497,plate,pick up,Dispenser_60,Dispenser,60,pick up plate from dispenser,player_ea19a9d5,forced_division_of_labor,d075e76d7172d4b7,1690.311881220132,54.41937164324759,7.0,0.0,7.0,1.0,1.0,"(5, 2)","[p(2, 2)_cs(1.0)_ws(1.0)]_[p(5, 2)_cs(1.0)_ws(1.0)]",player_ea19a9d5_actions,,[],,,
1538,plate,put down,Counter_35,Counter,35,put down plate on counter,player_ea19a9d5,forced_division_of_labor,d075e76d7172d4b7,1767.2459856507005,76.9341044305686,7.0,0.0,7.0,1.0,1.0,"(5, 2)","[p(2, 2)_cs(1.0)_ws(1.0)]_[p(5, 2)_cs(1.0)_ws(1.0)]",player_ea19a9d5_actions,player_ea19a9d5,['player_ea19a9d5'],,,
1628,tomato,pick up,Counter_34,Counter,34,pick up tomato from counter,player_eecbba12,forced_division_of_labor,d075e76d7172d4b7,606.0000000000009,16.0,7.0,0.0,0.0,1.0,1.0,"(2, 2)","[p(2, 2)_cs(1.0)_ws(1.0)]_[p(5, 2)_cs(1.0)_ws(1.0)]",player_eecbba12_actions,player_ea19a9d5,['player_ea19a9d5'],,,True
1662,tomato,start cutting,CuttingBoard_20,CuttingBoard,20,start cutting tomato,player_eecbba12,forced_division_of_labor,d075e76d7172d4b7,654.0000000000014,48.000000000000455,7.0,0.0,0.0,1.0,1.0,"(2, 2)","[p(2, 2)_cs(1.0)_ws(1.0)]_[p(5, 2)_cs(1.0)_ws(1.0)]",player_eecbba12_actions,player_eecbba12,"['player_ea19a9d5', 'player_eecbba12']",,,
1674,tomato,pick up,Dispenser_40,Dispenser,40,pick up tomato from dispenser,player_ea19a9d5,forced_division_of_labor,d075e76d7172d4b7,1831.2459856506985,63.999999999997954,7.0,0.0,7.0,1.0,1.0,"(5, 2)","[p(2, 2)_cs(1.0)_ws(1.0)]_[p(5, 2)_cs(1.0)_ws(1.0)]",player_ea19a9d5_actions,,[],,,
1701,tomato,put down,Counter_34,Counter,34,put down tomato on counter,player_ea19a9d5,forced_division_of_labor,d075e76d7172d4b7,1879.2459856506969,47.99999999999818,7.0,0.0,7.0,1.0,1.0,"(5, 2)","[p(2, 2)_cs(1.0)_ws(1.0)]_[p(5, 2)_cs(1.0)_ws(1.0)]",player_ea19a9d5_actions,player_ea19a9d5,['player_ea19a9d5'],,,
1716,tomato_cut,pick up,CuttingBoard_20,CuttingBoard,20,pick up tomato_cut from cuttingboard,player_eecbba12,forced_division_of_labor,d075e76d7172d4b7,654.0000000000014,0.0,7.0,0.0,0.0,1.0,1.0,"(2, 2)","[p(2, 2)_cs(1.0)_ws(1.0)]_[p(5, 2)_cs(1.0)_ws(1.0)]",player_eecbba12_actions,player_eecbba12,"['player_ea19a9d5', 'player_eecbba12']",,,False
1744,tomato_cut,assemble salad,Counter_33,Counter,33,assemble salad,player_eecbba12,forced_division_of_labor,d075e76d7172d4b7,686.0000000000017,32.00000000000034,7.0,0.0,0.0,1.0,1.0,"(2, 2)","[p(2, 2)_cs(1.0)_ws(1.0)]_[p(5, 2)_cs(1.0)_ws(1.0)]",player_eecbba12_actions,player_ea19a9d5,['player_eecbba12'],"['player_ea19a9d5', 'player_eecbba12', 'player_eecbba12']",['player_ea19a9d5'],True
1761,tomato_salad,pick up,Counter_33,Counter,33,pick up tomato_salad from counter,player_ea19a9d5,forced_division_of_labor,d075e76d7172d4b7,1895.245985650696,15.999999999999543,7.0,0.0,7.0,1.0,1.0,"(5, 2)","[p(2, 2)_cs(1.0)_ws(1.0)]_[p(5, 2)_cs(1.0)_ws(1.0)]",player_ea19a9d5_actions,player_eecbba12,['player_eecbba12'],"['player_ea19a9d5', 'player_eecbba12', 'player_eecbba12']",['player_ea19a9d5'],True
1775,tomato,pick up,Counter_32,Counter,32,pick up tomato from counter,player_eecbba12,forced_division_of_labor,d075e76d7172d4b7,702.0000000000018,16.000000000000114,7.0,0.0,0.0,1.0,1.0,"(2, 2)","[p(2, 2)_cs(1.0)_ws(1.0)]_[p(5, 2)_cs(1.0)_ws(1.0)]",player_eecbba12_actions,player_ea19a9d5,['player_ea19a9d5'],,,True
1776,tomato_salad,deliver,Delivery_63,Delivery,63,deliver tomato_salad,player_ea19a9d5,forced_division_of_labor,d075e76d7172d4b7,1911.2459856506955,15.999999999999318,8.0,1.0,8.0,1.0,1.0,"(5, 2)","[p(2, 2)_cs(1.0)_ws(1.0)]_[p(5, 2)_cs(1.0)_ws(1.0)]",player_ea19a9d5_actions,player_ea19a9d5,"['player_eecbba12', 'player_ea19a9d5']","['player_ea19a9d5', 'player_eecbba12', 'player_eecbba12']",['player_ea19a9d5'],
1787,tomato,start cutting,CuttingBoard_20,CuttingBoard,20,start cutting tomato,player_eecbba12,forced_division_of_labor,d075e76d7172d4b7,718.000000000002,16.000000000000227,8.0,0.0,0.0,1.0,1.0,"(2, 2)","[p(2, 2)_cs(1.0)_ws(1.0)]_[p(5, 2)_cs(1.0)_ws(1.0)]",player_eecbba12_actions,player_eecbba12,"['player_ea19a9d5', 'player_eecbba12']",,,
1799,plate,pick up,Dispenser_60,Dispenser,60,pick up plate from dispenser,player_ea19a9d5,forced_division_of_labor,d075e76d7172d4b7,1949.6572454907212,38.41125984002565,8.0,0.0,8.0,1.0,1.0,"(5, 2)","[p(2, 2)_cs(1.0)_ws(1.0)]_[p(5, 2)_cs(1.0)_ws(1.0)]",player_ea19a9d5_actions,,[],,,
1827,plate,put down,Counter_33,Counter,33,put down plate on counter,player_ea19a9d5,forced_division_of_labor,d075e76d7172d4b7,1994.912079486659,45.254833995937815,8.0,0.0,8.0,1.0,1.0,"(5, 2)","[p(2, 2)_cs(1.0)_ws(1.0)]_[p(5, 2)_cs(1.0)_ws(1.0)]",player_ea19a9d5_actions,player_ea19a9d5,['player_ea19a9d5'],,,
1835,tomato_cut,pick up,CuttingBoard_20,CuttingBoard,20,pick up tomato_cut from cuttingboard,player_eecbba12,forced_division_of_labor,d075e76d7172d4b7,718.000000000002,0.0,8.0,0.0,0.0,1.0,1.0,"(2, 2)","[p(2, 2)_cs(1.0)_ws(1.0)]_[p(5, 2)_cs(1.0)_ws(1.0)]",player_eecbba12_actions,player_eecbba12,"['player_ea19a9d5', 'player_eecbba12']",,,False
1844,tomato,pick up,Dispenser_40,Dispenser,40,pick up tomato from dispenser,player_ea19a9d5,forced_division_of_labor,d075e76d7172d4b7,2026.912079486658,31.99999999999909,8.0,0.0,8.0,1.0,1.0,"(5, 2)","[p(2, 2)_cs(1.0)_ws(1.0)]_[p(5, 2)_cs(1.0)_ws(1.0)]",player_ea19a9d5_actions,,[],,,
1860,tomato,put down,Counter_32,Counter,32,put down tomato on counter,player_ea19a9d5,forced_division_of_labor,d075e76d7172d4b7,2042.9120794866576,15.999999999999543,8.0,0.0,8.0,1.0,1.0,"(5, 2)","[p(2, 2)_cs(1.0)_ws(1.0)]_[p(5, 2)_cs(1.0)_ws(1.0)]",player_ea19a9d5_actions,player_ea19a9d5,['player_ea19a9d5'],,,
1863,tomato_cut,assemble salad,Counter_33,Counter,33,assemble salad,player_eecbba12,forced_division_of_labor,d075e76d7172d4b7,750.0000000000024,32.00000000000034,8.0,0.0,0.0,1.0,1.0,"(2, 2)","[p(2, 2)_cs(1.0)_ws(1.0)]_[p(5, 2)_cs(1.0)_ws(1.0)]",player_eecbba12_actions,player_ea19a9d5,['player_eecbba12'],"['player_ea19a9d5', 'player_eecbba12', 'player_eecbba12']",['player_ea19a9d5'],True
1881,tomato_salad,pick up,Counter_33,Counter,33,pick up tomato_salad from counter,player_ea19a9d5,forced_division_of_labor,d075e76d7172d4b7,2058.912079486658,16.000000000000455,8.0,0.0,8.0,1.0,1.0,"(5, 2)","[p(2, 2)_cs(1.0)_ws(1.0)]_[p(5, 2)_cs(1.0)_ws(1.0)]",player_ea19a9d5_actions,player_eecbba12,['player_eecbba12'],"['player_ea19a9d5', 'player_eecbba12', 'player_eecbba12']",['player_ea19a9d5'],True
1885,tomato,pick up,Counter_32,Counter,32,pick up tomato from counter,player_eecbba12,forced_division_of_labor,d075e76d7172d4b7,766.0000000000025,16.000000000000114,8.0,0.0,0.0,1.0,1.0,"(2, 2)","[p(2, 2)_cs(1.0)_ws(1.0)]_[p(5, 2)_cs(1.0)_ws(1.0)]",player_eecbba12_actions,player_ea19a9d5,['player_ea19a9d5'],,,True
1896,tomato_salad,deliver,Delivery_63,Delivery,63,deliver tomato_salad,player_ea19a9d5,forced_division_of_labor,d075e76d7172d4b7,2074.9120794866576,15.999999999999543,9.0,1.0,9.0,1.0,1.0,"(5, 2)","[p(2, 2)_cs(1.0)_ws(1.0)]_[p(5, 2)_cs(1.0)_ws(1.0)]",player_ea19a9d5_actions,player_ea19a9d5,"['player_eecbba12', 'player_ea19a9d5']","['player_ea19a9d5', 'player_eecbba12', 'player_eecbba12']",['player_ea19a9d5'],
1920,tomato,pick up,Dispenser_40,Dispenser,40,pick up tomato from dispenser,player_ea19a9d5,forced_division_of_labor,d075e76d7172d4b7,2113.3233393266846,38.411259840027014,9.0,0.0,9.0,1.0,1.0,"(5, 2)","[p(2, 2)_cs(1.0)_ws(1.0)]_[p(5, 2)_cs(1.0)_ws(1.0)]",player_ea19a9d5_actions,,[],,,
1939,tomato,put down,Counter_32,Counter,32,put down tomato on counter,player_ea19a9d5,forced_division_of_labor,d075e76d7172d4b7,2129.3233393266855,16.00000000000091,9.0,0.0,9.0,1.0,1.0,"(5, 2)","[p(2, 2)_cs(1.0)_ws(1.0)]_[p(5, 2)_cs(1.0)_ws(1.0)]",player_ea19a9d5_actions,player_ea19a9d5,['player_ea19a9d5'],,,
1966,plate,pick up,Dispenser_60,Dispenser,60,pick up plate from dispenser,player_ea19a9d5,forced_division_of_labor,d075e76d7172d4b7,2167.7304019934495,38.40706266676398,9.0,0.0,9.0,1.0,1.0,"(5, 2)","[p(2, 2)_cs(1.0)_ws(1.0)]_[p(5, 2)_cs(1.0)_ws(1.0)]",player_ea19a9d5_actions,,[],,,
1977,tomato,start cutting,CuttingBoard_20,CuttingBoard,20,start cutting tomato,player_eecbba12,forced_division_of_labor,d075e76d7172d4b7,782.0000000000027,16.000000000000227,9.0,0.0,0.0,1.0,1.0,"(2, 2)","[p(2, 2)_cs(1.0)_ws(1.0)]_[p(5, 2)_cs(1.0)_ws(1.0)]",player_eecbba12_actions,player_eecbba12,"['player_ea19a9d5', 'player_eecbba12']",,,
1995,plate,put down,Counter_33,Counter,33,put down plate on counter,player_ea19a9d5,forced_division_of_labor,d075e76d7172d4b7,2212.9852359893875,45.25483399593804,9.0,0.0,9.0,1.0,1.0,"(5, 2)","[p(2, 2)_cs(1.0)_ws(1.0)]_[p(5, 2)_cs(1.0)_ws(1.0)]",player_ea19a9d5_actions,player_ea19a9d5,['player_ea19a9d5'],,,
2020,tomato,pick up,Counter_32,Counter,32,pick up tomato from counter,player_eecbba12,forced_division_of_labor,d075e76d7172d4b7,798.000000000003,16.000000000000227,9.0,0.0,0.0,1.0,1.0,"(2, 2)","[p(2, 2)_cs(1.0)_ws(1.0)]_[p(5, 2)_cs(1.0)_ws(1.0)]",player_eecbba12_actions,player_ea19a9d5,['player_ea19a9d5'],,,True
2041,tomato,start cutting,CuttingBoard_10,CuttingBoard,10,start cutting tomato,player_eecbba12,forced_division_of_labor,d075e76d7172d4b7,820.6274169979727,22.627416997969704,9.0,0.0,0.0,1.0,1.0,"(2, 2)","[p(2, 2)_cs(1.0)_ws(1.0)]_[p(5, 2)_cs(1.0)_ws(1.0)]",player_eecbba12_actions,player_eecbba12,"['player_ea19a9d5', 'player_eecbba12']",,,
2077,plate,pick up,Dispenser_60,Dispenser,60,pick up plate from dispenser,player_ea19a9d5,forced_division_of_labor,d075e76d7172d4b7,2258.2400699853256,45.25483399593804,9.0,0.0,9.0,1.0,1.0,"(5, 2)","[p(2, 2)_cs(1.0)_ws(1.0)]_[p(5, 2)_cs(1.0)_ws(1.0)]",player_ea19a9d5_actions,,[],,,
2092,tomato_cut,pick up,CuttingBoard_10,CuttingBoard,10,pick up tomato_cut from cuttingboard,player_eecbba12,forced_division_of_labor,d075e76d7172d4b7,820.6274169979727,0.0,9.0,0.0,0.0,1.0,1.0,"(2, 2)","[p(2, 2)_cs(1.0)_ws(1.0)]_[p(5, 2)_cs(1.0)_ws(1.0)]",player_eecbba12_actions,player_eecbba12,"['player_ea19a9d5', 'player_eecbba12']",,,False
2094,plate,put down,Dispenser_50,Dispenser,50,put down plate on dispenser,player_ea19a9d5,forced_division_of_labor,d075e76d7172d4b7,2274.240069985325,15.999999999999543,9.0,0.0,9.0,1.0,1.0,"(5, 2)","[p(2, 2)_cs(1.0)_ws(1.0)]_[p(5, 2)_cs(1.0)_ws(1.0)]",player_ea19a9d5_actions,player_ea19a9d5,['player_ea19a9d5'],,,
2094,tomato,pick up,Dispenser_50,Dispenser,50,pick up tomato from dispenser,player_ea19a9d5,forced_division_of_labor,d075e76d7172d4b7,2274.240069985325,0.0,9.0,0.0,9.0,1.0,1.0,"(5, 2)","[p(2, 2)_cs(1.0)_ws(1.0)]_[p(5, 2)_cs(1.0)_ws(1.0)]",player_ea19a9d5_actions,,[],,,
2113,tomato,put down,Counter_32,Counter,32,put down tomato on counter,player_ea19a9d5,forced_division_of_labor,d075e76d7172d4b7,2296.8674869832944,22.62741699796925,9.0,0.0,9.0,1.0,1.0,"(5, 2)","[p(2, 2)_cs(1.0)_ws(1.0)]_[p(5, 2)_cs(1.0)_ws(1.0)]",player_ea19a9d5_actions,player_ea19a9d5,['player_ea19a9d5'],,,
2118,tomato_cut,assemble salad,Counter_33,Counter,33,assemble salad,player_eecbba12,forced_division_of_labor,d075e76d7172d4b7,859.0386768379987,38.41125984002599,9.0,0.0,0.0,1.0,1.0,"(2, 2)","[p(2, 2)_cs(1.0)_ws(1.0)]_[p(5, 2)_cs(1.0)_ws(1.0)]",player_eecbba12_actions,player_ea19a9d5,['player_eecbba12'],"['player_ea19a9d5', 'player_eecbba12', 'player_eecbba12']",['player_ea19a9d5'],True
2135,tomato_salad,pick up,Counter_33,Counter,33,pick up tomato_salad from counter,player_ea19a9d5,forced_division_of_labor,d075e76d7172d4b7,2312.8674869832953,16.00000000000091,9.0,0.0,9.0,1.0,1.0,"(5, 2)","[p(2, 2)_cs(1.0)_ws(1.0)]_[p(5, 2)_cs(1.0)_ws(1.0)]",player_ea19a9d5_actions,player_eecbba12,['player_eecbba12'],"['player_ea19a9d5', 'player_eecbba12', 'player_eecbba12']",['player_ea19a9d5'],True
2137,tomato,pick up,Counter_32,Counter,32,pick up tomato from counter,player_eecbba12,forced_division_of_labor,d075e76d7172d4b7,875.0386768379988,16.000000000000114,9.0,0.0,0.0,1.0,1.0,"(2, 2)","[p(2, 2)_cs(1.0)_ws(1.0)]_[p(5, 2)_cs(1.0)_ws(1.0)]",player_eecbba12_actions,player_ea19a9d5,['player_ea19a9d5'],,,True
2152,tomato_salad,deliver,Delivery_63,Delivery,63,deliver tomato_salad,player_ea19a9d5,forced_division_of_labor,d075e76d7172d4b7,2328.867486983295,15.999999999999543,10.0,1.0,10.0,1.0,1.0,"(5, 2)","[p(2, 2)_cs(1.0)_ws(1.0)]_[p(5, 2)_cs(1.0)_ws(1.0)]",player_ea19a9d5_actions,player_ea19a9d5,"['player_eecbba12', 'player_ea19a9d5']","['player_ea19a9d5', 'player_eecbba12', 'player_eecbba12']",['player_ea19a9d5'],
2156,tomato,start cutting,CuttingBoard_10,CuttingBoard,10,start cutting tomato,player_eecbba12,forced_division_of_labor,d075e76d7172d4b7,897.6660938359685,22.627416997969704,10.0,0.0,0.0,1.0,1.0,"(2, 2)","[p(2, 2)_cs(1.0)_ws(1.0)]_[p(5, 2)_cs(1.0)_ws(1.0)]",player_eecbba12_actions,player_eecbba12,"['player_ea19a9d5', 'player_eecbba12']",,,
