{"agents": {"player_eecbba12": {"initial_state": {"agent_id": "player_eecbba12", "x": 40, "y": 40, "item": null, "url_params": {"gameType": ["tomatoSaladOnly"], "PROLIFIC_PID": ["67ace0218b0a55c03df3fefa"], "map": ["forced_division_of_labor"], "cutting_speed_p1": ["1"], "walking_speed_p1": ["1"], "cutting_speed_p2": ["1"], "walking_speed_p2": ["1"], "slot_x_p1": ["2"], "slot_y_p1": ["2"], "slot_x_p2": ["5"], "slot_y_p2": ["2"], "EIO": ["4"], "transport": ["polling"], "t": ["PZtuQQM"]}, "cut_speed": 1.0, "walk_speed": 30.0, "player_nr": 1}, "player_score": 0.0, "total_actions": 46, "first_action_tick": 210, "last_action_tick": 2156}, "player_ea19a9d5": {"initial_state": {"agent_id": "player_ea19a9d5", "x": 88, "y": 40, "item": null, "url_params": {"gameType": ["tomatoSaladOnly"], "PROLIFIC_PID": ["undefined"], "map": ["forced_division_of_labor"], "cutting_speed_p1": ["1"], "walking_speed_p1": ["1"], "cutting_speed_p2": ["1"], "walking_speed_p2": ["1"], "slot_x_p1": ["2"], "slot_y_p1": ["2"], "slot_x_p2": ["5"], "slot_y_p2": ["2"], "EIO": ["4"], "transport": ["polling"], "t": ["PZtuQq-"]}, "cut_speed": 1.0, "walk_speed": 30.0, "player_nr": 2}, "player_score": 10.0, "total_actions": 70, "first_action_tick": 114, "last_action_tick": 2152}}, "map_name": "forced_division_of_labor", "final_score": 10.0}