tick,item,action,target,target_type,target_position,action_long,player_id,map_name,game_id,distance_walked,distance_walked_since_last_action,overall_score,player_score_change,player_score,walking_speed,cutting_speed,start_pos,condition,source,last_touched,touched_list,tomato_history,plate_history,is_exchange_collaboration
44,tomato,pick up,Dispenser_50,Dispenser,50,pick up tomato from dispenser,player_538ed9cd,baseline_division_of_labor,5393cbdaa920196d,16.0,0.0,0.0,0.0,0.0,1.0,1.0,"(5, 2)","[p(2, 2)_cs(1.0)_ws(1.0)]_[p(5, 2)_cs(1.0)_ws(1.0)]",player_538ed9cd_actions,,[],,,
101,tomato,pick up,Dispenser_50,Dispenser,50,pick up tomato from dispenser,player_e0eb51cd,baseline_division_of_labor,5393cbdaa920196d,64.0,0.0,0.0,0.0,0.0,1.0,1.0,"(2, 2)","[p(2, 2)_cs(1.0)_ws(1.0)]_[p(5, 2)_cs(1.0)_ws(1.0)]",player_e0eb51cd_actions,,[],,,
142,tomato,start cutting,CuttingBoard_20,CuttingBoard,20,start cutting tomato,player_538ed9cd,baseline_division_of_labor,5393cbdaa920196d,96.0,80.0,0.0,0.0,0.0,1.0,1.0,"(5, 2)","[p(2, 2)_cs(1.0)_ws(1.0)]_[p(5, 2)_cs(1.0)_ws(1.0)]",player_538ed9cd_actions,player_538ed9cd,['player_538ed9cd'],,,
232,tomato,start cutting,CuttingBoard_10,CuttingBoard,10,start cutting tomato,player_e0eb51cd,baseline_division_of_labor,5393cbdaa920196d,128.0,64.0,0.0,0.0,0.0,1.0,1.0,"(2, 2)","[p(2, 2)_cs(1.0)_ws(1.0)]_[p(5, 2)_cs(1.0)_ws(1.0)]",player_e0eb51cd_actions,player_e0eb51cd,['player_e0eb51cd'],,,
316,plate,pick up,Dispenser_60,Dispenser,60,pick up plate from dispenser,player_e0eb51cd,baseline_division_of_labor,5393cbdaa920196d,208.0,80.0,0.0,0.0,0.0,1.0,1.0,"(2, 2)","[p(2, 2)_cs(1.0)_ws(1.0)]_[p(5, 2)_cs(1.0)_ws(1.0)]",player_e0eb51cd_actions,,[],,,
338,plate,pick up,Dispenser_60,Dispenser,60,pick up plate from dispenser,player_538ed9cd,baseline_division_of_labor,5393cbdaa920196d,192.0,96.0,0.0,0.0,0.0,1.0,1.0,"(5, 2)","[p(2, 2)_cs(1.0)_ws(1.0)]_[p(5, 2)_cs(1.0)_ws(1.0)]",player_538ed9cd_actions,,[],,,
364,plate,put down,Counter_32,Counter,32,put down plate on counter,player_e0eb51cd,baseline_division_of_labor,5393cbdaa920196d,246.40706266676497,38.40706266676497,0.0,0.0,0.0,1.0,1.0,"(2, 2)","[p(2, 2)_cs(1.0)_ws(1.0)]_[p(5, 2)_cs(1.0)_ws(1.0)]",player_e0eb51cd_actions,player_e0eb51cd,['player_e0eb51cd'],,,
394,plate,put down,CuttingBoard_20,CuttingBoard,20,put down plate on cuttingboard,player_538ed9cd,baseline_division_of_labor,5393cbdaa920196d,256.0,64.0,0.0,0.0,0.0,1.0,1.0,"(5, 2)","[p(2, 2)_cs(1.0)_ws(1.0)]_[p(5, 2)_cs(1.0)_ws(1.0)]",player_538ed9cd_actions,player_538ed9cd,['player_538ed9cd'],,,
394,tomato_cut,pick up,CuttingBoard_20,CuttingBoard,20,pick up tomato_cut from cuttingboard,player_538ed9cd,baseline_division_of_labor,5393cbdaa920196d,256.0,0.0,0.0,0.0,0.0,1.0,1.0,"(5, 2)","[p(2, 2)_cs(1.0)_ws(1.0)]_[p(5, 2)_cs(1.0)_ws(1.0)]",player_538ed9cd_actions,player_538ed9cd,['player_538ed9cd'],,,False
413,tomato_cut,pick up,CuttingBoard_10,CuttingBoard,10,pick up tomato_cut from cuttingboard,player_e0eb51cd,baseline_division_of_labor,5393cbdaa920196d,300.913934947516,54.506872280751026,0.0,0.0,0.0,1.0,1.0,"(2, 2)","[p(2, 2)_cs(1.0)_ws(1.0)]_[p(5, 2)_cs(1.0)_ws(1.0)]",player_e0eb51cd_actions,player_e0eb51cd,['player_e0eb51cd'],,,False
439,tomato_cut,assemble salad,Counter_32,Counter,32,assemble salad,player_e0eb51cd,baseline_division_of_labor,5393cbdaa920196d,323.5413519454855,22.627416997969476,0.0,0.0,0.0,1.0,1.0,"(2, 2)","[p(2, 2)_cs(1.0)_ws(1.0)]_[p(5, 2)_cs(1.0)_ws(1.0)]",player_e0eb51cd_actions,player_e0eb51cd,['player_e0eb51cd'],"['player_e0eb51cd', 'player_e0eb51cd']",['player_e0eb51cd'],False
463,tomato_salad,pick up,Counter_32,Counter,32,pick up tomato_salad from counter,player_e0eb51cd,baseline_division_of_labor,5393cbdaa920196d,323.5413519454855,0.0,0.0,0.0,0.0,1.0,1.0,"(2, 2)","[p(2, 2)_cs(1.0)_ws(1.0)]_[p(5, 2)_cs(1.0)_ws(1.0)]",player_e0eb51cd_actions,player_e0eb51cd,['player_e0eb51cd'],"['player_e0eb51cd', 'player_e0eb51cd']",['player_e0eb51cd'],False
469,tomato_cut,put down,Counter_32,Counter,32,put down tomato_cut on counter,player_538ed9cd,baseline_division_of_labor,5393cbdaa920196d,272.00000000000017,16.00000000000017,0.0,0.0,0.0,1.0,1.0,"(5, 2)","[p(2, 2)_cs(1.0)_ws(1.0)]_[p(5, 2)_cs(1.0)_ws(1.0)]",player_538ed9cd_actions,player_538ed9cd,"['player_538ed9cd', 'player_538ed9cd']",,,
493,tomato_cut,pick up,Counter_32,Counter,32,pick up tomato_cut from counter,player_538ed9cd,baseline_division_of_labor,5393cbdaa920196d,272.00000000000017,0.0,0.0,0.0,0.0,1.0,1.0,"(5, 2)","[p(2, 2)_cs(1.0)_ws(1.0)]_[p(5, 2)_cs(1.0)_ws(1.0)]",player_538ed9cd_actions,player_538ed9cd,"['player_538ed9cd', 'player_538ed9cd']",,,False
498,tomato_salad,deliver,Delivery_63,Delivery,63,deliver tomato_salad,player_e0eb51cd,baseline_division_of_labor,5393cbdaa920196d,391.00446320811943,67.46311126263396,1.0,1.0,1.0,1.0,1.0,"(2, 2)","[p(2, 2)_cs(1.0)_ws(1.0)]_[p(5, 2)_cs(1.0)_ws(1.0)]",player_e0eb51cd_actions,player_e0eb51cd,"['player_e0eb51cd', 'player_e0eb51cd']","['player_e0eb51cd', 'player_e0eb51cd']",['player_e0eb51cd'],
537,tomato,pick up,Dispenser_40,Dispenser,40,pick up tomato from dispenser,player_e0eb51cd,baseline_division_of_labor,5393cbdaa920196d,429.4157230481456,38.41125984002616,1.0,0.0,1.0,1.0,1.0,"(2, 2)","[p(2, 2)_cs(1.0)_ws(1.0)]_[p(5, 2)_cs(1.0)_ws(1.0)]",player_e0eb51cd_actions,,[],,,
553,tomato_cut,put down,Dispenser_40,Dispenser,40,put down tomato_cut on dispenser,player_538ed9cd,baseline_division_of_labor,5393cbdaa920196d,288.0000000000002,16.000000000000057,1.0,0.0,0.0,1.0,1.0,"(5, 2)","[p(2, 2)_cs(1.0)_ws(1.0)]_[p(5, 2)_cs(1.0)_ws(1.0)]",player_538ed9cd_actions,player_538ed9cd,"['player_538ed9cd', 'player_538ed9cd', 'player_538ed9cd']",,,
553,tomato,pick up,Dispenser_40,Dispenser,40,pick up tomato from dispenser,player_538ed9cd,baseline_division_of_labor,5393cbdaa920196d,288.0000000000002,0.0,1.0,0.0,0.0,1.0,1.0,"(5, 2)","[p(2, 2)_cs(1.0)_ws(1.0)]_[p(5, 2)_cs(1.0)_ws(1.0)]",player_538ed9cd_actions,,[],,,
595,tomato,start cutting,CuttingBoard_20,CuttingBoard,20,start cutting tomato,player_e0eb51cd,baseline_division_of_labor,5393cbdaa920196d,461.41572304814576,32.00000000000017,1.0,0.0,1.0,1.0,1.0,"(2, 2)","[p(2, 2)_cs(1.0)_ws(1.0)]_[p(5, 2)_cs(1.0)_ws(1.0)]",player_e0eb51cd_actions,player_e0eb51cd,['player_e0eb51cd'],,,
643,plate,pick up,Dispenser_60,Dispenser,60,pick up plate from dispenser,player_e0eb51cd,baseline_division_of_labor,5393cbdaa920196d,525.415723048146,64.00000000000023,1.0,0.0,1.0,1.0,1.0,"(2, 2)","[p(2, 2)_cs(1.0)_ws(1.0)]_[p(5, 2)_cs(1.0)_ws(1.0)]",player_e0eb51cd_actions,,[],,,
669,tomato,put down,Dispenser_60,Dispenser,60,put down tomato on dispenser,player_538ed9cd,baseline_division_of_labor,5393cbdaa920196d,406.4297574742733,118.42975747427306,1.0,0.0,0.0,1.0,1.0,"(5, 2)","[p(2, 2)_cs(1.0)_ws(1.0)]_[p(5, 2)_cs(1.0)_ws(1.0)]",player_538ed9cd_actions,player_538ed9cd,['player_538ed9cd'],,,
669,plate,pick up,Dispenser_60,Dispenser,60,pick up plate from dispenser,player_538ed9cd,baseline_division_of_labor,5393cbdaa920196d,406.4297574742733,0.0,1.0,0.0,0.0,1.0,1.0,"(5, 2)","[p(2, 2)_cs(1.0)_ws(1.0)]_[p(5, 2)_cs(1.0)_ws(1.0)]",player_538ed9cd_actions,,[],,,
675,plate,put down,Counter_32,Counter,32,put down plate on counter,player_e0eb51cd,baseline_division_of_labor,5393cbdaa920196d,563.8227857149108,38.40706266676477,1.0,0.0,1.0,1.0,1.0,"(2, 2)","[p(2, 2)_cs(1.0)_ws(1.0)]_[p(5, 2)_cs(1.0)_ws(1.0)]",player_e0eb51cd_actions,player_e0eb51cd,['player_e0eb51cd'],,,
740,plate,put down,Dispenser_40,Dispenser,40,put down plate on dispenser,player_538ed9cd,baseline_division_of_labor,5393cbdaa920196d,502.42975747427374,96.00000000000044,1.0,0.0,0.0,1.0,1.0,"(5, 2)","[p(2, 2)_cs(1.0)_ws(1.0)]_[p(5, 2)_cs(1.0)_ws(1.0)]",player_538ed9cd_actions,player_538ed9cd,['player_538ed9cd'],,,
740,tomato,pick up,Dispenser_40,Dispenser,40,pick up tomato from dispenser,player_538ed9cd,baseline_division_of_labor,5393cbdaa920196d,502.42975747427374,0.0,1.0,0.0,0.0,1.0,1.0,"(5, 2)","[p(2, 2)_cs(1.0)_ws(1.0)]_[p(5, 2)_cs(1.0)_ws(1.0)]",player_538ed9cd_actions,,[],,,
748,tomato_cut,pick up,CuttingBoard_20,CuttingBoard,20,pick up tomato_cut from cuttingboard,player_e0eb51cd,baseline_division_of_labor,5393cbdaa920196d,602.3297124398076,38.50692672489686,1.0,0.0,1.0,1.0,1.0,"(2, 2)","[p(2, 2)_cs(1.0)_ws(1.0)]_[p(5, 2)_cs(1.0)_ws(1.0)]",player_e0eb51cd_actions,player_e0eb51cd,['player_e0eb51cd'],,,False
779,tomato_cut,assemble salad,Counter_32,Counter,32,assemble salad,player_e0eb51cd,baseline_division_of_labor,5393cbdaa920196d,618.3297124398077,16.000000000000114,1.0,0.0,1.0,1.0,1.0,"(2, 2)","[p(2, 2)_cs(1.0)_ws(1.0)]_[p(5, 2)_cs(1.0)_ws(1.0)]",player_e0eb51cd_actions,player_e0eb51cd,['player_e0eb51cd'],"['player_e0eb51cd', 'player_e0eb51cd']",['player_e0eb51cd'],False
786,tomato,start cutting,CuttingBoard_10,CuttingBoard,10,start cutting tomato,player_538ed9cd,baseline_division_of_labor,5393cbdaa920196d,550.4297574742742,48.000000000000455,1.0,0.0,0.0,1.0,1.0,"(5, 2)","[p(2, 2)_cs(1.0)_ws(1.0)]_[p(5, 2)_cs(1.0)_ws(1.0)]",player_538ed9cd_actions,player_538ed9cd,['player_538ed9cd'],,,
798,tomato_salad,pick up,Counter_32,Counter,32,pick up tomato_salad from counter,player_e0eb51cd,baseline_division_of_labor,5393cbdaa920196d,618.3297124398077,0.0,1.0,0.0,1.0,1.0,1.0,"(2, 2)","[p(2, 2)_cs(1.0)_ws(1.0)]_[p(5, 2)_cs(1.0)_ws(1.0)]",player_e0eb51cd_actions,player_e0eb51cd,['player_e0eb51cd'],"['player_e0eb51cd', 'player_e0eb51cd']",['player_e0eb51cd'],False
842,tomato_salad,deliver,Delivery_63,Delivery,63,deliver tomato_salad,player_e0eb51cd,baseline_division_of_labor,5393cbdaa920196d,663.5845464357474,45.254833995939634,2.0,1.0,2.0,1.0,1.0,"(2, 2)","[p(2, 2)_cs(1.0)_ws(1.0)]_[p(5, 2)_cs(1.0)_ws(1.0)]",player_e0eb51cd_actions,player_e0eb51cd,"['player_e0eb51cd', 'player_e0eb51cd']","['player_e0eb51cd', 'player_e0eb51cd']",['player_e0eb51cd'],
871,tomato,pick up,Dispenser_50,Dispenser,50,pick up tomato from dispenser,player_e0eb51cd,baseline_division_of_labor,5393cbdaa920196d,695.5845464357477,32.00000000000034,2.0,0.0,2.0,1.0,1.0,"(2, 2)","[p(2, 2)_cs(1.0)_ws(1.0)]_[p(5, 2)_cs(1.0)_ws(1.0)]",player_e0eb51cd_actions,,[],,,
912,tomato,put down,Counter_32,Counter,32,put down tomato on counter,player_e0eb51cd,baseline_division_of_labor,5393cbdaa920196d,718.2119634337174,22.627416997969704,2.0,0.0,2.0,1.0,1.0,"(2, 2)","[p(2, 2)_cs(1.0)_ws(1.0)]_[p(5, 2)_cs(1.0)_ws(1.0)]",player_e0eb51cd_actions,player_e0eb51cd,['player_e0eb51cd'],,,
943,plate,pick up,Dispenser_60,Dispenser,60,pick up plate from dispenser,player_e0eb51cd,baseline_division_of_labor,5393cbdaa920196d,756.6190261004825,38.407062666765114,2.0,0.0,2.0,1.0,1.0,"(2, 2)","[p(2, 2)_cs(1.0)_ws(1.0)]_[p(5, 2)_cs(1.0)_ws(1.0)]",player_e0eb51cd_actions,,[],,,
946,tomato,pick up,Counter_32,Counter,32,pick up tomato from counter,player_538ed9cd,baseline_division_of_labor,5393cbdaa920196d,618.3120084681831,67.88225099390888,2.0,0.0,0.0,1.0,1.0,"(5, 2)","[p(2, 2)_cs(1.0)_ws(1.0)]_[p(5, 2)_cs(1.0)_ws(1.0)]",player_538ed9cd_actions,player_e0eb51cd,['player_e0eb51cd'],,,True
971,plate,put down,Counter_32,Counter,32,put down plate on counter,player_e0eb51cd,baseline_division_of_labor,5393cbdaa920196d,795.0260887672473,38.40706266676477,2.0,0.0,2.0,1.0,1.0,"(2, 2)","[p(2, 2)_cs(1.0)_ws(1.0)]_[p(5, 2)_cs(1.0)_ws(1.0)]",player_e0eb51cd_actions,player_e0eb51cd,['player_e0eb51cd'],,,
1001,plate,pick up,Dispenser_60,Dispenser,60,pick up plate from dispenser,player_e0eb51cd,baseline_division_of_labor,5393cbdaa920196d,833.4331514340124,38.407062666765114,2.0,0.0,2.0,1.0,1.0,"(2, 2)","[p(2, 2)_cs(1.0)_ws(1.0)]_[p(5, 2)_cs(1.0)_ws(1.0)]",player_e0eb51cd_actions,,[],,,
1035,plate,put down,Counter_33,Counter,33,put down plate on counter,player_e0eb51cd,baseline_division_of_labor,5393cbdaa920196d,878.687985429952,45.254833995939634,2.0,0.0,2.0,1.0,1.0,"(2, 2)","[p(2, 2)_cs(1.0)_ws(1.0)]_[p(5, 2)_cs(1.0)_ws(1.0)]",player_e0eb51cd_actions,player_e0eb51cd,['player_e0eb51cd'],,,
1065,plate,pick up,Dispenser_60,Dispenser,60,pick up plate from dispenser,player_e0eb51cd,baseline_division_of_labor,5393cbdaa920196d,923.9428194258916,45.254833995939634,2.0,0.0,2.0,1.0,1.0,"(2, 2)","[p(2, 2)_cs(1.0)_ws(1.0)]_[p(5, 2)_cs(1.0)_ws(1.0)]",player_e0eb51cd_actions,,[],,,
1094,tomato,start cutting,CuttingBoard_20,CuttingBoard,20,start cutting tomato,player_538ed9cd,baseline_division_of_labor,5393cbdaa920196d,816.8188807489356,198.50687228075253,2.0,0.0,0.0,1.0,1.0,"(5, 2)","[p(2, 2)_cs(1.0)_ws(1.0)]_[p(5, 2)_cs(1.0)_ws(1.0)]",player_538ed9cd_actions,player_538ed9cd,"['player_e0eb51cd', 'player_538ed9cd']",,,
1111,plate,put down,Counter_34,Counter,34,put down plate on counter,player_e0eb51cd,baseline_division_of_labor,5393cbdaa920196d,984.85900632843,60.91618690253836,2.0,0.0,2.0,1.0,1.0,"(2, 2)","[p(2, 2)_cs(1.0)_ws(1.0)]_[p(5, 2)_cs(1.0)_ws(1.0)]",player_e0eb51cd_actions,player_e0eb51cd,['player_e0eb51cd'],,,
1146,tomato,pick up,Dispenser_40,Dispenser,40,pick up tomato from dispenser,player_538ed9cd,baseline_division_of_labor,5393cbdaa920196d,848.8188807489358,32.00000000000023,2.0,0.0,0.0,1.0,1.0,"(5, 2)","[p(2, 2)_cs(1.0)_ws(1.0)]_[p(5, 2)_cs(1.0)_ws(1.0)]",player_538ed9cd_actions,,[],,,
1169,tomato,start cutting,CuttingBoard_10,CuttingBoard,10,start cutting tomato,player_538ed9cd,baseline_division_of_labor,5393cbdaa920196d,896.8188807489363,48.000000000000455,2.0,0.0,0.0,1.0,1.0,"(5, 2)","[p(2, 2)_cs(1.0)_ws(1.0)]_[p(5, 2)_cs(1.0)_ws(1.0)]",player_538ed9cd_actions,player_538ed9cd,['player_538ed9cd'],,,
1169,tomato_cut,pick up,CuttingBoard_10,CuttingBoard,10,pick up tomato_cut from cuttingboard,player_538ed9cd,baseline_division_of_labor,5393cbdaa920196d,896.8188807489363,0.0,2.0,0.0,0.0,1.0,1.0,"(5, 2)","[p(2, 2)_cs(1.0)_ws(1.0)]_[p(5, 2)_cs(1.0)_ws(1.0)]",player_538ed9cd_actions,player_538ed9cd,['player_538ed9cd'],,,False
1201,plate,pick up,Dispenser_60,Dispenser,60,pick up plate from dispenser,player_e0eb51cd,baseline_division_of_labor,5393cbdaa920196d,1122.6166831731505,137.75767684472044,2.0,0.0,2.0,1.0,1.0,"(2, 2)","[p(2, 2)_cs(1.0)_ws(1.0)]_[p(5, 2)_cs(1.0)_ws(1.0)]",player_e0eb51cd_actions,,[],,,
1245,plate,put down,Counter_35,Counter,35,put down plate on counter,player_e0eb51cd,baseline_division_of_labor,5393cbdaa920196d,1199.550787603719,76.9341044305686,2.0,0.0,2.0,1.0,1.0,"(2, 2)","[p(2, 2)_cs(1.0)_ws(1.0)]_[p(5, 2)_cs(1.0)_ws(1.0)]",player_e0eb51cd_actions,player_e0eb51cd,['player_e0eb51cd'],,,
1296,tomato,pick up,Dispenser_40,Dispenser,40,pick up tomato from dispenser,player_e0eb51cd,baseline_division_of_labor,5393cbdaa920196d,1263.5507876037168,63.999999999997726,2.0,0.0,2.0,1.0,1.0,"(2, 2)","[p(2, 2)_cs(1.0)_ws(1.0)]_[p(5, 2)_cs(1.0)_ws(1.0)]",player_e0eb51cd_actions,,[],,,
1329,tomato,start cutting,CuttingBoard_20,CuttingBoard,20,start cutting tomato,player_e0eb51cd,baseline_division_of_labor,5393cbdaa920196d,1295.550787603716,31.99999999999909,2.0,0.0,2.0,1.0,1.0,"(2, 2)","[p(2, 2)_cs(1.0)_ws(1.0)]_[p(5, 2)_cs(1.0)_ws(1.0)]",player_e0eb51cd_actions,player_e0eb51cd,['player_e0eb51cd'],,,
1336,tomato_cut,assemble salad,Counter_32,Counter,32,assemble salad,player_538ed9cd,baseline_division_of_labor,5393cbdaa920196d,966.818880748933,69.9999999999967,2.0,0.0,0.0,1.0,1.0,"(5, 2)","[p(2, 2)_cs(1.0)_ws(1.0)]_[p(5, 2)_cs(1.0)_ws(1.0)]",player_538ed9cd_actions,player_e0eb51cd,['player_538ed9cd'],"['player_538ed9cd', 'player_538ed9cd']",['player_e0eb51cd'],True
1417,tomato_cut,pick up,CuttingBoard_10,CuttingBoard,10,pick up tomato_cut from cuttingboard,player_e0eb51cd,baseline_division_of_labor,5393cbdaa920196d,1311.5507876037154,15.999999999999543,2.0,0.0,2.0,1.0,1.0,"(2, 2)","[p(2, 2)_cs(1.0)_ws(1.0)]_[p(5, 2)_cs(1.0)_ws(1.0)]",player_e0eb51cd_actions,player_538ed9cd,['player_538ed9cd'],,,True
1462,tomato_cut,assemble salad,Counter_33,Counter,33,assemble salad,player_e0eb51cd,baseline_division_of_labor,5393cbdaa920196d,1349.9620474437415,38.411259840026105,2.0,0.0,2.0,1.0,1.0,"(2, 2)","[p(2, 2)_cs(1.0)_ws(1.0)]_[p(5, 2)_cs(1.0)_ws(1.0)]",player_e0eb51cd_actions,player_e0eb51cd,['player_e0eb51cd'],"['player_538ed9cd', 'player_e0eb51cd']",['player_e0eb51cd'],False
1467,tomato_salad,pick up,Counter_32,Counter,32,pick up tomato_salad from counter,player_538ed9cd,baseline_division_of_labor,5393cbdaa920196d,1021.4462977469028,54.62741699796993,2.0,0.0,0.0,1.0,1.0,"(5, 2)","[p(2, 2)_cs(1.0)_ws(1.0)]_[p(5, 2)_cs(1.0)_ws(1.0)]",player_538ed9cd_actions,player_538ed9cd,['player_538ed9cd'],"['player_538ed9cd', 'player_538ed9cd']",['player_e0eb51cd'],False
1493,tomato_cut,pick up,CuttingBoard_20,CuttingBoard,20,pick up tomato_cut from cuttingboard,player_e0eb51cd,baseline_division_of_labor,5393cbdaa920196d,1381.9620474437406,31.99999999999909,2.0,0.0,2.0,1.0,1.0,"(2, 2)","[p(2, 2)_cs(1.0)_ws(1.0)]_[p(5, 2)_cs(1.0)_ws(1.0)]",player_e0eb51cd_actions,player_e0eb51cd,['player_e0eb51cd'],,,False
1567,tomato_salad,put down,Counter_32,Counter,32,put down tomato_salad on counter,player_538ed9cd,baseline_division_of_labor,5393cbdaa920196d,1053.4462977469022,31.99999999999932,2.0,0.0,0.0,1.0,1.0,"(5, 2)","[p(2, 2)_cs(1.0)_ws(1.0)]_[p(5, 2)_cs(1.0)_ws(1.0)]",player_538ed9cd_actions,player_538ed9cd,"['player_538ed9cd', 'player_538ed9cd']","['player_538ed9cd', 'player_538ed9cd']",['player_e0eb51cd'],
1593,tomato_cut,put down,Counter_32,Counter,32,put down tomato_cut on counter,player_e0eb51cd,baseline_division_of_labor,5393cbdaa920196d,1397.9620474437402,15.999999999999543,2.0,0.0,2.0,1.0,1.0,"(2, 2)","[p(2, 2)_cs(1.0)_ws(1.0)]_[p(5, 2)_cs(1.0)_ws(1.0)]",player_e0eb51cd_actions,player_e0eb51cd,"['player_e0eb51cd', 'player_e0eb51cd']",,,
1593,tomato_salad,pick up,Counter_32,Counter,32,pick up tomato_salad from counter,player_e0eb51cd,baseline_division_of_labor,5393cbdaa920196d,1397.9620474437402,0.0,2.0,0.0,2.0,1.0,1.0,"(2, 2)","[p(2, 2)_cs(1.0)_ws(1.0)]_[p(5, 2)_cs(1.0)_ws(1.0)]",player_e0eb51cd_actions,player_e0eb51cd,"['player_e0eb51cd', 'player_e0eb51cd']",,,False
1620,tomato_salad,put down,Counter_34,Counter,34,put down tomato_salad on counter,player_e0eb51cd,baseline_division_of_labor,5393cbdaa920196d,1452.468919724491,54.50687228075071,2.0,0.0,2.0,1.0,1.0,"(2, 2)","[p(2, 2)_cs(1.0)_ws(1.0)]_[p(5, 2)_cs(1.0)_ws(1.0)]",player_e0eb51cd_actions,player_e0eb51cd,"['player_e0eb51cd', 'player_e0eb51cd', 'player_e0eb51cd']",,,
1620,plate,pick up,Counter_34,Counter,34,pick up plate from counter,player_e0eb51cd,baseline_division_of_labor,5393cbdaa920196d,1452.468919724491,0.0,2.0,0.0,2.0,1.0,1.0,"(2, 2)","[p(2, 2)_cs(1.0)_ws(1.0)]_[p(5, 2)_cs(1.0)_ws(1.0)]",player_e0eb51cd_actions,player_e0eb51cd,"['player_e0eb51cd', 'player_e0eb51cd', 'player_e0eb51cd']",,,False
1631,tomato_cut,pick up,Counter_32,Counter,32,pick up tomato_cut from counter,player_538ed9cd,baseline_division_of_labor,5393cbdaa920196d,1085.446297746901,31.99999999999909,2.0,0.0,0.0,1.0,1.0,"(5, 2)","[p(2, 2)_cs(1.0)_ws(1.0)]_[p(5, 2)_cs(1.0)_ws(1.0)]",player_538ed9cd_actions,player_e0eb51cd,"['player_e0eb51cd', 'player_e0eb51cd', 'player_e0eb51cd']",,,True
1701,plate,put down,Counter_32,Counter,32,put down plate on counter,player_e0eb51cd,baseline_division_of_labor,5393cbdaa920196d,1573.651421894599,121.18250217010814,2.0,0.0,2.0,1.0,1.0,"(2, 2)","[p(2, 2)_cs(1.0)_ws(1.0)]_[p(5, 2)_cs(1.0)_ws(1.0)]",player_e0eb51cd_actions,player_e0eb51cd,"['player_e0eb51cd', 'player_e0eb51cd', 'player_e0eb51cd', 'player_e0eb51cd']",,,
1710,tomato_cut,put down,Counter_33,Counter,33,put down tomato_cut on counter,player_538ed9cd,baseline_division_of_labor,5393cbdaa920196d,1123.9532244717975,38.506926724896175,2.0,0.0,0.0,1.0,1.0,"(5, 2)","[p(2, 2)_cs(1.0)_ws(1.0)]_[p(5, 2)_cs(1.0)_ws(1.0)]",player_538ed9cd_actions,player_538ed9cd,"['player_e0eb51cd', 'player_e0eb51cd', 'player_e0eb51cd', 'player_e0eb51cd', 'player_538ed9cd']",,,
1710,tomato_salad,pick up,Counter_33,Counter,33,pick up tomato_salad from counter,player_538ed9cd,baseline_division_of_labor,5393cbdaa920196d,1123.9532244717975,0.0,2.0,0.0,0.0,1.0,1.0,"(5, 2)","[p(2, 2)_cs(1.0)_ws(1.0)]_[p(5, 2)_cs(1.0)_ws(1.0)]",player_538ed9cd_actions,player_538ed9cd,"['player_e0eb51cd', 'player_e0eb51cd', 'player_e0eb51cd', 'player_e0eb51cd', 'player_538ed9cd']",,,False
1723,tomato_cut,pick up,Counter_33,Counter,33,pick up tomato_cut from counter,player_e0eb51cd,baseline_division_of_labor,5393cbdaa920196d,1589.6514218945986,15.999999999999543,2.0,0.0,2.0,1.0,1.0,"(2, 2)","[p(2, 2)_cs(1.0)_ws(1.0)]_[p(5, 2)_cs(1.0)_ws(1.0)]",player_e0eb51cd_actions,player_538ed9cd,"['player_e0eb51cd', 'player_e0eb51cd', 'player_e0eb51cd', 'player_e0eb51cd', 'player_538ed9cd']",,,True
1735,tomato_salad,put down,Counter_33,Counter,33,put down tomato_salad on counter,player_538ed9cd,baseline_division_of_labor,5393cbdaa920196d,1123.9532244717975,0.0,2.0,0.0,0.0,1.0,1.0,"(5, 2)","[p(2, 2)_cs(1.0)_ws(1.0)]_[p(5, 2)_cs(1.0)_ws(1.0)]",player_538ed9cd_actions,player_538ed9cd,"['player_e0eb51cd', 'player_e0eb51cd', 'player_e0eb51cd', 'player_e0eb51cd', 'player_538ed9cd', 'player_538ed9cd']",,,
1744,tomato_cut,put down,Counter_33,Counter,33,put down tomato_cut on counter,player_e0eb51cd,baseline_division_of_labor,5393cbdaa920196d,1589.6514218945986,0.0,2.0,0.0,2.0,1.0,1.0,"(2, 2)","[p(2, 2)_cs(1.0)_ws(1.0)]_[p(5, 2)_cs(1.0)_ws(1.0)]",player_e0eb51cd_actions,player_e0eb51cd,"['player_e0eb51cd', 'player_e0eb51cd', 'player_e0eb51cd', 'player_e0eb51cd', 'player_538ed9cd', 'player_538ed9cd', 'player_e0eb51cd']",,,
1744,tomato_salad,pick up,Counter_33,Counter,33,pick up tomato_salad from counter,player_e0eb51cd,baseline_division_of_labor,5393cbdaa920196d,1589.6514218945986,0.0,2.0,0.0,2.0,1.0,1.0,"(2, 2)","[p(2, 2)_cs(1.0)_ws(1.0)]_[p(5, 2)_cs(1.0)_ws(1.0)]",player_e0eb51cd_actions,player_e0eb51cd,"['player_e0eb51cd', 'player_e0eb51cd', 'player_e0eb51cd', 'player_e0eb51cd', 'player_538ed9cd', 'player_538ed9cd', 'player_e0eb51cd']",,,False
1751,tomato_salad,put down,Counter_33,Counter,33,put down tomato_salad on counter,player_e0eb51cd,baseline_division_of_labor,5393cbdaa920196d,1589.6514218945986,0.0,2.0,0.0,2.0,1.0,1.0,"(2, 2)","[p(2, 2)_cs(1.0)_ws(1.0)]_[p(5, 2)_cs(1.0)_ws(1.0)]",player_e0eb51cd_actions,player_e0eb51cd,"['player_e0eb51cd', 'player_e0eb51cd', 'player_e0eb51cd', 'player_e0eb51cd', 'player_538ed9cd', 'player_538ed9cd', 'player_e0eb51cd', 'player_e0eb51cd']",,,
1751,tomato_cut,pick up,Counter_33,Counter,33,pick up tomato_cut from counter,player_e0eb51cd,baseline_division_of_labor,5393cbdaa920196d,1589.6514218945986,0.0,2.0,0.0,2.0,1.0,1.0,"(2, 2)","[p(2, 2)_cs(1.0)_ws(1.0)]_[p(5, 2)_cs(1.0)_ws(1.0)]",player_e0eb51cd_actions,player_e0eb51cd,"['player_e0eb51cd', 'player_e0eb51cd', 'player_e0eb51cd', 'player_e0eb51cd', 'player_538ed9cd', 'player_538ed9cd', 'player_e0eb51cd', 'player_e0eb51cd']",,,False
1760,tomato_salad,pick up,Counter_33,Counter,33,pick up tomato_salad from counter,player_538ed9cd,baseline_division_of_labor,5393cbdaa920196d,1123.9532244717975,0.0,2.0,0.0,0.0,1.0,1.0,"(5, 2)","[p(2, 2)_cs(1.0)_ws(1.0)]_[p(5, 2)_cs(1.0)_ws(1.0)]",player_538ed9cd_actions,player_e0eb51cd,"['player_e0eb51cd', 'player_e0eb51cd', 'player_e0eb51cd', 'player_e0eb51cd', 'player_538ed9cd', 'player_538ed9cd', 'player_e0eb51cd', 'player_e0eb51cd']",,,True
1762,tomato_cut,put down,Counter_33,Counter,33,put down tomato_cut on counter,player_e0eb51cd,baseline_division_of_labor,5393cbdaa920196d,1589.6514218945986,0.0,2.0,0.0,2.0,1.0,1.0,"(2, 2)","[p(2, 2)_cs(1.0)_ws(1.0)]_[p(5, 2)_cs(1.0)_ws(1.0)]",player_e0eb51cd_actions,player_e0eb51cd,"['player_e0eb51cd', 'player_e0eb51cd', 'player_e0eb51cd', 'player_e0eb51cd', 'player_538ed9cd', 'player_538ed9cd', 'player_e0eb51cd', 'player_e0eb51cd', 'player_e0eb51cd']",,,
1769,tomato_cut,pick up,Counter_33,Counter,33,pick up tomato_cut from counter,player_e0eb51cd,baseline_division_of_labor,5393cbdaa920196d,1589.6514218945986,0.0,2.0,0.0,2.0,1.0,1.0,"(2, 2)","[p(2, 2)_cs(1.0)_ws(1.0)]_[p(5, 2)_cs(1.0)_ws(1.0)]",player_e0eb51cd_actions,player_e0eb51cd,"['player_e0eb51cd', 'player_e0eb51cd', 'player_e0eb51cd', 'player_e0eb51cd', 'player_538ed9cd', 'player_538ed9cd', 'player_e0eb51cd', 'player_e0eb51cd', 'player_e0eb51cd']",,,False
1778,tomato_cut,put down,Counter_33,Counter,33,put down tomato_cut on counter,player_e0eb51cd,baseline_division_of_labor,5393cbdaa920196d,1589.6514218945986,0.0,2.0,0.0,2.0,1.0,1.0,"(2, 2)","[p(2, 2)_cs(1.0)_ws(1.0)]_[p(5, 2)_cs(1.0)_ws(1.0)]",player_e0eb51cd_actions,player_e0eb51cd,"['player_e0eb51cd', 'player_e0eb51cd', 'player_e0eb51cd', 'player_e0eb51cd', 'player_538ed9cd', 'player_538ed9cd', 'player_e0eb51cd', 'player_e0eb51cd', 'player_e0eb51cd', 'player_e0eb51cd']",,,
1790,tomato_cut,pick up,Counter_33,Counter,33,pick up tomato_cut from counter,player_e0eb51cd,baseline_division_of_labor,5393cbdaa920196d,1589.6514218945986,0.0,2.0,0.0,2.0,1.0,1.0,"(2, 2)","[p(2, 2)_cs(1.0)_ws(1.0)]_[p(5, 2)_cs(1.0)_ws(1.0)]",player_e0eb51cd_actions,player_e0eb51cd,"['player_e0eb51cd', 'player_e0eb51cd', 'player_e0eb51cd', 'player_e0eb51cd', 'player_538ed9cd', 'player_538ed9cd', 'player_e0eb51cd', 'player_e0eb51cd', 'player_e0eb51cd', 'player_e0eb51cd']",,,False
1819,tomato_cut,put down,Counter_34,Counter,34,put down tomato_cut on counter,player_e0eb51cd,baseline_division_of_labor,5393cbdaa920196d,1605.6514218945983,15.999999999999773,2.0,0.0,2.0,1.0,1.0,"(2, 2)","[p(2, 2)_cs(1.0)_ws(1.0)]_[p(5, 2)_cs(1.0)_ws(1.0)]",player_e0eb51cd_actions,player_e0eb51cd,"['player_e0eb51cd', 'player_e0eb51cd', 'player_e0eb51cd', 'player_e0eb51cd', 'player_538ed9cd', 'player_538ed9cd', 'player_e0eb51cd', 'player_e0eb51cd', 'player_e0eb51cd', 'player_e0eb51cd', 'player_e0eb51cd']",,,
1819,tomato_salad,pick up,Counter_34,Counter,34,pick up tomato_salad from counter,player_e0eb51cd,baseline_division_of_labor,5393cbdaa920196d,1605.6514218945983,0.0,2.0,0.0,2.0,1.0,1.0,"(2, 2)","[p(2, 2)_cs(1.0)_ws(1.0)]_[p(5, 2)_cs(1.0)_ws(1.0)]",player_e0eb51cd_actions,player_e0eb51cd,"['player_e0eb51cd', 'player_e0eb51cd', 'player_e0eb51cd', 'player_e0eb51cd', 'player_538ed9cd', 'player_538ed9cd', 'player_e0eb51cd', 'player_e0eb51cd', 'player_e0eb51cd', 'player_e0eb51cd', 'player_e0eb51cd']",,,False
1834,tomato_salad,put down,Counter_33,Counter,33,put down tomato_salad on counter,player_e0eb51cd,baseline_division_of_labor,5393cbdaa920196d,1621.651421894598,15.999999999999773,2.0,0.0,2.0,1.0,1.0,"(2, 2)","[p(2, 2)_cs(1.0)_ws(1.0)]_[p(5, 2)_cs(1.0)_ws(1.0)]",player_e0eb51cd_actions,player_e0eb51cd,"['player_e0eb51cd', 'player_e0eb51cd', 'player_e0eb51cd', 'player_e0eb51cd', 'player_538ed9cd', 'player_538ed9cd', 'player_e0eb51cd', 'player_e0eb51cd', 'player_e0eb51cd', 'player_e0eb51cd', 'player_e0eb51cd', 'player_e0eb51cd']",,,
1858,tomato_salad,deliver,Delivery_63,Delivery,63,deliver tomato_salad,player_538ed9cd,baseline_division_of_labor,5393cbdaa920196d,1206.726682262564,82.77345779076654,3.0,1.0,1.0,1.0,1.0,"(5, 2)","[p(2, 2)_cs(1.0)_ws(1.0)]_[p(5, 2)_cs(1.0)_ws(1.0)]",player_538ed9cd_actions,player_538ed9cd,"['player_e0eb51cd', 'player_e0eb51cd', 'player_e0eb51cd', 'player_e0eb51cd', 'player_538ed9cd', 'player_538ed9cd', 'player_e0eb51cd', 'player_e0eb51cd', 'player_e0eb51cd', 'player_e0eb51cd', 'player_e0eb51cd', 'player_e0eb51cd', 'player_538ed9cd']",,,
1871,tomato_salad,pick up,Counter_33,Counter,33,pick up tomato_salad from counter,player_e0eb51cd,baseline_division_of_labor,5393cbdaa920196d,1666.9062558905362,45.25483399593804,3.0,0.0,2.0,1.0,1.0,"(2, 2)","[p(2, 2)_cs(1.0)_ws(1.0)]_[p(5, 2)_cs(1.0)_ws(1.0)]",player_e0eb51cd_actions,player_e0eb51cd,"['player_e0eb51cd', 'player_e0eb51cd', 'player_e0eb51cd', 'player_e0eb51cd', 'player_538ed9cd', 'player_538ed9cd', 'player_e0eb51cd', 'player_e0eb51cd', 'player_e0eb51cd', 'player_e0eb51cd', 'player_e0eb51cd', 'player_e0eb51cd']",,,False
1904,tomato_salad,deliver,Delivery_63,Delivery,63,deliver tomato_salad,player_e0eb51cd,baseline_division_of_labor,5393cbdaa920196d,1682.9062558905357,15.999999999999318,4.0,1.0,3.0,1.0,1.0,"(2, 2)","[p(2, 2)_cs(1.0)_ws(1.0)]_[p(5, 2)_cs(1.0)_ws(1.0)]",player_e0eb51cd_actions,player_e0eb51cd,"['player_e0eb51cd', 'player_e0eb51cd', 'player_e0eb51cd', 'player_e0eb51cd', 'player_538ed9cd', 'player_538ed9cd', 'player_e0eb51cd', 'player_e0eb51cd', 'player_e0eb51cd', 'player_e0eb51cd', 'player_e0eb51cd', 'player_e0eb51cd', 'player_e0eb51cd']",,,
1943,tomato_cut,pick up,Counter_34,Counter,34,pick up tomato_cut from counter,player_e0eb51cd,baseline_division_of_labor,5393cbdaa920196d,1705.5336728885045,22.62741699796902,4.0,0.0,3.0,1.0,1.0,"(2, 2)","[p(2, 2)_cs(1.0)_ws(1.0)]_[p(5, 2)_cs(1.0)_ws(1.0)]",player_e0eb51cd_actions,player_e0eb51cd,"['player_e0eb51cd', 'player_e0eb51cd', 'player_e0eb51cd', 'player_e0eb51cd', 'player_538ed9cd', 'player_538ed9cd', 'player_e0eb51cd', 'player_e0eb51cd', 'player_e0eb51cd', 'player_e0eb51cd', 'player_e0eb51cd', 'player_e0eb51cd']",,,False
1965,tomato_cut,assemble salad,Counter_35,Counter,35,assemble salad,player_e0eb51cd,baseline_division_of_labor,5393cbdaa920196d,1721.5336728885038,15.999999999999318,4.0,0.0,3.0,1.0,1.0,"(2, 2)","[p(2, 2)_cs(1.0)_ws(1.0)]_[p(5, 2)_cs(1.0)_ws(1.0)]",player_e0eb51cd_actions,player_e0eb51cd,['player_e0eb51cd'],"['player_e0eb51cd', 'player_e0eb51cd', 'player_e0eb51cd', 'player_e0eb51cd', 'player_538ed9cd', 'player_538ed9cd', 'player_e0eb51cd', 'player_e0eb51cd', 'player_e0eb51cd', 'player_e0eb51cd', 'player_e0eb51cd', 'player_e0eb51cd', 'player_e0eb51cd']",['player_e0eb51cd'],False
1981,tomato_salad,pick up,Counter_35,Counter,35,pick up tomato_salad from counter,player_e0eb51cd,baseline_division_of_labor,5393cbdaa920196d,1721.5336728885038,0.0,4.0,0.0,3.0,1.0,1.0,"(2, 2)","[p(2, 2)_cs(1.0)_ws(1.0)]_[p(5, 2)_cs(1.0)_ws(1.0)]",player_e0eb51cd_actions,player_e0eb51cd,['player_e0eb51cd'],"['player_e0eb51cd', 'player_e0eb51cd', 'player_e0eb51cd', 'player_e0eb51cd', 'player_538ed9cd', 'player_538ed9cd', 'player_e0eb51cd', 'player_e0eb51cd', 'player_e0eb51cd', 'player_e0eb51cd', 'player_e0eb51cd', 'player_e0eb51cd', 'player_e0eb51cd']",['player_e0eb51cd'],False
2002,tomato_salad,deliver,Delivery_64,Delivery,64,deliver tomato_salad,player_e0eb51cd,baseline_division_of_labor,5393cbdaa920196d,1744.1610898864728,22.62741699796902,5.0,1.0,4.0,1.0,1.0,"(2, 2)","[p(2, 2)_cs(1.0)_ws(1.0)]_[p(5, 2)_cs(1.0)_ws(1.0)]",player_e0eb51cd_actions,player_e0eb51cd,"['player_e0eb51cd', 'player_e0eb51cd']","['player_e0eb51cd', 'player_e0eb51cd', 'player_e0eb51cd', 'player_e0eb51cd', 'player_538ed9cd', 'player_538ed9cd', 'player_e0eb51cd', 'player_e0eb51cd', 'player_e0eb51cd', 'player_e0eb51cd', 'player_e0eb51cd', 'player_e0eb51cd', 'player_e0eb51cd']",['player_e0eb51cd'],
2038,tomato,pick up,Dispenser_50,Dispenser,50,pick up tomato from dispenser,player_538ed9cd,baseline_division_of_labor,5393cbdaa920196d,1238.726682262563,31.999999999998863,5.0,0.0,1.0,1.0,1.0,"(5, 2)","[p(2, 2)_cs(1.0)_ws(1.0)]_[p(5, 2)_cs(1.0)_ws(1.0)]",player_538ed9cd_actions,,[],,,
2050,tomato,pick up,Dispenser_40,Dispenser,40,pick up tomato from dispenser,player_e0eb51cd,baseline_division_of_labor,5393cbdaa920196d,1798.5804615297202,54.41937164324736,5.0,0.0,4.0,1.0,1.0,"(2, 2)","[p(2, 2)_cs(1.0)_ws(1.0)]_[p(5, 2)_cs(1.0)_ws(1.0)]",player_e0eb51cd_actions,,[],,,
2081,tomato,start cutting,CuttingBoard_20,CuttingBoard,20,start cutting tomato,player_e0eb51cd,baseline_division_of_labor,5393cbdaa920196d,1830.5804615297193,31.99999999999909,5.0,0.0,4.0,1.0,1.0,"(2, 2)","[p(2, 2)_cs(1.0)_ws(1.0)]_[p(5, 2)_cs(1.0)_ws(1.0)]",player_e0eb51cd_actions,player_e0eb51cd,['player_e0eb51cd'],,,
2096,tomato,start cutting,CuttingBoard_10,CuttingBoard,10,start cutting tomato,player_538ed9cd,baseline_division_of_labor,5393cbdaa920196d,1302.7266822625609,63.999999999997954,5.0,0.0,1.0,1.0,1.0,"(5, 2)","[p(2, 2)_cs(1.0)_ws(1.0)]_[p(5, 2)_cs(1.0)_ws(1.0)]",player_538ed9cd_actions,player_538ed9cd,['player_538ed9cd'],,,
2121,tomato_cut,pick up,CuttingBoard_20,CuttingBoard,20,pick up tomato_cut from cuttingboard,player_e0eb51cd,baseline_division_of_labor,5393cbdaa920196d,1830.5804615297193,0.0,5.0,0.0,4.0,1.0,1.0,"(2, 2)","[p(2, 2)_cs(1.0)_ws(1.0)]_[p(5, 2)_cs(1.0)_ws(1.0)]",player_e0eb51cd_actions,player_e0eb51cd,['player_e0eb51cd'],,,False
2147,tomato_cut,assemble salad,Counter_32,Counter,32,assemble salad,player_e0eb51cd,baseline_division_of_labor,5393cbdaa920196d,1846.5804615297188,15.999999999999543,5.0,0.0,4.0,1.0,1.0,"(2, 2)","[p(2, 2)_cs(1.0)_ws(1.0)]_[p(5, 2)_cs(1.0)_ws(1.0)]",player_e0eb51cd_actions,player_e0eb51cd,['player_e0eb51cd'],"['player_e0eb51cd', 'player_e0eb51cd']","['player_e0eb51cd', 'player_e0eb51cd', 'player_e0eb51cd', 'player_e0eb51cd', 'player_538ed9cd', 'player_538ed9cd', 'player_e0eb51cd', 'player_e0eb51cd', 'player_e0eb51cd', 'player_e0eb51cd', 'player_e0eb51cd', 'player_e0eb51cd']",False
