{"agents": {"player_e0eb51cd": {"initial_state": {"agent_id": "player_e0eb51cd", "x": 40, "y": 40, "item": null, "url_params": {"gameType": ["tomatoSaladOnly"], "PROLIFIC_PID": ["5dcfaad2dd9a740c2493fc28"], "map": ["baseline_division_of_labor"], "cutting_speed_p1": ["1"], "walking_speed_p1": ["1"], "cutting_speed_p2": ["1"], "walking_speed_p2": ["1"], "slot_x_p1": ["2"], "slot_y_p1": ["2"], "slot_x_p2": ["5"], "slot_y_p2": ["2"], "EIO": ["4"], "transport": ["polling"], "t": ["PZxzpKG"]}, "cut_speed": 1.0, "walk_speed": 30.0, "player_nr": 1}, "player_score": 4.0, "total_actions": 58, "first_action_tick": 101, "last_action_tick": 2147}, "player_538ed9cd": {"initial_state": {"agent_id": "player_538ed9cd", "x": 88, "y": 40, "item": null, "url_params": {"gameType": ["tomatoSaladOnly"], "PROLIFIC_PID": ["6722791fac231101f4a89c8d"], "map": ["baseline_division_of_labor"], "cutting_speed_p1": ["1"], "walking_speed_p1": ["1"], "cutting_speed_p2": ["1"], "walking_speed_p2": ["1"], "slot_x_p1": ["2"], "slot_y_p1": ["2"], "slot_x_p2": ["5"], "slot_y_p2": ["2"], "EIO": ["4"], "transport": ["polling"], "t": ["PZxzqo8"]}, "cut_speed": 1.0, "walk_speed": 30.0, "player_nr": 2}, "player_score": 1.0, "total_actions": 30, "first_action_tick": 44, "last_action_tick": 2096}}, "map_name": "baseline_division_of_labor", "final_score": 5.0}