{"agents": {"player_b8e57e26": {"initial_state": {"agent_id": "player_b8e57e26", "x": 40, "y": 40, "item": null, "url_params": {"gameType": ["tomatoSaladOnly"], "PROLIFIC_PID": ["60fd0c7f3feef315172385cf"], "map": ["baseline_division_of_labor"], "cutting_speed_p1": ["1"], "walking_speed_p1": ["0.2"], "cutting_speed_p2": ["0.2"], "walking_speed_p2": ["1"], "slot_x_p1": ["2"], "slot_y_p1": ["2"], "slot_x_p2": ["5"], "slot_y_p2": ["2"], "EIO": ["4"], "transport": ["polling"], "t": ["PZzfYae"]}, "cut_speed": 1.0, "walk_speed": 6.0, "player_nr": 1}, "player_score": 2.0, "total_actions": 16, "first_action_tick": 185, "last_action_tick": 2134}, "player_62c848c1": {"initial_state": {"agent_id": "player_62c848c1", "x": 88, "y": 40, "item": null, "url_params": {"gameType": ["tomatoSaladOnly"], "PROLIFIC_PID": ["663a5e7b72d99b16c6900273"], "map": ["baseline_division_of_labor"], "cutting_speed_p1": ["1"], "walking_speed_p1": ["0.2"], "cutting_speed_p2": ["0.2"], "walking_speed_p2": ["1"], "slot_x_p1": ["2"], "slot_y_p1": ["2"], "slot_x_p2": ["5"], "slot_y_p2": ["2"], "EIO": ["4"], "transport": ["polling"], "t": ["PZzfaPO"]}, "cut_speed": 0.2, "walk_speed": 30.0, "player_nr": 2}, "player_score": 3.0, "total_actions": 36, "first_action_tick": 64, "last_action_tick": 2040}}, "map_name": "baseline_division_of_labor", "final_score": 5.0}