tick,item,action,target,target_type,target_position,action_long,player_id,map_name,game_id,distance_walked,distance_walked_since_last_action,overall_score,player_score_change,player_score,walking_speed,cutting_speed,start_pos,condition
185,tomato,pick up,Dispenser_40,Dispenser,40,pick up tomato from dispenser,player_b8e57e26,baseline_division_of_labor,b5c37c381c70e563,38.51454639532428,0.0,0.0,0.0,0.0,0.2,1.0,"(2, 2)","[p(2, 2)_cs(1.0)_ws(0.2)]_[p(5, 2)_cs(0.2)_ws(1.0)]"
312,tomato,start cutting,CuttingBoard_10,CuttingBoard,10,start cutting tomato,player_b8e57e26,baseline_division_of_labor,b5c37c381c70e563,86.51454639532429,48.00000000000001,0.0,0.0,0.0,0.2,1.0,"(2, 2)","[p(2, 2)_cs(1.0)_ws(0.2)]_[p(5, 2)_cs(0.2)_ws(1.0)]"
465,tomato_cut,pick up,CuttingBoard_10,CuttingBoard,10,pick up tomato_cut from cuttingboard,player_b8e57e26,baseline_division_of_labor,b5c37c381c70e563,129.1540828723346,42.639536477010324,0.0,0.0,0.0,0.2,1.0,"(2, 2)","[p(2, 2)_cs(1.0)_ws(0.2)]_[p(5, 2)_cs(0.2)_ws(1.0)]"
552,tomato_cut,put down,Counter_32,Counter,32,put down tomato_cut on counter,player_b8e57e26,baseline_division_of_labor,b5c37c381c70e563,151.78149987030375,22.627416997969135,0.0,0.0,0.0,0.2,1.0,"(2, 2)","[p(2, 2)_cs(1.0)_ws(0.2)]_[p(5, 2)_cs(0.2)_ws(1.0)]"
621,tomato_salad,pick up,Counter_32,Counter,32,pick up tomato_salad from counter,player_b8e57e26,baseline_division_of_labor,b5c37c381c70e563,174.40891686827288,22.627416997969135,1.0,0.0,0.0,0.2,1.0,"(2, 2)","[p(2, 2)_cs(1.0)_ws(0.2)]_[p(5, 2)_cs(0.2)_ws(1.0)]"
767,tomato_salad,deliver,Delivery_64,Delivery,64,deliver tomato_salad,player_b8e57e26,baseline_division_of_labor,b5c37c381c70e563,235.46527756823218,61.0563606999593,2.0,1.0,1.0,0.2,1.0,"(2, 2)","[p(2, 2)_cs(1.0)_ws(0.2)]_[p(5, 2)_cs(0.2)_ws(1.0)]"
884,tomato,pick up,Dispenser_50,Dispenser,50,pick up tomato from dispenser,player_b8e57e26,baseline_division_of_labor,b5c37c381c70e563,283.46527756823093,47.99999999999875,2.0,0.0,1.0,0.2,1.0,"(2, 2)","[p(2, 2)_cs(1.0)_ws(0.2)]_[p(5, 2)_cs(0.2)_ws(1.0)]"
1024,tomato,start cutting,CuttingBoard_10,CuttingBoard,10,start cutting tomato,player_b8e57e26,baseline_division_of_labor,b5c37c381c70e563,347.4652775682289,63.999999999997954,2.0,0.0,1.0,0.2,1.0,"(2, 2)","[p(2, 2)_cs(1.0)_ws(0.2)]_[p(5, 2)_cs(0.2)_ws(1.0)]"
1198,tomato_cut,pick up,CuttingBoard_10,CuttingBoard,10,pick up tomato_cut from cuttingboard,player_b8e57e26,baseline_division_of_labor,b5c37c381c70e563,413.3804653071574,65.91518773892852,2.0,0.0,1.0,0.2,1.0,"(2, 2)","[p(2, 2)_cs(1.0)_ws(0.2)]_[p(5, 2)_cs(0.2)_ws(1.0)]"
1393,tomato_cut,put down,Counter_34,Counter,34,put down tomato_cut on counter,player_b8e57e26,baseline_division_of_labor,b5c37c381c70e563,493.9138314262178,80.53336611906042,3.0,0.0,1.0,0.2,1.0,"(2, 2)","[p(2, 2)_cs(1.0)_ws(0.2)]_[p(5, 2)_cs(0.2)_ws(1.0)]"
1619,plate,pick up,Dispenser_60,Dispenser,60,pick up plate from dispenser,player_b8e57e26,baseline_division_of_labor,b5c37c381c70e563,596.3288783495449,102.41504692332705,4.0,0.0,1.0,0.2,1.0,"(2, 2)","[p(2, 2)_cs(1.0)_ws(0.2)]_[p(5, 2)_cs(0.2)_ws(1.0)]"
1766,plate,assemble salad,Counter_34,Counter,34,assemble salad,player_b8e57e26,baseline_division_of_labor,b5c37c381c70e563,657.3852390495028,61.05636069995796,4.0,0.0,1.0,0.2,1.0,"(2, 2)","[p(2, 2)_cs(1.0)_ws(0.2)]_[p(5, 2)_cs(0.2)_ws(1.0)]"
1799,tomato_salad,pick up,Counter_34,Counter,34,pick up tomato_salad from counter,player_b8e57e26,baseline_division_of_labor,b5c37c381c70e563,657.3852390495028,0.0,4.0,0.0,1.0,0.2,1.0,"(2, 2)","[p(2, 2)_cs(1.0)_ws(0.2)]_[p(5, 2)_cs(0.2)_ws(1.0)]"
1847,tomato_salad,deliver,Delivery_64,Delivery,64,deliver tomato_salad,player_b8e57e26,baseline_division_of_labor,b5c37c381c70e563,673.3852390495028,16.0,5.0,1.0,2.0,0.2,1.0,"(2, 2)","[p(2, 2)_cs(1.0)_ws(0.2)]_[p(5, 2)_cs(0.2)_ws(1.0)]"
1961,tomato,pick up,Dispenser_50,Dispenser,50,pick up tomato from dispenser,player_b8e57e26,baseline_division_of_labor,b5c37c381c70e563,721.3852390495008,47.999999999997954,5.0,0.0,2.0,0.2,1.0,"(2, 2)","[p(2, 2)_cs(1.0)_ws(0.2)]_[p(5, 2)_cs(0.2)_ws(1.0)]"
2134,tomato,start cutting,CuttingBoard_20,CuttingBoard,20,start cutting tomato,player_b8e57e26,baseline_division_of_labor,b5c37c381c70e563,769.3852390494994,47.999999999998636,5.0,0.0,2.0,0.2,1.0,"(2, 2)","[p(2, 2)_cs(1.0)_ws(0.2)]_[p(5, 2)_cs(0.2)_ws(1.0)]"
