tick,item,action,target,target_type,target_position,action_long,player_id,map_name,game_id,distance_walked,distance_walked_since_last_action,overall_score,player_score_change,player_score,walking_speed,cutting_speed,start_pos,condition,source,last_touched,touched_list,tomato_history,plate_history,is_exchange_collaboration
78,tomato,pick up,Dispenser_40,Dispenser,40,pick up tomato from dispenser,player_78b2b6b4,baseline_division_of_labor,4a4fa07e8658f329,22.62741699796952,0.0,0.0,0.0,0.0,1.0,0.5,"(5, 2)","[p(2, 2)_cs(1.0)_ws(0.5)]_[p(5, 2)_cs(0.5)_ws(1.0)]",player_78b2b6b4_actions,,[],,,
86,tomato,pick up,Dispenser_40,Dispenser,40,pick up tomato from dispenser,player_203bcc0e,baseline_division_of_labor,4a4fa07e8658f329,38.509231746308544,0.0,0.0,0.0,0.0,0.5,1.0,"(2, 2)","[p(2, 2)_cs(1.0)_ws(0.5)]_[p(5, 2)_cs(0.5)_ws(1.0)]",player_203bcc0e_actions,,[],,,
118,tomato,start cutting,CuttingBoard_20,CuttingBoard,20,start cutting tomato,player_78b2b6b4,baseline_division_of_labor,4a4fa07e8658f329,54.62741699796952,32.0,0.0,0.0,0.0,1.0,0.5,"(5, 2)","[p(2, 2)_cs(1.0)_ws(0.5)]_[p(5, 2)_cs(0.5)_ws(1.0)]",player_78b2b6b4_actions,player_78b2b6b4,['player_78b2b6b4'],,,
160,tomato,start cutting,CuttingBoard_10,CuttingBoard,10,start cutting tomato,player_203bcc0e,baseline_division_of_labor,4a4fa07e8658f329,86.50923174630854,48.0,0.0,0.0,0.0,0.5,1.0,"(2, 2)","[p(2, 2)_cs(1.0)_ws(0.5)]_[p(5, 2)_cs(0.5)_ws(1.0)]",player_203bcc0e_actions,player_203bcc0e,['player_203bcc0e'],,,
182,plate,pick up,Dispenser_71,Dispenser,71,pick up plate from dispenser,player_78b2b6b4,baseline_division_of_labor,4a4fa07e8658f329,118.62741699796952,64.0,0.0,0.0,0.0,1.0,0.5,"(5, 2)","[p(2, 2)_cs(1.0)_ws(0.5)]_[p(5, 2)_cs(0.5)_ws(1.0)]",player_78b2b6b4_actions,,[],,,
214,plate,put down,Counter_32,Counter,32,put down plate on counter,player_78b2b6b4,baseline_division_of_labor,4a4fa07e8658f329,157.0344796647345,38.407062666764986,0.0,0.0,0.0,1.0,0.5,"(5, 2)","[p(2, 2)_cs(1.0)_ws(0.5)]_[p(5, 2)_cs(0.5)_ws(1.0)]",player_78b2b6b4_actions,player_78b2b6b4,['player_78b2b6b4'],,,
253,plate,pick up,Dispenser_60,Dispenser,60,pick up plate from dispenser,player_203bcc0e,baseline_division_of_labor,4a4fa07e8658f329,166.50923174630856,80.00000000000001,0.0,0.0,0.0,0.5,1.0,"(2, 2)","[p(2, 2)_cs(1.0)_ws(0.5)]_[p(5, 2)_cs(0.5)_ws(1.0)]",player_203bcc0e_actions,,[],,,
301,plate,pick up,Counter_32,Counter,32,pick up plate from counter,player_78b2b6b4,baseline_division_of_labor,4a4fa07e8658f329,211.54140638963105,54.506926724896545,0.0,0.0,0.0,1.0,0.5,"(5, 2)","[p(2, 2)_cs(1.0)_ws(0.5)]_[p(5, 2)_cs(0.5)_ws(1.0)]",player_78b2b6b4_actions,player_78b2b6b4,['player_78b2b6b4'],,,False
331,plate,put down,Counter_32,Counter,32,put down plate on counter,player_78b2b6b4,baseline_division_of_labor,4a4fa07e8658f329,211.54140638963105,0.0,0.0,0.0,0.0,1.0,0.5,"(5, 2)","[p(2, 2)_cs(1.0)_ws(0.5)]_[p(5, 2)_cs(0.5)_ws(1.0)]",player_78b2b6b4_actions,player_78b2b6b4,"['player_78b2b6b4', 'player_78b2b6b4']",,,
337,plate,put down,Counter_01,Counter,1,put down plate on counter,player_203bcc0e,baseline_division_of_labor,4a4fa07e8658f329,246.5092317463086,80.00000000000006,0.0,0.0,0.0,0.5,1.0,"(2, 2)","[p(2, 2)_cs(1.0)_ws(0.5)]_[p(5, 2)_cs(0.5)_ws(1.0)]",player_203bcc0e_actions,player_203bcc0e,['player_203bcc0e'],,,
340,plate,pick up,Counter_32,Counter,32,pick up plate from counter,player_78b2b6b4,baseline_division_of_labor,4a4fa07e8658f329,211.54140638963105,0.0,0.0,0.0,0.0,1.0,0.5,"(5, 2)","[p(2, 2)_cs(1.0)_ws(0.5)]_[p(5, 2)_cs(0.5)_ws(1.0)]",player_78b2b6b4_actions,player_78b2b6b4,"['player_78b2b6b4', 'player_78b2b6b4']",,,False
385,tomato_cut,pick up,CuttingBoard_10,CuttingBoard,10,pick up tomato_cut from cuttingboard,player_203bcc0e,baseline_division_of_labor,4a4fa07e8658f329,246.5092317463086,0.0,0.0,0.0,0.0,0.5,1.0,"(2, 2)","[p(2, 2)_cs(1.0)_ws(0.5)]_[p(5, 2)_cs(0.5)_ws(1.0)]",player_203bcc0e_actions,player_203bcc0e,['player_203bcc0e'],,,False
391,tomato_cut,assemble salad,Counter_01,Counter,1,assemble salad,player_203bcc0e,baseline_division_of_labor,4a4fa07e8658f329,246.5092317463086,0.0,0.0,0.0,0.0,0.5,1.0,"(2, 2)","[p(2, 2)_cs(1.0)_ws(0.5)]_[p(5, 2)_cs(0.5)_ws(1.0)]",player_203bcc0e_actions,player_203bcc0e,['player_203bcc0e'],"['player_203bcc0e', 'player_203bcc0e']",['player_203bcc0e'],False
394,plate,put down,Counter_32,Counter,32,put down plate on counter,player_78b2b6b4,baseline_division_of_labor,4a4fa07e8658f329,243.54140638963105,32.0,0.0,0.0,0.0,1.0,0.5,"(5, 2)","[p(2, 2)_cs(1.0)_ws(0.5)]_[p(5, 2)_cs(0.5)_ws(1.0)]",player_78b2b6b4_actions,player_78b2b6b4,"['player_78b2b6b4', 'player_78b2b6b4', 'player_78b2b6b4']",,,
412,tomato_salad,pick up,Counter_01,Counter,1,pick up tomato_salad from counter,player_203bcc0e,baseline_division_of_labor,4a4fa07e8658f329,246.5092317463086,0.0,0.0,0.0,0.0,0.5,1.0,"(2, 2)","[p(2, 2)_cs(1.0)_ws(0.5)]_[p(5, 2)_cs(0.5)_ws(1.0)]",player_203bcc0e_actions,player_203bcc0e,['player_203bcc0e'],"['player_203bcc0e', 'player_203bcc0e']",['player_203bcc0e'],False
463,tomato_cut,pick up,CuttingBoard_20,CuttingBoard,20,pick up tomato_cut from cuttingboard,player_78b2b6b4,baseline_division_of_labor,4a4fa07e8658f329,259.54140638963105,16.0,0.0,0.0,0.0,1.0,0.5,"(5, 2)","[p(2, 2)_cs(1.0)_ws(0.5)]_[p(5, 2)_cs(0.5)_ws(1.0)]",player_78b2b6b4_actions,player_78b2b6b4,['player_78b2b6b4'],,,False
488,tomato_salad,deliver,Delivery_63,Delivery,63,deliver tomato_salad,player_203bcc0e,baseline_division_of_labor,4a4fa07e8658f329,323.6136473928182,77.10441564650961,1.0,1.0,1.0,0.5,1.0,"(2, 2)","[p(2, 2)_cs(1.0)_ws(0.5)]_[p(5, 2)_cs(0.5)_ws(1.0)]",player_203bcc0e_actions,player_203bcc0e,"['player_203bcc0e', 'player_203bcc0e']","['player_203bcc0e', 'player_203bcc0e']",['player_203bcc0e'],
490,tomato_cut,assemble salad,Counter_32,Counter,32,assemble salad,player_78b2b6b4,baseline_division_of_labor,4a4fa07e8658f329,275.54140638963116,16.000000000000114,1.0,0.0,0.0,1.0,0.5,"(5, 2)","[p(2, 2)_cs(1.0)_ws(0.5)]_[p(5, 2)_cs(0.5)_ws(1.0)]",player_78b2b6b4_actions,player_78b2b6b4,['player_78b2b6b4'],"['player_78b2b6b4', 'player_78b2b6b4']","['player_78b2b6b4', 'player_78b2b6b4', 'player_78b2b6b4']",False
523,tomato_salad,pick up,Counter_32,Counter,32,pick up tomato_salad from counter,player_78b2b6b4,baseline_division_of_labor,4a4fa07e8658f329,275.54140638963116,0.0,1.0,0.0,0.0,1.0,0.5,"(5, 2)","[p(2, 2)_cs(1.0)_ws(0.5)]_[p(5, 2)_cs(0.5)_ws(1.0)]",player_78b2b6b4_actions,player_78b2b6b4,['player_78b2b6b4'],"['player_78b2b6b4', 'player_78b2b6b4']","['player_78b2b6b4', 'player_78b2b6b4', 'player_78b2b6b4']",False
547,tomato,pick up,Dispenser_40,Dispenser,40,pick up tomato from dispenser,player_203bcc0e,baseline_division_of_labor,4a4fa07e8658f329,362.0968704785903,38.48322308577207,1.0,0.0,1.0,0.5,1.0,"(2, 2)","[p(2, 2)_cs(1.0)_ws(0.5)]_[p(5, 2)_cs(0.5)_ws(1.0)]",player_203bcc0e_actions,,[],,,
561,tomato_salad,deliver,Delivery_63,Delivery,63,deliver tomato_salad,player_78b2b6b4,baseline_division_of_labor,4a4fa07e8658f329,320.79624038557006,45.254833995938895,2.0,1.0,1.0,1.0,0.5,"(5, 2)","[p(2, 2)_cs(1.0)_ws(0.5)]_[p(5, 2)_cs(0.5)_ws(1.0)]",player_78b2b6b4_actions,player_78b2b6b4,"['player_78b2b6b4', 'player_78b2b6b4']","['player_78b2b6b4', 'player_78b2b6b4']","['player_78b2b6b4', 'player_78b2b6b4', 'player_78b2b6b4']",
590,tomato,start cutting,CuttingBoard_20,CuttingBoard,20,start cutting tomato,player_203bcc0e,baseline_division_of_labor,4a4fa07e8658f329,394.0968704785903,32.0,2.0,0.0,1.0,0.5,1.0,"(2, 2)","[p(2, 2)_cs(1.0)_ws(0.5)]_[p(5, 2)_cs(0.5)_ws(1.0)]",player_203bcc0e_actions,player_203bcc0e,['player_203bcc0e'],,,
595,plate,pick up,Dispenser_71,Dispenser,71,pick up plate from dispenser,player_78b2b6b4,baseline_division_of_labor,4a4fa07e8658f329,359.2075002255962,38.41125984002616,2.0,0.0,1.0,1.0,0.5,"(5, 2)","[p(2, 2)_cs(1.0)_ws(0.5)]_[p(5, 2)_cs(0.5)_ws(1.0)]",player_78b2b6b4_actions,,[],,,
625,plate,put down,Counter_32,Counter,32,put down plate on counter,player_78b2b6b4,baseline_division_of_labor,4a4fa07e8658f329,397.6145628923612,38.407062666765,2.0,0.0,1.0,1.0,0.5,"(5, 2)","[p(2, 2)_cs(1.0)_ws(0.5)]_[p(5, 2)_cs(0.5)_ws(1.0)]",player_78b2b6b4_actions,player_78b2b6b4,['player_78b2b6b4'],,,
629,tomato,pick up,Dispenser_40,Dispenser,40,pick up tomato from dispenser,player_203bcc0e,baseline_division_of_labor,4a4fa07e8658f329,426.0968704785903,32.0,2.0,0.0,1.0,0.5,1.0,"(2, 2)","[p(2, 2)_cs(1.0)_ws(0.5)]_[p(5, 2)_cs(0.5)_ws(1.0)]",player_203bcc0e_actions,,[],,,
658,tomato,pick up,Dispenser_40,Dispenser,40,pick up tomato from dispenser,player_78b2b6b4,baseline_division_of_labor,4a4fa07e8658f329,413.61456289236133,16.000000000000114,2.0,0.0,1.0,1.0,0.5,"(5, 2)","[p(2, 2)_cs(1.0)_ws(0.5)]_[p(5, 2)_cs(0.5)_ws(1.0)]",player_78b2b6b4_actions,,[],,,
682,tomato,start cutting,CuttingBoard_10,CuttingBoard,10,start cutting tomato,player_203bcc0e,baseline_division_of_labor,4a4fa07e8658f329,474.09687047859035,48.00000000000006,2.0,0.0,1.0,0.5,1.0,"(2, 2)","[p(2, 2)_cs(1.0)_ws(0.5)]_[p(5, 2)_cs(0.5)_ws(1.0)]",player_203bcc0e_actions,player_203bcc0e,['player_203bcc0e'],,,
763,tomato,put down,Counter_32,Counter,32,put down tomato on counter,player_78b2b6b4,baseline_division_of_labor,4a4fa07e8658f329,461.6145628923617,48.00000000000034,2.0,0.0,1.0,1.0,0.5,"(5, 2)","[p(2, 2)_cs(1.0)_ws(0.5)]_[p(5, 2)_cs(0.5)_ws(1.0)]",player_78b2b6b4_actions,player_78b2b6b4,['player_78b2b6b4'],,,
763,plate,pick up,Counter_32,Counter,32,pick up plate from counter,player_78b2b6b4,baseline_division_of_labor,4a4fa07e8658f329,461.6145628923617,0.0,2.0,0.0,1.0,1.0,0.5,"(5, 2)","[p(2, 2)_cs(1.0)_ws(0.5)]_[p(5, 2)_cs(0.5)_ws(1.0)]",player_78b2b6b4_actions,player_78b2b6b4,['player_78b2b6b4'],,,False
765,tomato_cut,pick up,CuttingBoard_10,CuttingBoard,10,pick up tomato_cut from cuttingboard,player_203bcc0e,baseline_division_of_labor,4a4fa07e8658f329,504.09687047858625,29.999999999995907,2.0,0.0,1.0,0.5,1.0,"(2, 2)","[p(2, 2)_cs(1.0)_ws(0.5)]_[p(5, 2)_cs(0.5)_ws(1.0)]",player_203bcc0e_actions,player_203bcc0e,['player_203bcc0e'],,,False
820,plate,put down,Counter_33,Counter,33,put down plate on counter,player_78b2b6b4,baseline_division_of_labor,4a4fa07e8658f329,509.6145628923621,48.0000000000004,2.0,0.0,1.0,1.0,0.5,"(5, 2)","[p(2, 2)_cs(1.0)_ws(0.5)]_[p(5, 2)_cs(0.5)_ws(1.0)]",player_78b2b6b4_actions,player_78b2b6b4,"['player_78b2b6b4', 'player_78b2b6b4']",,,
868,tomato_cut,assemble salad,Counter_33,Counter,33,assemble salad,player_203bcc0e,baseline_division_of_labor,4a4fa07e8658f329,542.5800935643574,38.48322308577116,2.0,0.0,1.0,0.5,1.0,"(2, 2)","[p(2, 2)_cs(1.0)_ws(0.5)]_[p(5, 2)_cs(0.5)_ws(1.0)]",player_203bcc0e_actions,player_78b2b6b4,['player_203bcc0e'],"['player_203bcc0e', 'player_203bcc0e']","['player_78b2b6b4', 'player_78b2b6b4']",True
898,tomato_salad,pick up,Counter_33,Counter,33,pick up tomato_salad from counter,player_203bcc0e,baseline_division_of_labor,4a4fa07e8658f329,542.5800935643574,0.0,2.0,0.0,1.0,0.5,1.0,"(2, 2)","[p(2, 2)_cs(1.0)_ws(0.5)]_[p(5, 2)_cs(0.5)_ws(1.0)]",player_203bcc0e_actions,player_203bcc0e,['player_203bcc0e'],"['player_203bcc0e', 'player_203bcc0e']","['player_78b2b6b4', 'player_78b2b6b4']",False
941,plate,pick up,Dispenser_71,Dispenser,71,pick up plate from dispenser,player_78b2b6b4,baseline_division_of_labor,4a4fa07e8658f329,605.6145628923626,96.00000000000055,2.0,0.0,1.0,1.0,0.5,"(5, 2)","[p(2, 2)_cs(1.0)_ws(0.5)]_[p(5, 2)_cs(0.5)_ws(1.0)]",player_78b2b6b4_actions,,[],,,
970,tomato_salad,deliver,Delivery_63,Delivery,63,deliver tomato_salad,player_203bcc0e,baseline_division_of_labor,4a4fa07e8658f329,625.7188686432426,83.13877507888515,3.0,1.0,2.0,0.5,1.0,"(2, 2)","[p(2, 2)_cs(1.0)_ws(0.5)]_[p(5, 2)_cs(0.5)_ws(1.0)]",player_203bcc0e_actions,player_203bcc0e,"['player_203bcc0e', 'player_203bcc0e']","['player_203bcc0e', 'player_203bcc0e']","['player_78b2b6b4', 'player_78b2b6b4']",
995,plate,put down,Counter_01,Counter,1,put down plate on counter,player_78b2b6b4,baseline_division_of_labor,4a4fa07e8658f329,685.6145628923631,80.00000000000045,3.0,0.0,1.0,1.0,0.5,"(5, 2)","[p(2, 2)_cs(1.0)_ws(0.5)]_[p(5, 2)_cs(0.5)_ws(1.0)]",player_78b2b6b4_actions,player_78b2b6b4,['player_78b2b6b4'],,,
1011,tomato,pick up,Counter_32,Counter,32,pick up tomato from counter,player_203bcc0e,baseline_division_of_labor,4a4fa07e8658f329,648.3462856412115,22.627416997968908,3.0,0.0,2.0,0.5,1.0,"(2, 2)","[p(2, 2)_cs(1.0)_ws(0.5)]_[p(5, 2)_cs(0.5)_ws(1.0)]",player_203bcc0e_actions,player_203bcc0e,['player_203bcc0e'],"['player_203bcc0e', 'player_203bcc0e']","['player_78b2b6b4', 'player_78b2b6b4']",False
1018,tomato_cut,pick up,CuttingBoard_20,CuttingBoard,20,pick up tomato_cut from cuttingboard,player_78b2b6b4,baseline_division_of_labor,4a4fa07e8658f329,701.6145628923632,16.000000000000114,3.0,0.0,1.0,1.0,0.5,"(5, 2)","[p(2, 2)_cs(1.0)_ws(0.5)]_[p(5, 2)_cs(0.5)_ws(1.0)]",player_78b2b6b4_actions,player_203bcc0e,['player_203bcc0e'],,,True
1042,tomato_cut,assemble salad,Counter_01,Counter,1,assemble salad,player_78b2b6b4,baseline_division_of_labor,4a4fa07e8658f329,717.6145628923634,16.000000000000227,3.0,0.0,1.0,1.0,0.5,"(5, 2)","[p(2, 2)_cs(1.0)_ws(0.5)]_[p(5, 2)_cs(0.5)_ws(1.0)]",player_78b2b6b4_actions,player_78b2b6b4,['player_78b2b6b4'],"['player_203bcc0e', 'player_78b2b6b4']",['player_78b2b6b4'],False
1057,tomato,start cutting,CuttingBoard_20,CuttingBoard,20,start cutting tomato,player_203bcc0e,baseline_division_of_labor,4a4fa07e8658f329,686.8555173875191,38.50923174630759,3.0,0.0,2.0,0.5,1.0,"(2, 2)","[p(2, 2)_cs(1.0)_ws(0.5)]_[p(5, 2)_cs(0.5)_ws(1.0)]",player_203bcc0e_actions,player_203bcc0e,"['player_203bcc0e', 'player_203bcc0e']","['player_203bcc0e', 'player_203bcc0e']","['player_78b2b6b4', 'player_78b2b6b4']",
1069,tomato_salad,pick up,Counter_01,Counter,1,pick up tomato_salad from counter,player_78b2b6b4,baseline_division_of_labor,4a4fa07e8658f329,717.6145628923634,0.0,3.0,0.0,1.0,1.0,0.5,"(5, 2)","[p(2, 2)_cs(1.0)_ws(0.5)]_[p(5, 2)_cs(0.5)_ws(1.0)]",player_78b2b6b4_actions,player_78b2b6b4,['player_78b2b6b4'],"['player_203bcc0e', 'player_78b2b6b4']",['player_78b2b6b4'],False
1114,tomato_salad,deliver,Delivery_63,Delivery,63,deliver tomato_salad,player_78b2b6b4,baseline_division_of_labor,4a4fa07e8658f329,794.671726048482,77.05716315611858,4.0,1.0,2.0,1.0,0.5,"(5, 2)","[p(2, 2)_cs(1.0)_ws(0.5)]_[p(5, 2)_cs(0.5)_ws(1.0)]",player_78b2b6b4_actions,player_78b2b6b4,"['player_78b2b6b4', 'player_78b2b6b4']","['player_203bcc0e', 'player_78b2b6b4']",['player_78b2b6b4'],
1147,tomato,pick up,Dispenser_50,Dispenser,50,pick up tomato from dispenser,player_78b2b6b4,baseline_division_of_labor,4a4fa07e8658f329,826.6717260484824,32.00000000000034,4.0,0.0,2.0,1.0,0.5,"(5, 2)","[p(2, 2)_cs(1.0)_ws(0.5)]_[p(5, 2)_cs(0.5)_ws(1.0)]",player_78b2b6b4_actions,,[],,,
1153,plate,pick up,Dispenser_60,Dispenser,60,pick up plate from dispenser,player_203bcc0e,baseline_division_of_labor,4a4fa07e8658f329,750.8555173875161,63.99999999999704,4.0,0.0,2.0,0.5,1.0,"(2, 2)","[p(2, 2)_cs(1.0)_ws(0.5)]_[p(5, 2)_cs(0.5)_ws(1.0)]",player_203bcc0e_actions,,[],,,
1193,tomato,start cutting,CuttingBoard_10,CuttingBoard,10,start cutting tomato,player_78b2b6b4,baseline_division_of_labor,4a4fa07e8658f329,890.6717260484827,64.00000000000034,4.0,0.0,2.0,1.0,0.5,"(5, 2)","[p(2, 2)_cs(1.0)_ws(0.5)]_[p(5, 2)_cs(0.5)_ws(1.0)]",player_78b2b6b4_actions,player_78b2b6b4,['player_78b2b6b4'],,,
1201,plate,put down,Counter_32,Counter,32,put down plate on counter,player_203bcc0e,baseline_division_of_labor,4a4fa07e8658f329,789.3387404732881,38.48322308577201,4.0,0.0,2.0,0.5,1.0,"(2, 2)","[p(2, 2)_cs(1.0)_ws(0.5)]_[p(5, 2)_cs(0.5)_ws(1.0)]",player_203bcc0e_actions,player_203bcc0e,['player_203bcc0e'],,,
1250,plate,pick up,Dispenser_71,Dispenser,71,pick up plate from dispenser,player_78b2b6b4,baseline_division_of_labor,4a4fa07e8658f329,970.6717260484832,80.00000000000045,4.0,0.0,2.0,1.0,0.5,"(5, 2)","[p(2, 2)_cs(1.0)_ws(0.5)]_[p(5, 2)_cs(0.5)_ws(1.0)]",player_78b2b6b4_actions,,[],,,
1252,plate,pick up,Dispenser_60,Dispenser,60,pick up plate from dispenser,player_203bcc0e,baseline_division_of_labor,4a4fa07e8658f329,827.8219635590598,38.48322308577167,4.0,0.0,2.0,0.5,1.0,"(2, 2)","[p(2, 2)_cs(1.0)_ws(0.5)]_[p(5, 2)_cs(0.5)_ws(1.0)]",player_203bcc0e_actions,,[],,,
1305,plate,put down,Counter_33,Counter,33,put down plate on counter,player_203bcc0e,baseline_division_of_labor,4a4fa07e8658f329,873.0767975549976,45.254833995937815,4.0,0.0,2.0,0.5,1.0,"(2, 2)","[p(2, 2)_cs(1.0)_ws(0.5)]_[p(5, 2)_cs(0.5)_ws(1.0)]",player_203bcc0e_actions,player_203bcc0e,['player_203bcc0e'],,,
1310,plate,put down,Counter_01,Counter,1,put down plate on counter,player_78b2b6b4,baseline_division_of_labor,4a4fa07e8658f329,1050.6717260484825,79.99999999999932,4.0,0.0,2.0,1.0,0.5,"(5, 2)","[p(2, 2)_cs(1.0)_ws(0.5)]_[p(5, 2)_cs(0.5)_ws(1.0)]",player_78b2b6b4_actions,player_78b2b6b4,['player_78b2b6b4'],,,
1373,tomato_cut,pick up,CuttingBoard_20,CuttingBoard,20,pick up tomato_cut from cuttingboard,player_203bcc0e,baseline_division_of_labor,4a4fa07e8658f329,927.3949159509186,54.31811839592103,4.0,0.0,2.0,0.5,1.0,"(2, 2)","[p(2, 2)_cs(1.0)_ws(0.5)]_[p(5, 2)_cs(0.5)_ws(1.0)]",player_203bcc0e_actions,player_203bcc0e,"['player_203bcc0e', 'player_203bcc0e']","['player_203bcc0e', 'player_203bcc0e']","['player_78b2b6b4', 'player_78b2b6b4']",False
1390,tomato_cut,pick up,CuttingBoard_10,CuttingBoard,10,pick up tomato_cut from cuttingboard,player_78b2b6b4,baseline_division_of_labor,4a4fa07e8658f329,1050.6717260484825,0.0,4.0,0.0,2.0,1.0,0.5,"(5, 2)","[p(2, 2)_cs(1.0)_ws(0.5)]_[p(5, 2)_cs(0.5)_ws(1.0)]",player_78b2b6b4_actions,player_78b2b6b4,['player_78b2b6b4'],,,False
1402,tomato_cut,assemble salad,Counter_32,Counter,32,assemble salad,player_203bcc0e,baseline_division_of_labor,4a4fa07e8658f329,943.394915950918,15.999999999999318,4.0,0.0,2.0,0.5,1.0,"(2, 2)","[p(2, 2)_cs(1.0)_ws(0.5)]_[p(5, 2)_cs(0.5)_ws(1.0)]",player_203bcc0e_actions,player_203bcc0e,['player_203bcc0e'],"['player_203bcc0e', 'player_203bcc0e', 'player_203bcc0e']",['player_203bcc0e'],False
1405,tomato_cut,assemble salad,Counter_01,Counter,1,assemble salad,player_78b2b6b4,baseline_division_of_labor,4a4fa07e8658f329,1050.6717260484825,0.0,4.0,0.0,2.0,1.0,0.5,"(5, 2)","[p(2, 2)_cs(1.0)_ws(0.5)]_[p(5, 2)_cs(0.5)_ws(1.0)]",player_78b2b6b4_actions,player_78b2b6b4,['player_78b2b6b4'],"['player_78b2b6b4', 'player_78b2b6b4']",['player_78b2b6b4'],False
1414,tomato_salad,pick up,Counter_01,Counter,1,pick up tomato_salad from counter,player_78b2b6b4,baseline_division_of_labor,4a4fa07e8658f329,1050.6717260484825,0.0,4.0,0.0,2.0,1.0,0.5,"(5, 2)","[p(2, 2)_cs(1.0)_ws(0.5)]_[p(5, 2)_cs(0.5)_ws(1.0)]",player_78b2b6b4_actions,player_78b2b6b4,['player_78b2b6b4'],"['player_78b2b6b4', 'player_78b2b6b4']",['player_78b2b6b4'],False
1420,tomato_salad,pick up,Counter_32,Counter,32,pick up tomato_salad from counter,player_203bcc0e,baseline_division_of_labor,4a4fa07e8658f329,943.394915950918,0.0,4.0,0.0,2.0,0.5,1.0,"(2, 2)","[p(2, 2)_cs(1.0)_ws(0.5)]_[p(5, 2)_cs(0.5)_ws(1.0)]",player_203bcc0e_actions,player_203bcc0e,['player_203bcc0e'],"['player_203bcc0e', 'player_203bcc0e', 'player_203bcc0e']",['player_203bcc0e'],False
1475,tomato_salad,deliver,Delivery_64,Delivery,64,deliver tomato_salad,player_78b2b6b4,baseline_division_of_labor,4a4fa07e8658f329,1143.368001894189,92.69627584570662,5.0,1.0,3.0,1.0,0.5,"(5, 2)","[p(2, 2)_cs(1.0)_ws(0.5)]_[p(5, 2)_cs(0.5)_ws(1.0)]",player_78b2b6b4_actions,player_78b2b6b4,"['player_78b2b6b4', 'player_78b2b6b4']","['player_78b2b6b4', 'player_78b2b6b4']",['player_78b2b6b4'],
1476,tomato_salad,deliver,Delivery_63,Delivery,63,deliver tomato_salad,player_203bcc0e,baseline_division_of_labor,4a4fa07e8658f329,988.6497499468558,45.254833995937815,6.0,1.0,3.0,0.5,1.0,"(2, 2)","[p(2, 2)_cs(1.0)_ws(0.5)]_[p(5, 2)_cs(0.5)_ws(1.0)]",player_203bcc0e_actions,player_203bcc0e,"['player_203bcc0e', 'player_203bcc0e']","['player_203bcc0e', 'player_203bcc0e', 'player_203bcc0e']",['player_203bcc0e'],
1528,tomato,pick up,Dispenser_40,Dispenser,40,pick up tomato from dispenser,player_203bcc0e,baseline_division_of_labor,4a4fa07e8658f329,1027.1329730326277,38.4832230857719,6.0,0.0,3.0,0.5,1.0,"(2, 2)","[p(2, 2)_cs(1.0)_ws(0.5)]_[p(5, 2)_cs(0.5)_ws(1.0)]",player_203bcc0e_actions,,[],,,
1543,plate,pick up,Dispenser_60,Dispenser,60,pick up plate from dispenser,player_78b2b6b4,baseline_division_of_labor,4a4fa07e8658f329,1197.7873735374365,54.41937164324736,6.0,0.0,3.0,1.0,0.5,"(5, 2)","[p(2, 2)_cs(1.0)_ws(0.5)]_[p(5, 2)_cs(0.5)_ws(1.0)]",player_78b2b6b4_actions,,[],,,
1571,tomato,start cutting,CuttingBoard_20,CuttingBoard,20,start cutting tomato,player_203bcc0e,baseline_division_of_labor,4a4fa07e8658f329,1059.1329730326263,31.999999999998636,6.0,0.0,3.0,0.5,1.0,"(2, 2)","[p(2, 2)_cs(1.0)_ws(0.5)]_[p(5, 2)_cs(0.5)_ws(1.0)]",player_203bcc0e_actions,player_203bcc0e,['player_203bcc0e'],,,
1588,plate,put down,Counter_32,Counter,32,put down plate on counter,player_78b2b6b4,baseline_division_of_labor,4a4fa07e8658f329,1236.1944362042004,38.40706266676398,6.0,0.0,3.0,1.0,0.5,"(5, 2)","[p(2, 2)_cs(1.0)_ws(0.5)]_[p(5, 2)_cs(0.5)_ws(1.0)]",player_78b2b6b4_actions,player_78b2b6b4,['player_78b2b6b4'],,,
1615,tomato,pick up,Dispenser_40,Dispenser,40,pick up tomato from dispenser,player_78b2b6b4,baseline_division_of_labor,4a4fa07e8658f329,1252.1944362042,15.999999999999543,6.0,0.0,3.0,1.0,0.5,"(5, 2)","[p(2, 2)_cs(1.0)_ws(0.5)]_[p(5, 2)_cs(0.5)_ws(1.0)]",player_78b2b6b4_actions,,[],,,
1616,tomato,pick up,Dispenser_40,Dispenser,40,pick up tomato from dispenser,player_203bcc0e,baseline_division_of_labor,4a4fa07e8658f329,1091.132973032625,31.999999999998636,6.0,0.0,3.0,0.5,1.0,"(2, 2)","[p(2, 2)_cs(1.0)_ws(0.5)]_[p(5, 2)_cs(0.5)_ws(1.0)]",player_203bcc0e_actions,,[],,,
1661,tomato,start cutting,CuttingBoard_10,CuttingBoard,10,start cutting tomato,player_78b2b6b4,baseline_division_of_labor,4a4fa07e8658f329,1300.1944362041984,47.99999999999841,6.0,0.0,3.0,1.0,0.5,"(5, 2)","[p(2, 2)_cs(1.0)_ws(0.5)]_[p(5, 2)_cs(0.5)_ws(1.0)]",player_78b2b6b4_actions,player_78b2b6b4,['player_78b2b6b4'],,,
1780,tomato_cut,pick up,CuttingBoard_20,CuttingBoard,20,pick up tomato_cut from cuttingboard,player_78b2b6b4,baseline_division_of_labor,4a4fa07e8658f329,1316.194436204198,15.999999999999543,6.0,0.0,3.0,1.0,0.5,"(5, 2)","[p(2, 2)_cs(1.0)_ws(0.5)]_[p(5, 2)_cs(0.5)_ws(1.0)]",player_78b2b6b4_actions,player_203bcc0e,['player_203bcc0e'],,,True
1791,tomato,put down,Counter_32,Counter,32,put down tomato on counter,player_203bcc0e,baseline_division_of_labor,4a4fa07e8658f329,1161.7603900305924,70.62741699796743,6.0,0.0,3.0,0.5,1.0,"(2, 2)","[p(2, 2)_cs(1.0)_ws(0.5)]_[p(5, 2)_cs(0.5)_ws(1.0)]",player_203bcc0e_actions,player_203bcc0e,['player_203bcc0e'],,,
1791,plate,pick up,Counter_32,Counter,32,pick up plate from counter,player_203bcc0e,baseline_division_of_labor,4a4fa07e8658f329,1161.7603900305924,0.0,6.0,0.0,3.0,0.5,1.0,"(2, 2)","[p(2, 2)_cs(1.0)_ws(0.5)]_[p(5, 2)_cs(0.5)_ws(1.0)]",player_203bcc0e_actions,player_203bcc0e,['player_203bcc0e'],,,False
1804,tomato_cut,put down,Counter_32,Counter,32,put down tomato_cut on counter,player_78b2b6b4,baseline_division_of_labor,4a4fa07e8658f329,1332.1944362041977,15.999999999999543,6.0,0.0,3.0,1.0,0.5,"(5, 2)","[p(2, 2)_cs(1.0)_ws(0.5)]_[p(5, 2)_cs(0.5)_ws(1.0)]",player_78b2b6b4_actions,player_78b2b6b4,"['player_203bcc0e', 'player_78b2b6b4']",,,
1804,tomato,pick up,Counter_32,Counter,32,pick up tomato from counter,player_78b2b6b4,baseline_division_of_labor,4a4fa07e8658f329,1332.1944362041977,0.0,6.0,0.0,3.0,1.0,0.5,"(5, 2)","[p(2, 2)_cs(1.0)_ws(0.5)]_[p(5, 2)_cs(0.5)_ws(1.0)]",player_78b2b6b4_actions,player_78b2b6b4,"['player_203bcc0e', 'player_78b2b6b4']",,,False
1828,tomato,put down,Counter_33,Counter,33,put down tomato on counter,player_78b2b6b4,baseline_division_of_labor,4a4fa07e8658f329,1370.7013629290936,38.506926724896175,6.0,0.0,3.0,1.0,0.5,"(5, 2)","[p(2, 2)_cs(1.0)_ws(0.5)]_[p(5, 2)_cs(0.5)_ws(1.0)]",player_78b2b6b4_actions,player_78b2b6b4,"['player_203bcc0e', 'player_78b2b6b4', 'player_78b2b6b4']",,,
1828,plate,pick up,Counter_33,Counter,33,pick up plate from counter,player_78b2b6b4,baseline_division_of_labor,4a4fa07e8658f329,1370.7013629290936,0.0,6.0,0.0,3.0,1.0,0.5,"(5, 2)","[p(2, 2)_cs(1.0)_ws(0.5)]_[p(5, 2)_cs(0.5)_ws(1.0)]",player_78b2b6b4_actions,player_78b2b6b4,"['player_203bcc0e', 'player_78b2b6b4', 'player_78b2b6b4']",,,False
1858,plate,put down,Counter_34,Counter,34,put down plate on counter,player_78b2b6b4,baseline_division_of_labor,4a4fa07e8658f329,1386.7013629290934,15.999999999999773,6.0,0.0,3.0,1.0,0.5,"(5, 2)","[p(2, 2)_cs(1.0)_ws(0.5)]_[p(5, 2)_cs(0.5)_ws(1.0)]",player_78b2b6b4_actions,player_78b2b6b4,"['player_203bcc0e', 'player_78b2b6b4', 'player_78b2b6b4', 'player_78b2b6b4']",,,
1863,plate,put down,Counter_01,Counter,1,put down plate on counter,player_203bcc0e,baseline_division_of_labor,4a4fa07e8658f329,1184.3878070285612,22.62741699796879,6.0,0.0,3.0,0.5,1.0,"(2, 2)","[p(2, 2)_cs(1.0)_ws(0.5)]_[p(5, 2)_cs(0.5)_ws(1.0)]",player_203bcc0e_actions,player_203bcc0e,"['player_203bcc0e', 'player_203bcc0e']",,,
1888,tomato,pick up,Counter_33,Counter,33,pick up tomato from counter,player_78b2b6b4,baseline_division_of_labor,4a4fa07e8658f329,1402.7013629290932,15.999999999999773,6.0,0.0,3.0,1.0,0.5,"(5, 2)","[p(2, 2)_cs(1.0)_ws(0.5)]_[p(5, 2)_cs(0.5)_ws(1.0)]",player_78b2b6b4_actions,player_78b2b6b4,"['player_203bcc0e', 'player_78b2b6b4', 'player_78b2b6b4', 'player_78b2b6b4']",,,False
1921,tomato,put down,Counter_33,Counter,33,put down tomato on counter,player_78b2b6b4,baseline_division_of_labor,4a4fa07e8658f329,1402.7013629290932,0.0,6.0,0.0,3.0,1.0,0.5,"(5, 2)","[p(2, 2)_cs(1.0)_ws(0.5)]_[p(5, 2)_cs(0.5)_ws(1.0)]",player_78b2b6b4_actions,player_78b2b6b4,"['player_203bcc0e', 'player_78b2b6b4', 'player_78b2b6b4', 'player_78b2b6b4', 'player_78b2b6b4']",,,
1921,tomato_cut,pick up,CuttingBoard_10,CuttingBoard,10,pick up tomato_cut from cuttingboard,player_203bcc0e,baseline_division_of_labor,4a4fa07e8658f329,1184.3878070285612,0.0,6.0,0.0,3.0,0.5,1.0,"(2, 2)","[p(2, 2)_cs(1.0)_ws(0.5)]_[p(5, 2)_cs(0.5)_ws(1.0)]",player_203bcc0e_actions,player_78b2b6b4,['player_78b2b6b4'],,,True
1939,tomato_cut,assemble salad,Counter_01,Counter,1,assemble salad,player_203bcc0e,baseline_division_of_labor,4a4fa07e8658f329,1184.3878070285612,0.0,6.0,0.0,3.0,0.5,1.0,"(2, 2)","[p(2, 2)_cs(1.0)_ws(0.5)]_[p(5, 2)_cs(0.5)_ws(1.0)]",player_203bcc0e_actions,player_203bcc0e,['player_203bcc0e'],"['player_78b2b6b4', 'player_203bcc0e']","['player_203bcc0e', 'player_203bcc0e']",False
1945,tomato_cut,pick up,Counter_32,Counter,32,pick up tomato_cut from counter,player_78b2b6b4,baseline_division_of_labor,4a4fa07e8658f329,1418.7013629290927,15.999999999999543,6.0,0.0,3.0,1.0,0.5,"(5, 2)","[p(2, 2)_cs(1.0)_ws(0.5)]_[p(5, 2)_cs(0.5)_ws(1.0)]",player_78b2b6b4_actions,player_78b2b6b4,"['player_203bcc0e', 'player_78b2b6b4', 'player_78b2b6b4', 'player_78b2b6b4', 'player_78b2b6b4']",,,False
1968,tomato_salad,pick up,Counter_01,Counter,1,pick up tomato_salad from counter,player_203bcc0e,baseline_division_of_labor,4a4fa07e8658f329,1184.3878070285612,0.0,6.0,0.0,3.0,0.5,1.0,"(2, 2)","[p(2, 2)_cs(1.0)_ws(0.5)]_[p(5, 2)_cs(0.5)_ws(1.0)]",player_203bcc0e_actions,player_203bcc0e,['player_203bcc0e'],"['player_78b2b6b4', 'player_203bcc0e']","['player_203bcc0e', 'player_203bcc0e']",False
1974,tomato_cut,assemble salad,Counter_34,Counter,34,assemble salad,player_78b2b6b4,baseline_division_of_labor,4a4fa07e8658f329,1450.7013629290918,31.99999999999909,6.0,0.0,3.0,1.0,0.5,"(5, 2)","[p(2, 2)_cs(1.0)_ws(0.5)]_[p(5, 2)_cs(0.5)_ws(1.0)]",player_78b2b6b4_actions,player_78b2b6b4,['player_78b2b6b4'],"['player_203bcc0e', 'player_78b2b6b4', 'player_78b2b6b4', 'player_78b2b6b4', 'player_78b2b6b4', 'player_78b2b6b4']","['player_203bcc0e', 'player_78b2b6b4', 'player_78b2b6b4', 'player_78b2b6b4', 'player_78b2b6b4']",False
1992,tomato_salad,pick up,Counter_34,Counter,34,pick up tomato_salad from counter,player_78b2b6b4,baseline_division_of_labor,4a4fa07e8658f329,1450.7013629290918,0.0,6.0,0.0,3.0,1.0,0.5,"(5, 2)","[p(2, 2)_cs(1.0)_ws(0.5)]_[p(5, 2)_cs(0.5)_ws(1.0)]",player_78b2b6b4_actions,player_78b2b6b4,['player_78b2b6b4'],"['player_203bcc0e', 'player_78b2b6b4', 'player_78b2b6b4', 'player_78b2b6b4', 'player_78b2b6b4', 'player_78b2b6b4']","['player_203bcc0e', 'player_78b2b6b4', 'player_78b2b6b4', 'player_78b2b6b4', 'player_78b2b6b4']",False
2043,tomato_salad,deliver,Delivery_64,Delivery,64,deliver tomato_salad,player_78b2b6b4,baseline_division_of_labor,4a4fa07e8658f329,1533.4768024324364,82.77543950334461,7.0,1.0,4.0,1.0,0.5,"(5, 2)","[p(2, 2)_cs(1.0)_ws(0.5)]_[p(5, 2)_cs(0.5)_ws(1.0)]",player_78b2b6b4_actions,player_78b2b6b4,"['player_78b2b6b4', 'player_78b2b6b4']","['player_203bcc0e', 'player_78b2b6b4', 'player_78b2b6b4', 'player_78b2b6b4', 'player_78b2b6b4', 'player_78b2b6b4']","['player_203bcc0e', 'player_78b2b6b4', 'player_78b2b6b4', 'player_78b2b6b4', 'player_78b2b6b4']",
2050,tomato_salad,deliver,Delivery_63,Delivery,63,deliver tomato_salad,player_203bcc0e,baseline_division_of_labor,4a4fa07e8658f329,1261.4922226750696,77.10441564650841,8.0,1.0,4.0,0.5,1.0,"(2, 2)","[p(2, 2)_cs(1.0)_ws(0.5)]_[p(5, 2)_cs(0.5)_ws(1.0)]",player_203bcc0e_actions,player_203bcc0e,"['player_203bcc0e', 'player_203bcc0e']","['player_78b2b6b4', 'player_203bcc0e']","['player_203bcc0e', 'player_203bcc0e']",
2089,tomato,pick up,Counter_33,Counter,33,pick up tomato from counter,player_203bcc0e,baseline_division_of_labor,4a4fa07e8658f329,1277.492222675069,15.999999999999318,8.0,0.0,4.0,0.5,1.0,"(2, 2)","[p(2, 2)_cs(1.0)_ws(0.5)]_[p(5, 2)_cs(0.5)_ws(1.0)]",player_203bcc0e_actions,player_78b2b6b4,['player_78b2b6b4'],"['player_203bcc0e', 'player_78b2b6b4', 'player_78b2b6b4', 'player_78b2b6b4', 'player_78b2b6b4', 'player_78b2b6b4']","['player_203bcc0e', 'player_78b2b6b4', 'player_78b2b6b4', 'player_78b2b6b4', 'player_78b2b6b4']",True
2125,tomato,pick up,Dispenser_50,Dispenser,50,pick up tomato from dispenser,player_78b2b6b4,baseline_division_of_labor,4a4fa07e8658f329,1581.476802432435,47.99999999999864,8.0,0.0,4.0,1.0,0.5,"(5, 2)","[p(2, 2)_cs(1.0)_ws(0.5)]_[p(5, 2)_cs(0.5)_ws(1.0)]",player_78b2b6b4_actions,,[],,,
2149,tomato,start cutting,CuttingBoard_20,CuttingBoard,20,start cutting tomato,player_203bcc0e,baseline_division_of_labor,4a4fa07e8658f329,1331.81034107099,54.31811839592115,8.0,0.0,4.0,0.5,1.0,"(2, 2)","[p(2, 2)_cs(1.0)_ws(0.5)]_[p(5, 2)_cs(0.5)_ws(1.0)]",player_203bcc0e_actions,player_203bcc0e,"['player_78b2b6b4', 'player_203bcc0e']","['player_203bcc0e', 'player_78b2b6b4', 'player_78b2b6b4', 'player_78b2b6b4', 'player_78b2b6b4', 'player_78b2b6b4']","['player_203bcc0e', 'player_78b2b6b4', 'player_78b2b6b4', 'player_78b2b6b4', 'player_78b2b6b4']",
2159,tomato,put down,Counter_32,Counter,32,put down tomato on counter,player_78b2b6b4,baseline_division_of_labor,4a4fa07e8658f329,1604.104219430404,22.62741699796902,8.0,0.0,4.0,1.0,0.5,"(5, 2)","[p(2, 2)_cs(1.0)_ws(0.5)]_[p(5, 2)_cs(0.5)_ws(1.0)]",player_78b2b6b4_actions,player_78b2b6b4,['player_78b2b6b4'],,,
