{"agents": {"player_203bcc0e": {"initial_state": {"agent_id": "player_203bcc0e", "x": 40, "y": 40, "item": null, "url_params": {"gameType": ["tomatoSaladOnly"], "PROLIFIC_PID": ["677968daf8dc4ddeecc53a73"], "map": ["baseline_division_of_labor"], "cutting_speed_p1": ["1"], "walking_speed_p1": ["0.5"], "cutting_speed_p2": ["0.5"], "walking_speed_p2": ["1"], "slot_x_p1": ["2"], "slot_y_p1": ["2"], "slot_x_p2": ["5"], "slot_y_p2": ["2"], "EIO": ["4"], "transport": ["polling"], "t": ["PZywy2Y"]}, "cut_speed": 1.0, "walk_speed": 15.0, "player_nr": 1}, "player_score": 4.0, "total_actions": 38, "first_action_tick": 86, "last_action_tick": 2149}, "player_78b2b6b4": {"initial_state": {"agent_id": "player_78b2b6b4", "x": 88, "y": 40, "item": null, "url_params": {"gameType": ["tomatoSaladOnly"], "PROLIFIC_PID": ["63f8aeb6c9098e0ef3bf3553"], "map": ["baseline_division_of_labor"], "cutting_speed_p1": ["1"], "walking_speed_p1": ["0.5"], "cutting_speed_p2": ["0.5"], "walking_speed_p2": ["1"], "slot_x_p1": ["2"], "slot_y_p1": ["2"], "slot_x_p2": ["5"], "slot_y_p2": ["2"], "EIO": ["4"], "transport": ["polling"], "t": ["PZywzls"]}, "cut_speed": 0.5, "walk_speed": 30.0, "player_nr": 2}, "player_score": 4.0, "total_actions": 50, "first_action_tick": 78, "last_action_tick": 2159}}, "map_name": "baseline_division_of_labor", "final_score": 8.0}