tick,item,action,target,target_type,target_position,action_long,player_id,map_name,game_id,distance_walked,distance_walked_since_last_action,overall_score,player_score_change,player_score,walking_speed,cutting_speed,start_pos,condition
86,tomato,pick up,Dispenser_40,Dispenser,40,pick up tomato from dispenser,player_203bcc0e,baseline_division_of_labor,4a4fa07e8658f329,38.509231746308544,0.0,0.0,0.0,0.0,0.5,1.0,"(2, 2)","[p(2, 2)_cs(1.0)_ws(0.5)]_[p(5, 2)_cs(0.5)_ws(1.0)]"
160,tomato,start cutting,CuttingBoard_10,CuttingBoard,10,start cutting tomato,player_203bcc0e,baseline_division_of_labor,4a4fa07e8658f329,86.50923174630854,48.0,0.0,0.0,0.0,0.5,1.0,"(2, 2)","[p(2, 2)_cs(1.0)_ws(0.5)]_[p(5, 2)_cs(0.5)_ws(1.0)]"
253,plate,pick up,Dispenser_60,Dispenser,60,pick up plate from dispenser,player_203bcc0e,baseline_division_of_labor,4a4fa07e8658f329,166.50923174630856,80.00000000000001,0.0,0.0,0.0,0.5,1.0,"(2, 2)","[p(2, 2)_cs(1.0)_ws(0.5)]_[p(5, 2)_cs(0.5)_ws(1.0)]"
337,plate,put down,Counter_01,Counter,01,put down plate on counter,player_203bcc0e,baseline_division_of_labor,4a4fa07e8658f329,246.50923174630861,80.00000000000006,0.0,0.0,0.0,0.5,1.0,"(2, 2)","[p(2, 2)_cs(1.0)_ws(0.5)]_[p(5, 2)_cs(0.5)_ws(1.0)]"
385,tomato_cut,pick up,CuttingBoard_10,CuttingBoard,10,pick up tomato_cut from cuttingboard,player_203bcc0e,baseline_division_of_labor,4a4fa07e8658f329,246.50923174630861,0.0,0.0,0.0,0.0,0.5,1.0,"(2, 2)","[p(2, 2)_cs(1.0)_ws(0.5)]_[p(5, 2)_cs(0.5)_ws(1.0)]"
391,tomato_cut,assemble salad,Counter_01,Counter,01,assemble salad,player_203bcc0e,baseline_division_of_labor,4a4fa07e8658f329,246.50923174630861,0.0,0.0,0.0,0.0,0.5,1.0,"(2, 2)","[p(2, 2)_cs(1.0)_ws(0.5)]_[p(5, 2)_cs(0.5)_ws(1.0)]"
412,tomato_salad,pick up,Counter_01,Counter,01,pick up tomato_salad from counter,player_203bcc0e,baseline_division_of_labor,4a4fa07e8658f329,246.50923174630861,0.0,0.0,0.0,0.0,0.5,1.0,"(2, 2)","[p(2, 2)_cs(1.0)_ws(0.5)]_[p(5, 2)_cs(0.5)_ws(1.0)]"
488,tomato_salad,deliver,Delivery_63,Delivery,63,deliver tomato_salad,player_203bcc0e,baseline_division_of_labor,4a4fa07e8658f329,323.6136473928182,77.10441564650961,1.0,1.0,1.0,0.5,1.0,"(2, 2)","[p(2, 2)_cs(1.0)_ws(0.5)]_[p(5, 2)_cs(0.5)_ws(1.0)]"
547,tomato,pick up,Dispenser_40,Dispenser,40,pick up tomato from dispenser,player_203bcc0e,baseline_division_of_labor,4a4fa07e8658f329,362.0968704785903,38.48322308577207,1.0,0.0,1.0,0.5,1.0,"(2, 2)","[p(2, 2)_cs(1.0)_ws(0.5)]_[p(5, 2)_cs(0.5)_ws(1.0)]"
590,tomato,start cutting,CuttingBoard_20,CuttingBoard,20,start cutting tomato,player_203bcc0e,baseline_division_of_labor,4a4fa07e8658f329,394.0968704785903,32.0,2.0,0.0,1.0,0.5,1.0,"(2, 2)","[p(2, 2)_cs(1.0)_ws(0.5)]_[p(5, 2)_cs(0.5)_ws(1.0)]"
629,tomato,pick up,Dispenser_40,Dispenser,40,pick up tomato from dispenser,player_203bcc0e,baseline_division_of_labor,4a4fa07e8658f329,426.0968704785903,32.0,2.0,0.0,1.0,0.5,1.0,"(2, 2)","[p(2, 2)_cs(1.0)_ws(0.5)]_[p(5, 2)_cs(0.5)_ws(1.0)]"
682,tomato,start cutting,CuttingBoard_10,CuttingBoard,10,start cutting tomato,player_203bcc0e,baseline_division_of_labor,4a4fa07e8658f329,474.09687047859035,48.00000000000006,2.0,0.0,1.0,0.5,1.0,"(2, 2)","[p(2, 2)_cs(1.0)_ws(0.5)]_[p(5, 2)_cs(0.5)_ws(1.0)]"
765,tomato_cut,pick up,CuttingBoard_10,CuttingBoard,10,pick up tomato_cut from cuttingboard,player_203bcc0e,baseline_division_of_labor,4a4fa07e8658f329,504.09687047858625,29.999999999995907,2.0,0.0,1.0,0.5,1.0,"(2, 2)","[p(2, 2)_cs(1.0)_ws(0.5)]_[p(5, 2)_cs(0.5)_ws(1.0)]"
868,tomato_cut,assemble salad,Counter_33,Counter,33,assemble salad,player_203bcc0e,baseline_division_of_labor,4a4fa07e8658f329,542.5800935643574,38.48322308577116,2.0,0.0,1.0,0.5,1.0,"(2, 2)","[p(2, 2)_cs(1.0)_ws(0.5)]_[p(5, 2)_cs(0.5)_ws(1.0)]"
898,tomato_salad,pick up,Counter_33,Counter,33,pick up tomato_salad from counter,player_203bcc0e,baseline_division_of_labor,4a4fa07e8658f329,542.5800935643574,0.0,2.0,0.0,1.0,0.5,1.0,"(2, 2)","[p(2, 2)_cs(1.0)_ws(0.5)]_[p(5, 2)_cs(0.5)_ws(1.0)]"
970,tomato_salad,deliver,Delivery_63,Delivery,63,deliver tomato_salad,player_203bcc0e,baseline_division_of_labor,4a4fa07e8658f329,625.7188686432426,83.13877507888515,3.0,1.0,2.0,0.5,1.0,"(2, 2)","[p(2, 2)_cs(1.0)_ws(0.5)]_[p(5, 2)_cs(0.5)_ws(1.0)]"
1011,tomato,pick up,Counter_32,Counter,32,pick up tomato from counter,player_203bcc0e,baseline_division_of_labor,4a4fa07e8658f329,648.3462856412115,22.627416997968908,3.0,0.0,2.0,0.5,1.0,"(2, 2)","[p(2, 2)_cs(1.0)_ws(0.5)]_[p(5, 2)_cs(0.5)_ws(1.0)]"
1057,tomato,start cutting,CuttingBoard_20,CuttingBoard,20,start cutting tomato,player_203bcc0e,baseline_division_of_labor,4a4fa07e8658f329,686.8555173875191,38.50923174630759,3.0,0.0,2.0,0.5,1.0,"(2, 2)","[p(2, 2)_cs(1.0)_ws(0.5)]_[p(5, 2)_cs(0.5)_ws(1.0)]"
1153,plate,pick up,Dispenser_60,Dispenser,60,pick up plate from dispenser,player_203bcc0e,baseline_division_of_labor,4a4fa07e8658f329,750.8555173875161,63.999999999997044,4.0,0.0,2.0,0.5,1.0,"(2, 2)","[p(2, 2)_cs(1.0)_ws(0.5)]_[p(5, 2)_cs(0.5)_ws(1.0)]"
1201,plate,put down,Counter_32,Counter,32,put down plate on counter,player_203bcc0e,baseline_division_of_labor,4a4fa07e8658f329,789.3387404732881,38.48322308577201,4.0,0.0,2.0,0.5,1.0,"(2, 2)","[p(2, 2)_cs(1.0)_ws(0.5)]_[p(5, 2)_cs(0.5)_ws(1.0)]"
1252,plate,pick up,Dispenser_60,Dispenser,60,pick up plate from dispenser,player_203bcc0e,baseline_division_of_labor,4a4fa07e8658f329,827.8219635590598,38.48322308577167,4.0,0.0,2.0,0.5,1.0,"(2, 2)","[p(2, 2)_cs(1.0)_ws(0.5)]_[p(5, 2)_cs(0.5)_ws(1.0)]"
1305,plate,put down,Counter_33,Counter,33,put down plate on counter,player_203bcc0e,baseline_division_of_labor,4a4fa07e8658f329,873.0767975549976,45.254833995937815,4.0,0.0,2.0,0.5,1.0,"(2, 2)","[p(2, 2)_cs(1.0)_ws(0.5)]_[p(5, 2)_cs(0.5)_ws(1.0)]"
1373,tomato_cut,pick up,CuttingBoard_20,CuttingBoard,20,pick up tomato_cut from cuttingboard,player_203bcc0e,baseline_division_of_labor,4a4fa07e8658f329,927.3949159509186,54.31811839592103,4.0,0.0,2.0,0.5,1.0,"(2, 2)","[p(2, 2)_cs(1.0)_ws(0.5)]_[p(5, 2)_cs(0.5)_ws(1.0)]"
1402,tomato_cut,assemble salad,Counter_32,Counter,32,assemble salad,player_203bcc0e,baseline_division_of_labor,4a4fa07e8658f329,943.394915950918,15.999999999999318,4.0,0.0,2.0,0.5,1.0,"(2, 2)","[p(2, 2)_cs(1.0)_ws(0.5)]_[p(5, 2)_cs(0.5)_ws(1.0)]"
1420,tomato_salad,pick up,Counter_32,Counter,32,pick up tomato_salad from counter,player_203bcc0e,baseline_division_of_labor,4a4fa07e8658f329,943.394915950918,0.0,4.0,0.0,2.0,0.5,1.0,"(2, 2)","[p(2, 2)_cs(1.0)_ws(0.5)]_[p(5, 2)_cs(0.5)_ws(1.0)]"
1476,tomato_salad,deliver,Delivery_63,Delivery,63,deliver tomato_salad,player_203bcc0e,baseline_division_of_labor,4a4fa07e8658f329,988.6497499468558,45.254833995937815,6.0,1.0,3.0,0.5,1.0,"(2, 2)","[p(2, 2)_cs(1.0)_ws(0.5)]_[p(5, 2)_cs(0.5)_ws(1.0)]"
1528,tomato,pick up,Dispenser_40,Dispenser,40,pick up tomato from dispenser,player_203bcc0e,baseline_division_of_labor,4a4fa07e8658f329,1027.1329730326277,38.4832230857719,6.0,0.0,3.0,0.5,1.0,"(2, 2)","[p(2, 2)_cs(1.0)_ws(0.5)]_[p(5, 2)_cs(0.5)_ws(1.0)]"
1571,tomato,start cutting,CuttingBoard_20,CuttingBoard,20,start cutting tomato,player_203bcc0e,baseline_division_of_labor,4a4fa07e8658f329,1059.1329730326263,31.999999999998636,6.0,0.0,3.0,0.5,1.0,"(2, 2)","[p(2, 2)_cs(1.0)_ws(0.5)]_[p(5, 2)_cs(0.5)_ws(1.0)]"
1616,tomato,pick up,Dispenser_40,Dispenser,40,pick up tomato from dispenser,player_203bcc0e,baseline_division_of_labor,4a4fa07e8658f329,1091.132973032625,31.999999999998636,6.0,0.0,3.0,0.5,1.0,"(2, 2)","[p(2, 2)_cs(1.0)_ws(0.5)]_[p(5, 2)_cs(0.5)_ws(1.0)]"
1791,tomato,put down,Counter_32,Counter,32,put down tomato on counter,player_203bcc0e,baseline_division_of_labor,4a4fa07e8658f329,1161.7603900305924,70.62741699796743,6.0,0.0,3.0,0.5,1.0,"(2, 2)","[p(2, 2)_cs(1.0)_ws(0.5)]_[p(5, 2)_cs(0.5)_ws(1.0)]"
1791,plate,pick up,Counter_32,Counter,32,pick up plate from counter,player_203bcc0e,baseline_division_of_labor,4a4fa07e8658f329,1161.7603900305924,0.0,6.0,0.0,3.0,0.5,1.0,"(2, 2)","[p(2, 2)_cs(1.0)_ws(0.5)]_[p(5, 2)_cs(0.5)_ws(1.0)]"
1863,plate,put down,Counter_01,Counter,01,put down plate on counter,player_203bcc0e,baseline_division_of_labor,4a4fa07e8658f329,1184.3878070285612,22.627416997968794,6.0,0.0,3.0,0.5,1.0,"(2, 2)","[p(2, 2)_cs(1.0)_ws(0.5)]_[p(5, 2)_cs(0.5)_ws(1.0)]"
1921,tomato_cut,pick up,CuttingBoard_10,CuttingBoard,10,pick up tomato_cut from cuttingboard,player_203bcc0e,baseline_division_of_labor,4a4fa07e8658f329,1184.3878070285612,0.0,6.0,0.0,3.0,0.5,1.0,"(2, 2)","[p(2, 2)_cs(1.0)_ws(0.5)]_[p(5, 2)_cs(0.5)_ws(1.0)]"
1939,tomato_cut,assemble salad,Counter_01,Counter,01,assemble salad,player_203bcc0e,baseline_division_of_labor,4a4fa07e8658f329,1184.3878070285612,0.0,6.0,0.0,3.0,0.5,1.0,"(2, 2)","[p(2, 2)_cs(1.0)_ws(0.5)]_[p(5, 2)_cs(0.5)_ws(1.0)]"
1968,tomato_salad,pick up,Counter_01,Counter,01,pick up tomato_salad from counter,player_203bcc0e,baseline_division_of_labor,4a4fa07e8658f329,1184.3878070285612,0.0,6.0,0.0,3.0,0.5,1.0,"(2, 2)","[p(2, 2)_cs(1.0)_ws(0.5)]_[p(5, 2)_cs(0.5)_ws(1.0)]"
2050,tomato_salad,deliver,Delivery_63,Delivery,63,deliver tomato_salad,player_203bcc0e,baseline_division_of_labor,4a4fa07e8658f329,1261.4922226750696,77.10441564650841,8.0,1.0,4.0,0.5,1.0,"(2, 2)","[p(2, 2)_cs(1.0)_ws(0.5)]_[p(5, 2)_cs(0.5)_ws(1.0)]"
2089,tomato,pick up,Counter_33,Counter,33,pick up tomato from counter,player_203bcc0e,baseline_division_of_labor,4a4fa07e8658f329,1277.492222675069,15.999999999999318,8.0,0.0,4.0,0.5,1.0,"(2, 2)","[p(2, 2)_cs(1.0)_ws(0.5)]_[p(5, 2)_cs(0.5)_ws(1.0)]"
2149,tomato,start cutting,CuttingBoard_20,CuttingBoard,20,start cutting tomato,player_203bcc0e,baseline_division_of_labor,4a4fa07e8658f329,1331.81034107099,54.31811839592115,8.0,0.0,4.0,0.5,1.0,"(2, 2)","[p(2, 2)_cs(1.0)_ws(0.5)]_[p(5, 2)_cs(0.5)_ws(1.0)]"
