{"agents": {"player_306b3826": {"initial_state": {"agent_id": "player_306b3826", "x": 40, "y": 40, "item": null, "url_params": {"gameType": ["tomatoSaladOnly"], "PROLIFIC_PID": ["606e8e8337c79e219214af3b"], "map": ["baseline_division_of_labor"], "cutting_speed_p1": ["1"], "walking_speed_p1": ["0.2"], "cutting_speed_p2": ["0.2"], "walking_speed_p2": ["1"], "slot_x_p1": ["2"], "slot_y_p1": ["2"], "slot_x_p2": ["5"], "slot_y_p2": ["2"], "EIO": ["4"], "transport": ["polling"], "t": ["PZzn2q2"]}, "cut_speed": 1.0, "walk_speed": 6.0, "player_nr": 1}, "player_score": 2.0, "total_actions": 20, "first_action_tick": 257, "last_action_tick": 2102}, "player_6e22d676": {"initial_state": {"agent_id": "player_6e22d676", "x": 88, "y": 40, "item": null, "url_params": {"gameType": ["tomatoSaladOnly"], "PROLIFIC_PID": ["65b549c67c7791499c09f8a2"], "map": ["baseline_division_of_labor"], "cutting_speed_p1": ["1"], "walking_speed_p1": ["0.2"], "cutting_speed_p2": ["0.2"], "walking_speed_p2": ["1"], "slot_x_p1": ["2"], "slot_y_p1": ["2"], "slot_x_p2": ["5"], "slot_y_p2": ["2"], "EIO": ["4"], "transport": ["polling"], "t": ["PZznVwJ"]}, "cut_speed": 0.2, "walk_speed": 30.0, "player_nr": 2}, "player_score": 3.0, "total_actions": 37, "first_action_tick": 51, "last_action_tick": 2127}}, "map_name": "baseline_division_of_labor", "final_score": 5.0}