{"agents": {"player_feae6efe": {"initial_state": {"agent_id": "player_feae6efe", "x": 40, "y": 40, "item": null, "url_params": {"gameType": ["tomatoSaladOnly"], "PROLIFIC_PID": ["631610af8e747093cd90e00d"], "map": ["forced_division_of_labor"], "cutting_speed_p1": ["1"], "walking_speed_p1": ["1"], "cutting_speed_p2": ["1"], "walking_speed_p2": ["1"], "slot_x_p1": ["2"], "slot_y_p1": ["2"], "slot_x_p2": ["5"], "slot_y_p2": ["2"], "EIO": ["4"], "transport": ["polling"], "t": ["PZKyCoj"]}, "cut_speed": 1.0, "walk_speed": 30.0, "player_nr": 1}, "player_score": 0.0, "total_actions": 60, "first_action_tick": 143, "last_action_tick": 2137}, "player_13280a84": {"initial_state": {"agent_id": "player_13280a84", "x": 88, "y": 40, "item": null, "url_params": {"gameType": ["tomatoSaladOnly"], "PROLIFIC_PID": ["664184a2b35e6aa7e4eb89fd"], "map": ["forced_division_of_labor"], "cutting_speed_p1": ["1"], "walking_speed_p1": ["1"], "cutting_speed_p2": ["1"], "walking_speed_p2": ["1"], "slot_x_p1": ["2"], "slot_y_p1": ["2"], "slot_x_p2": ["5"], "slot_y_p2": ["2"], "EIO": ["4"], "transport": ["polling"], "t": ["PZKyHGP"]}, "cut_speed": 1.0, "walk_speed": 30.0, "player_nr": 2}, "player_score": 10.0, "total_actions": 80, "first_action_tick": 77, "last_action_tick": 2147}}, "map_name": "forced_division_of_labor", "final_score": 10.0}