tick,item,action,target,target_type,target_position,action_long,player_id,map_name,game_id,distance_walked,distance_walked_since_last_action,overall_score,player_score_change,player_score,walking_speed,cutting_speed,start_pos,condition
143,tomato,pick up,Counter_32,Counter,32,pick up tomato from counter,player_feae6efe,forced_division_of_labor,9ba7e504ebbaca7e,45.25483399593904,0.0,0.0,0.0,0.0,1.0,1.0,"(2, 2)","[p(2, 2)_cs(1.0)_ws(1.0)]_[p(5, 2)_cs(1.0)_ws(1.0)]"
150,tomato,put down,Counter_32,Counter,32,put down tomato on counter,player_feae6efe,forced_division_of_labor,9ba7e504ebbaca7e,45.25483399593904,0.0,0.0,0.0,0.0,1.0,1.0,"(2, 2)","[p(2, 2)_cs(1.0)_ws(1.0)]_[p(5, 2)_cs(1.0)_ws(1.0)]"
180,tomato,pick up,Counter_32,Counter,32,pick up tomato from counter,player_feae6efe,forced_division_of_labor,9ba7e504ebbaca7e,90.50966799187803,45.254833995938995,0.0,0.0,0.0,1.0,1.0,"(2, 2)","[p(2, 2)_cs(1.0)_ws(1.0)]_[p(5, 2)_cs(1.0)_ws(1.0)]"
184,tomato,put down,Counter_32,Counter,32,put down tomato on counter,player_feae6efe,forced_division_of_labor,9ba7e504ebbaca7e,90.50966799187803,0.0,0.0,0.0,0.0,1.0,1.0,"(2, 2)","[p(2, 2)_cs(1.0)_ws(1.0)]_[p(5, 2)_cs(1.0)_ws(1.0)]"
209,tomato,pick up,Counter_32,Counter,32,pick up tomato from counter,player_feae6efe,forced_division_of_labor,9ba7e504ebbaca7e,135.76450198781708,45.25483399593905,0.0,0.0,0.0,1.0,1.0,"(2, 2)","[p(2, 2)_cs(1.0)_ws(1.0)]_[p(5, 2)_cs(1.0)_ws(1.0)]"
231,tomato,start cutting,CuttingBoard_10,CuttingBoard,10,start cutting tomato,player_feae6efe,forced_division_of_labor,9ba7e504ebbaca7e,158.39191898578662,22.627416997969533,0.0,0.0,0.0,1.0,1.0,"(2, 2)","[p(2, 2)_cs(1.0)_ws(1.0)]_[p(5, 2)_cs(1.0)_ws(1.0)]"
285,tomato_cut,pick up,CuttingBoard_10,CuttingBoard,10,pick up tomato_cut from cuttingboard,player_feae6efe,forced_division_of_labor,9ba7e504ebbaca7e,158.39191898578662,0.0,0.0,0.0,0.0,1.0,1.0,"(2, 2)","[p(2, 2)_cs(1.0)_ws(1.0)]_[p(5, 2)_cs(1.0)_ws(1.0)]"
330,tomato_cut,put down,Counter_35,Counter,35,put down tomato_cut on counter,player_feae6efe,forced_division_of_labor,9ba7e504ebbaca7e,228.88530356104636,70.49338457525974,0.0,0.0,0.0,1.0,1.0,"(2, 2)","[p(2, 2)_cs(1.0)_ws(1.0)]_[p(5, 2)_cs(1.0)_ws(1.0)]"
371,tomato,pick up,Counter_32,Counter,32,pick up tomato from counter,player_feae6efe,forced_division_of_labor,9ba7e504ebbaca7e,300.8664605488003,71.98115698775396,0.0,0.0,0.0,1.0,1.0,"(2, 2)","[p(2, 2)_cs(1.0)_ws(1.0)]_[p(5, 2)_cs(1.0)_ws(1.0)]"
390,tomato,start cutting,CuttingBoard_10,CuttingBoard,10,start cutting tomato,player_feae6efe,forced_division_of_labor,9ba7e504ebbaca7e,323.4938775467698,22.627416997969476,0.0,0.0,0.0,1.0,1.0,"(2, 2)","[p(2, 2)_cs(1.0)_ws(1.0)]_[p(5, 2)_cs(1.0)_ws(1.0)]"
417,tomato,pick up,Counter_33,Counter,33,pick up tomato from counter,player_feae6efe,forced_division_of_labor,9ba7e504ebbaca7e,361.90513738679607,38.411259840026275,0.0,0.0,0.0,1.0,1.0,"(2, 2)","[p(2, 2)_cs(1.0)_ws(1.0)]_[p(5, 2)_cs(1.0)_ws(1.0)]"
438,tomato,start cutting,CuttingBoard_20,CuttingBoard,20,start cutting tomato,player_feae6efe,forced_division_of_labor,9ba7e504ebbaca7e,393.90513738679635,32.000000000000284,0.0,0.0,0.0,1.0,1.0,"(2, 2)","[p(2, 2)_cs(1.0)_ws(1.0)]_[p(5, 2)_cs(1.0)_ws(1.0)]"
497,tomato_cut,pick up,CuttingBoard_10,CuttingBoard,10,pick up tomato_cut from cuttingboard,player_feae6efe,forced_division_of_labor,9ba7e504ebbaca7e,409.9051373867965,16.00000000000017,0.0,0.0,0.0,1.0,1.0,"(2, 2)","[p(2, 2)_cs(1.0)_ws(1.0)]_[p(5, 2)_cs(1.0)_ws(1.0)]"
511,tomato_cut,assemble salad,Counter_32,Counter,32,assemble salad,player_feae6efe,forced_division_of_labor,9ba7e504ebbaca7e,432.532554384766,22.627416997969476,0.0,0.0,0.0,1.0,1.0,"(2, 2)","[p(2, 2)_cs(1.0)_ws(1.0)]_[p(5, 2)_cs(1.0)_ws(1.0)]"
575,tomato_cut,pick up,CuttingBoard_20,CuttingBoard,20,pick up tomato_cut from cuttingboard,player_feae6efe,forced_division_of_labor,9ba7e504ebbaca7e,448.5325543847661,16.000000000000114,0.0,0.0,0.0,1.0,1.0,"(2, 2)","[p(2, 2)_cs(1.0)_ws(1.0)]_[p(5, 2)_cs(1.0)_ws(1.0)]"
588,tomato_cut,put down,Counter_32,Counter,32,put down tomato_cut on counter,player_feae6efe,forced_division_of_labor,9ba7e504ebbaca7e,464.53255438476623,16.000000000000114,0.0,0.0,0.0,1.0,1.0,"(2, 2)","[p(2, 2)_cs(1.0)_ws(1.0)]_[p(5, 2)_cs(1.0)_ws(1.0)]"
606,tomato,pick up,Counter_34,Counter,34,pick up tomato from counter,player_feae6efe,forced_division_of_labor,9ba7e504ebbaca7e,496.5325543847664,32.00000000000017,1.0,0.0,0.0,1.0,1.0,"(2, 2)","[p(2, 2)_cs(1.0)_ws(1.0)]_[p(5, 2)_cs(1.0)_ws(1.0)]"
636,tomato,start cutting,CuttingBoard_10,CuttingBoard,10,start cutting tomato,player_feae6efe,forced_division_of_labor,9ba7e504ebbaca7e,550.9519260280155,54.419371643249065,1.0,0.0,0.0,1.0,1.0,"(2, 2)","[p(2, 2)_cs(1.0)_ws(1.0)]_[p(5, 2)_cs(1.0)_ws(1.0)]"
685,tomato_cut,pick up,CuttingBoard_10,CuttingBoard,10,pick up tomato_cut from cuttingboard,player_feae6efe,forced_division_of_labor,9ba7e504ebbaca7e,550.9519260280155,0.0,1.0,0.0,0.0,1.0,1.0,"(2, 2)","[p(2, 2)_cs(1.0)_ws(1.0)]_[p(5, 2)_cs(1.0)_ws(1.0)]"
712,tomato_cut,assemble salad,Counter_34,Counter,34,assemble salad,player_feae6efe,forced_division_of_labor,9ba7e504ebbaca7e,605.0690997043419,54.11717367632639,1.0,0.0,0.0,1.0,1.0,"(2, 2)","[p(2, 2)_cs(1.0)_ws(1.0)]_[p(5, 2)_cs(1.0)_ws(1.0)]"
730,tomato,pick up,Counter_35,Counter,35,pick up tomato from counter,player_feae6efe,forced_division_of_labor,9ba7e504ebbaca7e,621.0690997043419,16.0,1.0,0.0,0.0,1.0,1.0,"(2, 2)","[p(2, 2)_cs(1.0)_ws(1.0)]_[p(5, 2)_cs(1.0)_ws(1.0)]"
762,tomato,start cutting,CuttingBoard_10,CuttingBoard,10,start cutting tomato,player_feae6efe,forced_division_of_labor,9ba7e504ebbaca7e,691.5610122282689,70.491912523927,2.0,0.0,0.0,1.0,1.0,"(2, 2)","[p(2, 2)_cs(1.0)_ws(1.0)]_[p(5, 2)_cs(1.0)_ws(1.0)]"
847,tomato_cut,pick up,CuttingBoard_10,CuttingBoard,10,pick up tomato_cut from cuttingboard,player_feae6efe,forced_division_of_labor,9ba7e504ebbaca7e,767.0350514736958,75.47403924542698,2.0,0.0,0.0,1.0,1.0,"(2, 2)","[p(2, 2)_cs(1.0)_ws(1.0)]_[p(5, 2)_cs(1.0)_ws(1.0)]"
874,tomato_cut,assemble salad,Counter_33,Counter,33,assemble salad,player_feae6efe,forced_division_of_labor,9ba7e504ebbaca7e,805.4463113137218,38.41125984002599,2.0,0.0,0.0,1.0,1.0,"(2, 2)","[p(2, 2)_cs(1.0)_ws(1.0)]_[p(5, 2)_cs(1.0)_ws(1.0)]"
891,tomato,pick up,Counter_32,Counter,32,pick up tomato from counter,player_feae6efe,forced_division_of_labor,9ba7e504ebbaca7e,821.4463113137219,16.000000000000114,2.0,0.0,0.0,1.0,1.0,"(2, 2)","[p(2, 2)_cs(1.0)_ws(1.0)]_[p(5, 2)_cs(1.0)_ws(1.0)]"
908,tomato,start cutting,CuttingBoard_10,CuttingBoard,10,start cutting tomato,player_feae6efe,forced_division_of_labor,9ba7e504ebbaca7e,844.0737283116916,22.627416997969704,2.0,0.0,0.0,1.0,1.0,"(2, 2)","[p(2, 2)_cs(1.0)_ws(1.0)]_[p(5, 2)_cs(1.0)_ws(1.0)]"
956,tomato_cut,pick up,CuttingBoard_10,CuttingBoard,10,pick up tomato_cut from cuttingboard,player_feae6efe,forced_division_of_labor,9ba7e504ebbaca7e,844.0737283116916,0.0,2.0,0.0,0.0,1.0,1.0,"(2, 2)","[p(2, 2)_cs(1.0)_ws(1.0)]_[p(5, 2)_cs(1.0)_ws(1.0)]"
994,tomato_cut,assemble salad,Counter_35,Counter,35,assemble salad,player_feae6efe,forced_division_of_labor,9ba7e504ebbaca7e,914.5671128869519,70.49338457526028,2.0,0.0,0.0,1.0,1.0,"(2, 2)","[p(2, 2)_cs(1.0)_ws(1.0)]_[p(5, 2)_cs(1.0)_ws(1.0)]"
1026,tomato,pick up,Counter_32,Counter,32,pick up tomato from counter,player_feae6efe,forced_division_of_labor,9ba7e504ebbaca7e,962.5671128869521,48.00000000000023,3.0,0.0,0.0,1.0,1.0,"(2, 2)","[p(2, 2)_cs(1.0)_ws(1.0)]_[p(5, 2)_cs(1.0)_ws(1.0)]"
1044,tomato,start cutting,CuttingBoard_10,CuttingBoard,10,start cutting tomato,player_feae6efe,forced_division_of_labor,9ba7e504ebbaca7e,985.1945298849218,22.627416997969704,3.0,0.0,0.0,1.0,1.0,"(2, 2)","[p(2, 2)_cs(1.0)_ws(1.0)]_[p(5, 2)_cs(1.0)_ws(1.0)]"
1094,tomato_cut,pick up,CuttingBoard_10,CuttingBoard,10,pick up tomato_cut from cuttingboard,player_feae6efe,forced_division_of_labor,9ba7e504ebbaca7e,985.1945298849218,0.0,3.0,0.0,0.0,1.0,1.0,"(2, 2)","[p(2, 2)_cs(1.0)_ws(1.0)]_[p(5, 2)_cs(1.0)_ws(1.0)]"
1115,tomato_cut,put down,Counter_33,Counter,33,put down tomato_cut on counter,player_feae6efe,forced_division_of_labor,9ba7e504ebbaca7e,1023.6057897249478,38.41125984002599,3.0,0.0,0.0,1.0,1.0,"(2, 2)","[p(2, 2)_cs(1.0)_ws(1.0)]_[p(5, 2)_cs(1.0)_ws(1.0)]"
1151,tomato,pick up,Counter_32,Counter,32,pick up tomato from counter,player_feae6efe,forced_division_of_labor,9ba7e504ebbaca7e,1082.88837451943,59.282584794482204,3.0,0.0,0.0,1.0,1.0,"(2, 2)","[p(2, 2)_cs(1.0)_ws(1.0)]_[p(5, 2)_cs(1.0)_ws(1.0)]"
1170,tomato,start cutting,CuttingBoard_10,CuttingBoard,10,start cutting tomato,player_feae6efe,forced_division_of_labor,9ba7e504ebbaca7e,1105.5157915173995,22.627416997969476,3.0,0.0,0.0,1.0,1.0,"(2, 2)","[p(2, 2)_cs(1.0)_ws(1.0)]_[p(5, 2)_cs(1.0)_ws(1.0)]"
1220,tomato_cut,pick up,CuttingBoard_10,CuttingBoard,10,pick up tomato_cut from cuttingboard,player_feae6efe,forced_division_of_labor,9ba7e504ebbaca7e,1105.5157915173995,0.0,3.0,0.0,0.0,1.0,1.0,"(2, 2)","[p(2, 2)_cs(1.0)_ws(1.0)]_[p(5, 2)_cs(1.0)_ws(1.0)]"
1233,tomato_cut,assemble salad,Counter_32,Counter,32,assemble salad,player_feae6efe,forced_division_of_labor,9ba7e504ebbaca7e,1128.1432085153692,22.627416997969704,4.0,0.0,0.0,1.0,1.0,"(2, 2)","[p(2, 2)_cs(1.0)_ws(1.0)]_[p(5, 2)_cs(1.0)_ws(1.0)]"
1334,tomato,pick up,Counter_32,Counter,32,pick up tomato from counter,player_feae6efe,forced_division_of_labor,9ba7e504ebbaca7e,1173.3980425113084,45.25483399593918,5.0,0.0,0.0,1.0,1.0,"(2, 2)","[p(2, 2)_cs(1.0)_ws(1.0)]_[p(5, 2)_cs(1.0)_ws(1.0)]"
1352,tomato,start cutting,CuttingBoard_10,CuttingBoard,10,start cutting tomato,player_feae6efe,forced_division_of_labor,9ba7e504ebbaca7e,1196.0254595092779,22.627416997969476,5.0,0.0,0.0,1.0,1.0,"(2, 2)","[p(2, 2)_cs(1.0)_ws(1.0)]_[p(5, 2)_cs(1.0)_ws(1.0)]"
1404,tomato_cut,pick up,CuttingBoard_10,CuttingBoard,10,pick up tomato_cut from cuttingboard,player_feae6efe,forced_division_of_labor,9ba7e504ebbaca7e,1196.0254595092779,0.0,5.0,0.0,0.0,1.0,1.0,"(2, 2)","[p(2, 2)_cs(1.0)_ws(1.0)]_[p(5, 2)_cs(1.0)_ws(1.0)]"
1418,tomato_cut,put down,Counter_32,Counter,32,put down tomato_cut on counter,player_feae6efe,forced_division_of_labor,9ba7e504ebbaca7e,1218.6528765072476,22.627416997969704,6.0,0.0,0.0,1.0,1.0,"(2, 2)","[p(2, 2)_cs(1.0)_ws(1.0)]_[p(5, 2)_cs(1.0)_ws(1.0)]"
1440,tomato,pick up,Counter_34,Counter,34,pick up tomato from counter,player_feae6efe,forced_division_of_labor,9ba7e504ebbaca7e,1250.6528765072467,31.99999999999909,6.0,0.0,0.0,1.0,1.0,"(2, 2)","[p(2, 2)_cs(1.0)_ws(1.0)]_[p(5, 2)_cs(1.0)_ws(1.0)]"
1471,tomato,start cutting,CuttingBoard_10,CuttingBoard,10,start cutting tomato,player_feae6efe,forced_division_of_labor,9ba7e504ebbaca7e,1305.072248150494,54.41937164324736,6.0,0.0,0.0,1.0,1.0,"(2, 2)","[p(2, 2)_cs(1.0)_ws(1.0)]_[p(5, 2)_cs(1.0)_ws(1.0)]"
1522,tomato_cut,pick up,CuttingBoard_10,CuttingBoard,10,pick up tomato_cut from cuttingboard,player_feae6efe,forced_division_of_labor,9ba7e504ebbaca7e,1305.072248150494,0.0,6.0,0.0,0.0,1.0,1.0,"(2, 2)","[p(2, 2)_cs(1.0)_ws(1.0)]_[p(5, 2)_cs(1.0)_ws(1.0)]"
1560,tomato_cut,put down,Counter_35,Counter,35,put down tomato_cut on counter,player_feae6efe,forced_division_of_labor,9ba7e504ebbaca7e,1375.4835079905192,70.4112598400252,6.0,0.0,0.0,1.0,1.0,"(2, 2)","[p(2, 2)_cs(1.0)_ws(1.0)]_[p(5, 2)_cs(1.0)_ws(1.0)]"
1625,tomato,pick up,Counter_33,Counter,33,pick up tomato from counter,player_feae6efe,forced_division_of_labor,9ba7e504ebbaca7e,1407.483507990518,31.999999999998863,7.0,0.0,0.0,1.0,1.0,"(2, 2)","[p(2, 2)_cs(1.0)_ws(1.0)]_[p(5, 2)_cs(1.0)_ws(1.0)]"
1654,tomato,start cutting,CuttingBoard_10,CuttingBoard,10,start cutting tomato,player_feae6efe,forced_division_of_labor,9ba7e504ebbaca7e,1445.894767830544,38.41125984002588,7.0,0.0,0.0,1.0,1.0,"(2, 2)","[p(2, 2)_cs(1.0)_ws(1.0)]_[p(5, 2)_cs(1.0)_ws(1.0)]"
1706,tomato_cut,pick up,CuttingBoard_10,CuttingBoard,10,pick up tomato_cut from cuttingboard,player_feae6efe,forced_division_of_labor,9ba7e504ebbaca7e,1445.894767830544,0.0,7.0,0.0,0.0,1.0,1.0,"(2, 2)","[p(2, 2)_cs(1.0)_ws(1.0)]_[p(5, 2)_cs(1.0)_ws(1.0)]"
1722,tomato_cut,put down,Counter_33,Counter,33,put down tomato_cut on counter,player_feae6efe,forced_division_of_labor,9ba7e504ebbaca7e,1484.3060276705698,38.41125984002588,7.0,0.0,0.0,1.0,1.0,"(2, 2)","[p(2, 2)_cs(1.0)_ws(1.0)]_[p(5, 2)_cs(1.0)_ws(1.0)]"
1743,tomato,pick up,Counter_34,Counter,34,pick up tomato from counter,player_feae6efe,forced_division_of_labor,9ba7e504ebbaca7e,1500.3060276705694,15.999999999999545,7.0,0.0,0.0,1.0,1.0,"(2, 2)","[p(2, 2)_cs(1.0)_ws(1.0)]_[p(5, 2)_cs(1.0)_ws(1.0)]"
1774,tomato,start cutting,CuttingBoard_10,CuttingBoard,10,start cutting tomato,player_feae6efe,forced_division_of_labor,9ba7e504ebbaca7e,1554.725399313817,54.41937164324759,7.0,0.0,0.0,1.0,1.0,"(2, 2)","[p(2, 2)_cs(1.0)_ws(1.0)]_[p(5, 2)_cs(1.0)_ws(1.0)]"
1823,tomato_cut,pick up,CuttingBoard_10,CuttingBoard,10,pick up tomato_cut from cuttingboard,player_feae6efe,forced_division_of_labor,9ba7e504ebbaca7e,1554.725399313817,0.0,8.0,0.0,0.0,1.0,1.0,"(2, 2)","[p(2, 2)_cs(1.0)_ws(1.0)]_[p(5, 2)_cs(1.0)_ws(1.0)]"
1872,tomato_cut,assemble salad,Counter_33,Counter,33,assemble salad,player_feae6efe,forced_division_of_labor,9ba7e504ebbaca7e,1607.0192354807634,52.29383616694645,8.0,0.0,0.0,1.0,1.0,"(2, 2)","[p(2, 2)_cs(1.0)_ws(1.0)]_[p(5, 2)_cs(1.0)_ws(1.0)]"
1912,tomato,pick up,Counter_34,Counter,34,pick up tomato from counter,player_feae6efe,forced_division_of_labor,9ba7e504ebbaca7e,1623.019235480763,15.999999999999545,8.0,0.0,0.0,1.0,1.0,"(2, 2)","[p(2, 2)_cs(1.0)_ws(1.0)]_[p(5, 2)_cs(1.0)_ws(1.0)]"
1940,tomato,start cutting,CuttingBoard_10,CuttingBoard,10,start cutting tomato,player_feae6efe,forced_division_of_labor,9ba7e504ebbaca7e,1676.0370869330068,53.017851452243804,9.0,0.0,0.0,1.0,1.0,"(2, 2)","[p(2, 2)_cs(1.0)_ws(1.0)]_[p(5, 2)_cs(1.0)_ws(1.0)]"
1991,tomato_cut,pick up,CuttingBoard_10,CuttingBoard,10,pick up tomato_cut from cuttingboard,player_feae6efe,forced_division_of_labor,9ba7e504ebbaca7e,1676.0370869330068,0.0,9.0,0.0,0.0,1.0,1.0,"(2, 2)","[p(2, 2)_cs(1.0)_ws(1.0)]_[p(5, 2)_cs(1.0)_ws(1.0)]"
2016,tomato_cut,put down,Counter_33,Counter,33,put down tomato_cut on counter,player_feae6efe,forced_division_of_labor,9ba7e504ebbaca7e,1714.4483467730329,38.411259840026105,9.0,0.0,0.0,1.0,1.0,"(2, 2)","[p(2, 2)_cs(1.0)_ws(1.0)]_[p(5, 2)_cs(1.0)_ws(1.0)]"
2034,tomato,pick up,Counter_34,Counter,34,pick up tomato from counter,player_feae6efe,forced_division_of_labor,9ba7e504ebbaca7e,1730.4483467730327,15.999999999999773,9.0,0.0,0.0,1.0,1.0,"(2, 2)","[p(2, 2)_cs(1.0)_ws(1.0)]_[p(5, 2)_cs(1.0)_ws(1.0)]"
2068,tomato,start cutting,CuttingBoard_10,CuttingBoard,10,start cutting tomato,player_feae6efe,forced_division_of_labor,9ba7e504ebbaca7e,1784.8677184162802,54.41937164324759,9.0,0.0,0.0,1.0,1.0,"(2, 2)","[p(2, 2)_cs(1.0)_ws(1.0)]_[p(5, 2)_cs(1.0)_ws(1.0)]"
2130,tomato_cut,pick up,CuttingBoard_10,CuttingBoard,10,pick up tomato_cut from cuttingboard,player_feae6efe,forced_division_of_labor,9ba7e504ebbaca7e,1784.8677184162802,0.0,9.0,0.0,0.0,1.0,1.0,"(2, 2)","[p(2, 2)_cs(1.0)_ws(1.0)]_[p(5, 2)_cs(1.0)_ws(1.0)]"
2137,tomato_cut,put down,Counter_01,Counter,01,put down tomato_cut on counter,player_feae6efe,forced_division_of_labor,9ba7e504ebbaca7e,1784.8677184162802,0.0,9.0,0.0,0.0,1.0,1.0,"(2, 2)","[p(2, 2)_cs(1.0)_ws(1.0)]_[p(5, 2)_cs(1.0)_ws(1.0)]"
