{"agents": {"player_055042bd": {"initial_state": {"agent_id": "player_055042bd", "x": 40, "y": 40, "item": null, "url_params": {"gameType": ["tomatoSaladOnly"], "PROLIFIC_PID": ["5c28cac3867f660001ae9c4a"], "map": ["forced_division_of_labor"], "cutting_speed_p1": ["1"], "walking_speed_p1": ["1"], "cutting_speed_p2": ["1"], "walking_speed_p2": ["1"], "slot_x_p1": ["2"], "slot_y_p1": ["2"], "slot_x_p2": ["5"], "slot_y_p2": ["2"], "EIO": ["4"], "transport": ["polling"], "t": ["PZKM0Nt"]}, "cut_speed": 1.0, "walk_speed": 30.0, "player_nr": 1}, "player_score": 0.0, "total_actions": 47, "first_action_tick": 187, "last_action_tick": 2135}, "player_6a7b7156": {"initial_state": {"agent_id": "player_6a7b7156", "x": 88, "y": 40, "item": null, "url_params": {"gameType": ["tomatoSaladOnly"], "PROLIFIC_PID": ["5c8b065abd96ce0001947d1b"], "map": ["forced_division_of_labor"], "cutting_speed_p1": ["1"], "walking_speed_p1": ["1"], "cutting_speed_p2": ["1"], "walking_speed_p2": ["1"], "slot_x_p1": ["2"], "slot_y_p1": ["2"], "slot_x_p2": ["5"], "slot_y_p2": ["2"], "EIO": ["4"], "transport": ["polling"], "t": ["PZKM0PL"]}, "cut_speed": 1.0, "walk_speed": 30.0, "player_nr": 2}, "player_score": 9.0, "total_actions": 65, "first_action_tick": 93, "last_action_tick": 2137}}, "map_name": "forced_division_of_labor", "final_score": 9.0}