tick,item,action,target,target_type,target_position,action_long,player_id,map_name,game_id,distance_walked,distance_walked_since_last_action,overall_score,player_score_change,player_score,walking_speed,cutting_speed,start_pos,condition,source,last_touched,touched_list,tomato_history,plate_history,is_exchange_collaboration
75,tomato,pick up,Dispenser_50,Dispenser,50,pick up tomato from dispenser,player_2463cb5b,baseline_division_of_labor,dcd5273e2d171f76,16.0,0.0,0.0,0.0,0.0,1.0,1.0,"(5, 2)","[p(2, 2)_cs(1.0)_ws(1.0)]_[p(5, 2)_cs(1.0)_ws(1.0)]",player_2463cb5b_actions,,[],,,
78,tomato,pick up,Dispenser_40,Dispenser,40,pick up tomato from dispenser,player_853f704e,baseline_division_of_labor,dcd5273e2d171f76,38.50692672489653,0.0,0.0,0.0,0.0,1.0,1.0,"(2, 2)","[p(2, 2)_cs(1.0)_ws(1.0)]_[p(5, 2)_cs(1.0)_ws(1.0)]",player_853f704e_actions,,[],,,
160,tomato,start cutting,CuttingBoard_20,CuttingBoard,20,start cutting tomato,player_853f704e,baseline_division_of_labor,dcd5273e2d171f76,102.50692672489652,63.999999999999986,0.0,0.0,0.0,1.0,1.0,"(2, 2)","[p(2, 2)_cs(1.0)_ws(1.0)]_[p(5, 2)_cs(1.0)_ws(1.0)]",player_853f704e_actions,player_853f704e,['player_853f704e'],,,
232,plate,pick up,Dispenser_60,Dispenser,60,pick up plate from dispenser,player_853f704e,baseline_division_of_labor,dcd5273e2d171f76,166.50692672489652,64.0,0.0,0.0,0.0,1.0,1.0,"(2, 2)","[p(2, 2)_cs(1.0)_ws(1.0)]_[p(5, 2)_cs(1.0)_ws(1.0)]",player_853f704e_actions,,[],,,
241,tomato,start cutting,CuttingBoard_10,CuttingBoard,10,start cutting tomato,player_2463cb5b,baseline_division_of_labor,dcd5273e2d171f76,80.0,64.0,0.0,0.0,0.0,1.0,1.0,"(5, 2)","[p(2, 2)_cs(1.0)_ws(1.0)]_[p(5, 2)_cs(1.0)_ws(1.0)]",player_2463cb5b_actions,player_2463cb5b,['player_2463cb5b'],,,
271,plate,put down,Counter_32,Counter,32,put down plate on counter,player_853f704e,baseline_division_of_labor,dcd5273e2d171f76,238.50692672491243,72.00000000001592,0.0,0.0,0.0,1.0,1.0,"(2, 2)","[p(2, 2)_cs(1.0)_ws(1.0)]_[p(5, 2)_cs(1.0)_ws(1.0)]",player_853f704e_actions,player_853f704e,['player_853f704e'],,,
291,tomato_cut,pick up,CuttingBoard_20,CuttingBoard,20,pick up tomato_cut from cuttingboard,player_853f704e,baseline_division_of_labor,dcd5273e2d171f76,254.50692672491243,16.0,0.0,0.0,0.0,1.0,1.0,"(2, 2)","[p(2, 2)_cs(1.0)_ws(1.0)]_[p(5, 2)_cs(1.0)_ws(1.0)]",player_853f704e_actions,player_853f704e,['player_853f704e'],,,False
312,tomato_cut,assemble salad,Counter_32,Counter,32,assemble salad,player_853f704e,baseline_division_of_labor,dcd5273e2d171f76,270.5069267249126,16.00000000000017,0.0,0.0,0.0,1.0,1.0,"(2, 2)","[p(2, 2)_cs(1.0)_ws(1.0)]_[p(5, 2)_cs(1.0)_ws(1.0)]",player_853f704e_actions,player_853f704e,['player_853f704e'],"['player_853f704e', 'player_853f704e']",['player_853f704e'],False
327,tomato_salad,pick up,Counter_32,Counter,32,pick up tomato_salad from counter,player_853f704e,baseline_division_of_labor,dcd5273e2d171f76,270.5069267249126,0.0,0.0,0.0,0.0,1.0,1.0,"(2, 2)","[p(2, 2)_cs(1.0)_ws(1.0)]_[p(5, 2)_cs(1.0)_ws(1.0)]",player_853f704e_actions,player_853f704e,['player_853f704e'],"['player_853f704e', 'player_853f704e']",['player_853f704e'],False
328,plate,pick up,Dispenser_60,Dispenser,60,pick up plate from dispenser,player_2463cb5b,baseline_division_of_labor,dcd5273e2d171f76,160.0,80.0,0.0,0.0,0.0,1.0,1.0,"(5, 2)","[p(2, 2)_cs(1.0)_ws(1.0)]_[p(5, 2)_cs(1.0)_ws(1.0)]",player_2463cb5b_actions,,[],,,
365,plate,put down,Counter_33,Counter,33,put down plate on counter,player_2463cb5b,baseline_division_of_labor,dcd5273e2d171f76,205.25483399593912,45.25483399593912,0.0,0.0,0.0,1.0,1.0,"(5, 2)","[p(2, 2)_cs(1.0)_ws(1.0)]_[p(5, 2)_cs(1.0)_ws(1.0)]",player_2463cb5b_actions,player_2463cb5b,['player_2463cb5b'],,,
373,tomato_salad,put down,Dispenser_40,Dispenser,40,put down tomato_salad on dispenser,player_853f704e,baseline_division_of_labor,dcd5273e2d171f76,341.9244476977462,71.41752097283359,0.0,0.0,0.0,1.0,1.0,"(2, 2)","[p(2, 2)_cs(1.0)_ws(1.0)]_[p(5, 2)_cs(1.0)_ws(1.0)]",player_853f704e_actions,player_853f704e,"['player_853f704e', 'player_853f704e']","['player_853f704e', 'player_853f704e']",['player_853f704e'],
373,tomato,pick up,Dispenser_40,Dispenser,40,pick up tomato from dispenser,player_853f704e,baseline_division_of_labor,dcd5273e2d171f76,341.9244476977462,0.0,0.0,0.0,0.0,1.0,1.0,"(2, 2)","[p(2, 2)_cs(1.0)_ws(1.0)]_[p(5, 2)_cs(1.0)_ws(1.0)]",player_853f704e_actions,,[],,,
393,tomato,start cutting,CuttingBoard_20,CuttingBoard,20,start cutting tomato,player_853f704e,baseline_division_of_labor,dcd5273e2d171f76,373.9244476977464,32.00000000000017,0.0,0.0,0.0,1.0,1.0,"(2, 2)","[p(2, 2)_cs(1.0)_ws(1.0)]_[p(5, 2)_cs(1.0)_ws(1.0)]",player_853f704e_actions,player_853f704e,['player_853f704e'],,,
412,tomato_cut,pick up,CuttingBoard_10,CuttingBoard,10,pick up tomato_cut from cuttingboard,player_2463cb5b,baseline_division_of_labor,dcd5273e2d171f76,275.42317035343393,70.16833635749481,0.0,0.0,0.0,1.0,1.0,"(5, 2)","[p(2, 2)_cs(1.0)_ws(1.0)]_[p(5, 2)_cs(1.0)_ws(1.0)]",player_2463cb5b_actions,player_2463cb5b,['player_2463cb5b'],,,False
441,tomato_cut,assemble salad,Counter_33,Counter,33,assemble salad,player_2463cb5b,baseline_division_of_labor,dcd5273e2d171f76,313.8344301934601,38.41125984002616,0.0,0.0,0.0,1.0,1.0,"(5, 2)","[p(2, 2)_cs(1.0)_ws(1.0)]_[p(5, 2)_cs(1.0)_ws(1.0)]",player_2463cb5b_actions,player_2463cb5b,['player_2463cb5b'],"['player_2463cb5b', 'player_2463cb5b']",['player_2463cb5b'],False
462,tomato_salad,pick up,Counter_33,Counter,33,pick up tomato_salad from counter,player_2463cb5b,baseline_division_of_labor,dcd5273e2d171f76,313.8344301934601,0.0,0.0,0.0,0.0,1.0,1.0,"(5, 2)","[p(2, 2)_cs(1.0)_ws(1.0)]_[p(5, 2)_cs(1.0)_ws(1.0)]",player_2463cb5b_actions,player_2463cb5b,['player_2463cb5b'],"['player_2463cb5b', 'player_2463cb5b']",['player_2463cb5b'],False
471,tomato_salad,put down,Counter_33,Counter,33,put down tomato_salad on counter,player_2463cb5b,baseline_division_of_labor,dcd5273e2d171f76,313.8344301934601,0.0,0.0,0.0,0.0,1.0,1.0,"(5, 2)","[p(2, 2)_cs(1.0)_ws(1.0)]_[p(5, 2)_cs(1.0)_ws(1.0)]",player_2463cb5b_actions,player_2463cb5b,"['player_2463cb5b', 'player_2463cb5b']","['player_2463cb5b', 'player_2463cb5b']",['player_2463cb5b'],
472,plate,pick up,Dispenser_60,Dispenser,60,pick up plate from dispenser,player_853f704e,baseline_division_of_labor,dcd5273e2d171f76,465.9244476977467,92.00000000000034,0.0,0.0,0.0,1.0,1.0,"(2, 2)","[p(2, 2)_cs(1.0)_ws(1.0)]_[p(5, 2)_cs(1.0)_ws(1.0)]",player_853f704e_actions,,[],,,
498,plate,put down,Counter_32,Counter,32,put down plate on counter,player_853f704e,baseline_division_of_labor,dcd5273e2d171f76,504.3315103645117,38.407062666765,0.0,0.0,0.0,1.0,1.0,"(2, 2)","[p(2, 2)_cs(1.0)_ws(1.0)]_[p(5, 2)_cs(1.0)_ws(1.0)]",player_853f704e_actions,player_853f704e,['player_853f704e'],,,
519,tomato_salad,pick up,Counter_33,Counter,33,pick up tomato_salad from counter,player_2463cb5b,baseline_division_of_labor,dcd5273e2d171f76,389.7140060377872,75.87957584432706,0.0,0.0,0.0,1.0,1.0,"(5, 2)","[p(2, 2)_cs(1.0)_ws(1.0)]_[p(5, 2)_cs(1.0)_ws(1.0)]",player_2463cb5b_actions,player_2463cb5b,"['player_2463cb5b', 'player_2463cb5b']","['player_2463cb5b', 'player_2463cb5b']",['player_2463cb5b'],False
546,tomato_salad,deliver,Delivery_63,Delivery,63,deliver tomato_salad,player_2463cb5b,baseline_division_of_labor,dcd5273e2d171f76,405.7140060377872,16.0,1.0,1.0,1.0,1.0,1.0,"(5, 2)","[p(2, 2)_cs(1.0)_ws(1.0)]_[p(5, 2)_cs(1.0)_ws(1.0)]",player_2463cb5b_actions,player_2463cb5b,"['player_2463cb5b', 'player_2463cb5b', 'player_2463cb5b']","['player_2463cb5b', 'player_2463cb5b']",['player_2463cb5b'],
558,tomato_cut,pick up,CuttingBoard_20,CuttingBoard,20,pick up tomato_cut from cuttingboard,player_853f704e,baseline_division_of_labor,dcd5273e2d171f76,542.8384370894083,38.50692672489663,1.0,0.0,0.0,1.0,1.0,"(2, 2)","[p(2, 2)_cs(1.0)_ws(1.0)]_[p(5, 2)_cs(1.0)_ws(1.0)]",player_853f704e_actions,player_853f704e,['player_853f704e'],,,False
579,tomato_cut,assemble salad,Counter_32,Counter,32,assemble salad,player_853f704e,baseline_division_of_labor,dcd5273e2d171f76,558.8384370894084,16.000000000000114,1.0,0.0,0.0,1.0,1.0,"(2, 2)","[p(2, 2)_cs(1.0)_ws(1.0)]_[p(5, 2)_cs(1.0)_ws(1.0)]",player_853f704e_actions,player_853f704e,['player_853f704e'],"['player_853f704e', 'player_853f704e']",['player_853f704e'],False
600,tomato,pick up,Dispenser_40,Dispenser,40,pick up tomato from dispenser,player_2463cb5b,baseline_division_of_labor,dcd5273e2d171f76,444.1252658778133,38.41125984002616,1.0,0.0,1.0,1.0,1.0,"(5, 2)","[p(2, 2)_cs(1.0)_ws(1.0)]_[p(5, 2)_cs(1.0)_ws(1.0)]",player_2463cb5b_actions,,[],,,
601,tomato_salad,pick up,Counter_32,Counter,32,pick up tomato_salad from counter,player_853f704e,baseline_division_of_labor,dcd5273e2d171f76,558.8384370894084,0.0,1.0,0.0,0.0,1.0,1.0,"(2, 2)","[p(2, 2)_cs(1.0)_ws(1.0)]_[p(5, 2)_cs(1.0)_ws(1.0)]",player_853f704e_actions,player_853f704e,['player_853f704e'],"['player_853f704e', 'player_853f704e']",['player_853f704e'],False
643,tomato_salad,deliver,Delivery_63,Delivery,63,deliver tomato_salad,player_853f704e,baseline_division_of_labor,dcd5273e2d171f76,604.0932710853481,45.254833995939634,2.0,1.0,1.0,1.0,1.0,"(2, 2)","[p(2, 2)_cs(1.0)_ws(1.0)]_[p(5, 2)_cs(1.0)_ws(1.0)]",player_853f704e_actions,player_853f704e,"['player_853f704e', 'player_853f704e']","['player_853f704e', 'player_853f704e']",['player_853f704e'],
672,tomato,start cutting,CuttingBoard_10,CuttingBoard,10,start cutting tomato,player_2463cb5b,baseline_division_of_labor,dcd5273e2d171f76,524.1252658778137,80.0000000000004,2.0,0.0,1.0,1.0,1.0,"(5, 2)","[p(2, 2)_cs(1.0)_ws(1.0)]_[p(5, 2)_cs(1.0)_ws(1.0)]",player_2463cb5b_actions,player_2463cb5b,['player_2463cb5b'],,,
677,tomato,pick up,Dispenser_50,Dispenser,50,pick up tomato from dispenser,player_853f704e,baseline_division_of_labor,dcd5273e2d171f76,636.0932710853484,32.00000000000034,2.0,0.0,1.0,1.0,1.0,"(2, 2)","[p(2, 2)_cs(1.0)_ws(1.0)]_[p(5, 2)_cs(1.0)_ws(1.0)]",player_853f704e_actions,,[],,,
710,tomato,start cutting,CuttingBoard_20,CuttingBoard,20,start cutting tomato,player_853f704e,baseline_division_of_labor,dcd5273e2d171f76,684.0932710853486,48.00000000000023,2.0,0.0,1.0,1.0,1.0,"(2, 2)","[p(2, 2)_cs(1.0)_ws(1.0)]_[p(5, 2)_cs(1.0)_ws(1.0)]",player_853f704e_actions,player_853f704e,['player_853f704e'],,,
742,plate,pick up,Dispenser_60,Dispenser,60,pick up plate from dispenser,player_2463cb5b,baseline_division_of_labor,dcd5273e2d171f76,604.1252658778142,80.00000000000045,2.0,0.0,1.0,1.0,1.0,"(5, 2)","[p(2, 2)_cs(1.0)_ws(1.0)]_[p(5, 2)_cs(1.0)_ws(1.0)]",player_2463cb5b_actions,,[],,,
781,plate,put down,Counter_33,Counter,33,put down plate on counter,player_2463cb5b,baseline_division_of_labor,dcd5273e2d171f76,649.3800998737538,45.254833995939634,2.0,0.0,1.0,1.0,1.0,"(5, 2)","[p(2, 2)_cs(1.0)_ws(1.0)]_[p(5, 2)_cs(1.0)_ws(1.0)]",player_2463cb5b_actions,player_2463cb5b,['player_2463cb5b'],,,
826,tomato_cut,pick up,CuttingBoard_10,CuttingBoard,10,pick up tomato_cut from cuttingboard,player_2463cb5b,baseline_division_of_labor,dcd5273e2d171f76,719.5484362312492,70.16833635749538,2.0,0.0,1.0,1.0,1.0,"(5, 2)","[p(2, 2)_cs(1.0)_ws(1.0)]_[p(5, 2)_cs(1.0)_ws(1.0)]",player_2463cb5b_actions,player_2463cb5b,['player_2463cb5b'],,,False
866,plate,pick up,Dispenser_60,Dispenser,60,pick up plate from dispenser,player_853f704e,baseline_division_of_labor,dcd5273e2d171f76,855.0932710853532,171.00000000000455,2.0,0.0,1.0,1.0,1.0,"(2, 2)","[p(2, 2)_cs(1.0)_ws(1.0)]_[p(5, 2)_cs(1.0)_ws(1.0)]",player_853f704e_actions,,[],,,
889,tomato_cut,assemble salad,Counter_33,Counter,33,assemble salad,player_2463cb5b,baseline_division_of_labor,dcd5273e2d171f76,767.5484362312496,48.000000000000455,2.0,0.0,1.0,1.0,1.0,"(5, 2)","[p(2, 2)_cs(1.0)_ws(1.0)]_[p(5, 2)_cs(1.0)_ws(1.0)]",player_2463cb5b_actions,player_2463cb5b,['player_2463cb5b'],"['player_2463cb5b', 'player_2463cb5b']",['player_2463cb5b'],False
898,plate,put down,Counter_32,Counter,32,put down plate on counter,player_853f704e,baseline_division_of_labor,dcd5273e2d171f76,893.500333752118,38.40706266676477,2.0,0.0,1.0,1.0,1.0,"(2, 2)","[p(2, 2)_cs(1.0)_ws(1.0)]_[p(5, 2)_cs(1.0)_ws(1.0)]",player_853f704e_actions,player_853f704e,['player_853f704e'],,,
918,tomato_cut,pick up,CuttingBoard_20,CuttingBoard,20,pick up tomato_cut from cuttingboard,player_2463cb5b,baseline_division_of_labor,dcd5273e2d171f76,799.54843623125,32.00000000000034,2.0,0.0,1.0,1.0,1.0,"(5, 2)","[p(2, 2)_cs(1.0)_ws(1.0)]_[p(5, 2)_cs(1.0)_ws(1.0)]",player_2463cb5b_actions,player_853f704e,['player_853f704e'],,,True
936,tomato_cut,assemble salad,Counter_32,Counter,32,assemble salad,player_2463cb5b,baseline_division_of_labor,dcd5273e2d171f76,815.5484362312502,16.000000000000227,2.0,0.0,1.0,1.0,1.0,"(5, 2)","[p(2, 2)_cs(1.0)_ws(1.0)]_[p(5, 2)_cs(1.0)_ws(1.0)]",player_2463cb5b_actions,player_853f704e,['player_2463cb5b'],"['player_853f704e', 'player_2463cb5b']",['player_853f704e'],True
958,tomato_salad,pick up,Counter_32,Counter,32,pick up tomato_salad from counter,player_2463cb5b,baseline_division_of_labor,dcd5273e2d171f76,815.5484362312502,0.0,2.0,0.0,1.0,1.0,1.0,"(5, 2)","[p(2, 2)_cs(1.0)_ws(1.0)]_[p(5, 2)_cs(1.0)_ws(1.0)]",player_2463cb5b_actions,player_2463cb5b,['player_2463cb5b'],"['player_853f704e', 'player_2463cb5b']",['player_853f704e'],False
959,tomato_salad,pick up,Counter_33,Counter,33,pick up tomato_salad from counter,player_853f704e,baseline_division_of_labor,dcd5273e2d171f76,964.0072604770152,70.5069267248972,2.0,0.0,1.0,1.0,1.0,"(2, 2)","[p(2, 2)_cs(1.0)_ws(1.0)]_[p(5, 2)_cs(1.0)_ws(1.0)]",player_853f704e_actions,player_2463cb5b,['player_2463cb5b'],"['player_2463cb5b', 'player_2463cb5b']",['player_2463cb5b'],True
967,tomato_salad,put down,Counter_32,Counter,32,put down tomato_salad on counter,player_2463cb5b,baseline_division_of_labor,dcd5273e2d171f76,815.5484362312502,0.0,2.0,0.0,1.0,1.0,1.0,"(5, 2)","[p(2, 2)_cs(1.0)_ws(1.0)]_[p(5, 2)_cs(1.0)_ws(1.0)]",player_2463cb5b_actions,player_2463cb5b,"['player_2463cb5b', 'player_2463cb5b']","['player_853f704e', 'player_2463cb5b']",['player_853f704e'],
1013,tomato_salad,pick up,Counter_32,Counter,32,pick up tomato_salad from counter,player_2463cb5b,baseline_division_of_labor,dcd5273e2d171f76,883.4306872251597,67.88225099390945,2.0,0.0,1.0,1.0,1.0,"(5, 2)","[p(2, 2)_cs(1.0)_ws(1.0)]_[p(5, 2)_cs(1.0)_ws(1.0)]",player_2463cb5b_actions,player_2463cb5b,"['player_2463cb5b', 'player_2463cb5b']","['player_853f704e', 'player_2463cb5b']",['player_853f704e'],False
1022,tomato_salad,deliver,Delivery_63,Delivery,63,deliver tomato_salad,player_853f704e,baseline_division_of_labor,dcd5273e2d171f76,1046.780718267783,82.7734577907678,3.0,1.0,2.0,1.0,1.0,"(2, 2)","[p(2, 2)_cs(1.0)_ws(1.0)]_[p(5, 2)_cs(1.0)_ws(1.0)]",player_853f704e_actions,player_853f704e,"['player_2463cb5b', 'player_853f704e']","['player_2463cb5b', 'player_2463cb5b']",['player_2463cb5b'],
1044,tomato_salad,deliver,Delivery_63,Delivery,63,deliver tomato_salad,player_2463cb5b,baseline_division_of_labor,dcd5273e2d171f76,906.0581042231296,22.627416997969817,4.0,1.0,2.0,1.0,1.0,"(5, 2)","[p(2, 2)_cs(1.0)_ws(1.0)]_[p(5, 2)_cs(1.0)_ws(1.0)]",player_2463cb5b_actions,player_2463cb5b,"['player_2463cb5b', 'player_2463cb5b', 'player_2463cb5b']","['player_853f704e', 'player_2463cb5b']",['player_853f704e'],
1056,tomato,pick up,Dispenser_50,Dispenser,50,pick up tomato from dispenser,player_853f704e,baseline_division_of_labor,dcd5273e2d171f76,1078.780718267782,31.99999999999909,4.0,0.0,2.0,1.0,1.0,"(2, 2)","[p(2, 2)_cs(1.0)_ws(1.0)]_[p(5, 2)_cs(1.0)_ws(1.0)]",player_853f704e_actions,,[],,,
1085,tomato,start cutting,CuttingBoard_20,CuttingBoard,20,start cutting tomato,player_853f704e,baseline_division_of_labor,dcd5273e2d171f76,1126.7807182677802,47.99999999999818,4.0,0.0,2.0,1.0,1.0,"(2, 2)","[p(2, 2)_cs(1.0)_ws(1.0)]_[p(5, 2)_cs(1.0)_ws(1.0)]",player_853f704e_actions,player_853f704e,['player_853f704e'],,,
1126,plate,pick up,Dispenser_60,Dispenser,60,pick up plate from dispenser,player_853f704e,baseline_division_of_labor,dcd5273e2d171f76,1190.780718267778,63.999999999997726,4.0,0.0,2.0,1.0,1.0,"(2, 2)","[p(2, 2)_cs(1.0)_ws(1.0)]_[p(5, 2)_cs(1.0)_ws(1.0)]",player_853f704e_actions,,[],,,
1136,tomato,pick up,Dispenser_50,Dispenser,50,pick up tomato from dispenser,player_2463cb5b,baseline_division_of_labor,dcd5273e2d171f76,938.0581042231298,32.00000000000034,4.0,0.0,2.0,1.0,1.0,"(5, 2)","[p(2, 2)_cs(1.0)_ws(1.0)]_[p(5, 2)_cs(1.0)_ws(1.0)]",player_2463cb5b_actions,,[],,,
1154,plate,put down,Counter_32,Counter,32,put down plate on counter,player_853f704e,baseline_division_of_labor,dcd5273e2d171f76,1229.187780934542,38.40706266676398,4.0,0.0,2.0,1.0,1.0,"(2, 2)","[p(2, 2)_cs(1.0)_ws(1.0)]_[p(5, 2)_cs(1.0)_ws(1.0)]",player_853f704e_actions,player_853f704e,['player_853f704e'],,,
1187,plate,pick up,Dispenser_60,Dispenser,60,pick up plate from dispenser,player_853f704e,baseline_division_of_labor,dcd5273e2d171f76,1267.5948436013057,38.40706266676375,4.0,0.0,2.0,1.0,1.0,"(2, 2)","[p(2, 2)_cs(1.0)_ws(1.0)]_[p(5, 2)_cs(1.0)_ws(1.0)]",player_853f704e_actions,,[],,,
1188,tomato,start cutting,CuttingBoard_10,CuttingBoard,10,start cutting tomato,player_2463cb5b,baseline_division_of_labor,dcd5273e2d171f76,1002.0581042231302,64.00000000000034,4.0,0.0,2.0,1.0,1.0,"(5, 2)","[p(2, 2)_cs(1.0)_ws(1.0)]_[p(5, 2)_cs(1.0)_ws(1.0)]",player_2463cb5b_actions,player_2463cb5b,['player_2463cb5b'],,,
1219,plate,put down,Counter_33,Counter,33,put down plate on counter,player_853f704e,baseline_division_of_labor,dcd5273e2d171f76,1312.8496775972435,45.254833995937815,4.0,0.0,2.0,1.0,1.0,"(2, 2)","[p(2, 2)_cs(1.0)_ws(1.0)]_[p(5, 2)_cs(1.0)_ws(1.0)]",player_853f704e_actions,player_853f704e,['player_853f704e'],,,
1245,plate,pick up,Dispenser_71,Dispenser,71,pick up plate from dispenser,player_2463cb5b,baseline_division_of_labor,dcd5273e2d171f76,1082.058104223128,79.99999999999773,4.0,0.0,2.0,1.0,1.0,"(5, 2)","[p(2, 2)_cs(1.0)_ws(1.0)]_[p(5, 2)_cs(1.0)_ws(1.0)]",player_2463cb5b_actions,,[],,,
1290,plate,put down,Counter_34,Counter,34,put down plate on counter,player_2463cb5b,baseline_division_of_labor,dcd5273e2d171f76,1142.9742911256646,60.916186902536765,4.0,0.0,2.0,1.0,1.0,"(5, 2)","[p(2, 2)_cs(1.0)_ws(1.0)]_[p(5, 2)_cs(1.0)_ws(1.0)]",player_2463cb5b_actions,player_2463cb5b,['player_2463cb5b'],,,
1297,tomato_cut,pick up,CuttingBoard_20,CuttingBoard,20,pick up tomato_cut from cuttingboard,player_853f704e,baseline_division_of_labor,dcd5273e2d171f76,1367.0180644258758,54.168386828632265,4.0,0.0,2.0,1.0,1.0,"(2, 2)","[p(2, 2)_cs(1.0)_ws(1.0)]_[p(5, 2)_cs(1.0)_ws(1.0)]",player_853f704e_actions,player_853f704e,['player_853f704e'],,,False
1322,tomato_cut,assemble salad,Counter_32,Counter,32,assemble salad,player_853f704e,baseline_division_of_labor,dcd5273e2d171f76,1383.0180644258753,15.999999999999543,4.0,0.0,2.0,1.0,1.0,"(2, 2)","[p(2, 2)_cs(1.0)_ws(1.0)]_[p(5, 2)_cs(1.0)_ws(1.0)]",player_853f704e_actions,player_853f704e,['player_853f704e'],"['player_853f704e', 'player_853f704e']",['player_853f704e'],False
1343,tomato_salad,pick up,Counter_32,Counter,32,pick up tomato_salad from counter,player_853f704e,baseline_division_of_labor,dcd5273e2d171f76,1383.0180644258753,0.0,4.0,0.0,2.0,1.0,1.0,"(2, 2)","[p(2, 2)_cs(1.0)_ws(1.0)]_[p(5, 2)_cs(1.0)_ws(1.0)]",player_853f704e_actions,player_853f704e,['player_853f704e'],"['player_853f704e', 'player_853f704e']",['player_853f704e'],False
1378,tomato_salad,deliver,Delivery_63,Delivery,63,deliver tomato_salad,player_853f704e,baseline_division_of_labor,dcd5273e2d171f76,1428.2728984218134,45.25483399593804,5.0,1.0,3.0,1.0,1.0,"(2, 2)","[p(2, 2)_cs(1.0)_ws(1.0)]_[p(5, 2)_cs(1.0)_ws(1.0)]",player_853f704e_actions,player_853f704e,"['player_853f704e', 'player_853f704e']","['player_853f704e', 'player_853f704e']",['player_853f704e'],
1381,tomato_cut,pick up,CuttingBoard_10,CuttingBoard,10,pick up tomato_cut from cuttingboard,player_2463cb5b,baseline_division_of_labor,dcd5273e2d171f76,1229.1645815633433,86.19029043767864,5.0,0.0,2.0,1.0,1.0,"(5, 2)","[p(2, 2)_cs(1.0)_ws(1.0)]_[p(5, 2)_cs(1.0)_ws(1.0)]",player_2463cb5b_actions,player_2463cb5b,['player_2463cb5b'],,,False
1416,tomato,pick up,Dispenser_40,Dispenser,40,pick up tomato from dispenser,player_853f704e,baseline_division_of_labor,dcd5273e2d171f76,1466.684158261839,38.41125984002565,5.0,0.0,3.0,1.0,1.0,"(2, 2)","[p(2, 2)_cs(1.0)_ws(1.0)]_[p(5, 2)_cs(1.0)_ws(1.0)]",player_853f704e_actions,,[],,,
1422,tomato_cut,assemble salad,Counter_33,Counter,33,assemble salad,player_2463cb5b,baseline_division_of_labor,dcd5273e2d171f76,1267.5758414033694,38.411259840026105,5.0,0.0,2.0,1.0,1.0,"(5, 2)","[p(2, 2)_cs(1.0)_ws(1.0)]_[p(5, 2)_cs(1.0)_ws(1.0)]",player_2463cb5b_actions,player_853f704e,['player_2463cb5b'],"['player_2463cb5b', 'player_2463cb5b']",['player_853f704e'],True
1436,tomato_salad,pick up,Counter_33,Counter,33,pick up tomato_salad from counter,player_2463cb5b,baseline_division_of_labor,dcd5273e2d171f76,1267.5758414033694,0.0,5.0,0.0,2.0,1.0,1.0,"(5, 2)","[p(2, 2)_cs(1.0)_ws(1.0)]_[p(5, 2)_cs(1.0)_ws(1.0)]",player_2463cb5b_actions,player_2463cb5b,['player_2463cb5b'],"['player_2463cb5b', 'player_2463cb5b']",['player_853f704e'],False
1460,tomato,start cutting,CuttingBoard_20,CuttingBoard,20,start cutting tomato,player_853f704e,baseline_division_of_labor,dcd5273e2d171f76,1498.684158261838,31.99999999999909,5.0,0.0,3.0,1.0,1.0,"(2, 2)","[p(2, 2)_cs(1.0)_ws(1.0)]_[p(5, 2)_cs(1.0)_ws(1.0)]",player_853f704e_actions,player_853f704e,['player_853f704e'],,,
1490,tomato_salad,deliver,Delivery_63,Delivery,63,deliver tomato_salad,player_2463cb5b,baseline_division_of_labor,dcd5273e2d171f76,1350.349299194136,82.77345779076654,6.0,1.0,3.0,1.0,1.0,"(5, 2)","[p(2, 2)_cs(1.0)_ws(1.0)]_[p(5, 2)_cs(1.0)_ws(1.0)]",player_2463cb5b_actions,player_2463cb5b,"['player_2463cb5b', 'player_2463cb5b']","['player_2463cb5b', 'player_2463cb5b']",['player_853f704e'],
1512,tomato_cut,pick up,CuttingBoard_20,CuttingBoard,20,pick up tomato_cut from cuttingboard,player_853f704e,baseline_division_of_labor,dcd5273e2d171f76,1498.684158261838,0.0,6.0,0.0,3.0,1.0,1.0,"(2, 2)","[p(2, 2)_cs(1.0)_ws(1.0)]_[p(5, 2)_cs(1.0)_ws(1.0)]",player_853f704e_actions,player_853f704e,['player_853f704e'],,,False
1548,tomato_cut,assemble salad,Counter_34,Counter,34,assemble salad,player_853f704e,baseline_division_of_labor,dcd5273e2d171f76,1546.6841582618365,47.99999999999818,6.0,0.0,3.0,1.0,1.0,"(2, 2)","[p(2, 2)_cs(1.0)_ws(1.0)]_[p(5, 2)_cs(1.0)_ws(1.0)]",player_853f704e_actions,player_2463cb5b,['player_853f704e'],"['player_853f704e', 'player_853f704e']",['player_2463cb5b'],True
1556,tomato,pick up,Dispenser_40,Dispenser,40,pick up tomato from dispenser,player_2463cb5b,baseline_division_of_labor,dcd5273e2d171f76,1388.7605590341616,38.41125984002565,6.0,0.0,3.0,1.0,1.0,"(5, 2)","[p(2, 2)_cs(1.0)_ws(1.0)]_[p(5, 2)_cs(1.0)_ws(1.0)]",player_2463cb5b_actions,,[],,,
1564,tomato_salad,pick up,Counter_34,Counter,34,pick up tomato_salad from counter,player_853f704e,baseline_division_of_labor,dcd5273e2d171f76,1546.6841582618365,0.0,6.0,0.0,3.0,1.0,1.0,"(2, 2)","[p(2, 2)_cs(1.0)_ws(1.0)]_[p(5, 2)_cs(1.0)_ws(1.0)]",player_853f704e_actions,player_853f704e,['player_853f704e'],"['player_853f704e', 'player_853f704e']",['player_2463cb5b'],False
1599,tomato,start cutting,CuttingBoard_10,CuttingBoard,10,start cutting tomato,player_2463cb5b,baseline_division_of_labor,dcd5273e2d171f76,1436.7605590341602,47.99999999999864,6.0,0.0,3.0,1.0,1.0,"(5, 2)","[p(2, 2)_cs(1.0)_ws(1.0)]_[p(5, 2)_cs(1.0)_ws(1.0)]",player_2463cb5b_actions,player_2463cb5b,['player_2463cb5b'],,,
1619,tomato_salad,deliver,Delivery_63,Delivery,63,deliver tomato_salad,player_853f704e,baseline_division_of_labor,dcd5273e2d171f76,1645.0148757154054,98.33071745356916,7.0,1.0,4.0,1.0,1.0,"(2, 2)","[p(2, 2)_cs(1.0)_ws(1.0)]_[p(5, 2)_cs(1.0)_ws(1.0)]",player_853f704e_actions,player_853f704e,"['player_853f704e', 'player_853f704e']","['player_853f704e', 'player_853f704e']",['player_2463cb5b'],
1633,tomato,pick up,Dispenser_40,Dispenser,40,pick up tomato from dispenser,player_2463cb5b,baseline_division_of_labor,dcd5273e2d171f76,1484.7605590341586,47.99999999999841,7.0,0.0,3.0,1.0,1.0,"(5, 2)","[p(2, 2)_cs(1.0)_ws(1.0)]_[p(5, 2)_cs(1.0)_ws(1.0)]",player_2463cb5b_actions,,[],,,
1725,tomato,start cutting,CuttingBoard_20,CuttingBoard,20,start cutting tomato,player_2463cb5b,baseline_division_of_labor,dcd5273e2d171f76,1516.7605590341575,31.99999999999909,7.0,0.0,3.0,1.0,1.0,"(5, 2)","[p(2, 2)_cs(1.0)_ws(1.0)]_[p(5, 2)_cs(1.0)_ws(1.0)]",player_2463cb5b_actions,player_2463cb5b,['player_2463cb5b'],,,
1749,plate,pick up,Dispenser_60,Dispenser,60,pick up plate from dispenser,player_853f704e,baseline_division_of_labor,dcd5273e2d171f76,1811.4261355554268,166.41125984002133,7.0,0.0,4.0,1.0,1.0,"(2, 2)","[p(2, 2)_cs(1.0)_ws(1.0)]_[p(5, 2)_cs(1.0)_ws(1.0)]",player_853f704e_actions,,[],,,
1783,plate,put down,Counter_32,Counter,32,put down plate on counter,player_853f704e,baseline_division_of_labor,dcd5273e2d171f76,1849.8331982221907,38.40706266676398,7.0,0.0,4.0,1.0,1.0,"(2, 2)","[p(2, 2)_cs(1.0)_ws(1.0)]_[p(5, 2)_cs(1.0)_ws(1.0)]",player_853f704e_actions,player_853f704e,['player_853f704e'],,,
1796,plate,pick up,Dispenser_60,Dispenser,60,pick up plate from dispenser,player_2463cb5b,baseline_division_of_labor,dcd5273e2d171f76,1580.7605590341554,63.999999999997726,7.0,0.0,3.0,1.0,1.0,"(5, 2)","[p(2, 2)_cs(1.0)_ws(1.0)]_[p(5, 2)_cs(1.0)_ws(1.0)]",player_2463cb5b_actions,,[],,,
1820,tomato_cut,pick up,CuttingBoard_20,CuttingBoard,20,pick up tomato_cut from cuttingboard,player_853f704e,baseline_division_of_labor,dcd5273e2d171f76,1888.3401249470865,38.50692672489572,7.0,0.0,4.0,1.0,1.0,"(2, 2)","[p(2, 2)_cs(1.0)_ws(1.0)]_[p(5, 2)_cs(1.0)_ws(1.0)]",player_853f704e_actions,player_2463cb5b,['player_2463cb5b'],,,True
1840,tomato_cut,assemble salad,Counter_32,Counter,32,assemble salad,player_853f704e,baseline_division_of_labor,dcd5273e2d171f76,1904.340124947086,15.999999999999543,7.0,0.0,4.0,1.0,1.0,"(2, 2)","[p(2, 2)_cs(1.0)_ws(1.0)]_[p(5, 2)_cs(1.0)_ws(1.0)]",player_853f704e_actions,player_853f704e,['player_853f704e'],"['player_2463cb5b', 'player_853f704e']",['player_853f704e'],False
1859,tomato_salad,pick up,Counter_32,Counter,32,pick up tomato_salad from counter,player_853f704e,baseline_division_of_labor,dcd5273e2d171f76,1904.340124947086,0.0,7.0,0.0,4.0,1.0,1.0,"(2, 2)","[p(2, 2)_cs(1.0)_ws(1.0)]_[p(5, 2)_cs(1.0)_ws(1.0)]",player_853f704e_actions,player_853f704e,['player_853f704e'],"['player_2463cb5b', 'player_853f704e']",['player_853f704e'],False
1859,plate,put down,Counter_33,Counter,33,put down plate on counter,player_2463cb5b,baseline_division_of_labor,dcd5273e2d171f76,1626.0153930300933,45.254833995937815,7.0,0.0,3.0,1.0,1.0,"(5, 2)","[p(2, 2)_cs(1.0)_ws(1.0)]_[p(5, 2)_cs(1.0)_ws(1.0)]",player_2463cb5b_actions,player_2463cb5b,['player_2463cb5b'],,,
1896,tomato_salad,deliver,Delivery_63,Delivery,63,deliver tomato_salad,player_853f704e,baseline_division_of_labor,dcd5273e2d171f76,1949.594958943024,45.25483399593804,8.0,1.0,5.0,1.0,1.0,"(2, 2)","[p(2, 2)_cs(1.0)_ws(1.0)]_[p(5, 2)_cs(1.0)_ws(1.0)]",player_853f704e_actions,player_853f704e,"['player_853f704e', 'player_853f704e']","['player_2463cb5b', 'player_853f704e']",['player_853f704e'],
1904,tomato_cut,pick up,CuttingBoard_10,CuttingBoard,10,pick up tomato_cut from cuttingboard,player_2463cb5b,baseline_division_of_labor,dcd5273e2d171f76,1696.1837293875872,70.1683363574939,8.0,0.0,3.0,1.0,1.0,"(5, 2)","[p(2, 2)_cs(1.0)_ws(1.0)]_[p(5, 2)_cs(1.0)_ws(1.0)]",player_2463cb5b_actions,player_2463cb5b,['player_2463cb5b'],,,False
1925,tomato,pick up,Dispenser_50,Dispenser,50,pick up tomato from dispenser,player_853f704e,baseline_division_of_labor,dcd5273e2d171f76,1981.594958943023,31.999999999998863,8.0,0.0,5.0,1.0,1.0,"(2, 2)","[p(2, 2)_cs(1.0)_ws(1.0)]_[p(5, 2)_cs(1.0)_ws(1.0)]",player_853f704e_actions,,[],,,
1944,tomato_cut,assemble salad,Counter_33,Counter,33,assemble salad,player_2463cb5b,baseline_division_of_labor,dcd5273e2d171f76,1734.5949892276133,38.411259840026105,8.0,0.0,3.0,1.0,1.0,"(5, 2)","[p(2, 2)_cs(1.0)_ws(1.0)]_[p(5, 2)_cs(1.0)_ws(1.0)]",player_2463cb5b_actions,player_2463cb5b,['player_2463cb5b'],"['player_2463cb5b', 'player_2463cb5b']",['player_2463cb5b'],False
1958,tomato_salad,pick up,Counter_33,Counter,33,pick up tomato_salad from counter,player_2463cb5b,baseline_division_of_labor,dcd5273e2d171f76,1734.5949892276133,0.0,8.0,0.0,3.0,1.0,1.0,"(5, 2)","[p(2, 2)_cs(1.0)_ws(1.0)]_[p(5, 2)_cs(1.0)_ws(1.0)]",player_2463cb5b_actions,player_2463cb5b,['player_2463cb5b'],"['player_2463cb5b', 'player_2463cb5b']",['player_2463cb5b'],False
1961,tomato,start cutting,CuttingBoard_20,CuttingBoard,20,start cutting tomato,player_853f704e,baseline_division_of_labor,dcd5273e2d171f76,2029.594958943021,47.99999999999818,8.0,0.0,5.0,1.0,1.0,"(2, 2)","[p(2, 2)_cs(1.0)_ws(1.0)]_[p(5, 2)_cs(1.0)_ws(1.0)]",player_853f704e_actions,player_853f704e,['player_853f704e'],,,
2000,plate,pick up,Dispenser_60,Dispenser,60,pick up plate from dispenser,player_853f704e,baseline_division_of_labor,dcd5273e2d171f76,2093.594958943019,63.999999999997726,8.0,0.0,5.0,1.0,1.0,"(2, 2)","[p(2, 2)_cs(1.0)_ws(1.0)]_[p(5, 2)_cs(1.0)_ws(1.0)]",player_853f704e_actions,,[],,,
2021,tomato_salad,deliver,Delivery_64,Delivery,64,deliver tomato_salad,player_2463cb5b,baseline_division_of_labor,dcd5273e2d171f76,1832.9234572998787,98.32846807226542,9.0,1.0,4.0,1.0,1.0,"(5, 2)","[p(2, 2)_cs(1.0)_ws(1.0)]_[p(5, 2)_cs(1.0)_ws(1.0)]",player_2463cb5b_actions,player_2463cb5b,"['player_2463cb5b', 'player_2463cb5b']","['player_2463cb5b', 'player_2463cb5b']",['player_2463cb5b'],
2032,plate,put down,Counter_32,Counter,32,put down plate on counter,player_853f704e,baseline_division_of_labor,dcd5273e2d171f76,2132.002021609783,38.40706266676398,9.0,0.0,5.0,1.0,1.0,"(2, 2)","[p(2, 2)_cs(1.0)_ws(1.0)]_[p(5, 2)_cs(1.0)_ws(1.0)]",player_853f704e_actions,player_853f704e,['player_853f704e'],,,
2099,tomato_cut,pick up,CuttingBoard_20,CuttingBoard,20,pick up tomato_cut from cuttingboard,player_853f704e,baseline_division_of_labor,dcd5273e2d171f76,2170.5089483346787,38.50692672489595,9.0,0.0,5.0,1.0,1.0,"(2, 2)","[p(2, 2)_cs(1.0)_ws(1.0)]_[p(5, 2)_cs(1.0)_ws(1.0)]",player_853f704e_actions,player_853f704e,['player_853f704e'],,,False
2105,tomato,pick up,Dispenser_40,Dispenser,40,pick up tomato from dispenser,player_2463cb5b,baseline_division_of_labor,dcd5273e2d171f76,1887.3428289431265,54.41937164324759,9.0,0.0,4.0,1.0,1.0,"(5, 2)","[p(2, 2)_cs(1.0)_ws(1.0)]_[p(5, 2)_cs(1.0)_ws(1.0)]",player_2463cb5b_actions,,[],,,
2116,tomato_cut,assemble salad,Counter_32,Counter,32,assemble salad,player_853f704e,baseline_division_of_labor,dcd5273e2d171f76,2186.5089483346796,16.00000000000091,9.0,0.0,5.0,1.0,1.0,"(2, 2)","[p(2, 2)_cs(1.0)_ws(1.0)]_[p(5, 2)_cs(1.0)_ws(1.0)]",player_853f704e_actions,player_853f704e,['player_853f704e'],"['player_853f704e', 'player_853f704e']",['player_853f704e'],False
2129,tomato_salad,pick up,Counter_32,Counter,32,pick up tomato_salad from counter,player_853f704e,baseline_division_of_labor,dcd5273e2d171f76,2186.5089483346796,0.0,9.0,0.0,5.0,1.0,1.0,"(2, 2)","[p(2, 2)_cs(1.0)_ws(1.0)]_[p(5, 2)_cs(1.0)_ws(1.0)]",player_853f704e_actions,player_853f704e,['player_853f704e'],"['player_853f704e', 'player_853f704e']",['player_853f704e'],False
2141,tomato,start cutting,CuttingBoard_20,CuttingBoard,20,start cutting tomato,player_2463cb5b,baseline_division_of_labor,dcd5273e2d171f76,1919.3428289431256,31.99999999999909,9.0,0.0,4.0,1.0,1.0,"(5, 2)","[p(2, 2)_cs(1.0)_ws(1.0)]_[p(5, 2)_cs(1.0)_ws(1.0)]",player_2463cb5b_actions,player_2463cb5b,['player_2463cb5b'],,,
2159,tomato_salad,deliver,Delivery_63,Delivery,63,deliver tomato_salad,player_853f704e,baseline_division_of_labor,dcd5273e2d171f76,2231.7637823306186,45.25483399593895,10.0,1.0,6.0,1.0,1.0,"(2, 2)","[p(2, 2)_cs(1.0)_ws(1.0)]_[p(5, 2)_cs(1.0)_ws(1.0)]",player_853f704e_actions,player_853f704e,"['player_853f704e', 'player_853f704e']","['player_853f704e', 'player_853f704e']",['player_853f704e'],
