{"agents": {"player_853f704e": {"initial_state": {"agent_id": "player_853f704e", "x": 40, "y": 40, "item": null, "url_params": {"gameType": ["tomatoSaladOnly"], "PROLIFIC_PID": ["5bc9f8b677740000016a08b5"], "map": ["baseline_division_of_labor"], "cutting_speed_p1": ["1"], "walking_speed_p1": ["1"], "cutting_speed_p2": ["1"], "walking_speed_p2": ["1"], "slot_x_p1": ["2"], "slot_y_p1": ["2"], "slot_x_p2": ["5"], "slot_y_p2": ["2"], "EIO": ["4"], "transport": ["polling"], "t": ["PZxzcjJ"]}, "cut_speed": 1.0, "walk_speed": 30.0, "player_nr": 1}, "player_score": 6.0, "total_actions": 52, "first_action_tick": 78, "last_action_tick": 2159}, "player_2463cb5b": {"initial_state": {"agent_id": "player_2463cb5b", "x": 88, "y": 40, "item": null, "url_params": {"gameType": ["tomatoSaladOnly"], "PROLIFIC_PID": ["66bc038a785af1a7e20589eb"], "map": ["baseline_division_of_labor"], "cutting_speed_p1": ["1"], "walking_speed_p1": ["1"], "cutting_speed_p2": ["1"], "walking_speed_p2": ["1"], "slot_x_p1": ["2"], "slot_y_p1": ["2"], "slot_x_p2": ["5"], "slot_y_p2": ["2"], "EIO": ["4"], "transport": ["polling"], "t": ["PZxzgTh"]}, "cut_speed": 1.0, "walk_speed": 30.0, "player_nr": 2}, "player_score": 4.0, "total_actions": 42, "first_action_tick": 75, "last_action_tick": 2141}}, "map_name": "baseline_division_of_labor", "final_score": 10.0}