tick,item,action,target,target_type,target_position,action_long,player_id,map_name,game_id,distance_walked,distance_walked_since_last_action,overall_score,player_score_change,player_score,walking_speed,cutting_speed,start_pos,condition
75,tomato,pick up,Dispenser_50,Dispenser,50,pick up tomato from dispenser,player_2463cb5b,baseline_division_of_labor,dcd5273e2d171f76,16.0,0.0,0.0,0.0,0.0,1.0,1.0,"(5, 2)","[p(2, 2)_cs(1.0)_ws(1.0)]_[p(5, 2)_cs(1.0)_ws(1.0)]"
241,tomato,start cutting,CuttingBoard_10,CuttingBoard,10,start cutting tomato,player_2463cb5b,baseline_division_of_labor,dcd5273e2d171f76,80.0,64.0,0.0,0.0,0.0,1.0,1.0,"(5, 2)","[p(2, 2)_cs(1.0)_ws(1.0)]_[p(5, 2)_cs(1.0)_ws(1.0)]"
328,plate,pick up,Dispenser_60,Dispenser,60,pick up plate from dispenser,player_2463cb5b,baseline_division_of_labor,dcd5273e2d171f76,160.0,80.0,0.0,0.0,0.0,1.0,1.0,"(5, 2)","[p(2, 2)_cs(1.0)_ws(1.0)]_[p(5, 2)_cs(1.0)_ws(1.0)]"
365,plate,put down,Counter_33,Counter,33,put down plate on counter,player_2463cb5b,baseline_division_of_labor,dcd5273e2d171f76,205.25483399593912,45.25483399593912,0.0,0.0,0.0,1.0,1.0,"(5, 2)","[p(2, 2)_cs(1.0)_ws(1.0)]_[p(5, 2)_cs(1.0)_ws(1.0)]"
412,tomato_cut,pick up,CuttingBoard_10,CuttingBoard,10,pick up tomato_cut from cuttingboard,player_2463cb5b,baseline_division_of_labor,dcd5273e2d171f76,275.42317035343393,70.16833635749481,0.0,0.0,0.0,1.0,1.0,"(5, 2)","[p(2, 2)_cs(1.0)_ws(1.0)]_[p(5, 2)_cs(1.0)_ws(1.0)]"
441,tomato_cut,assemble salad,Counter_33,Counter,33,assemble salad,player_2463cb5b,baseline_division_of_labor,dcd5273e2d171f76,313.8344301934601,38.41125984002616,0.0,0.0,0.0,1.0,1.0,"(5, 2)","[p(2, 2)_cs(1.0)_ws(1.0)]_[p(5, 2)_cs(1.0)_ws(1.0)]"
462,tomato_salad,pick up,Counter_33,Counter,33,pick up tomato_salad from counter,player_2463cb5b,baseline_division_of_labor,dcd5273e2d171f76,313.8344301934601,0.0,0.0,0.0,0.0,1.0,1.0,"(5, 2)","[p(2, 2)_cs(1.0)_ws(1.0)]_[p(5, 2)_cs(1.0)_ws(1.0)]"
471,tomato_salad,put down,Counter_33,Counter,33,put down tomato_salad on counter,player_2463cb5b,baseline_division_of_labor,dcd5273e2d171f76,313.8344301934601,0.0,0.0,0.0,0.0,1.0,1.0,"(5, 2)","[p(2, 2)_cs(1.0)_ws(1.0)]_[p(5, 2)_cs(1.0)_ws(1.0)]"
519,tomato_salad,pick up,Counter_33,Counter,33,pick up tomato_salad from counter,player_2463cb5b,baseline_division_of_labor,dcd5273e2d171f76,389.71400603778716,75.87957584432706,0.0,0.0,0.0,1.0,1.0,"(5, 2)","[p(2, 2)_cs(1.0)_ws(1.0)]_[p(5, 2)_cs(1.0)_ws(1.0)]"
546,tomato_salad,deliver,Delivery_63,Delivery,63,deliver tomato_salad,player_2463cb5b,baseline_division_of_labor,dcd5273e2d171f76,405.71400603778716,16.0,1.0,1.0,1.0,1.0,1.0,"(5, 2)","[p(2, 2)_cs(1.0)_ws(1.0)]_[p(5, 2)_cs(1.0)_ws(1.0)]"
600,tomato,pick up,Dispenser_40,Dispenser,40,pick up tomato from dispenser,player_2463cb5b,baseline_division_of_labor,dcd5273e2d171f76,444.1252658778133,38.41125984002616,1.0,0.0,1.0,1.0,1.0,"(5, 2)","[p(2, 2)_cs(1.0)_ws(1.0)]_[p(5, 2)_cs(1.0)_ws(1.0)]"
672,tomato,start cutting,CuttingBoard_10,CuttingBoard,10,start cutting tomato,player_2463cb5b,baseline_division_of_labor,dcd5273e2d171f76,524.1252658778137,80.0000000000004,2.0,0.0,1.0,1.0,1.0,"(5, 2)","[p(2, 2)_cs(1.0)_ws(1.0)]_[p(5, 2)_cs(1.0)_ws(1.0)]"
742,plate,pick up,Dispenser_60,Dispenser,60,pick up plate from dispenser,player_2463cb5b,baseline_division_of_labor,dcd5273e2d171f76,604.1252658778142,80.00000000000045,2.0,0.0,1.0,1.0,1.0,"(5, 2)","[p(2, 2)_cs(1.0)_ws(1.0)]_[p(5, 2)_cs(1.0)_ws(1.0)]"
781,plate,put down,Counter_33,Counter,33,put down plate on counter,player_2463cb5b,baseline_division_of_labor,dcd5273e2d171f76,649.3800998737538,45.254833995939634,2.0,0.0,1.0,1.0,1.0,"(5, 2)","[p(2, 2)_cs(1.0)_ws(1.0)]_[p(5, 2)_cs(1.0)_ws(1.0)]"
826,tomato_cut,pick up,CuttingBoard_10,CuttingBoard,10,pick up tomato_cut from cuttingboard,player_2463cb5b,baseline_division_of_labor,dcd5273e2d171f76,719.5484362312492,70.16833635749538,2.0,0.0,1.0,1.0,1.0,"(5, 2)","[p(2, 2)_cs(1.0)_ws(1.0)]_[p(5, 2)_cs(1.0)_ws(1.0)]"
889,tomato_cut,assemble salad,Counter_33,Counter,33,assemble salad,player_2463cb5b,baseline_division_of_labor,dcd5273e2d171f76,767.5484362312496,48.000000000000455,2.0,0.0,1.0,1.0,1.0,"(5, 2)","[p(2, 2)_cs(1.0)_ws(1.0)]_[p(5, 2)_cs(1.0)_ws(1.0)]"
918,tomato_cut,pick up,CuttingBoard_20,CuttingBoard,20,pick up tomato_cut from cuttingboard,player_2463cb5b,baseline_division_of_labor,dcd5273e2d171f76,799.54843623125,32.00000000000034,2.0,0.0,1.0,1.0,1.0,"(5, 2)","[p(2, 2)_cs(1.0)_ws(1.0)]_[p(5, 2)_cs(1.0)_ws(1.0)]"
936,tomato_cut,assemble salad,Counter_32,Counter,32,assemble salad,player_2463cb5b,baseline_division_of_labor,dcd5273e2d171f76,815.5484362312502,16.000000000000227,2.0,0.0,1.0,1.0,1.0,"(5, 2)","[p(2, 2)_cs(1.0)_ws(1.0)]_[p(5, 2)_cs(1.0)_ws(1.0)]"
958,tomato_salad,pick up,Counter_32,Counter,32,pick up tomato_salad from counter,player_2463cb5b,baseline_division_of_labor,dcd5273e2d171f76,815.5484362312502,0.0,2.0,0.0,1.0,1.0,1.0,"(5, 2)","[p(2, 2)_cs(1.0)_ws(1.0)]_[p(5, 2)_cs(1.0)_ws(1.0)]"
967,tomato_salad,put down,Counter_32,Counter,32,put down tomato_salad on counter,player_2463cb5b,baseline_division_of_labor,dcd5273e2d171f76,815.5484362312502,0.0,2.0,0.0,1.0,1.0,1.0,"(5, 2)","[p(2, 2)_cs(1.0)_ws(1.0)]_[p(5, 2)_cs(1.0)_ws(1.0)]"
1013,tomato_salad,pick up,Counter_32,Counter,32,pick up tomato_salad from counter,player_2463cb5b,baseline_division_of_labor,dcd5273e2d171f76,883.4306872251597,67.88225099390945,2.0,0.0,1.0,1.0,1.0,"(5, 2)","[p(2, 2)_cs(1.0)_ws(1.0)]_[p(5, 2)_cs(1.0)_ws(1.0)]"
1044,tomato_salad,deliver,Delivery_63,Delivery,63,deliver tomato_salad,player_2463cb5b,baseline_division_of_labor,dcd5273e2d171f76,906.0581042231295,22.627416997969817,4.0,1.0,2.0,1.0,1.0,"(5, 2)","[p(2, 2)_cs(1.0)_ws(1.0)]_[p(5, 2)_cs(1.0)_ws(1.0)]"
1136,tomato,pick up,Dispenser_50,Dispenser,50,pick up tomato from dispenser,player_2463cb5b,baseline_division_of_labor,dcd5273e2d171f76,938.0581042231298,32.00000000000034,4.0,0.0,2.0,1.0,1.0,"(5, 2)","[p(2, 2)_cs(1.0)_ws(1.0)]_[p(5, 2)_cs(1.0)_ws(1.0)]"
1188,tomato,start cutting,CuttingBoard_10,CuttingBoard,10,start cutting tomato,player_2463cb5b,baseline_division_of_labor,dcd5273e2d171f76,1002.0581042231302,64.00000000000034,4.0,0.0,2.0,1.0,1.0,"(5, 2)","[p(2, 2)_cs(1.0)_ws(1.0)]_[p(5, 2)_cs(1.0)_ws(1.0)]"
1245,plate,pick up,Dispenser_71,Dispenser,71,pick up plate from dispenser,player_2463cb5b,baseline_division_of_labor,dcd5273e2d171f76,1082.0581042231279,79.99999999999773,4.0,0.0,2.0,1.0,1.0,"(5, 2)","[p(2, 2)_cs(1.0)_ws(1.0)]_[p(5, 2)_cs(1.0)_ws(1.0)]"
1290,plate,put down,Counter_34,Counter,34,put down plate on counter,player_2463cb5b,baseline_division_of_labor,dcd5273e2d171f76,1142.9742911256646,60.916186902536765,4.0,0.0,2.0,1.0,1.0,"(5, 2)","[p(2, 2)_cs(1.0)_ws(1.0)]_[p(5, 2)_cs(1.0)_ws(1.0)]"
1381,tomato_cut,pick up,CuttingBoard_10,CuttingBoard,10,pick up tomato_cut from cuttingboard,player_2463cb5b,baseline_division_of_labor,dcd5273e2d171f76,1229.1645815633433,86.19029043767864,5.0,0.0,2.0,1.0,1.0,"(5, 2)","[p(2, 2)_cs(1.0)_ws(1.0)]_[p(5, 2)_cs(1.0)_ws(1.0)]"
1422,tomato_cut,assemble salad,Counter_33,Counter,33,assemble salad,player_2463cb5b,baseline_division_of_labor,dcd5273e2d171f76,1267.5758414033694,38.411259840026105,5.0,0.0,2.0,1.0,1.0,"(5, 2)","[p(2, 2)_cs(1.0)_ws(1.0)]_[p(5, 2)_cs(1.0)_ws(1.0)]"
1436,tomato_salad,pick up,Counter_33,Counter,33,pick up tomato_salad from counter,player_2463cb5b,baseline_division_of_labor,dcd5273e2d171f76,1267.5758414033694,0.0,5.0,0.0,2.0,1.0,1.0,"(5, 2)","[p(2, 2)_cs(1.0)_ws(1.0)]_[p(5, 2)_cs(1.0)_ws(1.0)]"
1490,tomato_salad,deliver,Delivery_63,Delivery,63,deliver tomato_salad,player_2463cb5b,baseline_division_of_labor,dcd5273e2d171f76,1350.349299194136,82.77345779076654,6.0,1.0,3.0,1.0,1.0,"(5, 2)","[p(2, 2)_cs(1.0)_ws(1.0)]_[p(5, 2)_cs(1.0)_ws(1.0)]"
1556,tomato,pick up,Dispenser_40,Dispenser,40,pick up tomato from dispenser,player_2463cb5b,baseline_division_of_labor,dcd5273e2d171f76,1388.7605590341616,38.41125984002565,6.0,0.0,3.0,1.0,1.0,"(5, 2)","[p(2, 2)_cs(1.0)_ws(1.0)]_[p(5, 2)_cs(1.0)_ws(1.0)]"
1599,tomato,start cutting,CuttingBoard_10,CuttingBoard,10,start cutting tomato,player_2463cb5b,baseline_division_of_labor,dcd5273e2d171f76,1436.7605590341602,47.999999999998636,6.0,0.0,3.0,1.0,1.0,"(5, 2)","[p(2, 2)_cs(1.0)_ws(1.0)]_[p(5, 2)_cs(1.0)_ws(1.0)]"
1633,tomato,pick up,Dispenser_40,Dispenser,40,pick up tomato from dispenser,player_2463cb5b,baseline_division_of_labor,dcd5273e2d171f76,1484.7605590341586,47.99999999999841,7.0,0.0,3.0,1.0,1.0,"(5, 2)","[p(2, 2)_cs(1.0)_ws(1.0)]_[p(5, 2)_cs(1.0)_ws(1.0)]"
1725,tomato,start cutting,CuttingBoard_20,CuttingBoard,20,start cutting tomato,player_2463cb5b,baseline_division_of_labor,dcd5273e2d171f76,1516.7605590341577,31.99999999999909,7.0,0.0,3.0,1.0,1.0,"(5, 2)","[p(2, 2)_cs(1.0)_ws(1.0)]_[p(5, 2)_cs(1.0)_ws(1.0)]"
1796,plate,pick up,Dispenser_60,Dispenser,60,pick up plate from dispenser,player_2463cb5b,baseline_division_of_labor,dcd5273e2d171f76,1580.7605590341554,63.999999999997726,7.0,0.0,3.0,1.0,1.0,"(5, 2)","[p(2, 2)_cs(1.0)_ws(1.0)]_[p(5, 2)_cs(1.0)_ws(1.0)]"
1859,plate,put down,Counter_33,Counter,33,put down plate on counter,player_2463cb5b,baseline_division_of_labor,dcd5273e2d171f76,1626.0153930300933,45.254833995937815,7.0,0.0,3.0,1.0,1.0,"(5, 2)","[p(2, 2)_cs(1.0)_ws(1.0)]_[p(5, 2)_cs(1.0)_ws(1.0)]"
1904,tomato_cut,pick up,CuttingBoard_10,CuttingBoard,10,pick up tomato_cut from cuttingboard,player_2463cb5b,baseline_division_of_labor,dcd5273e2d171f76,1696.1837293875872,70.1683363574939,8.0,0.0,3.0,1.0,1.0,"(5, 2)","[p(2, 2)_cs(1.0)_ws(1.0)]_[p(5, 2)_cs(1.0)_ws(1.0)]"
1944,tomato_cut,assemble salad,Counter_33,Counter,33,assemble salad,player_2463cb5b,baseline_division_of_labor,dcd5273e2d171f76,1734.5949892276133,38.411259840026105,8.0,0.0,3.0,1.0,1.0,"(5, 2)","[p(2, 2)_cs(1.0)_ws(1.0)]_[p(5, 2)_cs(1.0)_ws(1.0)]"
1958,tomato_salad,pick up,Counter_33,Counter,33,pick up tomato_salad from counter,player_2463cb5b,baseline_division_of_labor,dcd5273e2d171f76,1734.5949892276133,0.0,8.0,0.0,3.0,1.0,1.0,"(5, 2)","[p(2, 2)_cs(1.0)_ws(1.0)]_[p(5, 2)_cs(1.0)_ws(1.0)]"
2021,tomato_salad,deliver,Delivery_64,Delivery,64,deliver tomato_salad,player_2463cb5b,baseline_division_of_labor,dcd5273e2d171f76,1832.9234572998787,98.32846807226542,9.0,1.0,4.0,1.0,1.0,"(5, 2)","[p(2, 2)_cs(1.0)_ws(1.0)]_[p(5, 2)_cs(1.0)_ws(1.0)]"
2105,tomato,pick up,Dispenser_40,Dispenser,40,pick up tomato from dispenser,player_2463cb5b,baseline_division_of_labor,dcd5273e2d171f76,1887.3428289431263,54.41937164324759,9.0,0.0,4.0,1.0,1.0,"(5, 2)","[p(2, 2)_cs(1.0)_ws(1.0)]_[p(5, 2)_cs(1.0)_ws(1.0)]"
2141,tomato,start cutting,CuttingBoard_20,CuttingBoard,20,start cutting tomato,player_2463cb5b,baseline_division_of_labor,dcd5273e2d171f76,1919.3428289431254,31.99999999999909,9.0,0.0,4.0,1.0,1.0,"(5, 2)","[p(2, 2)_cs(1.0)_ws(1.0)]_[p(5, 2)_cs(1.0)_ws(1.0)]"
