tick,item,action,target,target_type,target_position,action_long,player_id,map_name,game_id,distance_walked,distance_walked_since_last_action,overall_score,player_score_change,player_score,walking_speed,cutting_speed,start_pos,condition,source,last_touched,touched_list,tomato_history,plate_history,is_exchange_collaboration
86,tomato,pick up,Dispenser_40,Dispenser,40,pick up tomato from dispenser,player_e3c78482,encouraged_division_of_labor,37864ed3acd13ff3,22.62741699796952,0.0,0.0,0.0,0.0,1.0,1.0,"(5, 2)","[p(2, 2)_cs(1.0)_ws(1.0)]_[p(5, 2)_cs(1.0)_ws(1.0)]",player_e3c78482_actions,,[],,,
130,tomato,put down,Counter_35,Counter,35,put down tomato on counter,player_e3c78482,encouraged_division_of_labor,37864ed3acd13ff3,86.62741699796952,64.0,0.0,0.0,0.0,1.0,1.0,"(5, 2)","[p(2, 2)_cs(1.0)_ws(1.0)]_[p(5, 2)_cs(1.0)_ws(1.0)]",player_e3c78482_actions,player_e3c78482,['player_e3c78482'],,,
175,tomato,pick up,Dispenser_40,Dispenser,40,pick up tomato from dispenser,player_e3c78482,encouraged_division_of_labor,37864ed3acd13ff3,150.6274169979695,63.999999999999986,0.0,0.0,0.0,1.0,1.0,"(5, 2)","[p(2, 2)_cs(1.0)_ws(1.0)]_[p(5, 2)_cs(1.0)_ws(1.0)]",player_e3c78482_actions,,[],,,
179,tomato,pick up,Dispenser_40,Dispenser,40,pick up tomato from dispenser,player_9668d2f8,encouraged_division_of_labor,37864ed3acd13ff3,156.44799862275514,0.0,0.0,0.0,0.0,1.0,1.0,"(2, 2)","[p(2, 2)_cs(1.0)_ws(1.0)]_[p(5, 2)_cs(1.0)_ws(1.0)]",player_9668d2f8_actions,,[],,,
211,tomato,put down,Counter_34,Counter,34,put down tomato on counter,player_e3c78482,encouraged_division_of_labor,37864ed3acd13ff3,198.6274169979695,48.0,0.0,0.0,0.0,1.0,1.0,"(5, 2)","[p(2, 2)_cs(1.0)_ws(1.0)]_[p(5, 2)_cs(1.0)_ws(1.0)]",player_e3c78482_actions,player_e3c78482,['player_e3c78482'],,,
234,tomato,pick up,Counter_35,Counter,35,pick up tomato from counter,player_e3c78482,encouraged_division_of_labor,37864ed3acd13ff3,214.6274169979695,16.0,0.0,0.0,0.0,1.0,1.0,"(5, 2)","[p(2, 2)_cs(1.0)_ws(1.0)]_[p(5, 2)_cs(1.0)_ws(1.0)]",player_e3c78482_actions,player_e3c78482,['player_e3c78482'],,,False
282,tomato,start cutting,CuttingBoard_20,CuttingBoard,20,start cutting tomato,player_9668d2f8,encouraged_division_of_labor,37864ed3acd13ff3,328.19123883762177,171.74324021486663,0.0,0.0,0.0,1.0,1.0,"(2, 2)","[p(2, 2)_cs(1.0)_ws(1.0)]_[p(5, 2)_cs(1.0)_ws(1.0)]",player_9668d2f8_actions,player_9668d2f8,['player_9668d2f8'],,,
318,tomato,put down,CuttingBoard_20,CuttingBoard,20,put down tomato on cuttingboard,player_e3c78482,encouraged_division_of_labor,37864ed3acd13ff3,323.3016016194494,108.6741846214799,0.0,0.0,0.0,1.0,1.0,"(5, 2)","[p(2, 2)_cs(1.0)_ws(1.0)]_[p(5, 2)_cs(1.0)_ws(1.0)]",player_e3c78482_actions,player_e3c78482,"['player_e3c78482', 'player_e3c78482']",,,
318,tomato_cut,pick up,CuttingBoard_20,CuttingBoard,20,pick up tomato_cut from cuttingboard,player_e3c78482,encouraged_division_of_labor,37864ed3acd13ff3,323.3016016194494,0.0,0.0,0.0,0.0,1.0,1.0,"(5, 2)","[p(2, 2)_cs(1.0)_ws(1.0)]_[p(5, 2)_cs(1.0)_ws(1.0)]",player_e3c78482_actions,player_e3c78482,"['player_e3c78482', 'player_e3c78482']",,,False
390,tomato_cut,put down,Counter_33,Counter,33,put down tomato_cut on counter,player_e3c78482,encouraged_division_of_labor,37864ed3acd13ff3,355.3016016194497,32.000000000000284,0.0,0.0,0.0,1.0,1.0,"(5, 2)","[p(2, 2)_cs(1.0)_ws(1.0)]_[p(5, 2)_cs(1.0)_ws(1.0)]",player_e3c78482_actions,player_e3c78482,"['player_e3c78482', 'player_e3c78482', 'player_e3c78482']",,,
407,plate,pick up,Dispenser_60,Dispenser,60,pick up plate from dispenser,player_9668d2f8,encouraged_division_of_labor,37864ed3acd13ff3,512.9781018805792,184.7868630429574,0.0,0.0,0.0,1.0,1.0,"(2, 2)","[p(2, 2)_cs(1.0)_ws(1.0)]_[p(5, 2)_cs(1.0)_ws(1.0)]",player_9668d2f8_actions,,[],,,
444,plate,put down,Counter_32,Counter,32,put down plate on counter,player_9668d2f8,encouraged_division_of_labor,37864ed3acd13ff3,551.385164547344,38.40706266676477,0.0,0.0,0.0,1.0,1.0,"(2, 2)","[p(2, 2)_cs(1.0)_ws(1.0)]_[p(5, 2)_cs(1.0)_ws(1.0)]",player_9668d2f8_actions,player_9668d2f8,['player_9668d2f8'],,,
477,plate,pick up,Counter_32,Counter,32,pick up plate from counter,player_e3c78482,encouraged_division_of_labor,37864ed3acd13ff3,403.3016016194502,48.00000000000051,0.0,0.0,0.0,1.0,1.0,"(5, 2)","[p(2, 2)_cs(1.0)_ws(1.0)]_[p(5, 2)_cs(1.0)_ws(1.0)]",player_e3c78482_actions,player_9668d2f8,['player_9668d2f8'],,,True
486,plate,pick up,Dispenser_71,Dispenser,71,pick up plate from dispenser,player_9668d2f8,encouraged_division_of_labor,37864ed3acd13ff3,589.7922272141091,38.407062666765114,0.0,0.0,0.0,1.0,1.0,"(2, 2)","[p(2, 2)_cs(1.0)_ws(1.0)]_[p(5, 2)_cs(1.0)_ws(1.0)]",player_9668d2f8_actions,,[],,,
495,plate,put down,Counter_32,Counter,32,put down plate on counter,player_e3c78482,encouraged_division_of_labor,37864ed3acd13ff3,403.3016016194502,0.0,0.0,0.0,0.0,1.0,1.0,"(5, 2)","[p(2, 2)_cs(1.0)_ws(1.0)]_[p(5, 2)_cs(1.0)_ws(1.0)]",player_e3c78482_actions,player_e3c78482,"['player_9668d2f8', 'player_e3c78482']",,,
519,tomato_cut,pick up,CuttingBoard_20,CuttingBoard,20,pick up tomato_cut from cuttingboard,player_e3c78482,encouraged_division_of_labor,37864ed3acd13ff3,419.3016016194503,16.000000000000114,0.0,0.0,0.0,1.0,1.0,"(5, 2)","[p(2, 2)_cs(1.0)_ws(1.0)]_[p(5, 2)_cs(1.0)_ws(1.0)]",player_e3c78482_actions,player_e3c78482,"['player_e3c78482', 'player_e3c78482', 'player_e3c78482']",,,False
534,plate,put down,Counter_35,Counter,35,put down plate on counter,player_9668d2f8,encouraged_division_of_labor,37864ed3acd13ff3,666.7263316446791,76.93410443057007,0.0,0.0,0.0,1.0,1.0,"(2, 2)","[p(2, 2)_cs(1.0)_ws(1.0)]_[p(5, 2)_cs(1.0)_ws(1.0)]",player_9668d2f8_actions,player_9668d2f8,['player_9668d2f8'],,,
546,tomato_cut,assemble salad,Counter_32,Counter,32,assemble salad,player_e3c78482,encouraged_division_of_labor,37864ed3acd13ff3,435.3016016194504,16.000000000000114,0.0,0.0,0.0,1.0,1.0,"(5, 2)","[p(2, 2)_cs(1.0)_ws(1.0)]_[p(5, 2)_cs(1.0)_ws(1.0)]",player_e3c78482_actions,player_e3c78482,['player_e3c78482'],"['player_e3c78482', 'player_e3c78482', 'player_e3c78482', 'player_e3c78482']","['player_9668d2f8', 'player_e3c78482']",False
570,tomato_cut,pick up,Counter_33,Counter,33,pick up tomato_cut from counter,player_e3c78482,encouraged_division_of_labor,37864ed3acd13ff3,451.30160161945054,16.000000000000114,0.0,0.0,0.0,1.0,1.0,"(5, 2)","[p(2, 2)_cs(1.0)_ws(1.0)]_[p(5, 2)_cs(1.0)_ws(1.0)]",player_e3c78482_actions,player_e3c78482,"['player_e3c78482', 'player_e3c78482', 'player_e3c78482']",,,False
586,tomato_salad,pick up,Counter_32,Counter,32,pick up tomato_salad from counter,player_9668d2f8,encouraged_division_of_labor,37864ed3acd13ff3,714.7263316446794,48.00000000000023,0.0,0.0,0.0,1.0,1.0,"(2, 2)","[p(2, 2)_cs(1.0)_ws(1.0)]_[p(5, 2)_cs(1.0)_ws(1.0)]",player_9668d2f8_actions,player_e3c78482,['player_e3c78482'],"['player_e3c78482', 'player_e3c78482', 'player_e3c78482', 'player_e3c78482']","['player_9668d2f8', 'player_e3c78482']",True
603,tomato_cut,assemble salad,Counter_35,Counter,35,assemble salad,player_e3c78482,encouraged_division_of_labor,37864ed3acd13ff3,483.3016016194506,32.00000000000006,0.0,0.0,0.0,1.0,1.0,"(5, 2)","[p(2, 2)_cs(1.0)_ws(1.0)]_[p(5, 2)_cs(1.0)_ws(1.0)]",player_e3c78482_actions,player_9668d2f8,['player_e3c78482'],"['player_e3c78482', 'player_e3c78482', 'player_e3c78482', 'player_e3c78482']",['player_9668d2f8'],True
611,tomato_salad,deliver,Delivery_63,Delivery,63,deliver tomato_salad,player_9668d2f8,encouraged_division_of_labor,37864ed3acd13ff3,737.3537486426492,22.627416997969817,1.0,1.0,1.0,1.0,1.0,"(2, 2)","[p(2, 2)_cs(1.0)_ws(1.0)]_[p(5, 2)_cs(1.0)_ws(1.0)]",player_9668d2f8_actions,player_9668d2f8,"['player_e3c78482', 'player_9668d2f8']","['player_e3c78482', 'player_e3c78482', 'player_e3c78482', 'player_e3c78482']","['player_9668d2f8', 'player_e3c78482']",
627,tomato,pick up,Counter_34,Counter,34,pick up tomato from counter,player_e3c78482,encouraged_division_of_labor,37864ed3acd13ff3,499.3016016194506,16.0,1.0,0.0,0.0,1.0,1.0,"(5, 2)","[p(2, 2)_cs(1.0)_ws(1.0)]_[p(5, 2)_cs(1.0)_ws(1.0)]",player_e3c78482_actions,player_e3c78482,['player_e3c78482'],,,False
648,plate,pick up,Dispenser_71,Dispenser,71,pick up plate from dispenser,player_9668d2f8,encouraged_division_of_labor,37864ed3acd13ff3,775.7650084826754,38.41125984002622,1.0,0.0,1.0,1.0,1.0,"(2, 2)","[p(2, 2)_cs(1.0)_ws(1.0)]_[p(5, 2)_cs(1.0)_ws(1.0)]",player_9668d2f8_actions,,[],,,
664,tomato,start cutting,CuttingBoard_20,CuttingBoard,20,start cutting tomato,player_e3c78482,encouraged_division_of_labor,37864ed3acd13ff3,547.301601619451,48.000000000000455,1.0,0.0,0.0,1.0,1.0,"(5, 2)","[p(2, 2)_cs(1.0)_ws(1.0)]_[p(5, 2)_cs(1.0)_ws(1.0)]",player_e3c78482_actions,player_e3c78482,"['player_e3c78482', 'player_e3c78482']",,,
684,plate,put down,Counter_32,Counter,32,put down plate on counter,player_9668d2f8,encouraged_division_of_labor,37864ed3acd13ff3,814.1720711494402,38.40706266676477,1.0,0.0,1.0,1.0,1.0,"(2, 2)","[p(2, 2)_cs(1.0)_ws(1.0)]_[p(5, 2)_cs(1.0)_ws(1.0)]",player_9668d2f8_actions,player_9668d2f8,['player_9668d2f8'],,,
718,tomato_salad,pick up,Counter_35,Counter,35,pick up tomato_salad from counter,player_9668d2f8,encouraged_division_of_labor,37864ed3acd13ff3,862.1720711494404,48.00000000000023,1.0,0.0,1.0,1.0,1.0,"(2, 2)","[p(2, 2)_cs(1.0)_ws(1.0)]_[p(5, 2)_cs(1.0)_ws(1.0)]",player_9668d2f8_actions,player_e3c78482,['player_e3c78482'],"['player_e3c78482', 'player_e3c78482', 'player_e3c78482', 'player_e3c78482']",['player_9668d2f8'],True
729,plate,pick up,Counter_32,Counter,32,pick up plate from counter,player_e3c78482,encouraged_division_of_labor,37864ed3acd13ff3,563.3016016194513,16.000000000000227,1.0,0.0,0.0,1.0,1.0,"(5, 2)","[p(2, 2)_cs(1.0)_ws(1.0)]_[p(5, 2)_cs(1.0)_ws(1.0)]",player_e3c78482_actions,player_9668d2f8,['player_9668d2f8'],,,True
744,plate,put down,Counter_32,Counter,32,put down plate on counter,player_e3c78482,encouraged_division_of_labor,37864ed3acd13ff3,563.3016016194513,0.0,1.0,0.0,0.0,1.0,1.0,"(5, 2)","[p(2, 2)_cs(1.0)_ws(1.0)]_[p(5, 2)_cs(1.0)_ws(1.0)]",player_e3c78482_actions,player_e3c78482,"['player_9668d2f8', 'player_e3c78482']",,,
771,tomato_cut,pick up,CuttingBoard_20,CuttingBoard,20,pick up tomato_cut from cuttingboard,player_e3c78482,encouraged_division_of_labor,37864ed3acd13ff3,579.3016016194515,16.000000000000227,1.0,0.0,0.0,1.0,1.0,"(5, 2)","[p(2, 2)_cs(1.0)_ws(1.0)]_[p(5, 2)_cs(1.0)_ws(1.0)]",player_e3c78482_actions,player_e3c78482,"['player_e3c78482', 'player_e3c78482']",,,False
795,tomato_cut,assemble salad,Counter_32,Counter,32,assemble salad,player_e3c78482,encouraged_division_of_labor,37864ed3acd13ff3,595.3016016194517,16.000000000000227,1.0,0.0,0.0,1.0,1.0,"(5, 2)","[p(2, 2)_cs(1.0)_ws(1.0)]_[p(5, 2)_cs(1.0)_ws(1.0)]",player_e3c78482_actions,player_e3c78482,['player_e3c78482'],"['player_e3c78482', 'player_e3c78482', 'player_e3c78482']","['player_9668d2f8', 'player_e3c78482']",False
797,tomato_salad,deliver,Delivery_64,Delivery,64,deliver tomato_salad,player_9668d2f8,encouraged_division_of_labor,37864ed3acd13ff3,884.7994881474102,22.627416997969817,2.0,1.0,2.0,1.0,1.0,"(2, 2)","[p(2, 2)_cs(1.0)_ws(1.0)]_[p(5, 2)_cs(1.0)_ws(1.0)]",player_9668d2f8_actions,player_9668d2f8,"['player_e3c78482', 'player_9668d2f8']","['player_e3c78482', 'player_e3c78482', 'player_e3c78482', 'player_e3c78482']",['player_9668d2f8'],
840,tomato,pick up,Dispenser_40,Dispenser,40,pick up tomato from dispenser,player_9668d2f8,encouraged_division_of_labor,37864ed3acd13ff3,939.2188597906592,54.41937164324895,2.0,0.0,2.0,1.0,1.0,"(2, 2)","[p(2, 2)_cs(1.0)_ws(1.0)]_[p(5, 2)_cs(1.0)_ws(1.0)]",player_9668d2f8_actions,,[],,,
873,tomato,put down,Counter_33,Counter,33,put down tomato on counter,player_9668d2f8,encouraged_division_of_labor,37864ed3acd13ff3,971.2188597906596,32.00000000000034,2.0,0.0,2.0,1.0,1.0,"(2, 2)","[p(2, 2)_cs(1.0)_ws(1.0)]_[p(5, 2)_cs(1.0)_ws(1.0)]",player_9668d2f8_actions,player_9668d2f8,['player_9668d2f8'],,,
897,tomato_salad,pick up,Counter_32,Counter,32,pick up tomato_salad from counter,player_9668d2f8,encouraged_division_of_labor,37864ed3acd13ff3,987.2188597906596,16.000000000000227,2.0,0.0,2.0,1.0,1.0,"(2, 2)","[p(2, 2)_cs(1.0)_ws(1.0)]_[p(5, 2)_cs(1.0)_ws(1.0)]",player_9668d2f8_actions,player_e3c78482,['player_e3c78482'],"['player_e3c78482', 'player_e3c78482', 'player_e3c78482']","['player_9668d2f8', 'player_e3c78482']",True
897,tomato,pick up,Counter_33,Counter,33,pick up tomato from counter,player_e3c78482,encouraged_division_of_labor,37864ed3acd13ff3,611.301601619452,16.000000000000227,2.0,0.0,0.0,1.0,1.0,"(5, 2)","[p(2, 2)_cs(1.0)_ws(1.0)]_[p(5, 2)_cs(1.0)_ws(1.0)]",player_e3c78482_actions,player_9668d2f8,['player_9668d2f8'],,,True
927,tomato,start cutting,CuttingBoard_20,CuttingBoard,20,start cutting tomato,player_e3c78482,encouraged_division_of_labor,37864ed3acd13ff3,643.3016016194523,32.00000000000034,2.0,0.0,0.0,1.0,1.0,"(5, 2)","[p(2, 2)_cs(1.0)_ws(1.0)]_[p(5, 2)_cs(1.0)_ws(1.0)]",player_e3c78482_actions,player_e3c78482,"['player_9668d2f8', 'player_e3c78482']",,,
950,tomato_salad,deliver,Delivery_63,Delivery,63,deliver tomato_salad,player_9668d2f8,encouraged_division_of_labor,37864ed3acd13ff3,1009.8462767886296,22.627416997969817,3.0,1.0,3.0,1.0,1.0,"(2, 2)","[p(2, 2)_cs(1.0)_ws(1.0)]_[p(5, 2)_cs(1.0)_ws(1.0)]",player_9668d2f8_actions,player_9668d2f8,"['player_e3c78482', 'player_9668d2f8']","['player_e3c78482', 'player_e3c78482', 'player_e3c78482']","['player_9668d2f8', 'player_e3c78482']",
981,tomato_cut,pick up,CuttingBoard_20,CuttingBoard,20,pick up tomato_cut from cuttingboard,player_e3c78482,encouraged_division_of_labor,37864ed3acd13ff3,643.3016016194523,0.0,3.0,0.0,0.0,1.0,1.0,"(5, 2)","[p(2, 2)_cs(1.0)_ws(1.0)]_[p(5, 2)_cs(1.0)_ws(1.0)]",player_e3c78482_actions,player_e3c78482,"['player_9668d2f8', 'player_e3c78482']",,,False
984,plate,pick up,Dispenser_60,Dispenser,60,pick up plate from dispenser,player_9668d2f8,encouraged_division_of_labor,37864ed3acd13ff3,1048.2575366286558,38.41125984002622,3.0,0.0,3.0,1.0,1.0,"(2, 2)","[p(2, 2)_cs(1.0)_ws(1.0)]_[p(5, 2)_cs(1.0)_ws(1.0)]",player_9668d2f8_actions,,[],,,
1017,plate,put down,Counter_32,Counter,32,put down plate on counter,player_9668d2f8,encouraged_division_of_labor,37864ed3acd13ff3,1086.66459929542,38.407062666764205,3.0,0.0,3.0,1.0,1.0,"(2, 2)","[p(2, 2)_cs(1.0)_ws(1.0)]_[p(5, 2)_cs(1.0)_ws(1.0)]",player_9668d2f8_actions,player_9668d2f8,['player_9668d2f8'],,,
1038,tomato_cut,assemble salad,Counter_32,Counter,32,assemble salad,player_e3c78482,encouraged_division_of_labor,37864ed3acd13ff3,659.3016016194524,16.000000000000114,3.0,0.0,0.0,1.0,1.0,"(5, 2)","[p(2, 2)_cs(1.0)_ws(1.0)]_[p(5, 2)_cs(1.0)_ws(1.0)]",player_e3c78482_actions,player_9668d2f8,['player_e3c78482'],"['player_9668d2f8', 'player_e3c78482', 'player_e3c78482']",['player_9668d2f8'],True
1041,tomato,pick up,Dispenser_40,Dispenser,40,pick up tomato from dispenser,player_9668d2f8,encouraged_division_of_labor,37864ed3acd13ff3,1102.6645992954195,15.999999999999543,3.0,0.0,3.0,1.0,1.0,"(2, 2)","[p(2, 2)_cs(1.0)_ws(1.0)]_[p(5, 2)_cs(1.0)_ws(1.0)]",player_9668d2f8_actions,,[],,,
1071,tomato,put down,Counter_33,Counter,33,put down tomato on counter,player_9668d2f8,encouraged_division_of_labor,37864ed3acd13ff3,1134.6645992954186,31.99999999999909,3.0,0.0,3.0,1.0,1.0,"(2, 2)","[p(2, 2)_cs(1.0)_ws(1.0)]_[p(5, 2)_cs(1.0)_ws(1.0)]",player_9668d2f8_actions,player_9668d2f8,['player_9668d2f8'],,,
1092,tomato_salad,pick up,Counter_32,Counter,32,pick up tomato_salad from counter,player_9668d2f8,encouraged_division_of_labor,37864ed3acd13ff3,1150.6645992954182,15.999999999999543,3.0,0.0,3.0,1.0,1.0,"(2, 2)","[p(2, 2)_cs(1.0)_ws(1.0)]_[p(5, 2)_cs(1.0)_ws(1.0)]",player_9668d2f8_actions,player_e3c78482,['player_e3c78482'],"['player_9668d2f8', 'player_e3c78482', 'player_e3c78482']",['player_9668d2f8'],True
1092,tomato,pick up,Counter_33,Counter,33,pick up tomato from counter,player_e3c78482,encouraged_division_of_labor,37864ed3acd13ff3,675.3016016194526,16.000000000000227,3.0,0.0,0.0,1.0,1.0,"(5, 2)","[p(2, 2)_cs(1.0)_ws(1.0)]_[p(5, 2)_cs(1.0)_ws(1.0)]",player_e3c78482_actions,player_9668d2f8,['player_9668d2f8'],,,True
1121,tomato_salad,deliver,Delivery_63,Delivery,63,deliver tomato_salad,player_9668d2f8,encouraged_division_of_labor,37864ed3acd13ff3,1173.2920162933872,22.62741699796902,4.0,1.0,4.0,1.0,1.0,"(2, 2)","[p(2, 2)_cs(1.0)_ws(1.0)]_[p(5, 2)_cs(1.0)_ws(1.0)]",player_9668d2f8_actions,player_9668d2f8,"['player_e3c78482', 'player_9668d2f8']","['player_9668d2f8', 'player_e3c78482', 'player_e3c78482']",['player_9668d2f8'],
1122,tomato,start cutting,CuttingBoard_20,CuttingBoard,20,start cutting tomato,player_e3c78482,encouraged_division_of_labor,37864ed3acd13ff3,707.301601619453,32.00000000000034,4.0,0.0,0.0,1.0,1.0,"(5, 2)","[p(2, 2)_cs(1.0)_ws(1.0)]_[p(5, 2)_cs(1.0)_ws(1.0)]",player_e3c78482_actions,player_e3c78482,"['player_9668d2f8', 'player_e3c78482']",,,
1155,plate,pick up,Dispenser_60,Dispenser,60,pick up plate from dispenser,player_9668d2f8,encouraged_division_of_labor,37864ed3acd13ff3,1211.7032761334128,38.41125984002565,4.0,0.0,4.0,1.0,1.0,"(2, 2)","[p(2, 2)_cs(1.0)_ws(1.0)]_[p(5, 2)_cs(1.0)_ws(1.0)]",player_9668d2f8_actions,,[],,,
1182,tomato_cut,pick up,CuttingBoard_20,CuttingBoard,20,pick up tomato_cut from cuttingboard,player_e3c78482,encouraged_division_of_labor,37864ed3acd13ff3,707.301601619453,0.0,4.0,0.0,0.0,1.0,1.0,"(5, 2)","[p(2, 2)_cs(1.0)_ws(1.0)]_[p(5, 2)_cs(1.0)_ws(1.0)]",player_e3c78482_actions,player_e3c78482,"['player_9668d2f8', 'player_e3c78482']",,,False
1188,plate,put down,Counter_32,Counter,32,put down plate on counter,player_9668d2f8,encouraged_division_of_labor,37864ed3acd13ff3,1250.110338800177,38.407062666764205,4.0,0.0,4.0,1.0,1.0,"(2, 2)","[p(2, 2)_cs(1.0)_ws(1.0)]_[p(5, 2)_cs(1.0)_ws(1.0)]",player_9668d2f8_actions,player_9668d2f8,['player_9668d2f8'],,,
1209,tomato_cut,assemble salad,Counter_32,Counter,32,assemble salad,player_e3c78482,encouraged_division_of_labor,37864ed3acd13ff3,723.3016016194531,16.000000000000114,4.0,0.0,0.0,1.0,1.0,"(5, 2)","[p(2, 2)_cs(1.0)_ws(1.0)]_[p(5, 2)_cs(1.0)_ws(1.0)]",player_e3c78482_actions,player_9668d2f8,['player_e3c78482'],"['player_9668d2f8', 'player_e3c78482', 'player_e3c78482']",['player_9668d2f8'],True
1212,tomato,pick up,Dispenser_40,Dispenser,40,pick up tomato from dispenser,player_9668d2f8,encouraged_division_of_labor,37864ed3acd13ff3,1266.1103388001766,15.999999999999543,4.0,0.0,4.0,1.0,1.0,"(2, 2)","[p(2, 2)_cs(1.0)_ws(1.0)]_[p(5, 2)_cs(1.0)_ws(1.0)]",player_9668d2f8_actions,,[],,,
1242,tomato,put down,Counter_33,Counter,33,put down tomato on counter,player_9668d2f8,encouraged_division_of_labor,37864ed3acd13ff3,1298.1103388001757,31.99999999999909,4.0,0.0,4.0,1.0,1.0,"(2, 2)","[p(2, 2)_cs(1.0)_ws(1.0)]_[p(5, 2)_cs(1.0)_ws(1.0)]",player_9668d2f8_actions,player_9668d2f8,['player_9668d2f8'],,,
1263,tomato,pick up,Counter_33,Counter,33,pick up tomato from counter,player_e3c78482,encouraged_division_of_labor,37864ed3acd13ff3,739.3016016194533,16.000000000000227,4.0,0.0,0.0,1.0,1.0,"(5, 2)","[p(2, 2)_cs(1.0)_ws(1.0)]_[p(5, 2)_cs(1.0)_ws(1.0)]",player_e3c78482_actions,player_9668d2f8,['player_9668d2f8'],,,True
1266,tomato_salad,pick up,Counter_32,Counter,32,pick up tomato_salad from counter,player_9668d2f8,encouraged_division_of_labor,37864ed3acd13ff3,1314.1103388001752,15.999999999999543,4.0,0.0,4.0,1.0,1.0,"(2, 2)","[p(2, 2)_cs(1.0)_ws(1.0)]_[p(5, 2)_cs(1.0)_ws(1.0)]",player_9668d2f8_actions,player_e3c78482,['player_e3c78482'],"['player_9668d2f8', 'player_e3c78482', 'player_e3c78482']",['player_9668d2f8'],True
1293,tomato,start cutting,CuttingBoard_20,CuttingBoard,20,start cutting tomato,player_e3c78482,encouraged_division_of_labor,37864ed3acd13ff3,771.3016016194537,32.00000000000034,4.0,0.0,0.0,1.0,1.0,"(5, 2)","[p(2, 2)_cs(1.0)_ws(1.0)]_[p(5, 2)_cs(1.0)_ws(1.0)]",player_e3c78482_actions,player_e3c78482,"['player_9668d2f8', 'player_e3c78482']",,,
1295,tomato_salad,deliver,Delivery_63,Delivery,63,deliver tomato_salad,player_9668d2f8,encouraged_division_of_labor,37864ed3acd13ff3,1336.7377557981442,22.62741699796902,5.0,1.0,5.0,1.0,1.0,"(2, 2)","[p(2, 2)_cs(1.0)_ws(1.0)]_[p(5, 2)_cs(1.0)_ws(1.0)]",player_9668d2f8_actions,player_9668d2f8,"['player_e3c78482', 'player_9668d2f8']","['player_9668d2f8', 'player_e3c78482', 'player_e3c78482']",['player_9668d2f8'],
1329,plate,pick up,Dispenser_60,Dispenser,60,pick up plate from dispenser,player_9668d2f8,encouraged_division_of_labor,37864ed3acd13ff3,1375.14901563817,38.41125984002565,5.0,0.0,5.0,1.0,1.0,"(2, 2)","[p(2, 2)_cs(1.0)_ws(1.0)]_[p(5, 2)_cs(1.0)_ws(1.0)]",player_9668d2f8_actions,,[],,,
1353,tomato_cut,pick up,CuttingBoard_20,CuttingBoard,20,pick up tomato_cut from cuttingboard,player_e3c78482,encouraged_division_of_labor,37864ed3acd13ff3,771.3016016194537,0.0,5.0,0.0,0.0,1.0,1.0,"(5, 2)","[p(2, 2)_cs(1.0)_ws(1.0)]_[p(5, 2)_cs(1.0)_ws(1.0)]",player_e3c78482_actions,player_e3c78482,"['player_9668d2f8', 'player_e3c78482']",,,False
1365,plate,put down,Counter_32,Counter,32,put down plate on counter,player_9668d2f8,encouraged_division_of_labor,37864ed3acd13ff3,1413.556078304934,38.407062666764205,5.0,0.0,5.0,1.0,1.0,"(2, 2)","[p(2, 2)_cs(1.0)_ws(1.0)]_[p(5, 2)_cs(1.0)_ws(1.0)]",player_9668d2f8_actions,player_9668d2f8,['player_9668d2f8'],,,
1386,tomato_cut,assemble salad,Counter_32,Counter,32,assemble salad,player_e3c78482,encouraged_division_of_labor,37864ed3acd13ff3,787.3016016194538,16.000000000000114,5.0,0.0,0.0,1.0,1.0,"(5, 2)","[p(2, 2)_cs(1.0)_ws(1.0)]_[p(5, 2)_cs(1.0)_ws(1.0)]",player_e3c78482_actions,player_9668d2f8,['player_e3c78482'],"['player_9668d2f8', 'player_e3c78482', 'player_e3c78482']",['player_9668d2f8'],True
1386,tomato,pick up,Dispenser_40,Dispenser,40,pick up tomato from dispenser,player_9668d2f8,encouraged_division_of_labor,37864ed3acd13ff3,1429.5560783049336,15.999999999999543,5.0,0.0,5.0,1.0,1.0,"(2, 2)","[p(2, 2)_cs(1.0)_ws(1.0)]_[p(5, 2)_cs(1.0)_ws(1.0)]",player_9668d2f8_actions,,[],,,
1416,tomato,put down,Counter_33,Counter,33,put down tomato on counter,player_9668d2f8,encouraged_division_of_labor,37864ed3acd13ff3,1461.5560783049327,31.99999999999909,5.0,0.0,5.0,1.0,1.0,"(2, 2)","[p(2, 2)_cs(1.0)_ws(1.0)]_[p(5, 2)_cs(1.0)_ws(1.0)]",player_9668d2f8_actions,player_9668d2f8,['player_9668d2f8'],,,
1437,tomato_salad,pick up,Counter_32,Counter,32,pick up tomato_salad from counter,player_9668d2f8,encouraged_division_of_labor,37864ed3acd13ff3,1477.5560783049325,15.999999999999543,5.0,0.0,5.0,1.0,1.0,"(2, 2)","[p(2, 2)_cs(1.0)_ws(1.0)]_[p(5, 2)_cs(1.0)_ws(1.0)]",player_9668d2f8_actions,player_e3c78482,['player_e3c78482'],"['player_9668d2f8', 'player_e3c78482', 'player_e3c78482']",['player_9668d2f8'],True
1437,tomato,pick up,Counter_33,Counter,33,pick up tomato from counter,player_e3c78482,encouraged_division_of_labor,37864ed3acd13ff3,803.301601619454,16.000000000000227,5.0,0.0,0.0,1.0,1.0,"(5, 2)","[p(2, 2)_cs(1.0)_ws(1.0)]_[p(5, 2)_cs(1.0)_ws(1.0)]",player_e3c78482_actions,player_9668d2f8,['player_9668d2f8'],,,True
1466,tomato_salad,deliver,Delivery_63,Delivery,63,deliver tomato_salad,player_9668d2f8,encouraged_division_of_labor,37864ed3acd13ff3,1500.1834953029013,22.62741699796902,6.0,1.0,6.0,1.0,1.0,"(2, 2)","[p(2, 2)_cs(1.0)_ws(1.0)]_[p(5, 2)_cs(1.0)_ws(1.0)]",player_9668d2f8_actions,player_9668d2f8,"['player_e3c78482', 'player_9668d2f8']","['player_9668d2f8', 'player_e3c78482', 'player_e3c78482']",['player_9668d2f8'],
1467,tomato,start cutting,CuttingBoard_20,CuttingBoard,20,start cutting tomato,player_e3c78482,encouraged_division_of_labor,37864ed3acd13ff3,835.3016016194543,32.00000000000034,6.0,0.0,0.0,1.0,1.0,"(5, 2)","[p(2, 2)_cs(1.0)_ws(1.0)]_[p(5, 2)_cs(1.0)_ws(1.0)]",player_e3c78482_actions,player_e3c78482,"['player_9668d2f8', 'player_e3c78482']",,,
1503,plate,pick up,Dispenser_60,Dispenser,60,pick up plate from dispenser,player_9668d2f8,encouraged_division_of_labor,37864ed3acd13ff3,1538.594755142927,38.41125984002565,6.0,0.0,6.0,1.0,1.0,"(2, 2)","[p(2, 2)_cs(1.0)_ws(1.0)]_[p(5, 2)_cs(1.0)_ws(1.0)]",player_9668d2f8_actions,,[],,,
1530,tomato_cut,pick up,CuttingBoard_20,CuttingBoard,20,pick up tomato_cut from cuttingboard,player_e3c78482,encouraged_division_of_labor,37864ed3acd13ff3,835.3016016194543,0.0,6.0,0.0,0.0,1.0,1.0,"(5, 2)","[p(2, 2)_cs(1.0)_ws(1.0)]_[p(5, 2)_cs(1.0)_ws(1.0)]",player_e3c78482_actions,player_e3c78482,"['player_9668d2f8', 'player_e3c78482']",,,False
1539,plate,put down,Counter_32,Counter,32,put down plate on counter,player_9668d2f8,encouraged_division_of_labor,37864ed3acd13ff3,1577.0018178096911,38.407062666764205,6.0,0.0,6.0,1.0,1.0,"(2, 2)","[p(2, 2)_cs(1.0)_ws(1.0)]_[p(5, 2)_cs(1.0)_ws(1.0)]",player_9668d2f8_actions,player_9668d2f8,['player_9668d2f8'],,,
1560,tomato_cut,assemble salad,Counter_32,Counter,32,assemble salad,player_e3c78482,encouraged_division_of_labor,37864ed3acd13ff3,851.3016016194545,16.000000000000114,6.0,0.0,0.0,1.0,1.0,"(5, 2)","[p(2, 2)_cs(1.0)_ws(1.0)]_[p(5, 2)_cs(1.0)_ws(1.0)]",player_e3c78482_actions,player_9668d2f8,['player_e3c78482'],"['player_9668d2f8', 'player_e3c78482', 'player_e3c78482']",['player_9668d2f8'],True
1563,tomato,pick up,Dispenser_40,Dispenser,40,pick up tomato from dispenser,player_9668d2f8,encouraged_division_of_labor,37864ed3acd13ff3,1593.0018178096907,15.999999999999543,6.0,0.0,6.0,1.0,1.0,"(2, 2)","[p(2, 2)_cs(1.0)_ws(1.0)]_[p(5, 2)_cs(1.0)_ws(1.0)]",player_9668d2f8_actions,,[],,,
1587,tomato,put down,Counter_33,Counter,33,put down tomato on counter,player_9668d2f8,encouraged_division_of_labor,37864ed3acd13ff3,1625.0018178096898,31.99999999999909,6.0,0.0,6.0,1.0,1.0,"(2, 2)","[p(2, 2)_cs(1.0)_ws(1.0)]_[p(5, 2)_cs(1.0)_ws(1.0)]",player_9668d2f8_actions,player_9668d2f8,['player_9668d2f8'],,,
1602,tomato,pick up,Counter_33,Counter,33,pick up tomato from counter,player_e3c78482,encouraged_division_of_labor,37864ed3acd13ff3,867.3016016194547,16.000000000000227,6.0,0.0,0.0,1.0,1.0,"(5, 2)","[p(2, 2)_cs(1.0)_ws(1.0)]_[p(5, 2)_cs(1.0)_ws(1.0)]",player_e3c78482_actions,player_9668d2f8,['player_9668d2f8'],,,True
1610,tomato_salad,pick up,Counter_32,Counter,32,pick up tomato_salad from counter,player_9668d2f8,encouraged_division_of_labor,37864ed3acd13ff3,1641.001817809689,15.999999999999543,6.0,0.0,6.0,1.0,1.0,"(2, 2)","[p(2, 2)_cs(1.0)_ws(1.0)]_[p(5, 2)_cs(1.0)_ws(1.0)]",player_9668d2f8_actions,player_e3c78482,['player_e3c78482'],"['player_9668d2f8', 'player_e3c78482', 'player_e3c78482']",['player_9668d2f8'],True
1626,tomato,start cutting,CuttingBoard_20,CuttingBoard,20,start cutting tomato,player_e3c78482,encouraged_division_of_labor,37864ed3acd13ff3,899.301601619455,32.00000000000034,6.0,0.0,0.0,1.0,1.0,"(5, 2)","[p(2, 2)_cs(1.0)_ws(1.0)]_[p(5, 2)_cs(1.0)_ws(1.0)]",player_e3c78482_actions,player_e3c78482,"['player_9668d2f8', 'player_e3c78482']",,,
1630,tomato_salad,deliver,Delivery_63,Delivery,63,deliver tomato_salad,player_9668d2f8,encouraged_division_of_labor,37864ed3acd13ff3,1663.6292348076583,22.62741699796902,7.0,1.0,7.0,1.0,1.0,"(2, 2)","[p(2, 2)_cs(1.0)_ws(1.0)]_[p(5, 2)_cs(1.0)_ws(1.0)]",player_9668d2f8_actions,player_9668d2f8,"['player_e3c78482', 'player_9668d2f8']","['player_9668d2f8', 'player_e3c78482', 'player_e3c78482']",['player_9668d2f8'],
1682,tomato_cut,pick up,CuttingBoard_20,CuttingBoard,20,pick up tomato_cut from cuttingboard,player_e3c78482,encouraged_division_of_labor,37864ed3acd13ff3,899.301601619455,0.0,7.0,0.0,0.0,1.0,1.0,"(5, 2)","[p(2, 2)_cs(1.0)_ws(1.0)]_[p(5, 2)_cs(1.0)_ws(1.0)]",player_e3c78482_actions,player_e3c78482,"['player_9668d2f8', 'player_e3c78482']",,,False
1723,plate,pick up,Dispenser_60,Dispenser,60,pick up plate from dispenser,player_9668d2f8,encouraged_division_of_labor,37864ed3acd13ff3,1702.040494647684,38.41125984002565,7.0,0.0,7.0,1.0,1.0,"(2, 2)","[p(2, 2)_cs(1.0)_ws(1.0)]_[p(5, 2)_cs(1.0)_ws(1.0)]",player_9668d2f8_actions,,[],,,
1754,plate,put down,Counter_32,Counter,32,put down plate on counter,player_9668d2f8,encouraged_division_of_labor,37864ed3acd13ff3,1740.4475573144482,38.407062666764205,7.0,0.0,7.0,1.0,1.0,"(2, 2)","[p(2, 2)_cs(1.0)_ws(1.0)]_[p(5, 2)_cs(1.0)_ws(1.0)]",player_9668d2f8_actions,player_9668d2f8,['player_9668d2f8'],,,
1770,tomato_cut,assemble salad,Counter_32,Counter,32,assemble salad,player_e3c78482,encouraged_division_of_labor,37864ed3acd13ff3,915.3016016194553,16.000000000000114,7.0,0.0,0.0,1.0,1.0,"(5, 2)","[p(2, 2)_cs(1.0)_ws(1.0)]_[p(5, 2)_cs(1.0)_ws(1.0)]",player_e3c78482_actions,player_9668d2f8,['player_e3c78482'],"['player_9668d2f8', 'player_e3c78482', 'player_e3c78482']",['player_9668d2f8'],True
1773,tomato,pick up,Dispenser_40,Dispenser,40,pick up tomato from dispenser,player_9668d2f8,encouraged_division_of_labor,37864ed3acd13ff3,1756.4475573144475,15.999999999999543,7.0,0.0,7.0,1.0,1.0,"(2, 2)","[p(2, 2)_cs(1.0)_ws(1.0)]_[p(5, 2)_cs(1.0)_ws(1.0)]",player_9668d2f8_actions,,[],,,
1802,tomato,put down,Counter_33,Counter,33,put down tomato on counter,player_9668d2f8,encouraged_division_of_labor,37864ed3acd13ff3,1788.4475573144468,31.99999999999909,7.0,0.0,7.0,1.0,1.0,"(2, 2)","[p(2, 2)_cs(1.0)_ws(1.0)]_[p(5, 2)_cs(1.0)_ws(1.0)]",player_9668d2f8_actions,player_9668d2f8,['player_9668d2f8'],,,
1818,tomato,pick up,Counter_33,Counter,33,pick up tomato from counter,player_e3c78482,encouraged_division_of_labor,37864ed3acd13ff3,931.3016016194554,16.000000000000227,7.0,0.0,0.0,1.0,1.0,"(5, 2)","[p(2, 2)_cs(1.0)_ws(1.0)]_[p(5, 2)_cs(1.0)_ws(1.0)]",player_e3c78482_actions,player_9668d2f8,['player_9668d2f8'],,,True
1825,tomato_salad,pick up,Counter_32,Counter,32,pick up tomato_salad from counter,player_9668d2f8,encouraged_division_of_labor,37864ed3acd13ff3,1804.4475573144464,15.999999999999543,7.0,0.0,7.0,1.0,1.0,"(2, 2)","[p(2, 2)_cs(1.0)_ws(1.0)]_[p(5, 2)_cs(1.0)_ws(1.0)]",player_9668d2f8_actions,player_e3c78482,['player_e3c78482'],"['player_9668d2f8', 'player_e3c78482', 'player_e3c78482']",['player_9668d2f8'],True
1843,tomato,start cutting,CuttingBoard_20,CuttingBoard,20,start cutting tomato,player_e3c78482,encouraged_division_of_labor,37864ed3acd13ff3,963.3016016194556,32.00000000000034,7.0,0.0,0.0,1.0,1.0,"(5, 2)","[p(2, 2)_cs(1.0)_ws(1.0)]_[p(5, 2)_cs(1.0)_ws(1.0)]",player_e3c78482_actions,player_e3c78482,"['player_9668d2f8', 'player_e3c78482']",,,
1849,tomato_salad,deliver,Delivery_63,Delivery,63,deliver tomato_salad,player_9668d2f8,encouraged_division_of_labor,37864ed3acd13ff3,1827.0749743124152,22.62741699796902,8.0,1.0,8.0,1.0,1.0,"(2, 2)","[p(2, 2)_cs(1.0)_ws(1.0)]_[p(5, 2)_cs(1.0)_ws(1.0)]",player_9668d2f8_actions,player_9668d2f8,"['player_e3c78482', 'player_9668d2f8']","['player_9668d2f8', 'player_e3c78482', 'player_e3c78482']",['player_9668d2f8'],
1881,plate,pick up,Dispenser_60,Dispenser,60,pick up plate from dispenser,player_9668d2f8,encouraged_division_of_labor,37864ed3acd13ff3,1865.486234152441,38.41125984002565,8.0,0.0,8.0,1.0,1.0,"(2, 2)","[p(2, 2)_cs(1.0)_ws(1.0)]_[p(5, 2)_cs(1.0)_ws(1.0)]",player_9668d2f8_actions,,[],,,
1904,tomato_cut,pick up,CuttingBoard_20,CuttingBoard,20,pick up tomato_cut from cuttingboard,player_e3c78482,encouraged_division_of_labor,37864ed3acd13ff3,963.3016016194556,0.0,8.0,0.0,0.0,1.0,1.0,"(5, 2)","[p(2, 2)_cs(1.0)_ws(1.0)]_[p(5, 2)_cs(1.0)_ws(1.0)]",player_e3c78482_actions,player_e3c78482,"['player_9668d2f8', 'player_e3c78482']",,,False
1907,plate,put down,Counter_32,Counter,32,put down plate on counter,player_9668d2f8,encouraged_division_of_labor,37864ed3acd13ff3,1903.8932968192053,38.407062666764205,8.0,0.0,8.0,1.0,1.0,"(2, 2)","[p(2, 2)_cs(1.0)_ws(1.0)]_[p(5, 2)_cs(1.0)_ws(1.0)]",player_9668d2f8_actions,player_9668d2f8,['player_9668d2f8'],,,
1924,tomato_cut,assemble salad,Counter_32,Counter,32,assemble salad,player_e3c78482,encouraged_division_of_labor,37864ed3acd13ff3,979.3016016194558,16.000000000000114,8.0,0.0,0.0,1.0,1.0,"(5, 2)","[p(2, 2)_cs(1.0)_ws(1.0)]_[p(5, 2)_cs(1.0)_ws(1.0)]",player_e3c78482_actions,player_9668d2f8,['player_e3c78482'],"['player_9668d2f8', 'player_e3c78482', 'player_e3c78482']",['player_9668d2f8'],True
1927,tomato,pick up,Dispenser_40,Dispenser,40,pick up tomato from dispenser,player_9668d2f8,encouraged_division_of_labor,37864ed3acd13ff3,1919.8932968192048,15.999999999999543,8.0,0.0,8.0,1.0,1.0,"(2, 2)","[p(2, 2)_cs(1.0)_ws(1.0)]_[p(5, 2)_cs(1.0)_ws(1.0)]",player_9668d2f8_actions,,[],,,
1952,tomato,put down,Counter_33,Counter,33,put down tomato on counter,player_9668d2f8,encouraged_division_of_labor,37864ed3acd13ff3,1951.893296819204,31.99999999999909,8.0,0.0,8.0,1.0,1.0,"(2, 2)","[p(2, 2)_cs(1.0)_ws(1.0)]_[p(5, 2)_cs(1.0)_ws(1.0)]",player_9668d2f8_actions,player_9668d2f8,['player_9668d2f8'],,,
1968,tomato,pick up,Counter_33,Counter,33,pick up tomato from counter,player_e3c78482,encouraged_division_of_labor,37864ed3acd13ff3,995.301601619456,16.000000000000227,8.0,0.0,0.0,1.0,1.0,"(5, 2)","[p(2, 2)_cs(1.0)_ws(1.0)]_[p(5, 2)_cs(1.0)_ws(1.0)]",player_e3c78482_actions,player_9668d2f8,['player_9668d2f8'],,,True
1973,tomato_salad,pick up,Counter_32,Counter,32,pick up tomato_salad from counter,player_9668d2f8,encouraged_division_of_labor,37864ed3acd13ff3,1967.8932968192032,15.999999999999543,8.0,0.0,8.0,1.0,1.0,"(2, 2)","[p(2, 2)_cs(1.0)_ws(1.0)]_[p(5, 2)_cs(1.0)_ws(1.0)]",player_9668d2f8_actions,player_e3c78482,['player_e3c78482'],"['player_9668d2f8', 'player_e3c78482', 'player_e3c78482']",['player_9668d2f8'],True
1992,tomato,start cutting,CuttingBoard_20,CuttingBoard,20,start cutting tomato,player_e3c78482,encouraged_division_of_labor,37864ed3acd13ff3,1027.3016016194565,32.000000000000455,8.0,0.0,0.0,1.0,1.0,"(5, 2)","[p(2, 2)_cs(1.0)_ws(1.0)]_[p(5, 2)_cs(1.0)_ws(1.0)]",player_e3c78482_actions,player_e3c78482,"['player_9668d2f8', 'player_e3c78482']",,,
1997,tomato_salad,deliver,Delivery_63,Delivery,63,deliver tomato_salad,player_9668d2f8,encouraged_division_of_labor,37864ed3acd13ff3,1990.5207138171725,22.62741699796902,9.0,1.0,9.0,1.0,1.0,"(2, 2)","[p(2, 2)_cs(1.0)_ws(1.0)]_[p(5, 2)_cs(1.0)_ws(1.0)]",player_9668d2f8_actions,player_9668d2f8,"['player_e3c78482', 'player_9668d2f8']","['player_9668d2f8', 'player_e3c78482', 'player_e3c78482']",['player_9668d2f8'],
2025,plate,pick up,Dispenser_60,Dispenser,60,pick up plate from dispenser,player_9668d2f8,encouraged_division_of_labor,37864ed3acd13ff3,2028.931973657198,38.41125984002565,9.0,0.0,9.0,1.0,1.0,"(2, 2)","[p(2, 2)_cs(1.0)_ws(1.0)]_[p(5, 2)_cs(1.0)_ws(1.0)]",player_9668d2f8_actions,,[],,,
2039,tomato_cut,pick up,CuttingBoard_20,CuttingBoard,20,pick up tomato_cut from cuttingboard,player_e3c78482,encouraged_division_of_labor,37864ed3acd13ff3,1027.3016016194565,0.0,9.0,0.0,0.0,1.0,1.0,"(5, 2)","[p(2, 2)_cs(1.0)_ws(1.0)]_[p(5, 2)_cs(1.0)_ws(1.0)]",player_e3c78482_actions,player_e3c78482,"['player_9668d2f8', 'player_e3c78482']",,,False
2053,plate,put down,Counter_32,Counter,32,put down plate on counter,player_9668d2f8,encouraged_division_of_labor,37864ed3acd13ff3,2067.3390363239623,38.407062666764205,9.0,0.0,9.0,1.0,1.0,"(2, 2)","[p(2, 2)_cs(1.0)_ws(1.0)]_[p(5, 2)_cs(1.0)_ws(1.0)]",player_9668d2f8_actions,player_9668d2f8,['player_9668d2f8'],,,
2069,tomato_cut,assemble salad,Counter_32,Counter,32,assemble salad,player_e3c78482,encouraged_division_of_labor,37864ed3acd13ff3,1043.301601619456,15.999999999999543,9.0,0.0,0.0,1.0,1.0,"(5, 2)","[p(2, 2)_cs(1.0)_ws(1.0)]_[p(5, 2)_cs(1.0)_ws(1.0)]",player_e3c78482_actions,player_9668d2f8,['player_e3c78482'],"['player_9668d2f8', 'player_e3c78482', 'player_e3c78482']",['player_9668d2f8'],True
2071,tomato,pick up,Dispenser_40,Dispenser,40,pick up tomato from dispenser,player_9668d2f8,encouraged_division_of_labor,37864ed3acd13ff3,2083.3390363239632,16.00000000000091,9.0,0.0,9.0,1.0,1.0,"(2, 2)","[p(2, 2)_cs(1.0)_ws(1.0)]_[p(5, 2)_cs(1.0)_ws(1.0)]",player_9668d2f8_actions,,[],,,
2097,tomato,put down,Counter_33,Counter,33,put down tomato on counter,player_9668d2f8,encouraged_division_of_labor,37864ed3acd13ff3,2115.339036323965,32.00000000000182,9.0,0.0,9.0,1.0,1.0,"(2, 2)","[p(2, 2)_cs(1.0)_ws(1.0)]_[p(5, 2)_cs(1.0)_ws(1.0)]",player_9668d2f8_actions,player_9668d2f8,['player_9668d2f8'],,,
2112,tomato,pick up,Counter_33,Counter,33,pick up tomato from counter,player_e3c78482,encouraged_division_of_labor,37864ed3acd13ff3,1059.3016016194556,15.999999999999543,9.0,0.0,0.0,1.0,1.0,"(5, 2)","[p(2, 2)_cs(1.0)_ws(1.0)]_[p(5, 2)_cs(1.0)_ws(1.0)]",player_e3c78482_actions,player_9668d2f8,['player_9668d2f8'],,,True
2115,tomato_salad,pick up,Counter_32,Counter,32,pick up tomato_salad from counter,player_9668d2f8,encouraged_division_of_labor,37864ed3acd13ff3,2131.339036323966,16.00000000000091,9.0,0.0,9.0,1.0,1.0,"(2, 2)","[p(2, 2)_cs(1.0)_ws(1.0)]_[p(5, 2)_cs(1.0)_ws(1.0)]",player_9668d2f8_actions,player_e3c78482,['player_e3c78482'],"['player_9668d2f8', 'player_e3c78482', 'player_e3c78482']",['player_9668d2f8'],True
2136,tomato,start cutting,CuttingBoard_20,CuttingBoard,20,start cutting tomato,player_e3c78482,encouraged_division_of_labor,37864ed3acd13ff3,1091.3016016194547,31.99999999999909,9.0,0.0,0.0,1.0,1.0,"(5, 2)","[p(2, 2)_cs(1.0)_ws(1.0)]_[p(5, 2)_cs(1.0)_ws(1.0)]",player_e3c78482_actions,player_e3c78482,"['player_9668d2f8', 'player_e3c78482']",,,
2139,tomato_salad,deliver,Delivery_63,Delivery,63,deliver tomato_salad,player_9668d2f8,encouraged_division_of_labor,37864ed3acd13ff3,2153.9664533219348,22.62741699796879,10.0,1.0,10.0,1.0,1.0,"(2, 2)","[p(2, 2)_cs(1.0)_ws(1.0)]_[p(5, 2)_cs(1.0)_ws(1.0)]",player_9668d2f8_actions,player_9668d2f8,"['player_e3c78482', 'player_9668d2f8']","['player_9668d2f8', 'player_e3c78482', 'player_e3c78482']",['player_9668d2f8'],
