{"agents": {"player_9668d2f8": {"initial_state": {"agent_id": "player_9668d2f8", "x": 40, "y": 40, "item": null, "url_params": {"gameType": ["tomatoSaladOnly"], "PROLIFIC_PID": ["5bf4afe0b8e9f800014c9c0b"], "map": ["encouraged_division_of_labor"], "cutting_speed_p1": ["1"], "walking_speed_p1": ["1"], "cutting_speed_p2": ["1"], "walking_speed_p2": ["1"], "slot_x_p1": ["2"], "slot_y_p1": ["2"], "slot_x_p2": ["5"], "slot_y_p2": ["2"], "EIO": ["4"], "transport": ["polling"], "t": ["PZtTkIG"]}, "cut_speed": 1.0, "walk_speed": 30.0, "player_nr": 1}, "player_score": 10.0, "total_actions": 58, "first_action_tick": 179, "last_action_tick": 2139}, "player_e3c78482": {"initial_state": {"agent_id": "player_e3c78482", "x": 88, "y": 40, "item": null, "url_params": {"gameType": ["tomatoSaladOnly"], "PROLIFIC_PID": ["undefined"], "map": ["encouraged_division_of_labor"], "cutting_speed_p1": ["1"], "walking_speed_p1": ["1"], "cutting_speed_p2": ["1"], "walking_speed_p2": ["1"], "slot_x_p1": ["2"], "slot_y_p1": ["2"], "slot_x_p2": ["5"], "slot_y_p2": ["2"], "EIO": ["4"], "transport": ["polling"], "t": ["PZtTqTY"]}, "cut_speed": 1.0, "walk_speed": 30.0, "player_nr": 2}, "player_score": 0.0, "total_actions": 50, "first_action_tick": 86, "last_action_tick": 2136}}, "map_name": "encouraged_division_of_labor", "final_score": 10.0}