tick,item,action,target,target_type,target_position,action_long,player_id,map_name,game_id,distance_walked,distance_walked_since_last_action,overall_score,player_score_change,player_score,walking_speed,cutting_speed,start_pos,condition
86,tomato,pick up,Dispenser_40,Dispenser,40,pick up tomato from dispenser,player_e3c78482,encouraged_division_of_labor,37864ed3acd13ff3,22.62741699796952,0.0,0.0,0.0,0.0,1.0,1.0,"(5, 2)","[p(2, 2)_cs(1.0)_ws(1.0)]_[p(5, 2)_cs(1.0)_ws(1.0)]"
130,tomato,put down,Counter_35,Counter,35,put down tomato on counter,player_e3c78482,encouraged_division_of_labor,37864ed3acd13ff3,86.62741699796952,64.0,0.0,0.0,0.0,1.0,1.0,"(5, 2)","[p(2, 2)_cs(1.0)_ws(1.0)]_[p(5, 2)_cs(1.0)_ws(1.0)]"
175,tomato,pick up,Dispenser_40,Dispenser,40,pick up tomato from dispenser,player_e3c78482,encouraged_division_of_labor,37864ed3acd13ff3,150.6274169979695,63.999999999999986,0.0,0.0,0.0,1.0,1.0,"(5, 2)","[p(2, 2)_cs(1.0)_ws(1.0)]_[p(5, 2)_cs(1.0)_ws(1.0)]"
211,tomato,put down,Counter_34,Counter,34,put down tomato on counter,player_e3c78482,encouraged_division_of_labor,37864ed3acd13ff3,198.6274169979695,48.0,0.0,0.0,0.0,1.0,1.0,"(5, 2)","[p(2, 2)_cs(1.0)_ws(1.0)]_[p(5, 2)_cs(1.0)_ws(1.0)]"
234,tomato,pick up,Counter_35,Counter,35,pick up tomato from counter,player_e3c78482,encouraged_division_of_labor,37864ed3acd13ff3,214.6274169979695,16.0,0.0,0.0,0.0,1.0,1.0,"(5, 2)","[p(2, 2)_cs(1.0)_ws(1.0)]_[p(5, 2)_cs(1.0)_ws(1.0)]"
318,tomato,put down,CuttingBoard_20,CuttingBoard,20,put down tomato on cuttingboard,player_e3c78482,encouraged_division_of_labor,37864ed3acd13ff3,323.3016016194494,108.6741846214799,0.0,0.0,0.0,1.0,1.0,"(5, 2)","[p(2, 2)_cs(1.0)_ws(1.0)]_[p(5, 2)_cs(1.0)_ws(1.0)]"
318,tomato_cut,pick up,CuttingBoard_20,CuttingBoard,20,pick up tomato_cut from cuttingboard,player_e3c78482,encouraged_division_of_labor,37864ed3acd13ff3,323.3016016194494,0.0,0.0,0.0,0.0,1.0,1.0,"(5, 2)","[p(2, 2)_cs(1.0)_ws(1.0)]_[p(5, 2)_cs(1.0)_ws(1.0)]"
390,tomato_cut,put down,Counter_33,Counter,33,put down tomato_cut on counter,player_e3c78482,encouraged_division_of_labor,37864ed3acd13ff3,355.3016016194497,32.000000000000284,0.0,0.0,0.0,1.0,1.0,"(5, 2)","[p(2, 2)_cs(1.0)_ws(1.0)]_[p(5, 2)_cs(1.0)_ws(1.0)]"
477,plate,pick up,Counter_32,Counter,32,pick up plate from counter,player_e3c78482,encouraged_division_of_labor,37864ed3acd13ff3,403.3016016194502,48.00000000000051,0.0,0.0,0.0,1.0,1.0,"(5, 2)","[p(2, 2)_cs(1.0)_ws(1.0)]_[p(5, 2)_cs(1.0)_ws(1.0)]"
495,plate,put down,Counter_32,Counter,32,put down plate on counter,player_e3c78482,encouraged_division_of_labor,37864ed3acd13ff3,403.3016016194502,0.0,0.0,0.0,0.0,1.0,1.0,"(5, 2)","[p(2, 2)_cs(1.0)_ws(1.0)]_[p(5, 2)_cs(1.0)_ws(1.0)]"
519,tomato_cut,pick up,CuttingBoard_20,CuttingBoard,20,pick up tomato_cut from cuttingboard,player_e3c78482,encouraged_division_of_labor,37864ed3acd13ff3,419.3016016194503,16.000000000000114,0.0,0.0,0.0,1.0,1.0,"(5, 2)","[p(2, 2)_cs(1.0)_ws(1.0)]_[p(5, 2)_cs(1.0)_ws(1.0)]"
546,tomato_cut,assemble salad,Counter_32,Counter,32,assemble salad,player_e3c78482,encouraged_division_of_labor,37864ed3acd13ff3,435.3016016194504,16.000000000000114,0.0,0.0,0.0,1.0,1.0,"(5, 2)","[p(2, 2)_cs(1.0)_ws(1.0)]_[p(5, 2)_cs(1.0)_ws(1.0)]"
570,tomato_cut,pick up,Counter_33,Counter,33,pick up tomato_cut from counter,player_e3c78482,encouraged_division_of_labor,37864ed3acd13ff3,451.30160161945054,16.000000000000114,0.0,0.0,0.0,1.0,1.0,"(5, 2)","[p(2, 2)_cs(1.0)_ws(1.0)]_[p(5, 2)_cs(1.0)_ws(1.0)]"
603,tomato_cut,assemble salad,Counter_35,Counter,35,assemble salad,player_e3c78482,encouraged_division_of_labor,37864ed3acd13ff3,483.3016016194506,32.00000000000006,0.0,0.0,0.0,1.0,1.0,"(5, 2)","[p(2, 2)_cs(1.0)_ws(1.0)]_[p(5, 2)_cs(1.0)_ws(1.0)]"
627,tomato,pick up,Counter_34,Counter,34,pick up tomato from counter,player_e3c78482,encouraged_division_of_labor,37864ed3acd13ff3,499.3016016194506,16.0,1.0,0.0,0.0,1.0,1.0,"(5, 2)","[p(2, 2)_cs(1.0)_ws(1.0)]_[p(5, 2)_cs(1.0)_ws(1.0)]"
664,tomato,start cutting,CuttingBoard_20,CuttingBoard,20,start cutting tomato,player_e3c78482,encouraged_division_of_labor,37864ed3acd13ff3,547.301601619451,48.000000000000455,1.0,0.0,0.0,1.0,1.0,"(5, 2)","[p(2, 2)_cs(1.0)_ws(1.0)]_[p(5, 2)_cs(1.0)_ws(1.0)]"
729,plate,pick up,Counter_32,Counter,32,pick up plate from counter,player_e3c78482,encouraged_division_of_labor,37864ed3acd13ff3,563.3016016194513,16.000000000000227,1.0,0.0,0.0,1.0,1.0,"(5, 2)","[p(2, 2)_cs(1.0)_ws(1.0)]_[p(5, 2)_cs(1.0)_ws(1.0)]"
744,plate,put down,Counter_32,Counter,32,put down plate on counter,player_e3c78482,encouraged_division_of_labor,37864ed3acd13ff3,563.3016016194513,0.0,1.0,0.0,0.0,1.0,1.0,"(5, 2)","[p(2, 2)_cs(1.0)_ws(1.0)]_[p(5, 2)_cs(1.0)_ws(1.0)]"
771,tomato_cut,pick up,CuttingBoard_20,CuttingBoard,20,pick up tomato_cut from cuttingboard,player_e3c78482,encouraged_division_of_labor,37864ed3acd13ff3,579.3016016194515,16.000000000000227,1.0,0.0,0.0,1.0,1.0,"(5, 2)","[p(2, 2)_cs(1.0)_ws(1.0)]_[p(5, 2)_cs(1.0)_ws(1.0)]"
795,tomato_cut,assemble salad,Counter_32,Counter,32,assemble salad,player_e3c78482,encouraged_division_of_labor,37864ed3acd13ff3,595.3016016194517,16.000000000000227,1.0,0.0,0.0,1.0,1.0,"(5, 2)","[p(2, 2)_cs(1.0)_ws(1.0)]_[p(5, 2)_cs(1.0)_ws(1.0)]"
897,tomato,pick up,Counter_33,Counter,33,pick up tomato from counter,player_e3c78482,encouraged_division_of_labor,37864ed3acd13ff3,611.301601619452,16.000000000000227,2.0,0.0,0.0,1.0,1.0,"(5, 2)","[p(2, 2)_cs(1.0)_ws(1.0)]_[p(5, 2)_cs(1.0)_ws(1.0)]"
927,tomato,start cutting,CuttingBoard_20,CuttingBoard,20,start cutting tomato,player_e3c78482,encouraged_division_of_labor,37864ed3acd13ff3,643.3016016194523,32.00000000000034,2.0,0.0,0.0,1.0,1.0,"(5, 2)","[p(2, 2)_cs(1.0)_ws(1.0)]_[p(5, 2)_cs(1.0)_ws(1.0)]"
981,tomato_cut,pick up,CuttingBoard_20,CuttingBoard,20,pick up tomato_cut from cuttingboard,player_e3c78482,encouraged_division_of_labor,37864ed3acd13ff3,643.3016016194523,0.0,3.0,0.0,0.0,1.0,1.0,"(5, 2)","[p(2, 2)_cs(1.0)_ws(1.0)]_[p(5, 2)_cs(1.0)_ws(1.0)]"
1038,tomato_cut,assemble salad,Counter_32,Counter,32,assemble salad,player_e3c78482,encouraged_division_of_labor,37864ed3acd13ff3,659.3016016194524,16.000000000000114,3.0,0.0,0.0,1.0,1.0,"(5, 2)","[p(2, 2)_cs(1.0)_ws(1.0)]_[p(5, 2)_cs(1.0)_ws(1.0)]"
1092,tomato,pick up,Counter_33,Counter,33,pick up tomato from counter,player_e3c78482,encouraged_division_of_labor,37864ed3acd13ff3,675.3016016194526,16.000000000000227,3.0,0.0,0.0,1.0,1.0,"(5, 2)","[p(2, 2)_cs(1.0)_ws(1.0)]_[p(5, 2)_cs(1.0)_ws(1.0)]"
1122,tomato,start cutting,CuttingBoard_20,CuttingBoard,20,start cutting tomato,player_e3c78482,encouraged_division_of_labor,37864ed3acd13ff3,707.301601619453,32.00000000000034,4.0,0.0,0.0,1.0,1.0,"(5, 2)","[p(2, 2)_cs(1.0)_ws(1.0)]_[p(5, 2)_cs(1.0)_ws(1.0)]"
1182,tomato_cut,pick up,CuttingBoard_20,CuttingBoard,20,pick up tomato_cut from cuttingboard,player_e3c78482,encouraged_division_of_labor,37864ed3acd13ff3,707.301601619453,0.0,4.0,0.0,0.0,1.0,1.0,"(5, 2)","[p(2, 2)_cs(1.0)_ws(1.0)]_[p(5, 2)_cs(1.0)_ws(1.0)]"
1209,tomato_cut,assemble salad,Counter_32,Counter,32,assemble salad,player_e3c78482,encouraged_division_of_labor,37864ed3acd13ff3,723.3016016194531,16.000000000000114,4.0,0.0,0.0,1.0,1.0,"(5, 2)","[p(2, 2)_cs(1.0)_ws(1.0)]_[p(5, 2)_cs(1.0)_ws(1.0)]"
1263,tomato,pick up,Counter_33,Counter,33,pick up tomato from counter,player_e3c78482,encouraged_division_of_labor,37864ed3acd13ff3,739.3016016194533,16.000000000000227,4.0,0.0,0.0,1.0,1.0,"(5, 2)","[p(2, 2)_cs(1.0)_ws(1.0)]_[p(5, 2)_cs(1.0)_ws(1.0)]"
1293,tomato,start cutting,CuttingBoard_20,CuttingBoard,20,start cutting tomato,player_e3c78482,encouraged_division_of_labor,37864ed3acd13ff3,771.3016016194537,32.00000000000034,4.0,0.0,0.0,1.0,1.0,"(5, 2)","[p(2, 2)_cs(1.0)_ws(1.0)]_[p(5, 2)_cs(1.0)_ws(1.0)]"
1353,tomato_cut,pick up,CuttingBoard_20,CuttingBoard,20,pick up tomato_cut from cuttingboard,player_e3c78482,encouraged_division_of_labor,37864ed3acd13ff3,771.3016016194537,0.0,5.0,0.0,0.0,1.0,1.0,"(5, 2)","[p(2, 2)_cs(1.0)_ws(1.0)]_[p(5, 2)_cs(1.0)_ws(1.0)]"
1386,tomato_cut,assemble salad,Counter_32,Counter,32,assemble salad,player_e3c78482,encouraged_division_of_labor,37864ed3acd13ff3,787.3016016194538,16.000000000000114,5.0,0.0,0.0,1.0,1.0,"(5, 2)","[p(2, 2)_cs(1.0)_ws(1.0)]_[p(5, 2)_cs(1.0)_ws(1.0)]"
1437,tomato,pick up,Counter_33,Counter,33,pick up tomato from counter,player_e3c78482,encouraged_division_of_labor,37864ed3acd13ff3,803.301601619454,16.000000000000227,5.0,0.0,0.0,1.0,1.0,"(5, 2)","[p(2, 2)_cs(1.0)_ws(1.0)]_[p(5, 2)_cs(1.0)_ws(1.0)]"
1467,tomato,start cutting,CuttingBoard_20,CuttingBoard,20,start cutting tomato,player_e3c78482,encouraged_division_of_labor,37864ed3acd13ff3,835.3016016194543,32.00000000000034,6.0,0.0,0.0,1.0,1.0,"(5, 2)","[p(2, 2)_cs(1.0)_ws(1.0)]_[p(5, 2)_cs(1.0)_ws(1.0)]"
1530,tomato_cut,pick up,CuttingBoard_20,CuttingBoard,20,pick up tomato_cut from cuttingboard,player_e3c78482,encouraged_division_of_labor,37864ed3acd13ff3,835.3016016194543,0.0,6.0,0.0,0.0,1.0,1.0,"(5, 2)","[p(2, 2)_cs(1.0)_ws(1.0)]_[p(5, 2)_cs(1.0)_ws(1.0)]"
1560,tomato_cut,assemble salad,Counter_32,Counter,32,assemble salad,player_e3c78482,encouraged_division_of_labor,37864ed3acd13ff3,851.3016016194545,16.000000000000114,6.0,0.0,0.0,1.0,1.0,"(5, 2)","[p(2, 2)_cs(1.0)_ws(1.0)]_[p(5, 2)_cs(1.0)_ws(1.0)]"
1602,tomato,pick up,Counter_33,Counter,33,pick up tomato from counter,player_e3c78482,encouraged_division_of_labor,37864ed3acd13ff3,867.3016016194547,16.000000000000227,6.0,0.0,0.0,1.0,1.0,"(5, 2)","[p(2, 2)_cs(1.0)_ws(1.0)]_[p(5, 2)_cs(1.0)_ws(1.0)]"
1626,tomato,start cutting,CuttingBoard_20,CuttingBoard,20,start cutting tomato,player_e3c78482,encouraged_division_of_labor,37864ed3acd13ff3,899.301601619455,32.00000000000034,6.0,0.0,0.0,1.0,1.0,"(5, 2)","[p(2, 2)_cs(1.0)_ws(1.0)]_[p(5, 2)_cs(1.0)_ws(1.0)]"
1682,tomato_cut,pick up,CuttingBoard_20,CuttingBoard,20,pick up tomato_cut from cuttingboard,player_e3c78482,encouraged_division_of_labor,37864ed3acd13ff3,899.301601619455,0.0,7.0,0.0,0.0,1.0,1.0,"(5, 2)","[p(2, 2)_cs(1.0)_ws(1.0)]_[p(5, 2)_cs(1.0)_ws(1.0)]"
1770,tomato_cut,assemble salad,Counter_32,Counter,32,assemble salad,player_e3c78482,encouraged_division_of_labor,37864ed3acd13ff3,915.3016016194551,16.000000000000114,7.0,0.0,0.0,1.0,1.0,"(5, 2)","[p(2, 2)_cs(1.0)_ws(1.0)]_[p(5, 2)_cs(1.0)_ws(1.0)]"
1818,tomato,pick up,Counter_33,Counter,33,pick up tomato from counter,player_e3c78482,encouraged_division_of_labor,37864ed3acd13ff3,931.3016016194554,16.000000000000227,7.0,0.0,0.0,1.0,1.0,"(5, 2)","[p(2, 2)_cs(1.0)_ws(1.0)]_[p(5, 2)_cs(1.0)_ws(1.0)]"
1843,tomato,start cutting,CuttingBoard_20,CuttingBoard,20,start cutting tomato,player_e3c78482,encouraged_division_of_labor,37864ed3acd13ff3,963.3016016194557,32.00000000000034,7.0,0.0,0.0,1.0,1.0,"(5, 2)","[p(2, 2)_cs(1.0)_ws(1.0)]_[p(5, 2)_cs(1.0)_ws(1.0)]"
1904,tomato_cut,pick up,CuttingBoard_20,CuttingBoard,20,pick up tomato_cut from cuttingboard,player_e3c78482,encouraged_division_of_labor,37864ed3acd13ff3,963.3016016194557,0.0,8.0,0.0,0.0,1.0,1.0,"(5, 2)","[p(2, 2)_cs(1.0)_ws(1.0)]_[p(5, 2)_cs(1.0)_ws(1.0)]"
1924,tomato_cut,assemble salad,Counter_32,Counter,32,assemble salad,player_e3c78482,encouraged_division_of_labor,37864ed3acd13ff3,979.3016016194558,16.000000000000114,8.0,0.0,0.0,1.0,1.0,"(5, 2)","[p(2, 2)_cs(1.0)_ws(1.0)]_[p(5, 2)_cs(1.0)_ws(1.0)]"
1968,tomato,pick up,Counter_33,Counter,33,pick up tomato from counter,player_e3c78482,encouraged_division_of_labor,37864ed3acd13ff3,995.301601619456,16.000000000000227,8.0,0.0,0.0,1.0,1.0,"(5, 2)","[p(2, 2)_cs(1.0)_ws(1.0)]_[p(5, 2)_cs(1.0)_ws(1.0)]"
1992,tomato,start cutting,CuttingBoard_20,CuttingBoard,20,start cutting tomato,player_e3c78482,encouraged_division_of_labor,37864ed3acd13ff3,1027.3016016194565,32.000000000000455,8.0,0.0,0.0,1.0,1.0,"(5, 2)","[p(2, 2)_cs(1.0)_ws(1.0)]_[p(5, 2)_cs(1.0)_ws(1.0)]"
2039,tomato_cut,pick up,CuttingBoard_20,CuttingBoard,20,pick up tomato_cut from cuttingboard,player_e3c78482,encouraged_division_of_labor,37864ed3acd13ff3,1027.3016016194565,0.0,9.0,0.0,0.0,1.0,1.0,"(5, 2)","[p(2, 2)_cs(1.0)_ws(1.0)]_[p(5, 2)_cs(1.0)_ws(1.0)]"
2069,tomato_cut,assemble salad,Counter_32,Counter,32,assemble salad,player_e3c78482,encouraged_division_of_labor,37864ed3acd13ff3,1043.301601619456,15.999999999999545,9.0,0.0,0.0,1.0,1.0,"(5, 2)","[p(2, 2)_cs(1.0)_ws(1.0)]_[p(5, 2)_cs(1.0)_ws(1.0)]"
2112,tomato,pick up,Counter_33,Counter,33,pick up tomato from counter,player_e3c78482,encouraged_division_of_labor,37864ed3acd13ff3,1059.3016016194556,15.999999999999545,9.0,0.0,0.0,1.0,1.0,"(5, 2)","[p(2, 2)_cs(1.0)_ws(1.0)]_[p(5, 2)_cs(1.0)_ws(1.0)]"
2136,tomato,start cutting,CuttingBoard_20,CuttingBoard,20,start cutting tomato,player_e3c78482,encouraged_division_of_labor,37864ed3acd13ff3,1091.3016016194547,31.99999999999909,9.0,0.0,0.0,1.0,1.0,"(5, 2)","[p(2, 2)_cs(1.0)_ws(1.0)]_[p(5, 2)_cs(1.0)_ws(1.0)]"
