tick,item,action,target,target_type,target_position,action_long,player_id,map_name,game_id,distance_walked,distance_walked_since_last_action,overall_score,player_score_change,player_score,walking_speed,cutting_speed,start_pos,condition
82,tomato,pick up,Dispenser_40,Dispenser,40,pick up tomato from dispenser,player_10805239,baseline_division_of_labor,6d587d3d75b06c28,22.62741699796952,0.0,0.0,0.0,0.0,1.0,0.2,"(5, 2)","[p(2, 2)_cs(1.0)_ws(0.2)]_[p(5, 2)_cs(0.2)_ws(1.0)]"
156,tomato,start cutting,CuttingBoard_20,CuttingBoard,20,start cutting tomato,player_10805239,baseline_division_of_labor,6d587d3d75b06c28,54.62741699796952,32.0,0.0,0.0,0.0,1.0,0.2,"(5, 2)","[p(2, 2)_cs(1.0)_ws(0.2)]_[p(5, 2)_cs(0.2)_ws(1.0)]"
199,plate,pick up,Dispenser_71,Dispenser,71,pick up plate from dispenser,player_10805239,baseline_division_of_labor,6d587d3d75b06c28,118.62741699796952,64.0,0.0,0.0,0.0,1.0,0.2,"(5, 2)","[p(2, 2)_cs(1.0)_ws(0.2)]_[p(5, 2)_cs(0.2)_ws(1.0)]"
228,plate,put down,Counter_32,Counter,32,put down plate on counter,player_10805239,baseline_division_of_labor,6d587d3d75b06c28,157.0344796647345,38.407062666764986,0.0,0.0,0.0,1.0,0.2,"(5, 2)","[p(2, 2)_cs(1.0)_ws(0.2)]_[p(5, 2)_cs(0.2)_ws(1.0)]"
462,tomato_cut,pick up,CuttingBoard_20,CuttingBoard,20,pick up tomato_cut from cuttingboard,player_10805239,baseline_division_of_labor,6d587d3d75b06c28,195.54140638963105,38.506926724896545,0.0,0.0,0.0,1.0,0.2,"(5, 2)","[p(2, 2)_cs(1.0)_ws(0.2)]_[p(5, 2)_cs(0.2)_ws(1.0)]"
489,tomato_cut,assemble salad,Counter_32,Counter,32,assemble salad,player_10805239,baseline_division_of_labor,6d587d3d75b06c28,211.54140638963105,16.0,0.0,0.0,0.0,1.0,0.2,"(5, 2)","[p(2, 2)_cs(1.0)_ws(0.2)]_[p(5, 2)_cs(0.2)_ws(1.0)]"
549,tomato_salad,pick up,Counter_32,Counter,32,pick up tomato_salad from counter,player_10805239,baseline_division_of_labor,6d587d3d75b06c28,258.9139893916553,47.37258300202427,0.0,0.0,0.0,1.0,0.2,"(5, 2)","[p(2, 2)_cs(1.0)_ws(0.2)]_[p(5, 2)_cs(0.2)_ws(1.0)]"
575,tomato_salad,deliver,Delivery_63,Delivery,63,deliver tomato_salad,player_10805239,baseline_division_of_labor,6d587d3d75b06c28,281.54140638962474,22.62741699796942,1.0,1.0,1.0,1.0,0.2,"(5, 2)","[p(2, 2)_cs(1.0)_ws(0.2)]_[p(5, 2)_cs(0.2)_ws(1.0)]"
629,tomato,pick up,Dispenser_40,Dispenser,40,pick up tomato from dispenser,player_10805239,baseline_division_of_labor,6d587d3d75b06c28,319.9526662296509,38.41125984002616,1.0,0.0,1.0,1.0,0.2,"(5, 2)","[p(2, 2)_cs(1.0)_ws(0.2)]_[p(5, 2)_cs(0.2)_ws(1.0)]"
672,tomato,start cutting,CuttingBoard_20,CuttingBoard,20,start cutting tomato,player_10805239,baseline_division_of_labor,6d587d3d75b06c28,351.9526662296511,32.00000000000017,1.0,0.0,1.0,1.0,0.2,"(5, 2)","[p(2, 2)_cs(1.0)_ws(0.2)]_[p(5, 2)_cs(0.2)_ws(1.0)]"
736,plate,pick up,Dispenser_60,Dispenser,60,pick up plate from dispenser,player_10805239,baseline_division_of_labor,6d587d3d75b06c28,415.9526662296513,64.00000000000023,1.0,0.0,1.0,1.0,0.2,"(5, 2)","[p(2, 2)_cs(1.0)_ws(0.2)]_[p(5, 2)_cs(0.2)_ws(1.0)]"
775,plate,put down,Counter_33,Counter,33,put down plate on counter,player_10805239,baseline_division_of_labor,6d587d3d75b06c28,461.20750022559025,45.25483399593895,1.0,0.0,1.0,1.0,0.2,"(5, 2)","[p(2, 2)_cs(1.0)_ws(0.2)]_[p(5, 2)_cs(0.2)_ws(1.0)]"
984,tomato_cut,pick up,CuttingBoard_20,CuttingBoard,20,pick up tomato_cut from cuttingboard,player_10805239,baseline_division_of_labor,6d587d3d75b06c28,515.3758870542233,54.16838682863306,2.0,0.0,1.0,1.0,0.2,"(5, 2)","[p(2, 2)_cs(1.0)_ws(0.2)]_[p(5, 2)_cs(0.2)_ws(1.0)]"
1017,tomato_cut,assemble salad,Counter_33,Counter,33,assemble salad,player_10805239,baseline_division_of_labor,6d587d3d75b06c28,547.3758870542237,32.00000000000034,2.0,0.0,1.0,1.0,0.2,"(5, 2)","[p(2, 2)_cs(1.0)_ws(0.2)]_[p(5, 2)_cs(0.2)_ws(1.0)]"
1040,tomato_salad,pick up,Counter_33,Counter,33,pick up tomato_salad from counter,player_10805239,baseline_division_of_labor,6d587d3d75b06c28,547.3758870542237,0.0,2.0,0.0,1.0,1.0,0.2,"(5, 2)","[p(2, 2)_cs(1.0)_ws(0.2)]_[p(5, 2)_cs(0.2)_ws(1.0)]"
1095,tomato_salad,deliver,Delivery_64,Delivery,64,deliver tomato_salad,player_10805239,baseline_division_of_labor,6d587d3d75b06c28,645.7043551264909,98.32846807226724,3.0,1.0,2.0,1.0,0.2,"(5, 2)","[p(2, 2)_cs(1.0)_ws(0.2)]_[p(5, 2)_cs(0.2)_ws(1.0)]"
1148,tomato,pick up,Dispenser_50,Dispenser,50,pick up tomato from dispenser,player_10805239,baseline_division_of_labor,6d587d3d75b06c28,693.7043551264914,48.000000000000455,3.0,0.0,2.0,1.0,0.2,"(5, 2)","[p(2, 2)_cs(1.0)_ws(0.2)]_[p(5, 2)_cs(0.2)_ws(1.0)]"
1187,tomato,start cutting,CuttingBoard_20,CuttingBoard,20,start cutting tomato,player_10805239,baseline_division_of_labor,6d587d3d75b06c28,741.7043551264916,48.00000000000023,3.0,0.0,2.0,1.0,0.2,"(5, 2)","[p(2, 2)_cs(1.0)_ws(0.2)]_[p(5, 2)_cs(0.2)_ws(1.0)]"
1233,plate,pick up,Dispenser_71,Dispenser,71,pick up plate from dispenser,player_10805239,baseline_division_of_labor,6d587d3d75b06c28,805.7043551264918,64.00000000000023,3.0,0.0,2.0,1.0,0.2,"(5, 2)","[p(2, 2)_cs(1.0)_ws(0.2)]_[p(5, 2)_cs(0.2)_ws(1.0)]"
1276,plate,put down,Counter_33,Counter,33,put down plate on counter,player_10805239,baseline_division_of_labor,6d587d3d75b06c28,850.9591891224314,45.254833995939634,3.0,0.0,2.0,1.0,0.2,"(5, 2)","[p(2, 2)_cs(1.0)_ws(0.2)]_[p(5, 2)_cs(0.2)_ws(1.0)]"
1503,tomato_cut,pick up,CuttingBoard_20,CuttingBoard,20,pick up tomato_cut from cuttingboard,player_10805239,baseline_division_of_labor,6d587d3d75b06c28,905.1275759510646,54.168386828633174,3.0,0.0,2.0,1.0,0.2,"(5, 2)","[p(2, 2)_cs(1.0)_ws(0.2)]_[p(5, 2)_cs(0.2)_ws(1.0)]"
1530,tomato_cut,assemble salad,Counter_33,Counter,33,assemble salad,player_10805239,baseline_division_of_labor,6d587d3d75b06c28,937.127575951065,32.00000000000034,3.0,0.0,2.0,1.0,0.2,"(5, 2)","[p(2, 2)_cs(1.0)_ws(0.2)]_[p(5, 2)_cs(0.2)_ws(1.0)]"
1554,tomato_salad,pick up,Counter_33,Counter,33,pick up tomato_salad from counter,player_10805239,baseline_division_of_labor,6d587d3d75b06c28,937.127575951065,0.0,3.0,0.0,2.0,1.0,0.2,"(5, 2)","[p(2, 2)_cs(1.0)_ws(0.2)]_[p(5, 2)_cs(0.2)_ws(1.0)]"
1605,tomato_salad,deliver,Delivery_64,Delivery,64,deliver tomato_salad,player_10805239,baseline_division_of_labor,6d587d3d75b06c28,1035.4560440233322,98.32846807226724,5.0,1.0,3.0,1.0,0.2,"(5, 2)","[p(2, 2)_cs(1.0)_ws(0.2)]_[p(5, 2)_cs(0.2)_ws(1.0)]"
1644,tomato,pick up,Dispenser_50,Dispenser,50,pick up tomato from dispenser,player_10805239,baseline_division_of_labor,6d587d3d75b06c28,1083.4560440233306,47.99999999999841,5.0,0.0,3.0,1.0,0.2,"(5, 2)","[p(2, 2)_cs(1.0)_ws(0.2)]_[p(5, 2)_cs(0.2)_ws(1.0)]"
1682,tomato,start cutting,CuttingBoard_20,CuttingBoard,20,start cutting tomato,player_10805239,baseline_division_of_labor,6d587d3d75b06c28,1131.456044023329,47.99999999999841,5.0,0.0,3.0,1.0,0.2,"(5, 2)","[p(2, 2)_cs(1.0)_ws(0.2)]_[p(5, 2)_cs(0.2)_ws(1.0)]"
1760,plate,pick up,Dispenser_71,Dispenser,71,pick up plate from dispenser,player_10805239,baseline_division_of_labor,6d587d3d75b06c28,1195.4560440233267,63.999999999997726,5.0,0.0,3.0,1.0,0.2,"(5, 2)","[p(2, 2)_cs(1.0)_ws(0.2)]_[p(5, 2)_cs(0.2)_ws(1.0)]"
1800,plate,put down,Counter_33,Counter,33,put down plate on counter,player_10805239,baseline_division_of_labor,6d587d3d75b06c28,1240.7108780192646,45.254833995937815,5.0,0.0,3.0,1.0,0.2,"(5, 2)","[p(2, 2)_cs(1.0)_ws(0.2)]_[p(5, 2)_cs(0.2)_ws(1.0)]"
1989,tomato_cut,pick up,CuttingBoard_20,CuttingBoard,20,pick up tomato_cut from cuttingboard,player_10805239,baseline_division_of_labor,6d587d3d75b06c28,1294.8792648478968,54.168386828632265,5.0,0.0,3.0,1.0,0.2,"(5, 2)","[p(2, 2)_cs(1.0)_ws(0.2)]_[p(5, 2)_cs(0.2)_ws(1.0)]"
2022,tomato_cut,assemble salad,Counter_33,Counter,33,assemble salad,player_10805239,baseline_division_of_labor,6d587d3d75b06c28,1326.8792648478957,31.999999999998863,5.0,0.0,3.0,1.0,0.2,"(5, 2)","[p(2, 2)_cs(1.0)_ws(0.2)]_[p(5, 2)_cs(0.2)_ws(1.0)]"
2070,tomato_salad,pick up,Counter_33,Counter,33,pick up tomato_salad from counter,player_10805239,baseline_division_of_labor,6d587d3d75b06c28,1419.000934763128,92.12166991523236,5.0,0.0,3.0,1.0,0.2,"(5, 2)","[p(2, 2)_cs(1.0)_ws(0.2)]_[p(5, 2)_cs(0.2)_ws(1.0)]"
2098,tomato_salad,deliver,Delivery_64,Delivery,64,deliver tomato_salad,player_10805239,baseline_division_of_labor,6d587d3d75b06c28,1441.628351761097,22.62741699796902,6.0,1.0,4.0,1.0,0.2,"(5, 2)","[p(2, 2)_cs(1.0)_ws(0.2)]_[p(5, 2)_cs(0.2)_ws(1.0)]"
