{"agents": {"player_9294ccb8": {"initial_state": {"agent_id": "player_9294ccb8", "x": 40, "y": 40, "item": null, "url_params": {"gameType": ["tomatoSaladOnly"], "PROLIFIC_PID": ["undefined"], "map": ["forced_division_of_labor"], "cutting_speed_p1": ["1"], "walking_speed_p1": ["1"], "cutting_speed_p2": ["1"], "walking_speed_p2": ["1"], "slot_x_p1": ["2"], "slot_y_p1": ["2"], "slot_x_p2": ["5"], "slot_y_p2": ["2"], "EIO": ["4"], "transport": ["polling"], "t": ["PZKEYUP"]}, "cut_speed": 1.0, "walk_speed": 30.0, "player_nr": 1}, "player_score": 0.0, "total_actions": 40, "first_action_tick": 310, "last_action_tick": 2058}, "player_5c481f3c": {"initial_state": {"agent_id": "player_5c481f3c", "x": 88, "y": 40, "item": null, "url_params": {"gameType": ["tomatoSaladOnly"], "PROLIFIC_PID": ["5e89ba09ec9b3364b1fc0bd1"], "map": ["forced_division_of_labor"], "cutting_speed_p1": ["1"], "walking_speed_p1": ["1"], "cutting_speed_p2": ["1"], "walking_speed_p2": ["1"], "slot_x_p1": ["2"], "slot_y_p1": ["2"], "slot_x_p2": ["5"], "slot_y_p2": ["2"], "EIO": ["4"], "transport": ["polling"], "t": ["PZKEz9x"]}, "cut_speed": 1.0, "walk_speed": 30.0, "player_nr": 2}, "player_score": 8.0, "total_actions": 59, "first_action_tick": 106, "last_action_tick": 2130}}, "map_name": "forced_division_of_labor", "final_score": 8.0}