tick,item,action,target,target_type,target_position,action_long,player_id,map_name,game_id,distance_walked,distance_walked_since_last_action,overall_score,player_score_change,player_score,walking_speed,cutting_speed,start_pos,condition
310,tomato,pick up,Counter_32,Counter,32,pick up tomato from counter,player_9294ccb8,forced_division_of_labor,b6f61bc755b47337,32.0,0.0,0.0,0.0,0.0,1.0,1.0,"(2, 2)","[p(2, 2)_cs(1.0)_ws(1.0)]_[p(5, 2)_cs(1.0)_ws(1.0)]"
336,tomato,start cutting,CuttingBoard_20,CuttingBoard,20,start cutting tomato,player_9294ccb8,forced_division_of_labor,b6f61bc755b47337,48.0,16.0,0.0,0.0,0.0,1.0,1.0,"(2, 2)","[p(2, 2)_cs(1.0)_ws(1.0)]_[p(5, 2)_cs(1.0)_ws(1.0)]"
404,tomato_cut,pick up,CuttingBoard_20,CuttingBoard,20,pick up tomato_cut from cuttingboard,player_9294ccb8,forced_division_of_labor,b6f61bc755b47337,48.0,0.0,0.0,0.0,0.0,1.0,1.0,"(2, 2)","[p(2, 2)_cs(1.0)_ws(1.0)]_[p(5, 2)_cs(1.0)_ws(1.0)]"
440,tomato_cut,put down,Counter_33,Counter,33,put down tomato_cut on counter,player_9294ccb8,forced_division_of_labor,b6f61bc755b47337,80.0,32.0,0.0,0.0,0.0,1.0,1.0,"(2, 2)","[p(2, 2)_cs(1.0)_ws(1.0)]_[p(5, 2)_cs(1.0)_ws(1.0)]"
477,tomato,pick up,Counter_32,Counter,32,pick up tomato from counter,player_9294ccb8,forced_division_of_labor,b6f61bc755b47337,96.0,16.0,0.0,0.0,0.0,1.0,1.0,"(2, 2)","[p(2, 2)_cs(1.0)_ws(1.0)]_[p(5, 2)_cs(1.0)_ws(1.0)]"
504,tomato,start cutting,CuttingBoard_20,CuttingBoard,20,start cutting tomato,player_9294ccb8,forced_division_of_labor,b6f61bc755b47337,112.0,16.0,0.0,0.0,0.0,1.0,1.0,"(2, 2)","[p(2, 2)_cs(1.0)_ws(1.0)]_[p(5, 2)_cs(1.0)_ws(1.0)]"
557,tomato_cut,pick up,CuttingBoard_20,CuttingBoard,20,pick up tomato_cut from cuttingboard,player_9294ccb8,forced_division_of_labor,b6f61bc755b47337,112.0,0.0,0.0,0.0,0.0,1.0,1.0,"(2, 2)","[p(2, 2)_cs(1.0)_ws(1.0)]_[p(5, 2)_cs(1.0)_ws(1.0)]"
577,tomato_cut,put down,Counter_32,Counter,32,put down tomato_cut on counter,player_9294ccb8,forced_division_of_labor,b6f61bc755b47337,128.0,16.0,0.0,0.0,0.0,1.0,1.0,"(2, 2)","[p(2, 2)_cs(1.0)_ws(1.0)]_[p(5, 2)_cs(1.0)_ws(1.0)]"
766,tomato_cut,pick up,Counter_32,Counter,32,pick up tomato_cut from counter,player_9294ccb8,forced_division_of_labor,b6f61bc755b47337,224.0,96.0,1.0,0.0,0.0,1.0,1.0,"(2, 2)","[p(2, 2)_cs(1.0)_ws(1.0)]_[p(5, 2)_cs(1.0)_ws(1.0)]"
808,tomato_cut,assemble salad,Counter_35,Counter,35,assemble salad,player_9294ccb8,forced_division_of_labor,b6f61bc755b47337,272.0,48.0,1.0,0.0,0.0,1.0,1.0,"(2, 2)","[p(2, 2)_cs(1.0)_ws(1.0)]_[p(5, 2)_cs(1.0)_ws(1.0)]"
896,tomato,pick up,Counter_32,Counter,32,pick up tomato from counter,player_9294ccb8,forced_division_of_labor,b6f61bc755b47337,320.0000000000002,48.00000000000023,1.0,0.0,0.0,1.0,1.0,"(2, 2)","[p(2, 2)_cs(1.0)_ws(1.0)]_[p(5, 2)_cs(1.0)_ws(1.0)]"
916,tomato,start cutting,CuttingBoard_20,CuttingBoard,20,start cutting tomato,player_9294ccb8,forced_division_of_labor,b6f61bc755b47337,336.0000000000004,16.00000000000017,1.0,0.0,0.0,1.0,1.0,"(2, 2)","[p(2, 2)_cs(1.0)_ws(1.0)]_[p(5, 2)_cs(1.0)_ws(1.0)]"
961,tomato_cut,pick up,CuttingBoard_20,CuttingBoard,20,pick up tomato_cut from cuttingboard,player_9294ccb8,forced_division_of_labor,b6f61bc755b47337,336.0000000000004,0.0,2.0,0.0,0.0,1.0,1.0,"(2, 2)","[p(2, 2)_cs(1.0)_ws(1.0)]_[p(5, 2)_cs(1.0)_ws(1.0)]"
1003,tomato_cut,assemble salad,Counter_34,Counter,34,assemble salad,player_9294ccb8,forced_division_of_labor,b6f61bc755b47337,384.0000000000008,48.0000000000004,2.0,0.0,0.0,1.0,1.0,"(2, 2)","[p(2, 2)_cs(1.0)_ws(1.0)]_[p(5, 2)_cs(1.0)_ws(1.0)]"
1027,tomato,pick up,Counter_33,Counter,33,pick up tomato from counter,player_9294ccb8,forced_division_of_labor,b6f61bc755b47337,400.00000000000085,16.000000000000057,2.0,0.0,0.0,1.0,1.0,"(2, 2)","[p(2, 2)_cs(1.0)_ws(1.0)]_[p(5, 2)_cs(1.0)_ws(1.0)]"
1054,tomato,start cutting,CuttingBoard_20,CuttingBoard,20,start cutting tomato,player_9294ccb8,forced_division_of_labor,b6f61bc755b47337,432.00000000000114,32.000000000000284,2.0,0.0,0.0,1.0,1.0,"(2, 2)","[p(2, 2)_cs(1.0)_ws(1.0)]_[p(5, 2)_cs(1.0)_ws(1.0)]"
1103,tomato_cut,pick up,CuttingBoard_20,CuttingBoard,20,pick up tomato_cut from cuttingboard,player_9294ccb8,forced_division_of_labor,b6f61bc755b47337,432.00000000000114,0.0,3.0,0.0,0.0,1.0,1.0,"(2, 2)","[p(2, 2)_cs(1.0)_ws(1.0)]_[p(5, 2)_cs(1.0)_ws(1.0)]"
1147,tomato_cut,assemble salad,Counter_35,Counter,35,assemble salad,player_9294ccb8,forced_division_of_labor,b6f61bc755b47337,496.0000000000016,64.00000000000045,3.0,0.0,0.0,1.0,1.0,"(2, 2)","[p(2, 2)_cs(1.0)_ws(1.0)]_[p(5, 2)_cs(1.0)_ws(1.0)]"
1179,tomato,pick up,Counter_33,Counter,33,pick up tomato from counter,player_9294ccb8,forced_division_of_labor,b6f61bc755b47337,528.0000000000016,32.0,3.0,0.0,0.0,1.0,1.0,"(2, 2)","[p(2, 2)_cs(1.0)_ws(1.0)]_[p(5, 2)_cs(1.0)_ws(1.0)]"
1206,tomato,start cutting,CuttingBoard_20,CuttingBoard,20,start cutting tomato,player_9294ccb8,forced_division_of_labor,b6f61bc755b47337,560.0000000000019,32.00000000000034,3.0,0.0,0.0,1.0,1.0,"(2, 2)","[p(2, 2)_cs(1.0)_ws(1.0)]_[p(5, 2)_cs(1.0)_ws(1.0)]"
1262,tomato_cut,pick up,CuttingBoard_20,CuttingBoard,20,pick up tomato_cut from cuttingboard,player_9294ccb8,forced_division_of_labor,b6f61bc755b47337,560.0000000000019,0.0,3.0,0.0,0.0,1.0,1.0,"(2, 2)","[p(2, 2)_cs(1.0)_ws(1.0)]_[p(5, 2)_cs(1.0)_ws(1.0)]"
1303,tomato_cut,assemble salad,Counter_34,Counter,34,assemble salad,player_9294ccb8,forced_division_of_labor,b6f61bc755b47337,608.0000000000024,48.000000000000455,4.0,0.0,0.0,1.0,1.0,"(2, 2)","[p(2, 2)_cs(1.0)_ws(1.0)]_[p(5, 2)_cs(1.0)_ws(1.0)]"
1332,tomato,pick up,Counter_32,Counter,32,pick up tomato from counter,player_9294ccb8,forced_division_of_labor,b6f61bc755b47337,640.0000000000026,32.00000000000023,4.0,0.0,0.0,1.0,1.0,"(2, 2)","[p(2, 2)_cs(1.0)_ws(1.0)]_[p(5, 2)_cs(1.0)_ws(1.0)]"
1354,tomato,start cutting,CuttingBoard_20,CuttingBoard,20,start cutting tomato,player_9294ccb8,forced_division_of_labor,b6f61bc755b47337,656.0000000000027,16.000000000000114,4.0,0.0,0.0,1.0,1.0,"(2, 2)","[p(2, 2)_cs(1.0)_ws(1.0)]_[p(5, 2)_cs(1.0)_ws(1.0)]"
1422,tomato_cut,pick up,CuttingBoard_20,CuttingBoard,20,pick up tomato_cut from cuttingboard,player_9294ccb8,forced_division_of_labor,b6f61bc755b47337,656.0000000000027,0.0,4.0,0.0,0.0,1.0,1.0,"(2, 2)","[p(2, 2)_cs(1.0)_ws(1.0)]_[p(5, 2)_cs(1.0)_ws(1.0)]"
1509,tomato_cut,assemble salad,Counter_35,Counter,35,assemble salad,player_9294ccb8,forced_division_of_labor,b6f61bc755b47337,720.0000000000032,64.00000000000045,4.0,0.0,0.0,1.0,1.0,"(2, 2)","[p(2, 2)_cs(1.0)_ws(1.0)]_[p(5, 2)_cs(1.0)_ws(1.0)]"
1542,tomato,pick up,Counter_33,Counter,33,pick up tomato from counter,player_9294ccb8,forced_division_of_labor,b6f61bc755b47337,752.0000000000032,32.0,5.0,0.0,0.0,1.0,1.0,"(2, 2)","[p(2, 2)_cs(1.0)_ws(1.0)]_[p(5, 2)_cs(1.0)_ws(1.0)]"
1570,tomato,start cutting,CuttingBoard_20,CuttingBoard,20,start cutting tomato,player_9294ccb8,forced_division_of_labor,b6f61bc755b47337,784.0000000000035,32.00000000000034,6.0,0.0,0.0,1.0,1.0,"(2, 2)","[p(2, 2)_cs(1.0)_ws(1.0)]_[p(5, 2)_cs(1.0)_ws(1.0)]"
1630,tomato,pick up,Counter_32,Counter,32,pick up tomato from counter,player_9294ccb8,forced_division_of_labor,b6f61bc755b47337,800.0000000000036,16.000000000000114,6.0,0.0,0.0,1.0,1.0,"(2, 2)","[p(2, 2)_cs(1.0)_ws(1.0)]_[p(5, 2)_cs(1.0)_ws(1.0)]"
1647,tomato,start cutting,CuttingBoard_10,CuttingBoard,10,start cutting tomato,player_9294ccb8,forced_division_of_labor,b6f61bc755b47337,822.6274169979733,22.627416997969704,6.0,0.0,0.0,1.0,1.0,"(2, 2)","[p(2, 2)_cs(1.0)_ws(1.0)]_[p(5, 2)_cs(1.0)_ws(1.0)]"
1686,tomato_cut,pick up,CuttingBoard_20,CuttingBoard,20,pick up tomato_cut from cuttingboard,player_9294ccb8,forced_division_of_labor,b6f61bc755b47337,838.6274169979736,16.000000000000227,6.0,0.0,0.0,1.0,1.0,"(2, 2)","[p(2, 2)_cs(1.0)_ws(1.0)]_[p(5, 2)_cs(1.0)_ws(1.0)]"
1718,tomato_cut,assemble salad,Counter_34,Counter,34,assemble salad,player_9294ccb8,forced_division_of_labor,b6f61bc755b47337,886.627416997974,48.000000000000455,6.0,0.0,0.0,1.0,1.0,"(2, 2)","[p(2, 2)_cs(1.0)_ws(1.0)]_[p(5, 2)_cs(1.0)_ws(1.0)]"
1778,tomato_cut,pick up,CuttingBoard_10,CuttingBoard,10,pick up tomato_cut from cuttingboard,player_9294ccb8,forced_division_of_labor,b6f61bc755b47337,941.0467886412231,54.419371643249065,6.0,0.0,0.0,1.0,1.0,"(2, 2)","[p(2, 2)_cs(1.0)_ws(1.0)]_[p(5, 2)_cs(1.0)_ws(1.0)]"
1836,tomato_cut,assemble salad,Counter_35,Counter,35,assemble salad,player_9294ccb8,forced_division_of_labor,b6f61bc755b47337,1011.5401732164834,70.49338457526028,6.0,0.0,0.0,1.0,1.0,"(2, 2)","[p(2, 2)_cs(1.0)_ws(1.0)]_[p(5, 2)_cs(1.0)_ws(1.0)]"
1869,tomato,pick up,Counter_32,Counter,32,pick up tomato from counter,player_9294ccb8,forced_division_of_labor,b6f61bc755b47337,1059.5401732164823,47.99999999999898,6.0,0.0,0.0,1.0,1.0,"(2, 2)","[p(2, 2)_cs(1.0)_ws(1.0)]_[p(5, 2)_cs(1.0)_ws(1.0)]"
1889,tomato,start cutting,CuttingBoard_20,CuttingBoard,20,start cutting tomato,player_9294ccb8,forced_division_of_labor,b6f61bc755b47337,1075.540173216482,15.999999999999545,7.0,0.0,0.0,1.0,1.0,"(2, 2)","[p(2, 2)_cs(1.0)_ws(1.0)]_[p(5, 2)_cs(1.0)_ws(1.0)]"
1969,tomato,pick up,Counter_33,Counter,33,pick up tomato from counter,player_9294ccb8,forced_division_of_labor,b6f61bc755b47337,1107.540173216481,31.99999999999909,8.0,0.0,0.0,1.0,1.0,"(2, 2)","[p(2, 2)_cs(1.0)_ws(1.0)]_[p(5, 2)_cs(1.0)_ws(1.0)]"
2002,tomato,start cutting,CuttingBoard_10,CuttingBoard,10,start cutting tomato,player_9294ccb8,forced_division_of_labor,b6f61bc755b47337,1145.9514330565069,38.41125984002588,8.0,0.0,0.0,1.0,1.0,"(2, 2)","[p(2, 2)_cs(1.0)_ws(1.0)]_[p(5, 2)_cs(1.0)_ws(1.0)]"
2021,tomato_cut,pick up,CuttingBoard_20,CuttingBoard,20,pick up tomato_cut from cuttingboard,player_9294ccb8,forced_division_of_labor,b6f61bc755b47337,1161.9514330565064,15.999999999999545,8.0,0.0,0.0,1.0,1.0,"(2, 2)","[p(2, 2)_cs(1.0)_ws(1.0)]_[p(5, 2)_cs(1.0)_ws(1.0)]"
2058,tomato_cut,assemble salad,Counter_34,Counter,34,assemble salad,player_9294ccb8,forced_division_of_labor,b6f61bc755b47337,1209.9514330565048,47.99999999999841,8.0,0.0,0.0,1.0,1.0,"(2, 2)","[p(2, 2)_cs(1.0)_ws(1.0)]_[p(5, 2)_cs(1.0)_ws(1.0)]"
