{"agents": {"player_6244ff19": {"initial_state": {"agent_id": "player_6244ff19", "x": 40, "y": 40, "item": null, "url_params": {"gameType": ["tomatoSaladOnly"], "PROLIFIC_PID": ["641835135b4544c7e1f072fc"], "map": ["encouraged_division_of_labor"], "cutting_speed_p1": ["1"], "walking_speed_p1": ["1"], "cutting_speed_p2": ["1"], "walking_speed_p2": ["1"], "slot_x_p1": ["2"], "slot_y_p1": ["2"], "slot_x_p2": ["5"], "slot_y_p2": ["2"], "EIO": ["4"], "transport": ["polling"], "t": ["PZJrnil"]}, "cut_speed": 1.0, "walk_speed": 30.0, "player_nr": 1}, "player_score": 3.0, "total_actions": 41, "first_action_tick": 159, "last_action_tick": 2128}, "player_827cef1f": {"initial_state": {"agent_id": "player_827cef1f", "x": 88, "y": 40, "item": null, "url_params": {"gameType": ["tomatoSaladOnly"], "PROLIFIC_PID": ["5e9b443223881d04be740737"], "map": ["encouraged_division_of_labor"], "cutting_speed_p1": ["1"], "walking_speed_p1": ["1"], "cutting_speed_p2": ["1"], "walking_speed_p2": ["1"], "slot_x_p1": ["2"], "slot_y_p1": ["2"], "slot_x_p2": ["5"], "slot_y_p2": ["2"], "EIO": ["4"], "transport": ["polling"], "t": ["PZJrvFR"]}, "cut_speed": 1.0, "walk_speed": 30.0, "player_nr": 2}, "player_score": 4.0, "total_actions": 56, "first_action_tick": 60, "last_action_tick": 2122}}, "map_name": "encouraged_division_of_labor", "final_score": 7.0}