{"agents": {"player_8d03bb04": {"initial_state": {"agent_id": "player_8d03bb04", "x": 40, "y": 40, "item": null, "url_params": {"gameType": ["tomatoSaladOnly"], "PROLIFIC_PID": ["60e7858c8bb1e77a5eee77de"], "map": ["baseline_division_of_labor"], "cutting_speed_p1": ["1"], "walking_speed_p1": ["0.5"], "cutting_speed_p2": ["0.5"], "walking_speed_p2": ["1"], "slot_x_p1": ["2"], "slot_y_p1": ["2"], "slot_x_p2": ["5"], "slot_y_p2": ["2"], "EIO": ["4"], "transport": ["polling"], "t": ["PZyxwxd"]}, "cut_speed": 1.0, "walk_speed": 15.0, "player_nr": 1}, "player_score": 5.0, "total_actions": 35, "first_action_tick": 140, "last_action_tick": 2133}, "player_34b33dd2": {"initial_state": {"agent_id": "player_34b33dd2", "x": 88, "y": 40, "item": null, "url_params": {"gameType": ["tomatoSaladOnly"], "PROLIFIC_PID": ["5ad8dbe2e34a050001b83eac"], "map": ["baseline_division_of_labor"], "cutting_speed_p1": ["1"], "walking_speed_p1": ["0.5"], "cutting_speed_p2": ["0.5"], "walking_speed_p2": ["1"], "slot_x_p1": ["2"], "slot_y_p1": ["2"], "slot_x_p2": ["5"], "slot_y_p2": ["2"], "EIO": ["4"], "transport": ["polling"], "t": ["PZyx-IO"]}, "cut_speed": 0.5, "walk_speed": 30.0, "player_nr": 2}, "player_score": 0.0, "total_actions": 22, "first_action_tick": 85, "last_action_tick": 2084}}, "map_name": "baseline_division_of_labor", "final_score": 5.0}