tick,item,action,target,target_type,target_position,action_long,player_id,map_name,game_id,distance_walked,distance_walked_since_last_action,overall_score,player_score_change,player_score,walking_speed,cutting_speed,start_pos,condition
140,tomato,pick up,Dispenser_50,Dispenser,50,pick up tomato from dispenser,player_8d03bb04,baseline_division_of_labor,568b6201b5d74b78,53.23825703963225,0.0,0.0,0.0,0.0,0.5,1.0,"(2, 2)","[p(2, 2)_cs(1.0)_ws(0.5)]_[p(5, 2)_cs(0.5)_ws(1.0)]"
206,tomato,start cutting,CuttingBoard_10,CuttingBoard,10,start cutting tomato,player_8d03bb04,baseline_division_of_labor,568b6201b5d74b78,117.23825703963226,64.0,0.0,0.0,0.0,0.5,1.0,"(2, 2)","[p(2, 2)_cs(1.0)_ws(0.5)]_[p(5, 2)_cs(0.5)_ws(1.0)]"
306,plate,pick up,Dispenser_60,Dispenser,60,pick up plate from dispenser,player_8d03bb04,baseline_division_of_labor,568b6201b5d74b78,197.23825703963226,80.0,0.0,0.0,0.0,0.5,1.0,"(2, 2)","[p(2, 2)_cs(1.0)_ws(0.5)]_[p(5, 2)_cs(0.5)_ws(1.0)]"
403,plate,put down,Counter_33,Counter,33,put down plate on counter,player_8d03bb04,baseline_division_of_labor,568b6201b5d74b78,242.493091035571,45.25483399593875,0.0,0.0,0.0,0.5,1.0,"(2, 2)","[p(2, 2)_cs(1.0)_ws(0.5)]_[p(5, 2)_cs(0.5)_ws(1.0)]"
529,tomato_cut,pick up,CuttingBoard_10,CuttingBoard,10,pick up tomato_cut from cuttingboard,player_8d03bb04,baseline_division_of_labor,568b6201b5d74b78,356.32406880278046,113.83097776720945,0.0,0.0,0.0,0.5,1.0,"(2, 2)","[p(2, 2)_cs(1.0)_ws(0.5)]_[p(5, 2)_cs(0.5)_ws(1.0)]"
582,tomato_cut,assemble salad,Counter_33,Counter,33,assemble salad,player_8d03bb04,baseline_division_of_labor,568b6201b5d74b78,394.3446786014652,38.020609798684745,0.0,0.0,0.0,0.5,1.0,"(2, 2)","[p(2, 2)_cs(1.0)_ws(0.5)]_[p(5, 2)_cs(0.5)_ws(1.0)]"
605,tomato_salad,pick up,Counter_33,Counter,33,pick up tomato_salad from counter,player_8d03bb04,baseline_division_of_labor,568b6201b5d74b78,394.3446786014652,0.0,0.0,0.0,0.0,0.5,1.0,"(2, 2)","[p(2, 2)_cs(1.0)_ws(0.5)]_[p(5, 2)_cs(0.5)_ws(1.0)]"
617,tomato_salad,put down,Counter_33,Counter,33,put down tomato_salad on counter,player_8d03bb04,baseline_division_of_labor,568b6201b5d74b78,394.3446786014652,0.0,0.0,0.0,0.0,0.5,1.0,"(2, 2)","[p(2, 2)_cs(1.0)_ws(0.5)]_[p(5, 2)_cs(0.5)_ws(1.0)]"
635,tomato_salad,pick up,Counter_33,Counter,33,pick up tomato_salad from counter,player_8d03bb04,baseline_division_of_labor,568b6201b5d74b78,409.3446786014686,15.00000000000341,0.0,0.0,0.0,0.5,1.0,"(2, 2)","[p(2, 2)_cs(1.0)_ws(0.5)]_[p(5, 2)_cs(0.5)_ws(1.0)]"
650,tomato_salad,put down,Counter_33,Counter,33,put down tomato_salad on counter,player_8d03bb04,baseline_division_of_labor,568b6201b5d74b78,409.3446786014686,0.0,0.0,0.0,0.0,0.5,1.0,"(2, 2)","[p(2, 2)_cs(1.0)_ws(0.5)]_[p(5, 2)_cs(0.5)_ws(1.0)]"
665,tomato_salad,pick up,Counter_33,Counter,33,pick up tomato_salad from counter,player_8d03bb04,baseline_division_of_labor,568b6201b5d74b78,409.3446786014686,0.0,0.0,0.0,0.0,0.5,1.0,"(2, 2)","[p(2, 2)_cs(1.0)_ws(0.5)]_[p(5, 2)_cs(0.5)_ws(1.0)]"
752,tomato_salad,deliver,Delivery_63,Delivery,63,deliver tomato_salad,player_8d03bb04,baseline_division_of_labor,568b6201b5d74b78,492.48345368035456,83.13877507888594,1.0,1.0,1.0,0.5,1.0,"(2, 2)","[p(2, 2)_cs(1.0)_ws(0.5)]_[p(5, 2)_cs(0.5)_ws(1.0)]"
795,tomato,pick up,Dispenser_50,Dispenser,50,pick up tomato from dispenser,player_8d03bb04,baseline_division_of_labor,568b6201b5d74b78,524.4834536803543,31.999999999999716,1.0,0.0,1.0,0.5,1.0,"(2, 2)","[p(2, 2)_cs(1.0)_ws(0.5)]_[p(5, 2)_cs(0.5)_ws(1.0)]"
866,tomato,start cutting,CuttingBoard_10,CuttingBoard,10,start cutting tomato,player_8d03bb04,baseline_division_of_labor,568b6201b5d74b78,588.4834536803517,63.999999999997385,1.0,0.0,1.0,0.5,1.0,"(2, 2)","[p(2, 2)_cs(1.0)_ws(0.5)]_[p(5, 2)_cs(0.5)_ws(1.0)]"
977,plate,pick up,Dispenser_60,Dispenser,60,pick up plate from dispenser,player_8d03bb04,baseline_division_of_labor,568b6201b5d74b78,668.4834536803482,79.99999999999659,1.0,0.0,1.0,0.5,1.0,"(2, 2)","[p(2, 2)_cs(1.0)_ws(0.5)]_[p(5, 2)_cs(0.5)_ws(1.0)]"
1030,plate,put down,Counter_33,Counter,33,put down plate on counter,player_8d03bb04,baseline_division_of_labor,568b6201b5d74b78,713.7382876762861,45.254833995937815,1.0,0.0,1.0,0.5,1.0,"(2, 2)","[p(2, 2)_cs(1.0)_ws(0.5)]_[p(5, 2)_cs(0.5)_ws(1.0)]"
1084,plate,pick up,Dispenser_60,Dispenser,60,pick up plate from dispenser,player_8d03bb04,baseline_division_of_labor,568b6201b5d74b78,758.9931216722239,45.254833995937815,1.0,0.0,1.0,0.5,1.0,"(2, 2)","[p(2, 2)_cs(1.0)_ws(0.5)]_[p(5, 2)_cs(0.5)_ws(1.0)]"
1141,plate,put down,Counter_33,Counter,33,put down plate on counter,player_8d03bb04,baseline_division_of_labor,568b6201b5d74b78,804.2479556681617,45.254833995937815,1.0,0.0,1.0,0.5,1.0,"(2, 2)","[p(2, 2)_cs(1.0)_ws(0.5)]_[p(5, 2)_cs(0.5)_ws(1.0)]"
1192,plate,pick up,Dispenser_60,Dispenser,60,pick up plate from dispenser,player_8d03bb04,baseline_division_of_labor,568b6201b5d74b78,849.5027896640995,45.254833995937815,1.0,0.0,1.0,0.5,1.0,"(2, 2)","[p(2, 2)_cs(1.0)_ws(0.5)]_[p(5, 2)_cs(0.5)_ws(1.0)]"
1259,plate,assemble salad,Counter_34,Counter,34,assemble salad,player_8d03bb04,baseline_division_of_labor,568b6201b5d74b78,910.5050512518771,61.00226158777764,1.0,0.0,1.0,0.5,1.0,"(2, 2)","[p(2, 2)_cs(1.0)_ws(0.5)]_[p(5, 2)_cs(0.5)_ws(1.0)]"
1331,plate,pick up,Dispenser_60,Dispenser,60,pick up plate from dispenser,player_8d03bb04,baseline_division_of_labor,568b6201b5d74b78,971.507312839655,61.002261587777866,1.0,0.0,1.0,0.5,1.0,"(2, 2)","[p(2, 2)_cs(1.0)_ws(0.5)]_[p(5, 2)_cs(0.5)_ws(1.0)]"
1496,plate,put down,CuttingBoard_10,CuttingBoard,10,put down plate on cuttingboard,player_8d03bb04,baseline_division_of_labor,568b6201b5d74b78,1150.8480972194345,179.3407843797795,1.0,0.0,1.0,0.5,1.0,"(2, 2)","[p(2, 2)_cs(1.0)_ws(0.5)]_[p(5, 2)_cs(0.5)_ws(1.0)]"
1496,tomato_cut,pick up,CuttingBoard_10,CuttingBoard,10,pick up tomato_cut from cuttingboard,player_8d03bb04,baseline_division_of_labor,568b6201b5d74b78,1150.8480972194345,0.0,1.0,0.0,1.0,0.5,1.0,"(2, 2)","[p(2, 2)_cs(1.0)_ws(0.5)]_[p(5, 2)_cs(0.5)_ws(1.0)]"
1544,tomato_cut,assemble salad,Counter_33,Counter,33,assemble salad,player_8d03bb04,baseline_division_of_labor,568b6201b5d74b78,1189.331320305207,38.48322308577258,1.0,0.0,1.0,0.5,1.0,"(2, 2)","[p(2, 2)_cs(1.0)_ws(0.5)]_[p(5, 2)_cs(0.5)_ws(1.0)]"
1661,tomato_cut,pick up,CuttingBoard_20,CuttingBoard,20,pick up tomato_cut from cuttingboard,player_8d03bb04,baseline_division_of_labor,568b6201b5d74b78,1221.3313203052064,31.999999999999318,1.0,0.0,1.0,0.5,1.0,"(2, 2)","[p(2, 2)_cs(1.0)_ws(0.5)]_[p(5, 2)_cs(0.5)_ws(1.0)]"
1733,tomato_cut,assemble salad,Counter_35,Counter,35,assemble salad,player_8d03bb04,baseline_division_of_labor,568b6201b5d74b78,1285.3313203052044,63.999999999997954,1.0,0.0,1.0,0.5,1.0,"(2, 2)","[p(2, 2)_cs(1.0)_ws(0.5)]_[p(5, 2)_cs(0.5)_ws(1.0)]"
1751,tomato_salad,pick up,Counter_35,Counter,35,pick up tomato_salad from counter,player_8d03bb04,baseline_division_of_labor,568b6201b5d74b78,1285.3313203052044,0.0,1.0,0.0,1.0,0.5,1.0,"(2, 2)","[p(2, 2)_cs(1.0)_ws(0.5)]_[p(5, 2)_cs(0.5)_ws(1.0)]"
1822,tomato_salad,deliver,Delivery_64,Delivery,64,deliver tomato_salad,player_8d03bb04,baseline_division_of_labor,568b6201b5d74b78,1352.7998180994182,67.46849779421382,2.0,1.0,2.0,0.5,1.0,"(2, 2)","[p(2, 2)_cs(1.0)_ws(0.5)]_[p(5, 2)_cs(0.5)_ws(1.0)]"
1853,tomato_salad,pick up,Counter_34,Counter,34,pick up tomato_salad from counter,player_8d03bb04,baseline_division_of_labor,568b6201b5d74b78,1368.7998180994175,15.999999999999318,2.0,0.0,2.0,0.5,1.0,"(2, 2)","[p(2, 2)_cs(1.0)_ws(0.5)]_[p(5, 2)_cs(0.5)_ws(1.0)]"
1883,tomato_salad,deliver,Delivery_64,Delivery,64,deliver tomato_salad,player_8d03bb04,baseline_division_of_labor,568b6201b5d74b78,1384.7998180994168,15.999999999999318,3.0,1.0,3.0,0.5,1.0,"(2, 2)","[p(2, 2)_cs(1.0)_ws(0.5)]_[p(5, 2)_cs(0.5)_ws(1.0)]"
1921,tomato_salad,pick up,Counter_33,Counter,33,pick up tomato_salad from counter,player_8d03bb04,baseline_division_of_labor,568b6201b5d74b78,1407.4272350973856,22.627416997968794,3.0,0.0,3.0,0.5,1.0,"(2, 2)","[p(2, 2)_cs(1.0)_ws(0.5)]_[p(5, 2)_cs(0.5)_ws(1.0)]"
1954,tomato_salad,deliver,Delivery_64,Delivery,64,deliver tomato_salad,player_8d03bb04,baseline_division_of_labor,568b6201b5d74b78,1430.0546520953544,22.627416997968794,4.0,1.0,4.0,0.5,1.0,"(2, 2)","[p(2, 2)_cs(1.0)_ws(0.5)]_[p(5, 2)_cs(0.5)_ws(1.0)]"
2003,tomato_salad,pick up,Counter_32,Counter,32,pick up tomato_salad from counter,player_8d03bb04,baseline_division_of_labor,568b6201b5d74b78,1468.5378751811254,38.48322308577099,4.0,0.0,4.0,0.5,1.0,"(2, 2)","[p(2, 2)_cs(1.0)_ws(0.5)]_[p(5, 2)_cs(0.5)_ws(1.0)]"
2038,tomato_salad,deliver,Delivery_63,Delivery,63,deliver tomato_salad,player_8d03bb04,baseline_division_of_labor,568b6201b5d74b78,1491.1652921790942,22.627416997968794,5.0,1.0,5.0,0.5,1.0,"(2, 2)","[p(2, 2)_cs(1.0)_ws(0.5)]_[p(5, 2)_cs(0.5)_ws(1.0)]"
2133,tomato_cut,pick up,CuttingBoard_10,CuttingBoard,10,pick up tomato_cut from cuttingboard,player_8d03bb04,baseline_division_of_labor,568b6201b5d74b78,1568.332357890747,77.16706571165287,5.0,0.0,5.0,0.5,1.0,"(2, 2)","[p(2, 2)_cs(1.0)_ws(0.5)]_[p(5, 2)_cs(0.5)_ws(1.0)]"
