tick,item,action,target,target_type,target_position,action_long,player_id,map_name,game_id,distance_walked,distance_walked_since_last_action,overall_score,player_score_change,player_score,walking_speed,cutting_speed,start_pos,condition,source,last_touched,touched_list,tomato_history,plate_history,is_exchange_collaboration
56,tomato,pick up,Dispenser_40,Dispenser,40,pick up tomato from dispenser,player_85c38b84,baseline_division_of_labor,6db6155f8e75e009,22.62741699796952,0.0,0.0,0.0,0.0,1.0,1.0,"(5, 2)","[p(2, 2)_cs(1.0)_ws(1.0)]_[p(5, 2)_cs(1.0)_ws(1.0)]",player_85c38b84_actions,,[],,,
80,tomato,pick up,Dispenser_40,Dispenser,40,pick up tomato from dispenser,player_0352f9a9,baseline_division_of_labor,6db6155f8e75e009,38.50692672489653,0.0,0.0,0.0,0.0,1.0,1.0,"(2, 2)","[p(2, 2)_cs(1.0)_ws(1.0)]_[p(5, 2)_cs(1.0)_ws(1.0)]",player_0352f9a9_actions,,[],,,
90,tomato,start cutting,CuttingBoard_20,CuttingBoard,20,start cutting tomato,player_85c38b84,baseline_division_of_labor,6db6155f8e75e009,54.62741699796952,32.0,0.0,0.0,0.0,1.0,1.0,"(5, 2)","[p(2, 2)_cs(1.0)_ws(1.0)]_[p(5, 2)_cs(1.0)_ws(1.0)]",player_85c38b84_actions,player_85c38b84,['player_85c38b84'],,,
136,plate,pick up,Dispenser_60,Dispenser,60,pick up plate from dispenser,player_85c38b84,baseline_division_of_labor,6db6155f8e75e009,118.62741699796952,64.0,0.0,0.0,0.0,1.0,1.0,"(5, 2)","[p(2, 2)_cs(1.0)_ws(1.0)]_[p(5, 2)_cs(1.0)_ws(1.0)]",player_85c38b84_actions,,[],,,
139,tomato,put down,Counter_32,Counter,32,put down tomato on counter,player_0352f9a9,baseline_division_of_labor,6db6155f8e75e009,132.14458593390552,93.637659209009,0.0,0.0,0.0,1.0,1.0,"(2, 2)","[p(2, 2)_cs(1.0)_ws(1.0)]_[p(5, 2)_cs(1.0)_ws(1.0)]",player_0352f9a9_actions,player_0352f9a9,['player_0352f9a9'],,,
165,plate,put down,Counter_32,Counter,32,put down plate on counter,player_85c38b84,baseline_division_of_labor,6db6155f8e75e009,157.0344796647345,38.407062666764986,0.0,0.0,0.0,1.0,1.0,"(5, 2)","[p(2, 2)_cs(1.0)_ws(1.0)]_[p(5, 2)_cs(1.0)_ws(1.0)]",player_85c38b84_actions,player_85c38b84,['player_85c38b84'],,,
165,tomato,pick up,Counter_32,Counter,32,pick up tomato from counter,player_85c38b84,baseline_division_of_labor,6db6155f8e75e009,157.0344796647345,0.0,0.0,0.0,0.0,1.0,1.0,"(5, 2)","[p(2, 2)_cs(1.0)_ws(1.0)]_[p(5, 2)_cs(1.0)_ws(1.0)]",player_85c38b84_actions,player_85c38b84,['player_85c38b84'],,,False
223,plate,pick up,Counter_32,Counter,32,pick up plate from counter,player_0352f9a9,baseline_division_of_labor,6db6155f8e75e009,186.6515126588021,54.506926724896545,0.0,0.0,0.0,1.0,1.0,"(2, 2)","[p(2, 2)_cs(1.0)_ws(1.0)]_[p(5, 2)_cs(1.0)_ws(1.0)]",player_0352f9a9_actions,player_85c38b84,['player_85c38b84'],,,True
230,plate,put down,Counter_32,Counter,32,put down plate on counter,player_0352f9a9,baseline_division_of_labor,6db6155f8e75e009,186.6515126588021,0.0,0.0,0.0,0.0,1.0,1.0,"(2, 2)","[p(2, 2)_cs(1.0)_ws(1.0)]_[p(5, 2)_cs(1.0)_ws(1.0)]",player_0352f9a9_actions,player_0352f9a9,"['player_85c38b84', 'player_0352f9a9']",,,
282,tomato,start cutting,CuttingBoard_10,CuttingBoard,10,start cutting tomato,player_85c38b84,baseline_division_of_labor,6db6155f8e75e009,211.54140638963105,54.506926724896545,0.0,0.0,0.0,1.0,1.0,"(5, 2)","[p(2, 2)_cs(1.0)_ws(1.0)]_[p(5, 2)_cs(1.0)_ws(1.0)]",player_85c38b84_actions,player_85c38b84,"['player_85c38b84', 'player_0352f9a9', 'player_85c38b84']",,,
332,tomato_cut,pick up,CuttingBoard_10,CuttingBoard,10,pick up tomato_cut from cuttingboard,player_85c38b84,baseline_division_of_labor,6db6155f8e75e009,211.54140638963105,0.0,0.0,0.0,0.0,1.0,1.0,"(5, 2)","[p(2, 2)_cs(1.0)_ws(1.0)]_[p(5, 2)_cs(1.0)_ws(1.0)]",player_85c38b84_actions,player_85c38b84,"['player_85c38b84', 'player_0352f9a9', 'player_85c38b84']",,,False
336,tomato_cut,pick up,CuttingBoard_20,CuttingBoard,20,pick up tomato_cut from cuttingboard,player_0352f9a9,baseline_division_of_labor,6db6155f8e75e009,202.6515126588021,16.0,0.0,0.0,0.0,1.0,1.0,"(2, 2)","[p(2, 2)_cs(1.0)_ws(1.0)]_[p(5, 2)_cs(1.0)_ws(1.0)]",player_0352f9a9_actions,player_85c38b84,['player_85c38b84'],,,True
364,tomato_cut,assemble salad,Counter_32,Counter,32,assemble salad,player_85c38b84,baseline_division_of_labor,6db6155f8e75e009,234.16882338760055,22.627416997969533,0.0,0.0,0.0,1.0,1.0,"(5, 2)","[p(2, 2)_cs(1.0)_ws(1.0)]_[p(5, 2)_cs(1.0)_ws(1.0)]",player_85c38b84_actions,player_85c38b84,['player_85c38b84'],"['player_85c38b84', 'player_0352f9a9', 'player_85c38b84', 'player_85c38b84']","['player_85c38b84', 'player_0352f9a9', 'player_85c38b84']",False
365,tomato_cut,put down,Counter_32,Counter,32,put down tomato_cut on counter,player_0352f9a9,baseline_division_of_labor,6db6155f8e75e009,218.6515126588021,16.0,0.0,0.0,0.0,1.0,1.0,"(2, 2)","[p(2, 2)_cs(1.0)_ws(1.0)]_[p(5, 2)_cs(1.0)_ws(1.0)]",player_0352f9a9_actions,player_0352f9a9,"['player_85c38b84', 'player_0352f9a9']",,,
365,tomato_salad,pick up,Counter_32,Counter,32,pick up tomato_salad from counter,player_0352f9a9,baseline_division_of_labor,6db6155f8e75e009,218.6515126588021,0.0,0.0,0.0,0.0,1.0,1.0,"(2, 2)","[p(2, 2)_cs(1.0)_ws(1.0)]_[p(5, 2)_cs(1.0)_ws(1.0)]",player_0352f9a9_actions,player_0352f9a9,"['player_85c38b84', 'player_0352f9a9']",,,False
390,tomato_cut,pick up,Counter_32,Counter,32,pick up tomato_cut from counter,player_85c38b84,baseline_division_of_labor,6db6155f8e75e009,234.16882338760055,0.0,0.0,0.0,0.0,1.0,1.0,"(5, 2)","[p(2, 2)_cs(1.0)_ws(1.0)]_[p(5, 2)_cs(1.0)_ws(1.0)]",player_85c38b84_actions,player_0352f9a9,"['player_85c38b84', 'player_0352f9a9']",,,True
413,tomato_salad,put down,Dispenser_50,Dispenser,50,put down tomato_salad on dispenser,player_0352f9a9,baseline_division_of_labor,6db6155f8e75e009,250.6515126588021,32.0,0.0,0.0,0.0,1.0,1.0,"(2, 2)","[p(2, 2)_cs(1.0)_ws(1.0)]_[p(5, 2)_cs(1.0)_ws(1.0)]",player_0352f9a9_actions,player_0352f9a9,"['player_85c38b84', 'player_0352f9a9', 'player_0352f9a9']",,,
413,tomato,pick up,Dispenser_50,Dispenser,50,pick up tomato from dispenser,player_0352f9a9,baseline_division_of_labor,6db6155f8e75e009,250.6515126588021,0.0,0.0,0.0,0.0,1.0,1.0,"(2, 2)","[p(2, 2)_cs(1.0)_ws(1.0)]_[p(5, 2)_cs(1.0)_ws(1.0)]",player_0352f9a9_actions,,[],,,
504,tomato,start cutting,CuttingBoard_20,CuttingBoard,20,start cutting tomato,player_0352f9a9,baseline_division_of_labor,6db6155f8e75e009,298.6515126588023,48.00000000000023,0.0,0.0,0.0,1.0,1.0,"(2, 2)","[p(2, 2)_cs(1.0)_ws(1.0)]_[p(5, 2)_cs(1.0)_ws(1.0)]",player_0352f9a9_actions,player_0352f9a9,['player_0352f9a9'],,,
531,tomato_cut,put down,Dispenser_60,Dispenser,60,put down tomato_cut on dispenser,player_85c38b84,baseline_division_of_labor,6db6155f8e75e009,396.5810216170472,162.41219822944663,0.0,0.0,0.0,1.0,1.0,"(5, 2)","[p(2, 2)_cs(1.0)_ws(1.0)]_[p(5, 2)_cs(1.0)_ws(1.0)]",player_85c38b84_actions,player_85c38b84,"['player_85c38b84', 'player_0352f9a9', 'player_0352f9a9', 'player_85c38b84']",,,
531,plate,pick up,Dispenser_60,Dispenser,60,pick up plate from dispenser,player_85c38b84,baseline_division_of_labor,6db6155f8e75e009,396.5810216170472,0.0,0.0,0.0,0.0,1.0,1.0,"(5, 2)","[p(2, 2)_cs(1.0)_ws(1.0)]_[p(5, 2)_cs(1.0)_ws(1.0)]",player_85c38b84_actions,,[],,,
608,plate,pick up,Dispenser_60,Dispenser,60,pick up plate from dispenser,player_0352f9a9,baseline_division_of_labor,6db6155f8e75e009,362.6515126588025,64.00000000000023,0.0,0.0,0.0,1.0,1.0,"(2, 2)","[p(2, 2)_cs(1.0)_ws(1.0)]_[p(5, 2)_cs(1.0)_ws(1.0)]",player_0352f9a9_actions,,[],,,
620,plate,put down,Counter_01,Counter,1,put down plate on counter,player_85c38b84,baseline_division_of_labor,6db6155f8e75e009,476.58102161704767,80.00000000000045,0.0,0.0,0.0,1.0,1.0,"(5, 2)","[p(2, 2)_cs(1.0)_ws(1.0)]_[p(5, 2)_cs(1.0)_ws(1.0)]",player_85c38b84_actions,player_85c38b84,['player_85c38b84'],,,
645,plate,put down,Counter_32,Counter,32,put down plate on counter,player_0352f9a9,baseline_division_of_labor,6db6155f8e75e009,401.0585753255675,38.407062666765,0.0,0.0,0.0,1.0,1.0,"(2, 2)","[p(2, 2)_cs(1.0)_ws(1.0)]_[p(5, 2)_cs(1.0)_ws(1.0)]",player_0352f9a9_actions,player_0352f9a9,['player_0352f9a9'],,,
648,tomato_cut,pick up,CuttingBoard_20,CuttingBoard,20,pick up tomato_cut from cuttingboard,player_85c38b84,baseline_division_of_labor,6db6155f8e75e009,492.58102161704784,16.00000000000017,0.0,0.0,0.0,1.0,1.0,"(5, 2)","[p(2, 2)_cs(1.0)_ws(1.0)]_[p(5, 2)_cs(1.0)_ws(1.0)]",player_85c38b84_actions,player_0352f9a9,['player_0352f9a9'],,,True
676,tomato_cut,assemble salad,Counter_01,Counter,1,assemble salad,player_85c38b84,baseline_division_of_labor,6db6155f8e75e009,508.5810216170479,16.000000000000114,0.0,0.0,0.0,1.0,1.0,"(5, 2)","[p(2, 2)_cs(1.0)_ws(1.0)]_[p(5, 2)_cs(1.0)_ws(1.0)]",player_85c38b84_actions,player_85c38b84,['player_85c38b84'],"['player_0352f9a9', 'player_85c38b84']",['player_85c38b84'],False
692,tomato_salad,pick up,Counter_01,Counter,1,pick up tomato_salad from counter,player_85c38b84,baseline_division_of_labor,6db6155f8e75e009,508.5810216170479,0.0,0.0,0.0,0.0,1.0,1.0,"(5, 2)","[p(2, 2)_cs(1.0)_ws(1.0)]_[p(5, 2)_cs(1.0)_ws(1.0)]",player_85c38b84_actions,player_85c38b84,['player_85c38b84'],"['player_0352f9a9', 'player_85c38b84']",['player_85c38b84'],False
750,tomato_salad,deliver,Delivery_63,Delivery,63,deliver tomato_salad,player_85c38b84,baseline_division_of_labor,6db6155f8e75e009,585.6381847731665,77.05716315611852,1.0,1.0,1.0,1.0,1.0,"(5, 2)","[p(2, 2)_cs(1.0)_ws(1.0)]_[p(5, 2)_cs(1.0)_ws(1.0)]",player_85c38b84_actions,player_85c38b84,"['player_85c38b84', 'player_85c38b84']","['player_0352f9a9', 'player_85c38b84']",['player_85c38b84'],
790,tomato,pick up,Dispenser_40,Dispenser,40,pick up tomato from dispenser,player_85c38b84,baseline_division_of_labor,6db6155f8e75e009,624.0494446131927,38.41125984002622,1.0,0.0,1.0,1.0,1.0,"(5, 2)","[p(2, 2)_cs(1.0)_ws(1.0)]_[p(5, 2)_cs(1.0)_ws(1.0)]",player_85c38b84_actions,,[],,,
800,plate,pick up,Dispenser_71,Dispenser,71,pick up plate from dispenser,player_0352f9a9,baseline_division_of_labor,6db6155f8e75e009,503.5655020504644,102.50692672489686,1.0,0.0,0.0,1.0,1.0,"(2, 2)","[p(2, 2)_cs(1.0)_ws(1.0)]_[p(5, 2)_cs(1.0)_ws(1.0)]",player_0352f9a9_actions,,[],,,
826,tomato,start cutting,CuttingBoard_20,CuttingBoard,20,start cutting tomato,player_85c38b84,baseline_division_of_labor,6db6155f8e75e009,656.0494446131929,32.00000000000023,1.0,0.0,1.0,1.0,1.0,"(5, 2)","[p(2, 2)_cs(1.0)_ws(1.0)]_[p(5, 2)_cs(1.0)_ws(1.0)]",player_85c38b84_actions,player_85c38b84,['player_85c38b84'],,,
843,plate,put down,Counter_33,Counter,33,put down plate on counter,player_0352f9a9,baseline_division_of_labor,6db6155f8e75e009,548.820336046404,45.254833995939634,1.0,0.0,0.0,1.0,1.0,"(2, 2)","[p(2, 2)_cs(1.0)_ws(1.0)]_[p(5, 2)_cs(1.0)_ws(1.0)]",player_0352f9a9_actions,player_0352f9a9,['player_0352f9a9'],,,
877,tomato_cut,pick up,CuttingBoard_20,CuttingBoard,20,pick up tomato_cut from cuttingboard,player_85c38b84,baseline_division_of_labor,6db6155f8e75e009,656.0494446131929,0.0,1.0,0.0,1.0,1.0,1.0,"(5, 2)","[p(2, 2)_cs(1.0)_ws(1.0)]_[p(5, 2)_cs(1.0)_ws(1.0)]",player_85c38b84_actions,player_85c38b84,['player_85c38b84'],,,False
879,plate,pick up,Dispenser_71,Dispenser,71,pick up plate from dispenser,player_0352f9a9,baseline_division_of_labor,6db6155f8e75e009,594.0751700423436,45.254833995939634,1.0,0.0,0.0,1.0,1.0,"(2, 2)","[p(2, 2)_cs(1.0)_ws(1.0)]_[p(5, 2)_cs(1.0)_ws(1.0)]",player_0352f9a9_actions,,[],,,
905,tomato_cut,assemble salad,Counter_32,Counter,32,assemble salad,player_85c38b84,baseline_division_of_labor,6db6155f8e75e009,672.0494446131931,16.000000000000227,1.0,0.0,1.0,1.0,1.0,"(5, 2)","[p(2, 2)_cs(1.0)_ws(1.0)]_[p(5, 2)_cs(1.0)_ws(1.0)]",player_85c38b84_actions,player_0352f9a9,['player_85c38b84'],"['player_85c38b84', 'player_85c38b84']",['player_0352f9a9'],True
921,plate,put down,Counter_34,Counter,34,put down plate on counter,player_0352f9a9,baseline_division_of_labor,6db6155f8e75e009,654.991356944882,60.91618690253836,1.0,0.0,0.0,1.0,1.0,"(2, 2)","[p(2, 2)_cs(1.0)_ws(1.0)]_[p(5, 2)_cs(1.0)_ws(1.0)]",player_0352f9a9_actions,player_0352f9a9,['player_0352f9a9'],,,
936,tomato,pick up,Dispenser_40,Dispenser,40,pick up tomato from dispenser,player_85c38b84,baseline_division_of_labor,6db6155f8e75e009,688.0494446131933,16.000000000000114,1.0,0.0,1.0,1.0,1.0,"(5, 2)","[p(2, 2)_cs(1.0)_ws(1.0)]_[p(5, 2)_cs(1.0)_ws(1.0)]",player_85c38b84_actions,,[],,,
968,tomato,pick up,Dispenser_40,Dispenser,40,pick up tomato from dispenser,player_0352f9a9,baseline_division_of_labor,6db6155f8e75e009,702.9913569448825,48.000000000000455,1.0,0.0,0.0,1.0,1.0,"(2, 2)","[p(2, 2)_cs(1.0)_ws(1.0)]_[p(5, 2)_cs(1.0)_ws(1.0)]",player_0352f9a9_actions,,[],,,
969,tomato,start cutting,CuttingBoard_20,CuttingBoard,20,start cutting tomato,player_85c38b84,baseline_division_of_labor,6db6155f8e75e009,720.0494446131935,32.00000000000023,1.0,0.0,1.0,1.0,1.0,"(5, 2)","[p(2, 2)_cs(1.0)_ws(1.0)]_[p(5, 2)_cs(1.0)_ws(1.0)]",player_85c38b84_actions,player_85c38b84,['player_85c38b84'],,,
1018,tomato,start cutting,CuttingBoard_10,CuttingBoard,10,start cutting tomato,player_0352f9a9,baseline_division_of_labor,6db6155f8e75e009,750.9913569448829,48.000000000000455,1.0,0.0,0.0,1.0,1.0,"(2, 2)","[p(2, 2)_cs(1.0)_ws(1.0)]_[p(5, 2)_cs(1.0)_ws(1.0)]",player_0352f9a9_actions,player_0352f9a9,['player_0352f9a9'],,,
1026,tomato_cut,pick up,CuttingBoard_20,CuttingBoard,20,pick up tomato_cut from cuttingboard,player_85c38b84,baseline_division_of_labor,6db6155f8e75e009,720.0494446131935,0.0,1.0,0.0,1.0,1.0,1.0,"(5, 2)","[p(2, 2)_cs(1.0)_ws(1.0)]_[p(5, 2)_cs(1.0)_ws(1.0)]",player_85c38b84_actions,player_85c38b84,['player_85c38b84'],,,False
1065,tomato_cut,assemble salad,Counter_33,Counter,33,assemble salad,player_85c38b84,baseline_division_of_labor,6db6155f8e75e009,752.0494446131938,32.00000000000034,1.0,0.0,1.0,1.0,1.0,"(5, 2)","[p(2, 2)_cs(1.0)_ws(1.0)]_[p(5, 2)_cs(1.0)_ws(1.0)]",player_85c38b84_actions,player_0352f9a9,['player_85c38b84'],"['player_85c38b84', 'player_85c38b84']",['player_0352f9a9'],True
1077,tomato_salad,pick up,Counter_33,Counter,33,pick up tomato_salad from counter,player_0352f9a9,baseline_division_of_labor,6db6155f8e75e009,798.9913569448835,48.00000000000057,1.0,0.0,0.0,1.0,1.0,"(2, 2)","[p(2, 2)_cs(1.0)_ws(1.0)]_[p(5, 2)_cs(1.0)_ws(1.0)]",player_0352f9a9_actions,player_85c38b84,['player_85c38b84'],"['player_85c38b84', 'player_85c38b84']",['player_0352f9a9'],True
1145,tomato_salad,pick up,Counter_32,Counter,32,pick up tomato_salad from counter,player_85c38b84,baseline_division_of_labor,6db6155f8e75e009,855.3403213914057,103.2908767782119,1.0,0.0,1.0,1.0,1.0,"(5, 2)","[p(2, 2)_cs(1.0)_ws(1.0)]_[p(5, 2)_cs(1.0)_ws(1.0)]",player_85c38b84_actions,player_85c38b84,['player_85c38b84'],"['player_85c38b84', 'player_85c38b84']",['player_0352f9a9'],False
1161,tomato_salad,put down,Counter_32,Counter,32,put down tomato_salad on counter,player_0352f9a9,baseline_division_of_labor,6db6155f8e75e009,814.9913569448836,16.000000000000114,1.0,0.0,0.0,1.0,1.0,"(2, 2)","[p(2, 2)_cs(1.0)_ws(1.0)]_[p(5, 2)_cs(1.0)_ws(1.0)]",player_0352f9a9_actions,player_0352f9a9,"['player_85c38b84', 'player_0352f9a9']","['player_85c38b84', 'player_85c38b84']",['player_0352f9a9'],
1175,tomato_salad,deliver,Delivery_63,Delivery,63,deliver tomato_salad,player_85c38b84,baseline_division_of_labor,6db6155f8e75e009,877.9677383893755,22.627416997969817,2.0,1.0,2.0,1.0,1.0,"(5, 2)","[p(2, 2)_cs(1.0)_ws(1.0)]_[p(5, 2)_cs(1.0)_ws(1.0)]",player_85c38b84_actions,player_85c38b84,"['player_85c38b84', 'player_85c38b84']","['player_85c38b84', 'player_85c38b84']",['player_0352f9a9'],
1205,tomato_salad,pick up,Counter_32,Counter,32,pick up tomato_salad from counter,player_85c38b84,baseline_division_of_labor,6db6155f8e75e009,900.5951553873454,22.627416997969817,2.0,0.0,2.0,1.0,1.0,"(5, 2)","[p(2, 2)_cs(1.0)_ws(1.0)]_[p(5, 2)_cs(1.0)_ws(1.0)]",player_85c38b84_actions,player_0352f9a9,"['player_85c38b84', 'player_0352f9a9']","['player_85c38b84', 'player_85c38b84']",['player_0352f9a9'],True
1235,tomato_salad,deliver,Delivery_63,Delivery,63,deliver tomato_salad,player_85c38b84,baseline_division_of_labor,6db6155f8e75e009,923.2225723853152,22.627416997969817,3.0,1.0,3.0,1.0,1.0,"(5, 2)","[p(2, 2)_cs(1.0)_ws(1.0)]_[p(5, 2)_cs(1.0)_ws(1.0)]",player_85c38b84_actions,player_85c38b84,"['player_85c38b84', 'player_0352f9a9', 'player_85c38b84']","['player_85c38b84', 'player_85c38b84']",['player_0352f9a9'],
1272,tomato,pick up,Dispenser_50,Dispenser,50,pick up tomato from dispenser,player_85c38b84,baseline_division_of_labor,6db6155f8e75e009,955.2225723853156,32.00000000000034,3.0,0.0,3.0,1.0,1.0,"(5, 2)","[p(2, 2)_cs(1.0)_ws(1.0)]_[p(5, 2)_cs(1.0)_ws(1.0)]",player_85c38b84_actions,,[],,,
1302,plate,pick up,Dispenser_71,Dispenser,71,pick up plate from dispenser,player_0352f9a9,baseline_division_of_labor,6db6155f8e75e009,966.1205620434838,151.1292050986002,3.0,0.0,0.0,1.0,1.0,"(2, 2)","[p(2, 2)_cs(1.0)_ws(1.0)]_[p(5, 2)_cs(1.0)_ws(1.0)]",player_0352f9a9_actions,,[],,,
1303,tomato,start cutting,CuttingBoard_20,CuttingBoard,20,start cutting tomato,player_85c38b84,baseline_division_of_labor,6db6155f8e75e009,1003.2225723853156,48.00000000000023,3.0,0.0,3.0,1.0,1.0,"(5, 2)","[p(2, 2)_cs(1.0)_ws(1.0)]_[p(5, 2)_cs(1.0)_ws(1.0)]",player_85c38b84_actions,player_85c38b84,['player_85c38b84'],,,
1344,plate,put down,Counter_32,Counter,32,put down plate on counter,player_0352f9a9,baseline_division_of_labor,6db6155f8e75e009,1004.5276247102486,38.40706266676477,3.0,0.0,0.0,1.0,1.0,"(2, 2)","[p(2, 2)_cs(1.0)_ws(1.0)]_[p(5, 2)_cs(1.0)_ws(1.0)]",player_0352f9a9_actions,player_0352f9a9,['player_0352f9a9'],,,
1371,tomato_cut,pick up,CuttingBoard_10,CuttingBoard,10,pick up tomato_cut from cuttingboard,player_85c38b84,baseline_division_of_labor,6db6155f8e75e009,1019.222572385316,16.000000000000227,3.0,0.0,3.0,1.0,1.0,"(5, 2)","[p(2, 2)_cs(1.0)_ws(1.0)]_[p(5, 2)_cs(1.0)_ws(1.0)]",player_85c38b84_actions,player_0352f9a9,['player_0352f9a9'],,,True
1409,plate,pick up,Counter_32,Counter,32,pick up plate from counter,player_0352f9a9,baseline_division_of_labor,6db6155f8e75e009,1081.661913988969,77.13428927872042,3.0,0.0,0.0,1.0,1.0,"(2, 2)","[p(2, 2)_cs(1.0)_ws(1.0)]_[p(5, 2)_cs(1.0)_ws(1.0)]",player_0352f9a9_actions,player_0352f9a9,['player_0352f9a9'],,,False
1413,plate,put down,Counter_32,Counter,32,put down plate on counter,player_0352f9a9,baseline_division_of_labor,6db6155f8e75e009,1081.661913988969,0.0,3.0,0.0,0.0,1.0,1.0,"(2, 2)","[p(2, 2)_cs(1.0)_ws(1.0)]_[p(5, 2)_cs(1.0)_ws(1.0)]",player_0352f9a9_actions,player_0352f9a9,"['player_0352f9a9', 'player_0352f9a9']",,,
1422,tomato_cut,assemble salad,Counter_34,Counter,34,assemble salad,player_85c38b84,baseline_division_of_labor,6db6155f8e75e009,1073.6523298595878,54.42975747427181,3.0,0.0,3.0,1.0,1.0,"(5, 2)","[p(2, 2)_cs(1.0)_ws(1.0)]_[p(5, 2)_cs(1.0)_ws(1.0)]",player_85c38b84_actions,player_0352f9a9,['player_85c38b84'],"['player_0352f9a9', 'player_85c38b84']",['player_0352f9a9'],True
1443,tomato_salad,pick up,Counter_34,Counter,34,pick up tomato_salad from counter,player_85c38b84,baseline_division_of_labor,6db6155f8e75e009,1073.6523298595878,0.0,3.0,0.0,3.0,1.0,1.0,"(5, 2)","[p(2, 2)_cs(1.0)_ws(1.0)]_[p(5, 2)_cs(1.0)_ws(1.0)]",player_85c38b84_actions,player_85c38b84,['player_85c38b84'],"['player_0352f9a9', 'player_85c38b84']",['player_0352f9a9'],False
1458,tomato_salad,put down,Counter_34,Counter,34,put down tomato_salad on counter,player_85c38b84,baseline_division_of_labor,6db6155f8e75e009,1073.6523298595878,0.0,3.0,0.0,3.0,1.0,1.0,"(5, 2)","[p(2, 2)_cs(1.0)_ws(1.0)]_[p(5, 2)_cs(1.0)_ws(1.0)]",player_85c38b84_actions,player_85c38b84,"['player_85c38b84', 'player_85c38b84']","['player_0352f9a9', 'player_85c38b84']",['player_0352f9a9'],
1461,tomato_salad,pick up,Counter_34,Counter,34,pick up tomato_salad from counter,player_0352f9a9,baseline_division_of_labor,6db6155f8e75e009,1113.661913988968,31.99999999999909,3.0,0.0,0.0,1.0,1.0,"(2, 2)","[p(2, 2)_cs(1.0)_ws(1.0)]_[p(5, 2)_cs(1.0)_ws(1.0)]",player_0352f9a9_actions,player_85c38b84,"['player_85c38b84', 'player_85c38b84']","['player_0352f9a9', 'player_85c38b84']",['player_0352f9a9'],True
1506,tomato_salad,deliver,Delivery_63,Delivery,63,deliver tomato_salad,player_0352f9a9,baseline_division_of_labor,6db6155f8e75e009,1211.9926314425372,98.33071745356916,4.0,1.0,1.0,1.0,1.0,"(2, 2)","[p(2, 2)_cs(1.0)_ws(1.0)]_[p(5, 2)_cs(1.0)_ws(1.0)]",player_0352f9a9_actions,player_0352f9a9,"['player_85c38b84', 'player_85c38b84', 'player_0352f9a9']","['player_0352f9a9', 'player_85c38b84']",['player_0352f9a9'],
1563,tomato_cut,pick up,CuttingBoard_20,CuttingBoard,20,pick up tomato_cut from cuttingboard,player_85c38b84,baseline_division_of_labor,6db6155f8e75e009,1219.6933269536946,146.04099709410684,4.0,0.0,3.0,1.0,1.0,"(5, 2)","[p(2, 2)_cs(1.0)_ws(1.0)]_[p(5, 2)_cs(1.0)_ws(1.0)]",player_85c38b84_actions,player_85c38b84,['player_85c38b84'],,,False
1590,tomato,pick up,Dispenser_40,Dispenser,40,pick up tomato from dispenser,player_0352f9a9,baseline_division_of_labor,6db6155f8e75e009,1250.4038912825629,38.41125984002565,4.0,0.0,1.0,1.0,1.0,"(2, 2)","[p(2, 2)_cs(1.0)_ws(1.0)]_[p(5, 2)_cs(1.0)_ws(1.0)]",player_0352f9a9_actions,,[],,,
1599,tomato_cut,assemble salad,Counter_32,Counter,32,assemble salad,player_85c38b84,baseline_division_of_labor,6db6155f8e75e009,1235.6933269536942,15.999999999999543,4.0,0.0,3.0,1.0,1.0,"(5, 2)","[p(2, 2)_cs(1.0)_ws(1.0)]_[p(5, 2)_cs(1.0)_ws(1.0)]",player_85c38b84_actions,player_0352f9a9,['player_85c38b84'],"['player_85c38b84', 'player_85c38b84']","['player_0352f9a9', 'player_0352f9a9']",True
1614,tomato_salad,pick up,Counter_32,Counter,32,pick up tomato_salad from counter,player_85c38b84,baseline_division_of_labor,6db6155f8e75e009,1235.6933269536942,0.0,4.0,0.0,3.0,1.0,1.0,"(5, 2)","[p(2, 2)_cs(1.0)_ws(1.0)]_[p(5, 2)_cs(1.0)_ws(1.0)]",player_85c38b84_actions,player_85c38b84,['player_85c38b84'],"['player_85c38b84', 'player_85c38b84']","['player_0352f9a9', 'player_0352f9a9']",False
1639,tomato,start cutting,CuttingBoard_10,CuttingBoard,10,start cutting tomato,player_0352f9a9,baseline_division_of_labor,6db6155f8e75e009,1298.4038912825615,47.99999999999864,4.0,0.0,1.0,1.0,1.0,"(2, 2)","[p(2, 2)_cs(1.0)_ws(1.0)]_[p(5, 2)_cs(1.0)_ws(1.0)]",player_0352f9a9_actions,player_0352f9a9,['player_0352f9a9'],,,
1658,tomato_salad,deliver,Delivery_63,Delivery,63,deliver tomato_salad,player_85c38b84,baseline_division_of_labor,6db6155f8e75e009,1280.9481609496322,45.25483399593804,5.0,1.0,4.0,1.0,1.0,"(5, 2)","[p(2, 2)_cs(1.0)_ws(1.0)]_[p(5, 2)_cs(1.0)_ws(1.0)]",player_85c38b84_actions,player_85c38b84,"['player_85c38b84', 'player_85c38b84']","['player_85c38b84', 'player_85c38b84']","['player_0352f9a9', 'player_0352f9a9']",
1704,tomato,pick up,Dispenser_40,Dispenser,40,pick up tomato from dispenser,player_85c38b84,baseline_division_of_labor,6db6155f8e75e009,1319.359420789658,38.41125984002565,5.0,0.0,4.0,1.0,1.0,"(5, 2)","[p(2, 2)_cs(1.0)_ws(1.0)]_[p(5, 2)_cs(1.0)_ws(1.0)]",player_85c38b84_actions,,[],,,
1734,tomato,start cutting,CuttingBoard_20,CuttingBoard,20,start cutting tomato,player_85c38b84,baseline_division_of_labor,6db6155f8e75e009,1351.3594207896572,31.99999999999932,5.0,0.0,4.0,1.0,1.0,"(5, 2)","[p(2, 2)_cs(1.0)_ws(1.0)]_[p(5, 2)_cs(1.0)_ws(1.0)]",player_85c38b84_actions,player_85c38b84,['player_85c38b84'],,,
1759,plate,pick up,Dispenser_60,Dispenser,60,pick up plate from dispenser,player_0352f9a9,baseline_division_of_labor,6db6155f8e75e009,1468.403891282553,169.9999999999916,5.0,0.0,1.0,1.0,1.0,"(2, 2)","[p(2, 2)_cs(1.0)_ws(1.0)]_[p(5, 2)_cs(1.0)_ws(1.0)]",player_0352f9a9_actions,,[],,,
1813,plate,pick up,Dispenser_60,Dispenser,60,pick up plate from dispenser,player_85c38b84,baseline_division_of_labor,6db6155f8e75e009,1415.359420789655,63.999999999997726,5.0,0.0,4.0,1.0,1.0,"(5, 2)","[p(2, 2)_cs(1.0)_ws(1.0)]_[p(5, 2)_cs(1.0)_ws(1.0)]",player_85c38b84_actions,,[],,,
1819,plate,put down,Counter_01,Counter,1,put down plate on counter,player_0352f9a9,baseline_division_of_labor,6db6155f8e75e009,1548.40389128255,79.99999999999682,5.0,0.0,1.0,1.0,1.0,"(2, 2)","[p(2, 2)_cs(1.0)_ws(1.0)]_[p(5, 2)_cs(1.0)_ws(1.0)]",player_0352f9a9_actions,player_0352f9a9,['player_0352f9a9'],,,
1854,plate,put down,Counter_32,Counter,32,put down plate on counter,player_85c38b84,baseline_division_of_labor,6db6155f8e75e009,1453.7664834564189,38.40706266676398,5.0,0.0,4.0,1.0,1.0,"(5, 2)","[p(2, 2)_cs(1.0)_ws(1.0)]_[p(5, 2)_cs(1.0)_ws(1.0)]",player_85c38b84_actions,player_85c38b84,['player_85c38b84'],,,
1871,tomato_cut,pick up,CuttingBoard_10,CuttingBoard,10,pick up tomato_cut from cuttingboard,player_0352f9a9,baseline_division_of_labor,6db6155f8e75e009,1548.40389128255,0.0,5.0,0.0,1.0,1.0,1.0,"(2, 2)","[p(2, 2)_cs(1.0)_ws(1.0)]_[p(5, 2)_cs(1.0)_ws(1.0)]",player_0352f9a9_actions,player_0352f9a9,['player_0352f9a9'],,,False
1885,tomato_cut,pick up,CuttingBoard_20,CuttingBoard,20,pick up tomato_cut from cuttingboard,player_85c38b84,baseline_division_of_labor,6db6155f8e75e009,1492.2734101813146,38.50692672489572,5.0,0.0,4.0,1.0,1.0,"(5, 2)","[p(2, 2)_cs(1.0)_ws(1.0)]_[p(5, 2)_cs(1.0)_ws(1.0)]",player_85c38b84_actions,player_85c38b84,['player_85c38b84'],,,False
1894,tomato_cut,assemble salad,Counter_01,Counter,1,assemble salad,player_0352f9a9,baseline_division_of_labor,6db6155f8e75e009,1548.40389128255,0.0,5.0,0.0,1.0,1.0,1.0,"(2, 2)","[p(2, 2)_cs(1.0)_ws(1.0)]_[p(5, 2)_cs(1.0)_ws(1.0)]",player_0352f9a9_actions,player_0352f9a9,['player_0352f9a9'],"['player_0352f9a9', 'player_0352f9a9']",['player_0352f9a9'],False
1912,tomato_cut,assemble salad,Counter_32,Counter,32,assemble salad,player_85c38b84,baseline_division_of_labor,6db6155f8e75e009,1508.273410181314,15.999999999999543,5.0,0.0,4.0,1.0,1.0,"(5, 2)","[p(2, 2)_cs(1.0)_ws(1.0)]_[p(5, 2)_cs(1.0)_ws(1.0)]",player_85c38b84_actions,player_85c38b84,['player_85c38b84'],"['player_85c38b84', 'player_85c38b84']",['player_85c38b84'],False
1915,tomato_salad,pick up,Counter_01,Counter,1,pick up tomato_salad from counter,player_0352f9a9,baseline_division_of_labor,6db6155f8e75e009,1548.40389128255,0.0,5.0,0.0,1.0,1.0,1.0,"(2, 2)","[p(2, 2)_cs(1.0)_ws(1.0)]_[p(5, 2)_cs(1.0)_ws(1.0)]",player_0352f9a9_actions,player_0352f9a9,['player_0352f9a9'],"['player_0352f9a9', 'player_0352f9a9']",['player_0352f9a9'],False
1928,tomato_salad,pick up,Counter_32,Counter,32,pick up tomato_salad from counter,player_85c38b84,baseline_division_of_labor,6db6155f8e75e009,1508.273410181314,0.0,5.0,0.0,4.0,1.0,1.0,"(5, 2)","[p(2, 2)_cs(1.0)_ws(1.0)]_[p(5, 2)_cs(1.0)_ws(1.0)]",player_85c38b84_actions,player_85c38b84,['player_85c38b84'],"['player_85c38b84', 'player_85c38b84']",['player_85c38b84'],False
1965,tomato_salad,deliver,Delivery_63,Delivery,63,deliver tomato_salad,player_85c38b84,baseline_division_of_labor,6db6155f8e75e009,1553.5282441772522,45.25483399593804,6.0,1.0,5.0,1.0,1.0,"(5, 2)","[p(2, 2)_cs(1.0)_ws(1.0)]_[p(5, 2)_cs(1.0)_ws(1.0)]",player_85c38b84_actions,player_85c38b84,"['player_85c38b84', 'player_85c38b84']","['player_85c38b84', 'player_85c38b84']",['player_85c38b84'],
1972,tomato_salad,deliver,Delivery_63,Delivery,63,deliver tomato_salad,player_0352f9a9,baseline_division_of_labor,6db6155f8e75e009,1625.4610544386685,77.05716315611835,7.0,1.0,2.0,1.0,1.0,"(2, 2)","[p(2, 2)_cs(1.0)_ws(1.0)]_[p(5, 2)_cs(1.0)_ws(1.0)]",player_0352f9a9_actions,player_0352f9a9,"['player_0352f9a9', 'player_0352f9a9']","['player_0352f9a9', 'player_0352f9a9']",['player_0352f9a9'],
2017,tomato,pick up,Dispenser_40,Dispenser,40,pick up tomato from dispenser,player_85c38b84,baseline_division_of_labor,6db6155f8e75e009,1591.9395040172778,38.41125984002565,7.0,0.0,5.0,1.0,1.0,"(5, 2)","[p(2, 2)_cs(1.0)_ws(1.0)]_[p(5, 2)_cs(1.0)_ws(1.0)]",player_85c38b84_actions,,[],,,
2024,tomato,pick up,Dispenser_50,Dispenser,50,pick up tomato from dispenser,player_0352f9a9,baseline_division_of_labor,6db6155f8e75e009,1657.4610544386674,31.99999999999909,7.0,0.0,2.0,1.0,1.0,"(2, 2)","[p(2, 2)_cs(1.0)_ws(1.0)]_[p(5, 2)_cs(1.0)_ws(1.0)]",player_0352f9a9_actions,,[],,,
2054,tomato,start cutting,CuttingBoard_20,CuttingBoard,20,start cutting tomato,player_85c38b84,baseline_division_of_labor,6db6155f8e75e009,1623.9395040172772,31.99999999999932,7.0,0.0,5.0,1.0,1.0,"(5, 2)","[p(2, 2)_cs(1.0)_ws(1.0)]_[p(5, 2)_cs(1.0)_ws(1.0)]",player_85c38b84_actions,player_85c38b84,['player_85c38b84'],,,
2114,tomato,put down,Dispenser_60,Dispenser,60,put down tomato on dispenser,player_0352f9a9,baseline_division_of_labor,6db6155f8e75e009,1769.4610544386633,111.99999999999592,7.0,0.0,2.0,1.0,1.0,"(2, 2)","[p(2, 2)_cs(1.0)_ws(1.0)]_[p(5, 2)_cs(1.0)_ws(1.0)]",player_0352f9a9_actions,player_0352f9a9,['player_0352f9a9'],,,
2114,plate,pick up,Dispenser_60,Dispenser,60,pick up plate from dispenser,player_0352f9a9,baseline_division_of_labor,6db6155f8e75e009,1769.4610544386633,0.0,7.0,0.0,2.0,1.0,1.0,"(2, 2)","[p(2, 2)_cs(1.0)_ws(1.0)]_[p(5, 2)_cs(1.0)_ws(1.0)]",player_0352f9a9_actions,,[],,,
2130,plate,pick up,Dispenser_60,Dispenser,60,pick up plate from dispenser,player_85c38b84,baseline_division_of_labor,6db6155f8e75e009,1687.9395040172749,63.999999999997726,7.0,0.0,5.0,1.0,1.0,"(5, 2)","[p(2, 2)_cs(1.0)_ws(1.0)]_[p(5, 2)_cs(1.0)_ws(1.0)]",player_85c38b84_actions,,[],,,
