{"agents": {"player_0352f9a9": {"initial_state": {"agent_id": "player_0352f9a9", "x": 40, "y": 40, "item": null, "url_params": {"gameType": ["tomatoSaladOnly"], "PROLIFIC_PID": ["673928131ab7d604bcf2c23a"], "map": ["baseline_division_of_labor"], "cutting_speed_p1": ["1"], "walking_speed_p1": ["1"], "cutting_speed_p2": ["1"], "walking_speed_p2": ["1"], "slot_x_p1": ["2"], "slot_y_p1": ["2"], "slot_x_p2": ["5"], "slot_y_p2": ["2"], "EIO": ["4"], "transport": ["polling"], "t": ["PZy39eq"]}, "cut_speed": 1.0, "walk_speed": 30.0, "player_nr": 1}, "player_score": 2.0, "total_actions": 37, "first_action_tick": 80, "last_action_tick": 2114}, "player_85c38b84": {"initial_state": {"agent_id": "player_85c38b84", "x": 88, "y": 40, "item": null, "url_params": {"gameType": ["tomatoSaladOnly"], "PROLIFIC_PID": ["677c0682ec510c0693fc5790"], "map": ["baseline_division_of_labor"], "cutting_speed_p1": ["1"], "walking_speed_p1": ["1"], "cutting_speed_p2": ["1"], "walking_speed_p2": ["1"], "slot_x_p1": ["2"], "slot_y_p1": ["2"], "slot_x_p2": ["5"], "slot_y_p2": ["2"], "EIO": ["4"], "transport": ["polling"], "t": ["PZy3EaU"]}, "cut_speed": 1.0, "walk_speed": 30.0, "player_nr": 2}, "player_score": 5.0, "total_actions": 49, "first_action_tick": 56, "last_action_tick": 2130}}, "map_name": "baseline_division_of_labor", "final_score": 7.0}