tick,item,action,target,target_type,target_position,action_long,player_id,map_name,game_id,distance_walked,distance_walked_since_last_action,overall_score,player_score_change,player_score,walking_speed,cutting_speed,start_pos,condition
56,tomato,pick up,Dispenser_40,Dispenser,40,pick up tomato from dispenser,player_85c38b84,baseline_division_of_labor,6db6155f8e75e009,22.62741699796952,0.0,0.0,0.0,0.0,1.0,1.0,"(5, 2)","[p(2, 2)_cs(1.0)_ws(1.0)]_[p(5, 2)_cs(1.0)_ws(1.0)]"
90,tomato,start cutting,CuttingBoard_20,CuttingBoard,20,start cutting tomato,player_85c38b84,baseline_division_of_labor,6db6155f8e75e009,54.62741699796952,32.0,0.0,0.0,0.0,1.0,1.0,"(5, 2)","[p(2, 2)_cs(1.0)_ws(1.0)]_[p(5, 2)_cs(1.0)_ws(1.0)]"
136,plate,pick up,Dispenser_60,Dispenser,60,pick up plate from dispenser,player_85c38b84,baseline_division_of_labor,6db6155f8e75e009,118.62741699796952,64.0,0.0,0.0,0.0,1.0,1.0,"(5, 2)","[p(2, 2)_cs(1.0)_ws(1.0)]_[p(5, 2)_cs(1.0)_ws(1.0)]"
165,plate,put down,Counter_32,Counter,32,put down plate on counter,player_85c38b84,baseline_division_of_labor,6db6155f8e75e009,157.0344796647345,38.407062666764986,0.0,0.0,0.0,1.0,1.0,"(5, 2)","[p(2, 2)_cs(1.0)_ws(1.0)]_[p(5, 2)_cs(1.0)_ws(1.0)]"
165,tomato,pick up,Counter_32,Counter,32,pick up tomato from counter,player_85c38b84,baseline_division_of_labor,6db6155f8e75e009,157.0344796647345,0.0,0.0,0.0,0.0,1.0,1.0,"(5, 2)","[p(2, 2)_cs(1.0)_ws(1.0)]_[p(5, 2)_cs(1.0)_ws(1.0)]"
282,tomato,start cutting,CuttingBoard_10,CuttingBoard,10,start cutting tomato,player_85c38b84,baseline_division_of_labor,6db6155f8e75e009,211.54140638963105,54.506926724896545,0.0,0.0,0.0,1.0,1.0,"(5, 2)","[p(2, 2)_cs(1.0)_ws(1.0)]_[p(5, 2)_cs(1.0)_ws(1.0)]"
332,tomato_cut,pick up,CuttingBoard_10,CuttingBoard,10,pick up tomato_cut from cuttingboard,player_85c38b84,baseline_division_of_labor,6db6155f8e75e009,211.54140638963105,0.0,0.0,0.0,0.0,1.0,1.0,"(5, 2)","[p(2, 2)_cs(1.0)_ws(1.0)]_[p(5, 2)_cs(1.0)_ws(1.0)]"
364,tomato_cut,assemble salad,Counter_32,Counter,32,assemble salad,player_85c38b84,baseline_division_of_labor,6db6155f8e75e009,234.16882338760058,22.627416997969533,0.0,0.0,0.0,1.0,1.0,"(5, 2)","[p(2, 2)_cs(1.0)_ws(1.0)]_[p(5, 2)_cs(1.0)_ws(1.0)]"
390,tomato_cut,pick up,Counter_32,Counter,32,pick up tomato_cut from counter,player_85c38b84,baseline_division_of_labor,6db6155f8e75e009,234.16882338760058,0.0,0.0,0.0,0.0,1.0,1.0,"(5, 2)","[p(2, 2)_cs(1.0)_ws(1.0)]_[p(5, 2)_cs(1.0)_ws(1.0)]"
531,tomato_cut,put down,Dispenser_60,Dispenser,60,put down tomato_cut on dispenser,player_85c38b84,baseline_division_of_labor,6db6155f8e75e009,396.5810216170472,162.41219822944663,0.0,0.0,0.0,1.0,1.0,"(5, 2)","[p(2, 2)_cs(1.0)_ws(1.0)]_[p(5, 2)_cs(1.0)_ws(1.0)]"
531,plate,pick up,Dispenser_60,Dispenser,60,pick up plate from dispenser,player_85c38b84,baseline_division_of_labor,6db6155f8e75e009,396.5810216170472,0.0,0.0,0.0,0.0,1.0,1.0,"(5, 2)","[p(2, 2)_cs(1.0)_ws(1.0)]_[p(5, 2)_cs(1.0)_ws(1.0)]"
620,plate,put down,Counter_01,Counter,01,put down plate on counter,player_85c38b84,baseline_division_of_labor,6db6155f8e75e009,476.58102161704767,80.00000000000045,0.0,0.0,0.0,1.0,1.0,"(5, 2)","[p(2, 2)_cs(1.0)_ws(1.0)]_[p(5, 2)_cs(1.0)_ws(1.0)]"
648,tomato_cut,pick up,CuttingBoard_20,CuttingBoard,20,pick up tomato_cut from cuttingboard,player_85c38b84,baseline_division_of_labor,6db6155f8e75e009,492.58102161704784,16.00000000000017,0.0,0.0,0.0,1.0,1.0,"(5, 2)","[p(2, 2)_cs(1.0)_ws(1.0)]_[p(5, 2)_cs(1.0)_ws(1.0)]"
676,tomato_cut,assemble salad,Counter_01,Counter,01,assemble salad,player_85c38b84,baseline_division_of_labor,6db6155f8e75e009,508.58102161704795,16.000000000000114,0.0,0.0,0.0,1.0,1.0,"(5, 2)","[p(2, 2)_cs(1.0)_ws(1.0)]_[p(5, 2)_cs(1.0)_ws(1.0)]"
692,tomato_salad,pick up,Counter_01,Counter,01,pick up tomato_salad from counter,player_85c38b84,baseline_division_of_labor,6db6155f8e75e009,508.58102161704795,0.0,0.0,0.0,0.0,1.0,1.0,"(5, 2)","[p(2, 2)_cs(1.0)_ws(1.0)]_[p(5, 2)_cs(1.0)_ws(1.0)]"
750,tomato_salad,deliver,Delivery_63,Delivery,63,deliver tomato_salad,player_85c38b84,baseline_division_of_labor,6db6155f8e75e009,585.6381847731665,77.05716315611852,1.0,1.0,1.0,1.0,1.0,"(5, 2)","[p(2, 2)_cs(1.0)_ws(1.0)]_[p(5, 2)_cs(1.0)_ws(1.0)]"
790,tomato,pick up,Dispenser_40,Dispenser,40,pick up tomato from dispenser,player_85c38b84,baseline_division_of_labor,6db6155f8e75e009,624.0494446131927,38.41125984002622,1.0,0.0,1.0,1.0,1.0,"(5, 2)","[p(2, 2)_cs(1.0)_ws(1.0)]_[p(5, 2)_cs(1.0)_ws(1.0)]"
826,tomato,start cutting,CuttingBoard_20,CuttingBoard,20,start cutting tomato,player_85c38b84,baseline_division_of_labor,6db6155f8e75e009,656.0494446131929,32.00000000000023,1.0,0.0,1.0,1.0,1.0,"(5, 2)","[p(2, 2)_cs(1.0)_ws(1.0)]_[p(5, 2)_cs(1.0)_ws(1.0)]"
877,tomato_cut,pick up,CuttingBoard_20,CuttingBoard,20,pick up tomato_cut from cuttingboard,player_85c38b84,baseline_division_of_labor,6db6155f8e75e009,656.0494446131929,0.0,1.0,0.0,1.0,1.0,1.0,"(5, 2)","[p(2, 2)_cs(1.0)_ws(1.0)]_[p(5, 2)_cs(1.0)_ws(1.0)]"
905,tomato_cut,assemble salad,Counter_32,Counter,32,assemble salad,player_85c38b84,baseline_division_of_labor,6db6155f8e75e009,672.0494446131931,16.000000000000227,1.0,0.0,1.0,1.0,1.0,"(5, 2)","[p(2, 2)_cs(1.0)_ws(1.0)]_[p(5, 2)_cs(1.0)_ws(1.0)]"
936,tomato,pick up,Dispenser_40,Dispenser,40,pick up tomato from dispenser,player_85c38b84,baseline_division_of_labor,6db6155f8e75e009,688.0494446131933,16.000000000000114,1.0,0.0,1.0,1.0,1.0,"(5, 2)","[p(2, 2)_cs(1.0)_ws(1.0)]_[p(5, 2)_cs(1.0)_ws(1.0)]"
969,tomato,start cutting,CuttingBoard_20,CuttingBoard,20,start cutting tomato,player_85c38b84,baseline_division_of_labor,6db6155f8e75e009,720.0494446131935,32.00000000000023,1.0,0.0,1.0,1.0,1.0,"(5, 2)","[p(2, 2)_cs(1.0)_ws(1.0)]_[p(5, 2)_cs(1.0)_ws(1.0)]"
1026,tomato_cut,pick up,CuttingBoard_20,CuttingBoard,20,pick up tomato_cut from cuttingboard,player_85c38b84,baseline_division_of_labor,6db6155f8e75e009,720.0494446131935,0.0,1.0,0.0,1.0,1.0,1.0,"(5, 2)","[p(2, 2)_cs(1.0)_ws(1.0)]_[p(5, 2)_cs(1.0)_ws(1.0)]"
1065,tomato_cut,assemble salad,Counter_33,Counter,33,assemble salad,player_85c38b84,baseline_division_of_labor,6db6155f8e75e009,752.0494446131938,32.00000000000034,1.0,0.0,1.0,1.0,1.0,"(5, 2)","[p(2, 2)_cs(1.0)_ws(1.0)]_[p(5, 2)_cs(1.0)_ws(1.0)]"
1145,tomato_salad,pick up,Counter_32,Counter,32,pick up tomato_salad from counter,player_85c38b84,baseline_division_of_labor,6db6155f8e75e009,855.3403213914057,103.2908767782119,1.0,0.0,1.0,1.0,1.0,"(5, 2)","[p(2, 2)_cs(1.0)_ws(1.0)]_[p(5, 2)_cs(1.0)_ws(1.0)]"
1175,tomato_salad,deliver,Delivery_63,Delivery,63,deliver tomato_salad,player_85c38b84,baseline_division_of_labor,6db6155f8e75e009,877.9677383893755,22.627416997969817,2.0,1.0,2.0,1.0,1.0,"(5, 2)","[p(2, 2)_cs(1.0)_ws(1.0)]_[p(5, 2)_cs(1.0)_ws(1.0)]"
1205,tomato_salad,pick up,Counter_32,Counter,32,pick up tomato_salad from counter,player_85c38b84,baseline_division_of_labor,6db6155f8e75e009,900.5951553873454,22.627416997969817,2.0,0.0,2.0,1.0,1.0,"(5, 2)","[p(2, 2)_cs(1.0)_ws(1.0)]_[p(5, 2)_cs(1.0)_ws(1.0)]"
1235,tomato_salad,deliver,Delivery_63,Delivery,63,deliver tomato_salad,player_85c38b84,baseline_division_of_labor,6db6155f8e75e009,923.2225723853152,22.627416997969817,3.0,1.0,3.0,1.0,1.0,"(5, 2)","[p(2, 2)_cs(1.0)_ws(1.0)]_[p(5, 2)_cs(1.0)_ws(1.0)]"
1272,tomato,pick up,Dispenser_50,Dispenser,50,pick up tomato from dispenser,player_85c38b84,baseline_division_of_labor,6db6155f8e75e009,955.2225723853155,32.00000000000034,3.0,0.0,3.0,1.0,1.0,"(5, 2)","[p(2, 2)_cs(1.0)_ws(1.0)]_[p(5, 2)_cs(1.0)_ws(1.0)]"
1303,tomato,start cutting,CuttingBoard_20,CuttingBoard,20,start cutting tomato,player_85c38b84,baseline_division_of_labor,6db6155f8e75e009,1003.2225723853157,48.00000000000023,3.0,0.0,3.0,1.0,1.0,"(5, 2)","[p(2, 2)_cs(1.0)_ws(1.0)]_[p(5, 2)_cs(1.0)_ws(1.0)]"
1371,tomato_cut,pick up,CuttingBoard_10,CuttingBoard,10,pick up tomato_cut from cuttingboard,player_85c38b84,baseline_division_of_labor,6db6155f8e75e009,1019.222572385316,16.000000000000227,3.0,0.0,3.0,1.0,1.0,"(5, 2)","[p(2, 2)_cs(1.0)_ws(1.0)]_[p(5, 2)_cs(1.0)_ws(1.0)]"
1422,tomato_cut,assemble salad,Counter_34,Counter,34,assemble salad,player_85c38b84,baseline_division_of_labor,6db6155f8e75e009,1073.6523298595878,54.42975747427181,3.0,0.0,3.0,1.0,1.0,"(5, 2)","[p(2, 2)_cs(1.0)_ws(1.0)]_[p(5, 2)_cs(1.0)_ws(1.0)]"
1443,tomato_salad,pick up,Counter_34,Counter,34,pick up tomato_salad from counter,player_85c38b84,baseline_division_of_labor,6db6155f8e75e009,1073.6523298595878,0.0,3.0,0.0,3.0,1.0,1.0,"(5, 2)","[p(2, 2)_cs(1.0)_ws(1.0)]_[p(5, 2)_cs(1.0)_ws(1.0)]"
1458,tomato_salad,put down,Counter_34,Counter,34,put down tomato_salad on counter,player_85c38b84,baseline_division_of_labor,6db6155f8e75e009,1073.6523298595878,0.0,3.0,0.0,3.0,1.0,1.0,"(5, 2)","[p(2, 2)_cs(1.0)_ws(1.0)]_[p(5, 2)_cs(1.0)_ws(1.0)]"
1563,tomato_cut,pick up,CuttingBoard_20,CuttingBoard,20,pick up tomato_cut from cuttingboard,player_85c38b84,baseline_division_of_labor,6db6155f8e75e009,1219.6933269536946,146.04099709410684,4.0,0.0,3.0,1.0,1.0,"(5, 2)","[p(2, 2)_cs(1.0)_ws(1.0)]_[p(5, 2)_cs(1.0)_ws(1.0)]"
1599,tomato_cut,assemble salad,Counter_32,Counter,32,assemble salad,player_85c38b84,baseline_division_of_labor,6db6155f8e75e009,1235.6933269536942,15.999999999999545,4.0,0.0,3.0,1.0,1.0,"(5, 2)","[p(2, 2)_cs(1.0)_ws(1.0)]_[p(5, 2)_cs(1.0)_ws(1.0)]"
1614,tomato_salad,pick up,Counter_32,Counter,32,pick up tomato_salad from counter,player_85c38b84,baseline_division_of_labor,6db6155f8e75e009,1235.6933269536942,0.0,4.0,0.0,3.0,1.0,1.0,"(5, 2)","[p(2, 2)_cs(1.0)_ws(1.0)]_[p(5, 2)_cs(1.0)_ws(1.0)]"
1658,tomato_salad,deliver,Delivery_63,Delivery,63,deliver tomato_salad,player_85c38b84,baseline_division_of_labor,6db6155f8e75e009,1280.9481609496322,45.25483399593804,5.0,1.0,4.0,1.0,1.0,"(5, 2)","[p(2, 2)_cs(1.0)_ws(1.0)]_[p(5, 2)_cs(1.0)_ws(1.0)]"
1704,tomato,pick up,Dispenser_40,Dispenser,40,pick up tomato from dispenser,player_85c38b84,baseline_division_of_labor,6db6155f8e75e009,1319.3594207896579,38.41125984002565,5.0,0.0,4.0,1.0,1.0,"(5, 2)","[p(2, 2)_cs(1.0)_ws(1.0)]_[p(5, 2)_cs(1.0)_ws(1.0)]"
1734,tomato,start cutting,CuttingBoard_20,CuttingBoard,20,start cutting tomato,player_85c38b84,baseline_division_of_labor,6db6155f8e75e009,1351.3594207896572,31.999999999999318,5.0,0.0,4.0,1.0,1.0,"(5, 2)","[p(2, 2)_cs(1.0)_ws(1.0)]_[p(5, 2)_cs(1.0)_ws(1.0)]"
1813,plate,pick up,Dispenser_60,Dispenser,60,pick up plate from dispenser,player_85c38b84,baseline_division_of_labor,6db6155f8e75e009,1415.359420789655,63.999999999997726,5.0,0.0,4.0,1.0,1.0,"(5, 2)","[p(2, 2)_cs(1.0)_ws(1.0)]_[p(5, 2)_cs(1.0)_ws(1.0)]"
1854,plate,put down,Counter_32,Counter,32,put down plate on counter,player_85c38b84,baseline_division_of_labor,6db6155f8e75e009,1453.7664834564189,38.40706266676398,5.0,0.0,4.0,1.0,1.0,"(5, 2)","[p(2, 2)_cs(1.0)_ws(1.0)]_[p(5, 2)_cs(1.0)_ws(1.0)]"
1885,tomato_cut,pick up,CuttingBoard_20,CuttingBoard,20,pick up tomato_cut from cuttingboard,player_85c38b84,baseline_division_of_labor,6db6155f8e75e009,1492.2734101813146,38.50692672489572,5.0,0.0,4.0,1.0,1.0,"(5, 2)","[p(2, 2)_cs(1.0)_ws(1.0)]_[p(5, 2)_cs(1.0)_ws(1.0)]"
1912,tomato_cut,assemble salad,Counter_32,Counter,32,assemble salad,player_85c38b84,baseline_division_of_labor,6db6155f8e75e009,1508.2734101813141,15.999999999999545,5.0,0.0,4.0,1.0,1.0,"(5, 2)","[p(2, 2)_cs(1.0)_ws(1.0)]_[p(5, 2)_cs(1.0)_ws(1.0)]"
1928,tomato_salad,pick up,Counter_32,Counter,32,pick up tomato_salad from counter,player_85c38b84,baseline_division_of_labor,6db6155f8e75e009,1508.2734101813141,0.0,5.0,0.0,4.0,1.0,1.0,"(5, 2)","[p(2, 2)_cs(1.0)_ws(1.0)]_[p(5, 2)_cs(1.0)_ws(1.0)]"
1965,tomato_salad,deliver,Delivery_63,Delivery,63,deliver tomato_salad,player_85c38b84,baseline_division_of_labor,6db6155f8e75e009,1553.5282441772522,45.25483399593804,6.0,1.0,5.0,1.0,1.0,"(5, 2)","[p(2, 2)_cs(1.0)_ws(1.0)]_[p(5, 2)_cs(1.0)_ws(1.0)]"
2017,tomato,pick up,Dispenser_40,Dispenser,40,pick up tomato from dispenser,player_85c38b84,baseline_division_of_labor,6db6155f8e75e009,1591.9395040172778,38.41125984002565,7.0,0.0,5.0,1.0,1.0,"(5, 2)","[p(2, 2)_cs(1.0)_ws(1.0)]_[p(5, 2)_cs(1.0)_ws(1.0)]"
2054,tomato,start cutting,CuttingBoard_20,CuttingBoard,20,start cutting tomato,player_85c38b84,baseline_division_of_labor,6db6155f8e75e009,1623.9395040172772,31.999999999999318,7.0,0.0,5.0,1.0,1.0,"(5, 2)","[p(2, 2)_cs(1.0)_ws(1.0)]_[p(5, 2)_cs(1.0)_ws(1.0)]"
2130,plate,pick up,Dispenser_60,Dispenser,60,pick up plate from dispenser,player_85c38b84,baseline_division_of_labor,6db6155f8e75e009,1687.9395040172749,63.999999999997726,7.0,0.0,5.0,1.0,1.0,"(5, 2)","[p(2, 2)_cs(1.0)_ws(1.0)]_[p(5, 2)_cs(1.0)_ws(1.0)]"
