tick,item,action,target,target_type,target_position,action_long,player_id,map_name,game_id,distance_walked,distance_walked_since_last_action,overall_score,player_score_change,player_score,walking_speed,cutting_speed,start_pos,condition,source,last_touched,touched_list,tomato_history,plate_history,is_exchange_collaboration
53,tomato,pick up,Dispenser_50,Dispenser,50,pick up tomato from dispenser,player_bf0f0f88,forced_division_of_labor,5c0fd6d627505438,26.899106900536232,0.0,0.0,0.0,0.0,1.0,1.0,"(5, 2)","[p(2, 2)_cs(1.0)_ws(1.0)]_[p(5, 2)_cs(1.0)_ws(1.0)]",player_bf0f0f88_actions,,[],,,
83,tomato,put down,Counter_33,Counter,33,put down tomato on counter,player_bf0f0f88,forced_division_of_labor,5c0fd6d627505438,65.31036674056222,38.411259840025984,0.0,0.0,0.0,1.0,1.0,"(5, 2)","[p(2, 2)_cs(1.0)_ws(1.0)]_[p(5, 2)_cs(1.0)_ws(1.0)]",player_bf0f0f88_actions,player_bf0f0f88,['player_bf0f0f88'],,,
105,tomato,pick up,Dispenser_40,Dispenser,40,pick up tomato from dispenser,player_bf0f0f88,forced_division_of_labor,5c0fd6d627505438,97.31036674056222,32.0,0.0,0.0,0.0,1.0,1.0,"(5, 2)","[p(2, 2)_cs(1.0)_ws(1.0)]_[p(5, 2)_cs(1.0)_ws(1.0)]",player_bf0f0f88_actions,,[],,,
120,tomato,put down,Counter_32,Counter,32,put down tomato on counter,player_bf0f0f88,forced_division_of_labor,5c0fd6d627505438,113.31036674056222,16.0,0.0,0.0,0.0,1.0,1.0,"(5, 2)","[p(2, 2)_cs(1.0)_ws(1.0)]_[p(5, 2)_cs(1.0)_ws(1.0)]",player_bf0f0f88_actions,player_bf0f0f88,['player_bf0f0f88'],,,
130,tomato,pick up,Counter_32,Counter,32,pick up tomato from counter,player_0df847c8,forced_division_of_labor,5c0fd6d627505438,39.99999999999738,0.0,0.0,0.0,0.0,1.0,1.0,"(2, 2)","[p(2, 2)_cs(1.0)_ws(1.0)]_[p(5, 2)_cs(1.0)_ws(1.0)]",player_0df847c8_actions,player_bf0f0f88,['player_bf0f0f88'],,,True
153,tomato,pick up,Dispenser_40,Dispenser,40,pick up tomato from dispenser,player_bf0f0f88,forced_division_of_labor,5c0fd6d627505438,162.44316525311154,49.13279851254933,0.0,0.0,0.0,1.0,1.0,"(5, 2)","[p(2, 2)_cs(1.0)_ws(1.0)]_[p(5, 2)_cs(1.0)_ws(1.0)]",player_bf0f0f88_actions,,[],,,
163,tomato,start cutting,CuttingBoard_10,CuttingBoard,10,start cutting tomato,player_0df847c8,forced_division_of_labor,5c0fd6d627505438,62.62741699796689,22.62741699796951,0.0,0.0,0.0,1.0,1.0,"(2, 2)","[p(2, 2)_cs(1.0)_ws(1.0)]_[p(5, 2)_cs(1.0)_ws(1.0)]",player_0df847c8_actions,player_0df847c8,"['player_bf0f0f88', 'player_0df847c8']",,,
167,tomato,put down,Counter_32,Counter,32,put down tomato on counter,player_bf0f0f88,forced_division_of_labor,5c0fd6d627505438,178.44316525311154,16.0,0.0,0.0,0.0,1.0,1.0,"(5, 2)","[p(2, 2)_cs(1.0)_ws(1.0)]_[p(5, 2)_cs(1.0)_ws(1.0)]",player_bf0f0f88_actions,player_bf0f0f88,['player_bf0f0f88'],,,
195,tomato,pick up,Counter_32,Counter,32,pick up tomato from counter,player_0df847c8,forced_division_of_labor,5c0fd6d627505438,85.25483399593638,22.62741699796949,0.0,0.0,0.0,1.0,1.0,"(2, 2)","[p(2, 2)_cs(1.0)_ws(1.0)]_[p(5, 2)_cs(1.0)_ws(1.0)]",player_0df847c8_actions,player_bf0f0f88,['player_bf0f0f88'],,,True
200,plate,pick up,Dispenser_60,Dispenser,60,pick up plate from dispenser,player_bf0f0f88,forced_division_of_labor,5c0fd6d627505438,216.8502279198765,38.40706266676494,0.0,0.0,0.0,1.0,1.0,"(5, 2)","[p(2, 2)_cs(1.0)_ws(1.0)]_[p(5, 2)_cs(1.0)_ws(1.0)]",player_bf0f0f88_actions,,[],,,
212,tomato,start cutting,CuttingBoard_20,CuttingBoard,20,start cutting tomato,player_0df847c8,forced_division_of_labor,5c0fd6d627505438,101.25483399593638,16.0,0.0,0.0,0.0,1.0,1.0,"(2, 2)","[p(2, 2)_cs(1.0)_ws(1.0)]_[p(5, 2)_cs(1.0)_ws(1.0)]",player_0df847c8_actions,player_0df847c8,"['player_bf0f0f88', 'player_0df847c8']",,,
237,plate,put down,Counter_34,Counter,34,put down plate on counter,player_bf0f0f88,forced_division_of_labor,5c0fd6d627505438,286.31209944568735,69.46187152581086,0.0,0.0,0.0,1.0,1.0,"(5, 2)","[p(2, 2)_cs(1.0)_ws(1.0)]_[p(5, 2)_cs(1.0)_ws(1.0)]",player_bf0f0f88_actions,player_bf0f0f88,['player_bf0f0f88'],,,
272,plate,pick up,Dispenser_60,Dispenser,60,pick up plate from dispenser,player_bf0f0f88,forced_division_of_labor,5c0fd6d627505438,347.22828634822514,60.91618690253779,0.0,0.0,0.0,1.0,1.0,"(5, 2)","[p(2, 2)_cs(1.0)_ws(1.0)]_[p(5, 2)_cs(1.0)_ws(1.0)]",player_bf0f0f88_actions,,[],,,
294,tomato_cut,pick up,CuttingBoard_10,CuttingBoard,10,pick up tomato_cut from cuttingboard,player_0df847c8,forced_division_of_labor,5c0fd6d627505438,117.25483399593638,16.0,0.0,0.0,0.0,1.0,1.0,"(2, 2)","[p(2, 2)_cs(1.0)_ws(1.0)]_[p(5, 2)_cs(1.0)_ws(1.0)]",player_0df847c8_actions,player_0df847c8,"['player_bf0f0f88', 'player_0df847c8']",,,False
311,plate,put down,Counter_35,Counter,35,put down plate on counter,player_bf0f0f88,forced_division_of_labor,5c0fd6d627505438,424.162390778795,76.93410443056979,0.0,0.0,0.0,1.0,1.0,"(5, 2)","[p(2, 2)_cs(1.0)_ws(1.0)]_[p(5, 2)_cs(1.0)_ws(1.0)]",player_bf0f0f88_actions,player_bf0f0f88,['player_bf0f0f88'],,,
323,tomato_cut,assemble salad,Counter_34,Counter,34,assemble salad,player_0df847c8,forced_division_of_labor,5c0fd6d627505438,171.68459147020872,54.429757474272336,0.0,0.0,0.0,1.0,1.0,"(2, 2)","[p(2, 2)_cs(1.0)_ws(1.0)]_[p(5, 2)_cs(1.0)_ws(1.0)]",player_0df847c8_actions,player_bf0f0f88,['player_0df847c8'],"['player_bf0f0f88', 'player_0df847c8', 'player_0df847c8']",['player_bf0f0f88'],True
341,tomato_salad,pick up,Counter_34,Counter,34,pick up tomato_salad from counter,player_bf0f0f88,forced_division_of_labor,5c0fd6d627505438,440.162390778795,16.0,0.0,0.0,0.0,1.0,1.0,"(5, 2)","[p(2, 2)_cs(1.0)_ws(1.0)]_[p(5, 2)_cs(1.0)_ws(1.0)]",player_bf0f0f88_actions,player_0df847c8,['player_0df847c8'],"['player_bf0f0f88', 'player_0df847c8', 'player_0df847c8']",['player_bf0f0f88'],True
362,tomato_cut,pick up,CuttingBoard_20,CuttingBoard,20,pick up tomato_cut from cuttingboard,player_0df847c8,forced_division_of_labor,5c0fd6d627505438,219.68459147020872,48.0,0.0,0.0,0.0,1.0,1.0,"(2, 2)","[p(2, 2)_cs(1.0)_ws(1.0)]_[p(5, 2)_cs(1.0)_ws(1.0)]",player_0df847c8_actions,player_0df847c8,"['player_bf0f0f88', 'player_0df847c8']",,,False
370,tomato_salad,deliver,Delivery_64,Delivery,64,deliver tomato_salad,player_bf0f0f88,forced_division_of_labor,5c0fd6d627505438,456.162390778795,16.0,1.0,1.0,1.0,1.0,1.0,"(5, 2)","[p(2, 2)_cs(1.0)_ws(1.0)]_[p(5, 2)_cs(1.0)_ws(1.0)]",player_bf0f0f88_actions,player_bf0f0f88,"['player_0df847c8', 'player_bf0f0f88']","['player_bf0f0f88', 'player_0df847c8', 'player_0df847c8']",['player_bf0f0f88'],
400,tomato,pick up,Dispenser_40,Dispenser,40,pick up tomato from dispenser,player_bf0f0f88,forced_division_of_labor,5c0fd6d627505438,510.5817624220441,54.41937164324912,1.0,0.0,1.0,1.0,1.0,"(5, 2)","[p(2, 2)_cs(1.0)_ws(1.0)]_[p(5, 2)_cs(1.0)_ws(1.0)]",player_bf0f0f88_actions,,[],,,
402,tomato_cut,assemble salad,Counter_35,Counter,35,assemble salad,player_0df847c8,forced_division_of_labor,5c0fd6d627505438,283.6845914702087,64.0,1.0,0.0,0.0,1.0,1.0,"(2, 2)","[p(2, 2)_cs(1.0)_ws(1.0)]_[p(5, 2)_cs(1.0)_ws(1.0)]",player_0df847c8_actions,player_bf0f0f88,['player_0df847c8'],"['player_bf0f0f88', 'player_0df847c8', 'player_0df847c8']",['player_bf0f0f88'],True
418,tomato,put down,Counter_32,Counter,32,put down tomato on counter,player_bf0f0f88,forced_division_of_labor,5c0fd6d627505438,526.5817624220442,16.00000000000017,1.0,0.0,1.0,1.0,1.0,"(5, 2)","[p(2, 2)_cs(1.0)_ws(1.0)]_[p(5, 2)_cs(1.0)_ws(1.0)]",player_bf0f0f88_actions,player_bf0f0f88,['player_bf0f0f88'],,,
424,tomato,pick up,Counter_33,Counter,33,pick up tomato from counter,player_0df847c8,forced_division_of_labor,5c0fd6d627505438,315.6845914702087,32.0,1.0,0.0,0.0,1.0,1.0,"(2, 2)","[p(2, 2)_cs(1.0)_ws(1.0)]_[p(5, 2)_cs(1.0)_ws(1.0)]",player_0df847c8_actions,player_bf0f0f88,['player_bf0f0f88'],,,True
444,plate,pick up,Dispenser_60,Dispenser,60,pick up plate from dispenser,player_bf0f0f88,forced_division_of_labor,5c0fd6d627505438,564.9888250888093,38.407062666765114,1.0,0.0,1.0,1.0,1.0,"(5, 2)","[p(2, 2)_cs(1.0)_ws(1.0)]_[p(5, 2)_cs(1.0)_ws(1.0)]",player_bf0f0f88_actions,,[],,,
447,tomato,start cutting,CuttingBoard_20,CuttingBoard,20,start cutting tomato,player_0df847c8,forced_division_of_labor,5c0fd6d627505438,347.68459147020906,32.00000000000034,1.0,0.0,0.0,1.0,1.0,"(2, 2)","[p(2, 2)_cs(1.0)_ws(1.0)]_[p(5, 2)_cs(1.0)_ws(1.0)]",player_0df847c8_actions,player_0df847c8,"['player_bf0f0f88', 'player_0df847c8']",,,
468,plate,put down,Counter_33,Counter,33,put down plate on counter,player_bf0f0f88,forced_division_of_labor,5c0fd6d627505438,610.243659084749,45.254833995939634,1.0,0.0,1.0,1.0,1.0,"(5, 2)","[p(2, 2)_cs(1.0)_ws(1.0)]_[p(5, 2)_cs(1.0)_ws(1.0)]",player_bf0f0f88_actions,player_bf0f0f88,['player_bf0f0f88'],,,
478,tomato,pick up,Counter_32,Counter,32,pick up tomato from counter,player_0df847c8,forced_division_of_labor,5c0fd6d627505438,363.6845914702092,16.00000000000017,1.0,0.0,0.0,1.0,1.0,"(2, 2)","[p(2, 2)_cs(1.0)_ws(1.0)]_[p(5, 2)_cs(1.0)_ws(1.0)]",player_0df847c8_actions,player_bf0f0f88,['player_bf0f0f88'],,,True
495,plate,pick up,Dispenser_60,Dispenser,60,pick up plate from dispenser,player_bf0f0f88,forced_division_of_labor,5c0fd6d627505438,655.4984930806886,45.254833995939634,1.0,0.0,1.0,1.0,1.0,"(5, 2)","[p(2, 2)_cs(1.0)_ws(1.0)]_[p(5, 2)_cs(1.0)_ws(1.0)]",player_bf0f0f88_actions,,[],,,
498,tomato,start cutting,CuttingBoard_10,CuttingBoard,10,start cutting tomato,player_0df847c8,forced_division_of_labor,5c0fd6d627505438,386.3120084681787,22.627416997969476,1.0,0.0,0.0,1.0,1.0,"(2, 2)","[p(2, 2)_cs(1.0)_ws(1.0)]_[p(5, 2)_cs(1.0)_ws(1.0)]",player_0df847c8_actions,player_0df847c8,"['player_bf0f0f88', 'player_0df847c8']",,,
531,plate,put down,Counter_34,Counter,34,put down plate on counter,player_bf0f0f88,forced_division_of_labor,5c0fd6d627505438,716.414679983227,60.91618690253836,1.0,0.0,1.0,1.0,1.0,"(5, 2)","[p(2, 2)_cs(1.0)_ws(1.0)]_[p(5, 2)_cs(1.0)_ws(1.0)]",player_bf0f0f88_actions,player_bf0f0f88,['player_bf0f0f88'],,,
546,tomato_cut,pick up,CuttingBoard_10,CuttingBoard,10,pick up tomato_cut from cuttingboard,player_0df847c8,forced_division_of_labor,5c0fd6d627505438,386.3120084681787,0.0,1.0,0.0,0.0,1.0,1.0,"(2, 2)","[p(2, 2)_cs(1.0)_ws(1.0)]_[p(5, 2)_cs(1.0)_ws(1.0)]",player_0df847c8_actions,player_0df847c8,"['player_bf0f0f88', 'player_0df847c8']",,,False
548,tomato_salad,pick up,Counter_35,Counter,35,pick up tomato_salad from counter,player_bf0f0f88,forced_division_of_labor,5c0fd6d627505438,732.414679983227,16.0,1.0,0.0,1.0,1.0,1.0,"(5, 2)","[p(2, 2)_cs(1.0)_ws(1.0)]_[p(5, 2)_cs(1.0)_ws(1.0)]",player_bf0f0f88_actions,player_0df847c8,['player_0df847c8'],"['player_bf0f0f88', 'player_0df847c8', 'player_0df847c8']",['player_bf0f0f88'],True
566,tomato_salad,deliver,Delivery_64,Delivery,64,deliver tomato_salad,player_bf0f0f88,forced_division_of_labor,5c0fd6d627505438,755.0420969811968,22.627416997969817,2.0,1.0,2.0,1.0,1.0,"(5, 2)","[p(2, 2)_cs(1.0)_ws(1.0)]_[p(5, 2)_cs(1.0)_ws(1.0)]",player_bf0f0f88_actions,player_bf0f0f88,"['player_0df847c8', 'player_bf0f0f88']","['player_bf0f0f88', 'player_0df847c8', 'player_0df847c8']",['player_bf0f0f88'],
573,tomato_cut,assemble salad,Counter_33,Counter,33,assemble salad,player_0df847c8,forced_division_of_labor,5c0fd6d627505438,424.7232683082049,38.41125984002622,2.0,0.0,0.0,1.0,1.0,"(2, 2)","[p(2, 2)_cs(1.0)_ws(1.0)]_[p(5, 2)_cs(1.0)_ws(1.0)]",player_0df847c8_actions,player_bf0f0f88,['player_0df847c8'],"['player_bf0f0f88', 'player_0df847c8', 'player_0df847c8']",['player_bf0f0f88'],True
597,tomato,pick up,Dispenser_40,Dispenser,40,pick up tomato from dispenser,player_bf0f0f88,forced_division_of_labor,5c0fd6d627505438,809.4614686244457,54.41937164324895,2.0,0.0,2.0,1.0,1.0,"(5, 2)","[p(2, 2)_cs(1.0)_ws(1.0)]_[p(5, 2)_cs(1.0)_ws(1.0)]",player_bf0f0f88_actions,,[],,,
611,tomato,put down,Counter_32,Counter,32,put down tomato on counter,player_bf0f0f88,forced_division_of_labor,5c0fd6d627505438,825.4614686244458,16.000000000000114,2.0,0.0,2.0,1.0,1.0,"(5, 2)","[p(2, 2)_cs(1.0)_ws(1.0)]_[p(5, 2)_cs(1.0)_ws(1.0)]",player_bf0f0f88_actions,player_bf0f0f88,['player_bf0f0f88'],,,
623,tomato_cut,pick up,CuttingBoard_20,CuttingBoard,20,pick up tomato_cut from cuttingboard,player_0df847c8,forced_division_of_labor,5c0fd6d627505438,456.7232683082052,32.000000000000284,2.0,0.0,0.0,1.0,1.0,"(2, 2)","[p(2, 2)_cs(1.0)_ws(1.0)]_[p(5, 2)_cs(1.0)_ws(1.0)]",player_0df847c8_actions,player_0df847c8,"['player_bf0f0f88', 'player_0df847c8']",,,False
626,tomato,pick up,Dispenser_40,Dispenser,40,pick up tomato from dispenser,player_bf0f0f88,forced_division_of_labor,5c0fd6d627505438,841.4614686244461,16.000000000000227,2.0,0.0,2.0,1.0,1.0,"(5, 2)","[p(2, 2)_cs(1.0)_ws(1.0)]_[p(5, 2)_cs(1.0)_ws(1.0)]",player_bf0f0f88_actions,,[],,,
660,tomato_cut,assemble salad,Counter_34,Counter,34,assemble salad,player_0df847c8,forced_division_of_labor,5c0fd6d627505438,504.72326830820566,48.000000000000455,2.0,0.0,0.0,1.0,1.0,"(2, 2)","[p(2, 2)_cs(1.0)_ws(1.0)]_[p(5, 2)_cs(1.0)_ws(1.0)]",player_0df847c8_actions,player_bf0f0f88,['player_0df847c8'],"['player_bf0f0f88', 'player_0df847c8', 'player_0df847c8']",['player_bf0f0f88'],True
660,tomato,put down,Counter_35,Counter,35,put down tomato on counter,player_bf0f0f88,forced_division_of_labor,5c0fd6d627505438,905.4614686244464,64.00000000000045,2.0,0.0,2.0,1.0,1.0,"(5, 2)","[p(2, 2)_cs(1.0)_ws(1.0)]_[p(5, 2)_cs(1.0)_ws(1.0)]",player_bf0f0f88_actions,player_bf0f0f88,['player_bf0f0f88'],,,
682,tomato_salad,pick up,Counter_33,Counter,33,pick up tomato_salad from counter,player_bf0f0f88,forced_division_of_labor,5c0fd6d627505438,937.4614686244464,32.0,2.0,0.0,2.0,1.0,1.0,"(5, 2)","[p(2, 2)_cs(1.0)_ws(1.0)]_[p(5, 2)_cs(1.0)_ws(1.0)]",player_bf0f0f88_actions,player_0df847c8,['player_0df847c8'],"['player_bf0f0f88', 'player_0df847c8', 'player_0df847c8']",['player_bf0f0f88'],True
685,tomato,pick up,Counter_32,Counter,32,pick up tomato from counter,player_0df847c8,forced_division_of_labor,5c0fd6d627505438,536.7232683082059,32.00000000000023,2.0,0.0,0.0,1.0,1.0,"(2, 2)","[p(2, 2)_cs(1.0)_ws(1.0)]_[p(5, 2)_cs(1.0)_ws(1.0)]",player_0df847c8_actions,player_bf0f0f88,['player_bf0f0f88'],,,True
700,tomato,start cutting,CuttingBoard_20,CuttingBoard,20,start cutting tomato,player_0df847c8,forced_division_of_labor,5c0fd6d627505438,552.7232683082061,16.000000000000227,3.0,0.0,0.0,1.0,1.0,"(2, 2)","[p(2, 2)_cs(1.0)_ws(1.0)]_[p(5, 2)_cs(1.0)_ws(1.0)]",player_0df847c8_actions,player_0df847c8,"['player_bf0f0f88', 'player_0df847c8']",,,
700,tomato_salad,deliver,Delivery_63,Delivery,63,deliver tomato_salad,player_bf0f0f88,forced_division_of_labor,5c0fd6d627505438,953.4614686244464,16.0,3.0,1.0,3.0,1.0,1.0,"(5, 2)","[p(2, 2)_cs(1.0)_ws(1.0)]_[p(5, 2)_cs(1.0)_ws(1.0)]",player_bf0f0f88_actions,player_bf0f0f88,"['player_0df847c8', 'player_bf0f0f88']","['player_bf0f0f88', 'player_0df847c8', 'player_0df847c8']",['player_bf0f0f88'],
717,tomato_salad,pick up,Counter_34,Counter,34,pick up tomato_salad from counter,player_bf0f0f88,forced_division_of_labor,5c0fd6d627505438,976.0888856224165,22.627416997969817,3.0,0.0,3.0,1.0,1.0,"(5, 2)","[p(2, 2)_cs(1.0)_ws(1.0)]_[p(5, 2)_cs(1.0)_ws(1.0)]",player_bf0f0f88_actions,player_0df847c8,['player_0df847c8'],"['player_bf0f0f88', 'player_0df847c8', 'player_0df847c8']",['player_bf0f0f88'],True
735,tomato_salad,deliver,Delivery_63,Delivery,63,deliver tomato_salad,player_bf0f0f88,forced_division_of_labor,5c0fd6d627505438,998.7163026203862,22.627416997969817,4.0,1.0,4.0,1.0,1.0,"(5, 2)","[p(2, 2)_cs(1.0)_ws(1.0)]_[p(5, 2)_cs(1.0)_ws(1.0)]",player_bf0f0f88_actions,player_bf0f0f88,"['player_0df847c8', 'player_bf0f0f88']","['player_bf0f0f88', 'player_0df847c8', 'player_0df847c8']",['player_bf0f0f88'],
761,tomato,pick up,Counter_35,Counter,35,pick up tomato from counter,player_0df847c8,forced_division_of_labor,5c0fd6d627505438,616.7232683082066,64.00000000000045,4.0,0.0,0.0,1.0,1.0,"(2, 2)","[p(2, 2)_cs(1.0)_ws(1.0)]_[p(5, 2)_cs(1.0)_ws(1.0)]",player_0df847c8_actions,player_bf0f0f88,['player_bf0f0f88'],,,True
763,plate,pick up,Dispenser_60,Dispenser,60,pick up plate from dispenser,player_bf0f0f88,forced_division_of_labor,5c0fd6d627505438,1037.1275624604125,38.41125984002633,4.0,0.0,4.0,1.0,1.0,"(5, 2)","[p(2, 2)_cs(1.0)_ws(1.0)]_[p(5, 2)_cs(1.0)_ws(1.0)]",player_bf0f0f88_actions,,[],,,
787,plate,put down,Counter_32,Counter,32,put down plate on counter,player_bf0f0f88,forced_division_of_labor,5c0fd6d627505438,1075.5346251271767,38.407062666764205,4.0,0.0,4.0,1.0,1.0,"(5, 2)","[p(2, 2)_cs(1.0)_ws(1.0)]_[p(5, 2)_cs(1.0)_ws(1.0)]",player_bf0f0f88_actions,player_bf0f0f88,['player_bf0f0f88'],,,
800,tomato,start cutting,CuttingBoard_10,CuttingBoard,10,start cutting tomato,player_0df847c8,forced_division_of_labor,5c0fd6d627505438,687.2151808321336,70.491912523927,4.0,0.0,0.0,1.0,1.0,"(2, 2)","[p(2, 2)_cs(1.0)_ws(1.0)]_[p(5, 2)_cs(1.0)_ws(1.0)]",player_0df847c8_actions,player_0df847c8,"['player_bf0f0f88', 'player_0df847c8']",,,
814,plate,pick up,Dispenser_60,Dispenser,60,pick up plate from dispenser,player_bf0f0f88,forced_division_of_labor,5c0fd6d627505438,1113.9416877939404,38.40706266676375,4.0,0.0,4.0,1.0,1.0,"(5, 2)","[p(2, 2)_cs(1.0)_ws(1.0)]_[p(5, 2)_cs(1.0)_ws(1.0)]",player_bf0f0f88_actions,,[],,,
840,plate,put down,Counter_33,Counter,33,put down plate on counter,player_bf0f0f88,forced_division_of_labor,5c0fd6d627505438,1159.1965217898785,45.254833995937815,4.0,0.0,4.0,1.0,1.0,"(5, 2)","[p(2, 2)_cs(1.0)_ws(1.0)]_[p(5, 2)_cs(1.0)_ws(1.0)]",player_bf0f0f88_actions,player_bf0f0f88,['player_bf0f0f88'],,,
853,tomato_cut,pick up,CuttingBoard_10,CuttingBoard,10,pick up tomato_cut from cuttingboard,player_0df847c8,forced_division_of_labor,5c0fd6d627505438,687.2151808321336,0.0,4.0,0.0,0.0,1.0,1.0,"(2, 2)","[p(2, 2)_cs(1.0)_ws(1.0)]_[p(5, 2)_cs(1.0)_ws(1.0)]",player_0df847c8_actions,player_0df847c8,"['player_bf0f0f88', 'player_0df847c8']",,,False
862,tomato,pick up,Dispenser_40,Dispenser,40,pick up tomato from dispenser,player_bf0f0f88,forced_division_of_labor,5c0fd6d627505438,1191.1965217898774,31.99999999999909,4.0,0.0,4.0,1.0,1.0,"(5, 2)","[p(2, 2)_cs(1.0)_ws(1.0)]_[p(5, 2)_cs(1.0)_ws(1.0)]",player_bf0f0f88_actions,,[],,,
867,tomato_cut,assemble salad,Counter_32,Counter,32,assemble salad,player_0df847c8,forced_division_of_labor,5c0fd6d627505438,709.8425978301032,22.62741699796959,4.0,0.0,0.0,1.0,1.0,"(2, 2)","[p(2, 2)_cs(1.0)_ws(1.0)]_[p(5, 2)_cs(1.0)_ws(1.0)]",player_0df847c8_actions,player_bf0f0f88,['player_0df847c8'],"['player_bf0f0f88', 'player_0df847c8', 'player_0df847c8']",['player_bf0f0f88'],True
899,tomato,put down,Counter_35,Counter,35,put down tomato on counter,player_bf0f0f88,forced_division_of_labor,5c0fd6d627505438,1255.196521789875,63.999999999997726,4.0,0.0,4.0,1.0,1.0,"(5, 2)","[p(2, 2)_cs(1.0)_ws(1.0)]_[p(5, 2)_cs(1.0)_ws(1.0)]",player_bf0f0f88_actions,player_bf0f0f88,['player_bf0f0f88'],,,
904,tomato_cut,pick up,CuttingBoard_20,CuttingBoard,20,pick up tomato_cut from cuttingboard,player_0df847c8,forced_division_of_labor,5c0fd6d627505438,725.8425978301034,16.000000000000227,4.0,0.0,0.0,1.0,1.0,"(2, 2)","[p(2, 2)_cs(1.0)_ws(1.0)]_[p(5, 2)_cs(1.0)_ws(1.0)]",player_0df847c8_actions,player_0df847c8,"['player_bf0f0f88', 'player_0df847c8']",,,False
929,tomato_salad,pick up,Counter_32,Counter,32,pick up tomato_salad from counter,player_bf0f0f88,forced_division_of_labor,5c0fd6d627505438,1303.1965217898733,47.99999999999818,4.0,0.0,4.0,1.0,1.0,"(5, 2)","[p(2, 2)_cs(1.0)_ws(1.0)]_[p(5, 2)_cs(1.0)_ws(1.0)]",player_bf0f0f88_actions,player_0df847c8,['player_0df847c8'],"['player_bf0f0f88', 'player_0df847c8', 'player_0df847c8']",['player_bf0f0f88'],True
934,tomato_cut,assemble salad,Counter_33,Counter,33,assemble salad,player_0df847c8,forced_division_of_labor,5c0fd6d627505438,757.8425978301037,32.00000000000034,4.0,0.0,0.0,1.0,1.0,"(2, 2)","[p(2, 2)_cs(1.0)_ws(1.0)]_[p(5, 2)_cs(1.0)_ws(1.0)]",player_0df847c8_actions,player_bf0f0f88,['player_0df847c8'],"['player_bf0f0f88', 'player_0df847c8', 'player_0df847c8']",['player_bf0f0f88'],True
948,tomato_salad,deliver,Delivery_63,Delivery,63,deliver tomato_salad,player_bf0f0f88,forced_division_of_labor,5c0fd6d627505438,1325.8239387878425,22.62741699796902,5.0,1.0,5.0,1.0,1.0,"(5, 2)","[p(2, 2)_cs(1.0)_ws(1.0)]_[p(5, 2)_cs(1.0)_ws(1.0)]",player_bf0f0f88_actions,player_bf0f0f88,"['player_0df847c8', 'player_bf0f0f88']","['player_bf0f0f88', 'player_0df847c8', 'player_0df847c8']",['player_bf0f0f88'],
961,tomato,pick up,Counter_35,Counter,35,pick up tomato from counter,player_0df847c8,forced_division_of_labor,5c0fd6d627505438,789.8425978301038,32.000000000000114,5.0,0.0,0.0,1.0,1.0,"(2, 2)","[p(2, 2)_cs(1.0)_ws(1.0)]_[p(5, 2)_cs(1.0)_ws(1.0)]",player_0df847c8_actions,player_bf0f0f88,['player_bf0f0f88'],,,True
973,tomato,pick up,Dispenser_40,Dispenser,40,pick up tomato from dispenser,player_bf0f0f88,forced_division_of_labor,5c0fd6d627505438,1364.235198627868,38.41125984002565,5.0,0.0,5.0,1.0,1.0,"(5, 2)","[p(2, 2)_cs(1.0)_ws(1.0)]_[p(5, 2)_cs(1.0)_ws(1.0)]",player_bf0f0f88_actions,,[],,,
991,tomato,put down,Counter_32,Counter,32,put down tomato on counter,player_bf0f0f88,forced_division_of_labor,5c0fd6d627505438,1380.2351986278677,15.999999999999543,5.0,0.0,5.0,1.0,1.0,"(5, 2)","[p(2, 2)_cs(1.0)_ws(1.0)]_[p(5, 2)_cs(1.0)_ws(1.0)]",player_bf0f0f88_actions,player_bf0f0f88,['player_bf0f0f88'],,,
998,tomato,start cutting,CuttingBoard_20,CuttingBoard,20,start cutting tomato,player_0df847c8,forced_division_of_labor,5c0fd6d627505438,853.8425978301042,64.00000000000034,5.0,0.0,0.0,1.0,1.0,"(2, 2)","[p(2, 2)_cs(1.0)_ws(1.0)]_[p(5, 2)_cs(1.0)_ws(1.0)]",player_0df847c8_actions,player_0df847c8,"['player_bf0f0f88', 'player_0df847c8']",,,
1009,tomato_salad,pick up,Counter_33,Counter,33,pick up tomato_salad from counter,player_bf0f0f88,forced_division_of_labor,5c0fd6d627505438,1396.235198627867,15.999999999999543,5.0,0.0,5.0,1.0,1.0,"(5, 2)","[p(2, 2)_cs(1.0)_ws(1.0)]_[p(5, 2)_cs(1.0)_ws(1.0)]",player_bf0f0f88_actions,player_0df847c8,['player_0df847c8'],"['player_bf0f0f88', 'player_0df847c8', 'player_0df847c8']",['player_bf0f0f88'],True
1024,tomato_salad,deliver,Delivery_63,Delivery,63,deliver tomato_salad,player_bf0f0f88,forced_division_of_labor,5c0fd6d627505438,1412.2351986278666,15.999999999999543,6.0,1.0,6.0,1.0,1.0,"(5, 2)","[p(2, 2)_cs(1.0)_ws(1.0)]_[p(5, 2)_cs(1.0)_ws(1.0)]",player_bf0f0f88_actions,player_bf0f0f88,"['player_0df847c8', 'player_bf0f0f88']","['player_bf0f0f88', 'player_0df847c8', 'player_0df847c8']",['player_bf0f0f88'],
1045,tomato,pick up,Counter_32,Counter,32,pick up tomato from counter,player_0df847c8,forced_division_of_labor,5c0fd6d627505438,869.8425978301043,16.000000000000114,6.0,0.0,0.0,1.0,1.0,"(2, 2)","[p(2, 2)_cs(1.0)_ws(1.0)]_[p(5, 2)_cs(1.0)_ws(1.0)]",player_0df847c8_actions,player_bf0f0f88,['player_bf0f0f88'],,,True
1048,plate,pick up,Dispenser_71,Dispenser,71,pick up plate from dispenser,player_bf0f0f88,forced_division_of_labor,5c0fd6d627505438,1450.6464584678922,38.41125984002565,6.0,0.0,6.0,1.0,1.0,"(5, 2)","[p(2, 2)_cs(1.0)_ws(1.0)]_[p(5, 2)_cs(1.0)_ws(1.0)]",player_bf0f0f88_actions,,[],,,
1065,tomato,start cutting,CuttingBoard_10,CuttingBoard,10,start cutting tomato,player_0df847c8,forced_division_of_labor,5c0fd6d627505438,892.470014828074,22.627416997969704,6.0,0.0,0.0,1.0,1.0,"(2, 2)","[p(2, 2)_cs(1.0)_ws(1.0)]_[p(5, 2)_cs(1.0)_ws(1.0)]",player_0df847c8_actions,player_0df847c8,"['player_bf0f0f88', 'player_0df847c8']",,,
1077,plate,put down,Counter_33,Counter,33,put down plate on counter,player_bf0f0f88,forced_division_of_labor,5c0fd6d627505438,1495.90129246383,45.254833995937815,6.0,0.0,6.0,1.0,1.0,"(5, 2)","[p(2, 2)_cs(1.0)_ws(1.0)]_[p(5, 2)_cs(1.0)_ws(1.0)]",player_bf0f0f88_actions,player_bf0f0f88,['player_bf0f0f88'],,,
1099,tomato,pick up,Dispenser_40,Dispenser,40,pick up tomato from dispenser,player_bf0f0f88,forced_division_of_labor,5c0fd6d627505438,1527.9012924638291,31.99999999999909,6.0,0.0,6.0,1.0,1.0,"(5, 2)","[p(2, 2)_cs(1.0)_ws(1.0)]_[p(5, 2)_cs(1.0)_ws(1.0)]",player_bf0f0f88_actions,,[],,,
1114,tomato,put down,Counter_32,Counter,32,put down tomato on counter,player_bf0f0f88,forced_division_of_labor,5c0fd6d627505438,1543.901292463829,15.999999999999543,6.0,0.0,6.0,1.0,1.0,"(5, 2)","[p(2, 2)_cs(1.0)_ws(1.0)]_[p(5, 2)_cs(1.0)_ws(1.0)]",player_bf0f0f88_actions,player_bf0f0f88,['player_bf0f0f88'],,,
1114,tomato_cut,pick up,CuttingBoard_10,CuttingBoard,10,pick up tomato_cut from cuttingboard,player_0df847c8,forced_division_of_labor,5c0fd6d627505438,892.470014828074,0.0,6.0,0.0,0.0,1.0,1.0,"(2, 2)","[p(2, 2)_cs(1.0)_ws(1.0)]_[p(5, 2)_cs(1.0)_ws(1.0)]",player_0df847c8_actions,player_0df847c8,"['player_bf0f0f88', 'player_0df847c8']",,,False
1132,tomato,pick up,Dispenser_40,Dispenser,40,pick up tomato from dispenser,player_bf0f0f88,forced_division_of_labor,5c0fd6d627505438,1559.9012924638282,15.999999999999543,6.0,0.0,6.0,1.0,1.0,"(5, 2)","[p(2, 2)_cs(1.0)_ws(1.0)]_[p(5, 2)_cs(1.0)_ws(1.0)]",player_bf0f0f88_actions,,[],,,
1141,tomato_cut,assemble salad,Counter_33,Counter,33,assemble salad,player_0df847c8,forced_division_of_labor,5c0fd6d627505438,930.8812746681,38.41125984002599,6.0,0.0,0.0,1.0,1.0,"(2, 2)","[p(2, 2)_cs(1.0)_ws(1.0)]_[p(5, 2)_cs(1.0)_ws(1.0)]",player_0df847c8_actions,player_bf0f0f88,['player_0df847c8'],"['player_bf0f0f88', 'player_0df847c8', 'player_0df847c8']",['player_bf0f0f88'],True
1159,tomato,pick up,Counter_32,Counter,32,pick up tomato from counter,player_0df847c8,forced_division_of_labor,5c0fd6d627505438,946.8812746681,16.000000000000114,6.0,0.0,0.0,1.0,1.0,"(2, 2)","[p(2, 2)_cs(1.0)_ws(1.0)]_[p(5, 2)_cs(1.0)_ws(1.0)]",player_0df847c8_actions,player_bf0f0f88,['player_bf0f0f88'],,,True
1166,tomato,put down,Counter_35,Counter,35,put down tomato on counter,player_bf0f0f88,forced_division_of_labor,5c0fd6d627505438,1623.901292463826,63.999999999997726,6.0,0.0,6.0,1.0,1.0,"(5, 2)","[p(2, 2)_cs(1.0)_ws(1.0)]_[p(5, 2)_cs(1.0)_ws(1.0)]",player_bf0f0f88_actions,player_bf0f0f88,['player_bf0f0f88'],,,
1179,tomato,start cutting,CuttingBoard_10,CuttingBoard,10,start cutting tomato,player_0df847c8,forced_division_of_labor,5c0fd6d627505438,969.5086916660698,22.627416997969704,6.0,0.0,0.0,1.0,1.0,"(2, 2)","[p(2, 2)_cs(1.0)_ws(1.0)]_[p(5, 2)_cs(1.0)_ws(1.0)]",player_0df847c8_actions,player_0df847c8,"['player_bf0f0f88', 'player_0df847c8']",,,
1186,tomato_salad,pick up,Counter_33,Counter,33,pick up tomato_salad from counter,player_bf0f0f88,forced_division_of_labor,5c0fd6d627505438,1655.9012924638248,31.999999999998863,6.0,0.0,6.0,1.0,1.0,"(5, 2)","[p(2, 2)_cs(1.0)_ws(1.0)]_[p(5, 2)_cs(1.0)_ws(1.0)]",player_bf0f0f88_actions,player_0df847c8,['player_0df847c8'],"['player_bf0f0f88', 'player_0df847c8', 'player_0df847c8']",['player_bf0f0f88'],True
1204,tomato_salad,deliver,Delivery_63,Delivery,63,deliver tomato_salad,player_bf0f0f88,forced_division_of_labor,5c0fd6d627505438,1671.9012924638243,15.999999999999543,7.0,1.0,7.0,1.0,1.0,"(5, 2)","[p(2, 2)_cs(1.0)_ws(1.0)]_[p(5, 2)_cs(1.0)_ws(1.0)]",player_bf0f0f88_actions,player_bf0f0f88,"['player_0df847c8', 'player_bf0f0f88']","['player_bf0f0f88', 'player_0df847c8', 'player_0df847c8']",['player_bf0f0f88'],
1225,plate,pick up,Dispenser_71,Dispenser,71,pick up plate from dispenser,player_bf0f0f88,forced_division_of_labor,5c0fd6d627505438,1710.31255230385,38.41125984002565,7.0,0.0,7.0,1.0,1.0,"(5, 2)","[p(2, 2)_cs(1.0)_ws(1.0)]_[p(5, 2)_cs(1.0)_ws(1.0)]",player_bf0f0f88_actions,,[],,,
1244,tomato,pick up,Counter_35,Counter,35,pick up tomato from counter,player_0df847c8,forced_division_of_labor,5c0fd6d627505438,1040.00207624133,70.49338457526028,7.0,0.0,0.0,1.0,1.0,"(2, 2)","[p(2, 2)_cs(1.0)_ws(1.0)]_[p(5, 2)_cs(1.0)_ws(1.0)]",player_0df847c8_actions,player_bf0f0f88,['player_bf0f0f88'],,,True
1249,plate,put down,Counter_32,Counter,32,put down plate on counter,player_bf0f0f88,forced_division_of_labor,5c0fd6d627505438,1748.7196149706142,38.407062666764205,7.0,0.0,7.0,1.0,1.0,"(5, 2)","[p(2, 2)_cs(1.0)_ws(1.0)]_[p(5, 2)_cs(1.0)_ws(1.0)]",player_bf0f0f88_actions,player_bf0f0f88,['player_bf0f0f88'],,,
1273,tomato,put down,Counter_33,Counter,33,put down tomato on counter,player_0df847c8,forced_division_of_labor,5c0fd6d627505438,1098.002076241337,58.000000000006594,7.0,0.0,0.0,1.0,1.0,"(2, 2)","[p(2, 2)_cs(1.0)_ws(1.0)]_[p(5, 2)_cs(1.0)_ws(1.0)]",player_0df847c8_actions,player_0df847c8,"['player_bf0f0f88', 'player_0df847c8']",,,
1273,plate,pick up,Dispenser_60,Dispenser,60,pick up plate from dispenser,player_bf0f0f88,forced_division_of_labor,5c0fd6d627505438,1787.126677637378,38.40706266676375,7.0,0.0,7.0,1.0,1.0,"(5, 2)","[p(2, 2)_cs(1.0)_ws(1.0)]_[p(5, 2)_cs(1.0)_ws(1.0)]",player_bf0f0f88_actions,,[],,,
1303,plate,put down,Counter_34,Counter,34,put down plate on counter,player_bf0f0f88,forced_division_of_labor,5c0fd6d627505438,1848.1200110477473,60.99333341036936,7.0,0.0,7.0,1.0,1.0,"(5, 2)","[p(2, 2)_cs(1.0)_ws(1.0)]_[p(5, 2)_cs(1.0)_ws(1.0)]",player_bf0f0f88_actions,player_bf0f0f88,['player_bf0f0f88'],,,
1324,tomato_cut,pick up,CuttingBoard_10,CuttingBoard,10,pick up tomato_cut from cuttingboard,player_0df847c8,forced_division_of_labor,5c0fd6d627505438,1136.4133360813626,38.41125984002588,7.0,0.0,0.0,1.0,1.0,"(2, 2)","[p(2, 2)_cs(1.0)_ws(1.0)]_[p(5, 2)_cs(1.0)_ws(1.0)]",player_0df847c8_actions,player_0df847c8,"['player_bf0f0f88', 'player_0df847c8']",,,False
1334,tomato,pick up,Dispenser_40,Dispenser,40,pick up tomato from dispenser,player_bf0f0f88,forced_division_of_labor,5c0fd6d627505438,1896.120011047746,47.99999999999864,7.0,0.0,7.0,1.0,1.0,"(5, 2)","[p(2, 2)_cs(1.0)_ws(1.0)]_[p(5, 2)_cs(1.0)_ws(1.0)]",player_bf0f0f88_actions,,[],,,
1341,tomato_cut,assemble salad,Counter_32,Counter,32,assemble salad,player_0df847c8,forced_division_of_labor,5c0fd6d627505438,1159.0407530793325,22.627416997969704,7.0,0.0,0.0,1.0,1.0,"(2, 2)","[p(2, 2)_cs(1.0)_ws(1.0)]_[p(5, 2)_cs(1.0)_ws(1.0)]",player_0df847c8_actions,player_bf0f0f88,['player_0df847c8'],"['player_bf0f0f88', 'player_0df847c8', 'player_0df847c8']",['player_bf0f0f88'],True
1363,tomato_cut,pick up,CuttingBoard_20,CuttingBoard,20,pick up tomato_cut from cuttingboard,player_0df847c8,forced_division_of_labor,5c0fd6d627505438,1175.0407530793318,15.999999999999543,7.0,0.0,0.0,1.0,1.0,"(2, 2)","[p(2, 2)_cs(1.0)_ws(1.0)]_[p(5, 2)_cs(1.0)_ws(1.0)]",player_0df847c8_actions,player_0df847c8,"['player_bf0f0f88', 'player_0df847c8']",,,False
1376,tomato,put down,Counter_35,Counter,35,put down tomato on counter,player_bf0f0f88,forced_division_of_labor,5c0fd6d627505438,1960.120011047744,63.999999999997954,7.0,0.0,7.0,1.0,1.0,"(5, 2)","[p(2, 2)_cs(1.0)_ws(1.0)]_[p(5, 2)_cs(1.0)_ws(1.0)]",player_bf0f0f88_actions,player_bf0f0f88,['player_bf0f0f88'],,,
1394,tomato_cut,assemble salad,Counter_34,Counter,34,assemble salad,player_0df847c8,forced_division_of_labor,5c0fd6d627505438,1223.04075307933,47.99999999999818,7.0,0.0,0.0,1.0,1.0,"(2, 2)","[p(2, 2)_cs(1.0)_ws(1.0)]_[p(5, 2)_cs(1.0)_ws(1.0)]",player_0df847c8_actions,player_bf0f0f88,['player_0df847c8'],"['player_bf0f0f88', 'player_0df847c8', 'player_0df847c8']",['player_bf0f0f88'],True
1406,tomato_salad,pick up,Counter_32,Counter,32,pick up tomato_salad from counter,player_bf0f0f88,forced_division_of_labor,5c0fd6d627505438,2008.120011047742,47.99999999999818,7.0,0.0,7.0,1.0,1.0,"(5, 2)","[p(2, 2)_cs(1.0)_ws(1.0)]_[p(5, 2)_cs(1.0)_ws(1.0)]",player_bf0f0f88_actions,player_0df847c8,['player_0df847c8'],"['player_bf0f0f88', 'player_0df847c8', 'player_0df847c8']",['player_bf0f0f88'],True
1414,tomato,pick up,Counter_33,Counter,33,pick up tomato from counter,player_0df847c8,forced_division_of_labor,5c0fd6d627505438,1239.0407530793295,15.999999999999543,7.0,0.0,0.0,1.0,1.0,"(2, 2)","[p(2, 2)_cs(1.0)_ws(1.0)]_[p(5, 2)_cs(1.0)_ws(1.0)]",player_0df847c8_actions,player_0df847c8,"['player_bf0f0f88', 'player_0df847c8']",,,False
1425,tomato_salad,deliver,Delivery_63,Delivery,63,deliver tomato_salad,player_bf0f0f88,forced_division_of_labor,5c0fd6d627505438,2030.747428045711,22.62741699796902,8.0,1.0,8.0,1.0,1.0,"(5, 2)","[p(2, 2)_cs(1.0)_ws(1.0)]_[p(5, 2)_cs(1.0)_ws(1.0)]",player_bf0f0f88_actions,player_bf0f0f88,"['player_0df847c8', 'player_bf0f0f88']","['player_bf0f0f88', 'player_0df847c8', 'player_0df847c8']",['player_bf0f0f88'],
1438,tomato,start cutting,CuttingBoard_20,CuttingBoard,20,start cutting tomato,player_0df847c8,forced_division_of_labor,5c0fd6d627505438,1271.0407530793286,31.99999999999909,8.0,0.0,0.0,1.0,1.0,"(2, 2)","[p(2, 2)_cs(1.0)_ws(1.0)]_[p(5, 2)_cs(1.0)_ws(1.0)]",player_0df847c8_actions,player_0df847c8,"['player_bf0f0f88', 'player_0df847c8', 'player_0df847c8']",,,
1443,tomato_salad,pick up,Counter_34,Counter,34,pick up tomato_salad from counter,player_bf0f0f88,forced_division_of_labor,5c0fd6d627505438,2053.37484504368,22.62741699796902,8.0,0.0,8.0,1.0,1.0,"(5, 2)","[p(2, 2)_cs(1.0)_ws(1.0)]_[p(5, 2)_cs(1.0)_ws(1.0)]",player_bf0f0f88_actions,player_0df847c8,['player_0df847c8'],"['player_bf0f0f88', 'player_0df847c8', 'player_0df847c8']",['player_bf0f0f88'],True
1458,tomato_salad,deliver,Delivery_63,Delivery,63,deliver tomato_salad,player_bf0f0f88,forced_division_of_labor,5c0fd6d627505438,2076.002262041649,22.62741699796879,9.0,1.0,9.0,1.0,1.0,"(5, 2)","[p(2, 2)_cs(1.0)_ws(1.0)]_[p(5, 2)_cs(1.0)_ws(1.0)]",player_bf0f0f88_actions,player_bf0f0f88,"['player_0df847c8', 'player_bf0f0f88']","['player_bf0f0f88', 'player_0df847c8', 'player_0df847c8']",['player_bf0f0f88'],
1483,tomato,pick up,Dispenser_40,Dispenser,40,pick up tomato from dispenser,player_bf0f0f88,forced_division_of_labor,5c0fd6d627505438,2114.413521881676,38.411259840027014,9.0,0.0,9.0,1.0,1.0,"(5, 2)","[p(2, 2)_cs(1.0)_ws(1.0)]_[p(5, 2)_cs(1.0)_ws(1.0)]",player_bf0f0f88_actions,,[],,,
1498,tomato,put down,Counter_32,Counter,32,put down tomato on counter,player_bf0f0f88,forced_division_of_labor,5c0fd6d627505438,2130.413521881677,16.00000000000091,9.0,0.0,9.0,1.0,1.0,"(5, 2)","[p(2, 2)_cs(1.0)_ws(1.0)]_[p(5, 2)_cs(1.0)_ws(1.0)]",player_bf0f0f88_actions,player_bf0f0f88,['player_bf0f0f88'],,,
1514,tomato,pick up,Counter_35,Counter,35,pick up tomato from counter,player_0df847c8,forced_division_of_labor,5c0fd6d627505438,1335.0407530793264,63.999999999997726,9.0,0.0,0.0,1.0,1.0,"(2, 2)","[p(2, 2)_cs(1.0)_ws(1.0)]_[p(5, 2)_cs(1.0)_ws(1.0)]",player_0df847c8_actions,player_bf0f0f88,['player_bf0f0f88'],,,True
1525,plate,pick up,Dispenser_60,Dispenser,60,pick up plate from dispenser,player_bf0f0f88,forced_division_of_labor,5c0fd6d627505438,2168.820584548441,38.40706266676398,9.0,0.0,9.0,1.0,1.0,"(5, 2)","[p(2, 2)_cs(1.0)_ws(1.0)]_[p(5, 2)_cs(1.0)_ws(1.0)]",player_bf0f0f88_actions,,[],,,
1553,tomato,start cutting,CuttingBoard_10,CuttingBoard,10,start cutting tomato,player_0df847c8,forced_division_of_labor,5c0fd6d627505438,1405.5326656032512,70.49191252392484,9.0,0.0,0.0,1.0,1.0,"(2, 2)","[p(2, 2)_cs(1.0)_ws(1.0)]_[p(5, 2)_cs(1.0)_ws(1.0)]",player_0df847c8_actions,player_0df847c8,"['player_bf0f0f88', 'player_0df847c8']",,,
1558,plate,put down,Counter_34,Counter,34,put down plate on counter,player_bf0f0f88,forced_division_of_labor,5c0fd6d627505438,2229.7367714509796,60.91618690253881,9.0,0.0,9.0,1.0,1.0,"(5, 2)","[p(2, 2)_cs(1.0)_ws(1.0)]_[p(5, 2)_cs(1.0)_ws(1.0)]",player_bf0f0f88_actions,player_bf0f0f88,['player_bf0f0f88'],,,
1588,plate,pick up,Dispenser_71,Dispenser,71,pick up plate from dispenser,player_bf0f0f88,forced_division_of_labor,5c0fd6d627505438,2290.6529583535166,60.91618690253699,9.0,0.0,9.0,1.0,1.0,"(5, 2)","[p(2, 2)_cs(1.0)_ws(1.0)]_[p(5, 2)_cs(1.0)_ws(1.0)]",player_bf0f0f88_actions,,[],,,
1603,tomato_cut,pick up,CuttingBoard_10,CuttingBoard,10,pick up tomato_cut from cuttingboard,player_0df847c8,forced_division_of_labor,5c0fd6d627505438,1405.5326656032512,0.0,9.0,0.0,0.0,1.0,1.0,"(2, 2)","[p(2, 2)_cs(1.0)_ws(1.0)]_[p(5, 2)_cs(1.0)_ws(1.0)]",player_0df847c8_actions,player_0df847c8,"['player_bf0f0f88', 'player_0df847c8']",,,False
1614,plate,put down,Counter_33,Counter,33,put down plate on counter,player_bf0f0f88,forced_division_of_labor,5c0fd6d627505438,2335.9077923494547,45.25483399593804,9.0,0.0,9.0,1.0,1.0,"(5, 2)","[p(2, 2)_cs(1.0)_ws(1.0)]_[p(5, 2)_cs(1.0)_ws(1.0)]",player_bf0f0f88_actions,player_bf0f0f88,['player_bf0f0f88'],,,
1636,tomato_cut,assemble salad,Counter_34,Counter,34,assemble salad,player_0df847c8,forced_division_of_labor,5c0fd6d627505438,1459.9624230775228,54.42975747427158,9.0,0.0,0.0,1.0,1.0,"(2, 2)","[p(2, 2)_cs(1.0)_ws(1.0)]_[p(5, 2)_cs(1.0)_ws(1.0)]",player_0df847c8_actions,player_bf0f0f88,['player_0df847c8'],"['player_bf0f0f88', 'player_0df847c8', 'player_0df847c8']",['player_bf0f0f88'],True
1636,tomato,pick up,Dispenser_40,Dispenser,40,pick up tomato from dispenser,player_bf0f0f88,forced_division_of_labor,5c0fd6d627505438,2367.9077923494565,32.00000000000182,9.0,0.0,9.0,1.0,1.0,"(5, 2)","[p(2, 2)_cs(1.0)_ws(1.0)]_[p(5, 2)_cs(1.0)_ws(1.0)]",player_bf0f0f88_actions,,[],,,
1667,tomato_cut,pick up,CuttingBoard_20,CuttingBoard,20,pick up tomato_cut from cuttingboard,player_0df847c8,forced_division_of_labor,5c0fd6d627505438,1507.9624230775214,47.99999999999864,9.0,0.0,0.0,1.0,1.0,"(2, 2)","[p(2, 2)_cs(1.0)_ws(1.0)]_[p(5, 2)_cs(1.0)_ws(1.0)]",player_0df847c8_actions,player_0df847c8,"['player_bf0f0f88', 'player_0df847c8', 'player_0df847c8']",,,False
1673,tomato,put down,Counter_35,Counter,35,put down tomato on counter,player_bf0f0f88,forced_division_of_labor,5c0fd6d627505438,2431.907792349458,64.00000000000136,9.0,0.0,9.0,1.0,1.0,"(5, 2)","[p(2, 2)_cs(1.0)_ws(1.0)]_[p(5, 2)_cs(1.0)_ws(1.0)]",player_bf0f0f88_actions,player_bf0f0f88,['player_bf0f0f88'],,,
1690,tomato_cut,assemble salad,Counter_33,Counter,33,assemble salad,player_0df847c8,forced_division_of_labor,5c0fd6d627505438,1539.9624230775205,31.999999999998863,9.0,0.0,0.0,1.0,1.0,"(2, 2)","[p(2, 2)_cs(1.0)_ws(1.0)]_[p(5, 2)_cs(1.0)_ws(1.0)]",player_0df847c8_actions,player_bf0f0f88,['player_0df847c8'],"['player_bf0f0f88', 'player_0df847c8', 'player_0df847c8', 'player_0df847c8']",['player_bf0f0f88'],True
1690,tomato_salad,pick up,Counter_34,Counter,34,pick up tomato_salad from counter,player_bf0f0f88,forced_division_of_labor,5c0fd6d627505438,2447.907792349457,15.99999999999909,9.0,0.0,9.0,1.0,1.0,"(5, 2)","[p(2, 2)_cs(1.0)_ws(1.0)]_[p(5, 2)_cs(1.0)_ws(1.0)]",player_bf0f0f88_actions,player_0df847c8,['player_0df847c8'],"['player_bf0f0f88', 'player_0df847c8', 'player_0df847c8']",['player_bf0f0f88'],True
1702,tomato_salad,deliver,Delivery_64,Delivery,64,deliver tomato_salad,player_bf0f0f88,forced_division_of_labor,5c0fd6d627505438,2463.907792349456,15.99999999999909,10.0,1.0,10.0,1.0,1.0,"(5, 2)","[p(2, 2)_cs(1.0)_ws(1.0)]_[p(5, 2)_cs(1.0)_ws(1.0)]",player_bf0f0f88_actions,player_bf0f0f88,"['player_0df847c8', 'player_bf0f0f88']","['player_bf0f0f88', 'player_0df847c8', 'player_0df847c8']",['player_bf0f0f88'],
1708,tomato,pick up,Counter_32,Counter,32,pick up tomato from counter,player_0df847c8,forced_division_of_labor,5c0fd6d627505438,1555.9624230775198,15.999999999999543,10.0,0.0,0.0,1.0,1.0,"(2, 2)","[p(2, 2)_cs(1.0)_ws(1.0)]_[p(5, 2)_cs(1.0)_ws(1.0)]",player_0df847c8_actions,player_bf0f0f88,['player_bf0f0f88'],,,True
1719,tomato_salad,pick up,Counter_33,Counter,33,pick up tomato_salad from counter,player_bf0f0f88,forced_division_of_labor,5c0fd6d627505438,2486.535209347425,22.62741699796879,10.0,0.0,10.0,1.0,1.0,"(5, 2)","[p(2, 2)_cs(1.0)_ws(1.0)]_[p(5, 2)_cs(1.0)_ws(1.0)]",player_bf0f0f88_actions,player_0df847c8,['player_0df847c8'],"['player_bf0f0f88', 'player_0df847c8', 'player_0df847c8', 'player_0df847c8']",['player_bf0f0f88'],True
1729,tomato,start cutting,CuttingBoard_20,CuttingBoard,20,start cutting tomato,player_0df847c8,forced_division_of_labor,5c0fd6d627505438,1571.9624230775194,15.999999999999543,10.0,0.0,0.0,1.0,1.0,"(2, 2)","[p(2, 2)_cs(1.0)_ws(1.0)]_[p(5, 2)_cs(1.0)_ws(1.0)]",player_0df847c8_actions,player_0df847c8,"['player_bf0f0f88', 'player_0df847c8']",,,
1735,tomato_salad,deliver,Delivery_63,Delivery,63,deliver tomato_salad,player_bf0f0f88,forced_division_of_labor,5c0fd6d627505438,2502.535209347424,15.99999999999909,11.0,1.0,11.0,1.0,1.0,"(5, 2)","[p(2, 2)_cs(1.0)_ws(1.0)]_[p(5, 2)_cs(1.0)_ws(1.0)]",player_bf0f0f88_actions,player_bf0f0f88,"['player_0df847c8', 'player_bf0f0f88']","['player_bf0f0f88', 'player_0df847c8', 'player_0df847c8', 'player_0df847c8']",['player_bf0f0f88'],
1756,plate,pick up,Dispenser_71,Dispenser,71,pick up plate from dispenser,player_bf0f0f88,forced_division_of_labor,5c0fd6d627505438,2540.946469187451,38.411259840027014,11.0,0.0,11.0,1.0,1.0,"(5, 2)","[p(2, 2)_cs(1.0)_ws(1.0)]_[p(5, 2)_cs(1.0)_ws(1.0)]",player_bf0f0f88_actions,,[],,,
1780,plate,put down,Counter_32,Counter,32,put down plate on counter,player_bf0f0f88,forced_division_of_labor,5c0fd6d627505438,2579.353531854215,38.40706266676398,11.0,0.0,11.0,1.0,1.0,"(5, 2)","[p(2, 2)_cs(1.0)_ws(1.0)]_[p(5, 2)_cs(1.0)_ws(1.0)]",player_bf0f0f88_actions,player_bf0f0f88,['player_bf0f0f88'],,,
1783,tomato_cut,pick up,CuttingBoard_20,CuttingBoard,20,pick up tomato_cut from cuttingboard,player_0df847c8,forced_division_of_labor,5c0fd6d627505438,1571.9624230775194,0.0,11.0,0.0,0.0,1.0,1.0,"(2, 2)","[p(2, 2)_cs(1.0)_ws(1.0)]_[p(5, 2)_cs(1.0)_ws(1.0)]",player_0df847c8_actions,player_0df847c8,"['player_bf0f0f88', 'player_0df847c8']",,,False
1795,tomato,pick up,Dispenser_40,Dispenser,40,pick up tomato from dispenser,player_bf0f0f88,forced_division_of_labor,5c0fd6d627505438,2595.353531854216,16.00000000000091,11.0,0.0,11.0,1.0,1.0,"(5, 2)","[p(2, 2)_cs(1.0)_ws(1.0)]_[p(5, 2)_cs(1.0)_ws(1.0)]",player_bf0f0f88_actions,,[],,,
1804,tomato_cut,assemble salad,Counter_32,Counter,32,assemble salad,player_0df847c8,forced_division_of_labor,5c0fd6d627505438,1587.962423077519,15.999999999999543,11.0,0.0,0.0,1.0,1.0,"(2, 2)","[p(2, 2)_cs(1.0)_ws(1.0)]_[p(5, 2)_cs(1.0)_ws(1.0)]",player_0df847c8_actions,player_bf0f0f88,['player_0df847c8'],"['player_bf0f0f88', 'player_0df847c8', 'player_0df847c8']",['player_bf0f0f88'],True
1826,tomato,put down,Counter_34,Counter,34,put down tomato on counter,player_bf0f0f88,forced_division_of_labor,5c0fd6d627505438,2643.3535318542176,48.00000000000182,11.0,0.0,11.0,1.0,1.0,"(5, 2)","[p(2, 2)_cs(1.0)_ws(1.0)]_[p(5, 2)_cs(1.0)_ws(1.0)]",player_bf0f0f88_actions,player_bf0f0f88,['player_bf0f0f88'],,,
1835,tomato,pick up,Counter_35,Counter,35,pick up tomato from counter,player_0df847c8,forced_division_of_labor,5c0fd6d627505438,1635.962423077517,47.99999999999818,11.0,0.0,0.0,1.0,1.0,"(2, 2)","[p(2, 2)_cs(1.0)_ws(1.0)]_[p(5, 2)_cs(1.0)_ws(1.0)]",player_0df847c8_actions,player_bf0f0f88,['player_bf0f0f88'],,,True
1846,tomato_salad,pick up,Counter_32,Counter,32,pick up tomato_salad from counter,player_bf0f0f88,forced_division_of_labor,5c0fd6d627505438,2675.3535318542185,32.00000000000091,11.0,0.0,11.0,1.0,1.0,"(5, 2)","[p(2, 2)_cs(1.0)_ws(1.0)]_[p(5, 2)_cs(1.0)_ws(1.0)]",player_bf0f0f88_actions,player_0df847c8,['player_0df847c8'],"['player_bf0f0f88', 'player_0df847c8', 'player_0df847c8']",['player_bf0f0f88'],True
1860,tomato_salad,deliver,Delivery_63,Delivery,63,deliver tomato_salad,player_bf0f0f88,forced_division_of_labor,5c0fd6d627505438,2697.9809488521873,22.62741699796879,12.0,1.0,12.0,1.0,1.0,"(5, 2)","[p(2, 2)_cs(1.0)_ws(1.0)]_[p(5, 2)_cs(1.0)_ws(1.0)]",player_bf0f0f88_actions,player_bf0f0f88,"['player_0df847c8', 'player_bf0f0f88']","['player_bf0f0f88', 'player_0df847c8', 'player_0df847c8']",['player_bf0f0f88'],
1871,tomato,start cutting,CuttingBoard_20,CuttingBoard,20,start cutting tomato,player_0df847c8,forced_division_of_labor,5c0fd6d627505438,1699.9624230775148,63.999999999997726,12.0,0.0,0.0,1.0,1.0,"(2, 2)","[p(2, 2)_cs(1.0)_ws(1.0)]_[p(5, 2)_cs(1.0)_ws(1.0)]",player_0df847c8_actions,player_0df847c8,"['player_bf0f0f88', 'player_0df847c8']",,,
1885,tomato,pick up,Dispenser_40,Dispenser,40,pick up tomato from dispenser,player_bf0f0f88,forced_division_of_labor,5c0fd6d627505438,2736.3922086922144,38.411259840027014,12.0,0.0,12.0,1.0,1.0,"(5, 2)","[p(2, 2)_cs(1.0)_ws(1.0)]_[p(5, 2)_cs(1.0)_ws(1.0)]",player_bf0f0f88_actions,,[],,,
1900,tomato,put down,Counter_32,Counter,32,put down tomato on counter,player_bf0f0f88,forced_division_of_labor,5c0fd6d627505438,2752.3922086922153,16.00000000000091,12.0,0.0,12.0,1.0,1.0,"(5, 2)","[p(2, 2)_cs(1.0)_ws(1.0)]_[p(5, 2)_cs(1.0)_ws(1.0)]",player_bf0f0f88_actions,player_bf0f0f88,['player_bf0f0f88'],,,
1921,tomato,pick up,Counter_32,Counter,32,pick up tomato from counter,player_0df847c8,forced_division_of_labor,5c0fd6d627505438,1715.9624230775144,15.999999999999543,12.0,0.0,0.0,1.0,1.0,"(2, 2)","[p(2, 2)_cs(1.0)_ws(1.0)]_[p(5, 2)_cs(1.0)_ws(1.0)]",player_0df847c8_actions,player_bf0f0f88,['player_bf0f0f88'],,,True
1921,plate,pick up,Dispenser_60,Dispenser,60,pick up plate from dispenser,player_bf0f0f88,forced_division_of_labor,5c0fd6d627505438,2790.7992713589792,38.40706266676398,12.0,0.0,12.0,1.0,1.0,"(5, 2)","[p(2, 2)_cs(1.0)_ws(1.0)]_[p(5, 2)_cs(1.0)_ws(1.0)]",player_bf0f0f88_actions,,[],,,
1941,tomato,start cutting,CuttingBoard_10,CuttingBoard,10,start cutting tomato,player_0df847c8,forced_division_of_labor,5c0fd6d627505438,1738.5898400754838,22.627416997969476,12.0,0.0,0.0,1.0,1.0,"(2, 2)","[p(2, 2)_cs(1.0)_ws(1.0)]_[p(5, 2)_cs(1.0)_ws(1.0)]",player_0df847c8_actions,player_0df847c8,"['player_bf0f0f88', 'player_0df847c8']",,,
1947,plate,put down,Counter_33,Counter,33,put down plate on counter,player_bf0f0f88,forced_division_of_labor,5c0fd6d627505438,2836.0541053549173,45.25483399593804,12.0,0.0,12.0,1.0,1.0,"(5, 2)","[p(2, 2)_cs(1.0)_ws(1.0)]_[p(5, 2)_cs(1.0)_ws(1.0)]",player_bf0f0f88_actions,player_bf0f0f88,['player_bf0f0f88'],,,
1971,plate,pick up,Dispenser_71,Dispenser,71,pick up plate from dispenser,player_bf0f0f88,forced_division_of_labor,5c0fd6d627505438,2881.3089393508553,45.25483399593804,12.0,0.0,12.0,1.0,1.0,"(5, 2)","[p(2, 2)_cs(1.0)_ws(1.0)]_[p(5, 2)_cs(1.0)_ws(1.0)]",player_bf0f0f88_actions,,[],,,
1996,plate,put down,Counter_32,Counter,32,put down plate on counter,player_bf0f0f88,forced_division_of_labor,5c0fd6d627505438,2919.7160020176193,38.40706266676398,12.0,0.0,12.0,1.0,1.0,"(5, 2)","[p(2, 2)_cs(1.0)_ws(1.0)]_[p(5, 2)_cs(1.0)_ws(1.0)]",player_bf0f0f88_actions,player_bf0f0f88,['player_bf0f0f88'],,,
2014,tomato,pick up,Dispenser_40,Dispenser,40,pick up tomato from dispenser,player_bf0f0f88,forced_division_of_labor,5c0fd6d627505438,2935.71600201762,16.00000000000091,12.0,0.0,12.0,1.0,1.0,"(5, 2)","[p(2, 2)_cs(1.0)_ws(1.0)]_[p(5, 2)_cs(1.0)_ws(1.0)]",player_bf0f0f88_actions,,[],,,
2051,tomato,put down,Counter_35,Counter,35,put down tomato on counter,player_bf0f0f88,forced_division_of_labor,5c0fd6d627505438,2999.7160020176216,64.00000000000136,12.0,0.0,12.0,1.0,1.0,"(5, 2)","[p(2, 2)_cs(1.0)_ws(1.0)]_[p(5, 2)_cs(1.0)_ws(1.0)]",player_bf0f0f88_actions,player_bf0f0f88,['player_bf0f0f88'],,,
2092,plate,pick up,Dispenser_71,Dispenser,71,pick up plate from dispenser,player_bf0f0f88,forced_division_of_labor,5c0fd6d627505438,3076.6501064481895,76.93410443056791,12.0,0.0,12.0,1.0,1.0,"(5, 2)","[p(2, 2)_cs(1.0)_ws(1.0)]_[p(5, 2)_cs(1.0)_ws(1.0)]",player_bf0f0f88_actions,,[],,,
2113,plate,put down,Dispenser_40,Dispenser,40,put down plate on dispenser,player_bf0f0f88,forced_division_of_labor,5c0fd6d627505438,3108.650106448188,31.999999999998636,12.0,0.0,12.0,1.0,1.0,"(5, 2)","[p(2, 2)_cs(1.0)_ws(1.0)]_[p(5, 2)_cs(1.0)_ws(1.0)]",player_bf0f0f88_actions,player_bf0f0f88,['player_bf0f0f88'],,,
2113,tomato,pick up,Dispenser_40,Dispenser,40,pick up tomato from dispenser,player_bf0f0f88,forced_division_of_labor,5c0fd6d627505438,3108.650106448188,0.0,12.0,0.0,12.0,1.0,1.0,"(5, 2)","[p(2, 2)_cs(1.0)_ws(1.0)]_[p(5, 2)_cs(1.0)_ws(1.0)]",player_bf0f0f88_actions,,[],,,
