{"agents": {"player_0df847c8": {"initial_state": {"agent_id": "player_0df847c8", "x": 40, "y": 40, "item": null, "url_params": {"gameType": ["tomatoSaladOnly"], "PROLIFIC_PID": ["5a94d2e989de8200013ecab6"], "map": ["forced_division_of_labor"], "cutting_speed_p1": ["1"], "walking_speed_p1": ["1"], "cutting_speed_p2": ["1"], "walking_speed_p2": ["1"], "slot_x_p1": ["2"], "slot_y_p1": ["2"], "slot_x_p2": ["5"], "slot_y_p2": ["2"], "EIO": ["4"], "transport": ["polling"], "t": ["PZKxJtl"]}, "cut_speed": 1.0, "walk_speed": 30.0, "player_nr": 1}, "player_score": 0.0, "total_actions": 54, "first_action_tick": 130, "last_action_tick": 1941}, "player_bf0f0f88": {"initial_state": {"agent_id": "player_bf0f0f88", "x": 88, "y": 40, "item": null, "url_params": {"gameType": ["tomatoSaladOnly"], "PROLIFIC_PID": ["664770af0e8f4c4cc2b8a6e8"], "map": ["forced_division_of_labor"], "cutting_speed_p1": ["1"], "walking_speed_p1": ["1"], "cutting_speed_p2": ["1"], "walking_speed_p2": ["1"], "slot_x_p1": ["2"], "slot_y_p1": ["2"], "slot_x_p2": ["5"], "slot_y_p2": ["2"], "EIO": ["4"], "transport": ["polling"], "t": ["PZKxYtR"]}, "cut_speed": 1.0, "walk_speed": 30.0, "player_nr": 2}, "player_score": 12.0, "total_actions": 87, "first_action_tick": 53, "last_action_tick": 2113}}, "map_name": "forced_division_of_labor", "final_score": 12.0}