tick,item,action,target,target_type,target_position,action_long,player_id,map_name,game_id,distance_walked,distance_walked_since_last_action,overall_score,player_score_change,player_score,walking_speed,cutting_speed,start_pos,condition,source,last_touched,touched_list,tomato_history,plate_history,is_exchange_collaboration
39,tomato,pick up,Dispenser_40,Dispenser,40,pick up tomato from dispenser,player_ca82f917,baseline_division_of_labor,eeeafa9c8513b6b9,48.0,0.0,0.0,0.0,0.0,1.0,1.0,"(2, 2)","[p(2, 2)_cs(1.0)_ws(1.0)]_[p(5, 2)_cs(1.0)_ws(1.0)]",player_ca82f917_actions,,[],,,
54,tomato,pick up,Dispenser_50,Dispenser,50,pick up tomato from dispenser,player_918a4bcd,baseline_division_of_labor,eeeafa9c8513b6b9,16.0,0.0,0.0,0.0,0.0,1.0,1.0,"(5, 2)","[p(2, 2)_cs(1.0)_ws(1.0)]_[p(5, 2)_cs(1.0)_ws(1.0)]",player_918a4bcd_actions,,[],,,
103,tomato,start cutting,CuttingBoard_20,CuttingBoard,20,start cutting tomato,player_918a4bcd,baseline_division_of_labor,eeeafa9c8513b6b9,64.0,48.0,0.0,0.0,0.0,1.0,1.0,"(5, 2)","[p(2, 2)_cs(1.0)_ws(1.0)]_[p(5, 2)_cs(1.0)_ws(1.0)]",player_918a4bcd_actions,player_918a4bcd,['player_918a4bcd'],,,
149,tomato,start cutting,CuttingBoard_10,CuttingBoard,10,start cutting tomato,player_ca82f917,baseline_division_of_labor,eeeafa9c8513b6b9,96.0,48.0,0.0,0.0,0.0,1.0,1.0,"(2, 2)","[p(2, 2)_cs(1.0)_ws(1.0)]_[p(5, 2)_cs(1.0)_ws(1.0)]",player_ca82f917_actions,player_ca82f917,['player_ca82f917'],,,
207,plate,pick up,Dispenser_60,Dispenser,60,pick up plate from dispenser,player_918a4bcd,baseline_division_of_labor,eeeafa9c8513b6b9,128.0,64.0,0.0,0.0,0.0,1.0,1.0,"(5, 2)","[p(2, 2)_cs(1.0)_ws(1.0)]_[p(5, 2)_cs(1.0)_ws(1.0)]",player_918a4bcd_actions,,[],,,
249,plate,pick up,Dispenser_60,Dispenser,60,pick up plate from dispenser,player_ca82f917,baseline_division_of_labor,eeeafa9c8513b6b9,176.0,80.0,0.0,0.0,0.0,1.0,1.0,"(2, 2)","[p(2, 2)_cs(1.0)_ws(1.0)]_[p(5, 2)_cs(1.0)_ws(1.0)]",player_ca82f917_actions,,[],,,
263,plate,put down,Counter_32,Counter,32,put down plate on counter,player_918a4bcd,baseline_division_of_labor,eeeafa9c8513b6b9,185.00000000001677,57.00000000001677,0.0,0.0,0.0,1.0,1.0,"(5, 2)","[p(2, 2)_cs(1.0)_ws(1.0)]_[p(5, 2)_cs(1.0)_ws(1.0)]",player_918a4bcd_actions,player_918a4bcd,['player_918a4bcd'],,,
302,tomato_cut,pick up,CuttingBoard_20,CuttingBoard,20,pick up tomato_cut from cuttingboard,player_918a4bcd,baseline_division_of_labor,eeeafa9c8513b6b9,201.00000000001677,16.0,0.0,0.0,0.0,1.0,1.0,"(5, 2)","[p(2, 2)_cs(1.0)_ws(1.0)]_[p(5, 2)_cs(1.0)_ws(1.0)]",player_918a4bcd_actions,player_918a4bcd,['player_918a4bcd'],,,False
306,plate,put down,CuttingBoard_10,CuttingBoard,10,put down plate on cuttingboard,player_ca82f917,baseline_division_of_labor,eeeafa9c8513b6b9,256.0,80.0,0.0,0.0,0.0,1.0,1.0,"(2, 2)","[p(2, 2)_cs(1.0)_ws(1.0)]_[p(5, 2)_cs(1.0)_ws(1.0)]",player_ca82f917_actions,player_ca82f917,['player_ca82f917'],,,
306,tomato_cut,pick up,CuttingBoard_10,CuttingBoard,10,pick up tomato_cut from cuttingboard,player_ca82f917,baseline_division_of_labor,eeeafa9c8513b6b9,256.0,0.0,0.0,0.0,0.0,1.0,1.0,"(2, 2)","[p(2, 2)_cs(1.0)_ws(1.0)]_[p(5, 2)_cs(1.0)_ws(1.0)]",player_ca82f917_actions,player_ca82f917,['player_ca82f917'],,,False
350,tomato_cut,assemble salad,Counter_32,Counter,32,assemble salad,player_918a4bcd,baseline_division_of_labor,eeeafa9c8513b6b9,217.00000000001677,16.0,0.0,0.0,0.0,1.0,1.0,"(5, 2)","[p(2, 2)_cs(1.0)_ws(1.0)]_[p(5, 2)_cs(1.0)_ws(1.0)]",player_918a4bcd_actions,player_918a4bcd,['player_918a4bcd'],"['player_918a4bcd', 'player_918a4bcd']",['player_918a4bcd'],False
350,tomato_cut,put down,Counter_33,Counter,33,put down tomato_cut on counter,player_ca82f917,baseline_division_of_labor,eeeafa9c8513b6b9,294.4112598400263,38.411259840026275,0.0,0.0,0.0,1.0,1.0,"(2, 2)","[p(2, 2)_cs(1.0)_ws(1.0)]_[p(5, 2)_cs(1.0)_ws(1.0)]",player_ca82f917_actions,player_ca82f917,"['player_ca82f917', 'player_ca82f917']",,,
382,tomato_salad,pick up,Counter_32,Counter,32,pick up tomato_salad from counter,player_918a4bcd,baseline_division_of_labor,eeeafa9c8513b6b9,217.00000000001677,0.0,0.0,0.0,0.0,1.0,1.0,"(5, 2)","[p(2, 2)_cs(1.0)_ws(1.0)]_[p(5, 2)_cs(1.0)_ws(1.0)]",player_918a4bcd_actions,player_918a4bcd,['player_918a4bcd'],"['player_918a4bcd', 'player_918a4bcd']",['player_918a4bcd'],False
384,tomato_cut,pick up,Counter_33,Counter,33,pick up tomato_cut from counter,player_ca82f917,baseline_division_of_labor,eeeafa9c8513b6b9,294.4112598400263,0.0,0.0,0.0,0.0,1.0,1.0,"(2, 2)","[p(2, 2)_cs(1.0)_ws(1.0)]_[p(5, 2)_cs(1.0)_ws(1.0)]",player_ca82f917_actions,player_ca82f917,"['player_ca82f917', 'player_ca82f917']",,,False
430,tomato_salad,deliver,Delivery_63,Delivery,63,deliver tomato_salad,player_918a4bcd,baseline_division_of_labor,eeeafa9c8513b6b9,262.25483399595583,45.254833995939066,1.0,1.0,1.0,1.0,1.0,"(5, 2)","[p(2, 2)_cs(1.0)_ws(1.0)]_[p(5, 2)_cs(1.0)_ws(1.0)]",player_918a4bcd_actions,player_918a4bcd,"['player_918a4bcd', 'player_918a4bcd']","['player_918a4bcd', 'player_918a4bcd']",['player_918a4bcd'],
480,tomato_cut,put down,Dispenser_60,Dispenser,60,put down tomato_cut on dispenser,player_ca82f917,baseline_division_of_labor,eeeafa9c8513b6b9,412.8225196800529,118.41125984002662,1.0,0.0,0.0,1.0,1.0,"(2, 2)","[p(2, 2)_cs(1.0)_ws(1.0)]_[p(5, 2)_cs(1.0)_ws(1.0)]",player_ca82f917_actions,player_ca82f917,"['player_ca82f917', 'player_ca82f917', 'player_ca82f917']",,,
480,plate,pick up,Dispenser_60,Dispenser,60,pick up plate from dispenser,player_ca82f917,baseline_division_of_labor,eeeafa9c8513b6b9,412.8225196800529,0.0,1.0,0.0,0.0,1.0,1.0,"(2, 2)","[p(2, 2)_cs(1.0)_ws(1.0)]_[p(5, 2)_cs(1.0)_ws(1.0)]",player_ca82f917_actions,,[],,,
498,tomato,pick up,Dispenser_50,Dispenser,50,pick up tomato from dispenser,player_918a4bcd,baseline_division_of_labor,eeeafa9c8513b6b9,294.2548339959561,32.000000000000284,1.0,0.0,1.0,1.0,1.0,"(5, 2)","[p(2, 2)_cs(1.0)_ws(1.0)]_[p(5, 2)_cs(1.0)_ws(1.0)]",player_918a4bcd_actions,,[],,,
531,plate,put down,Counter_33,Counter,33,put down plate on counter,player_ca82f917,baseline_division_of_labor,eeeafa9c8513b6b9,458.07735367599184,45.25483399593895,1.0,0.0,0.0,1.0,1.0,"(2, 2)","[p(2, 2)_cs(1.0)_ws(1.0)]_[p(5, 2)_cs(1.0)_ws(1.0)]",player_ca82f917_actions,player_ca82f917,['player_ca82f917'],,,
549,tomato,start cutting,CuttingBoard_20,CuttingBoard,20,start cutting tomato,player_918a4bcd,baseline_division_of_labor,eeeafa9c8513b6b9,342.25483399595635,48.00000000000023,1.0,0.0,1.0,1.0,1.0,"(5, 2)","[p(2, 2)_cs(1.0)_ws(1.0)]_[p(5, 2)_cs(1.0)_ws(1.0)]",player_918a4bcd_actions,player_918a4bcd,['player_918a4bcd'],,,
574,tomato,pick up,Dispenser_40,Dispenser,40,pick up tomato from dispenser,player_ca82f917,baseline_division_of_labor,eeeafa9c8513b6b9,490.0773536759922,32.00000000000034,1.0,0.0,0.0,1.0,1.0,"(2, 2)","[p(2, 2)_cs(1.0)_ws(1.0)]_[p(5, 2)_cs(1.0)_ws(1.0)]",player_ca82f917_actions,,[],,,
612,tomato,start cutting,CuttingBoard_10,CuttingBoard,10,start cutting tomato,player_ca82f917,baseline_division_of_labor,eeeafa9c8513b6b9,538.0773536759926,48.000000000000455,1.0,0.0,0.0,1.0,1.0,"(2, 2)","[p(2, 2)_cs(1.0)_ws(1.0)]_[p(5, 2)_cs(1.0)_ws(1.0)]",player_ca82f917_actions,player_ca82f917,['player_ca82f917'],,,
617,plate,pick up,Dispenser_60,Dispenser,60,pick up plate from dispenser,player_918a4bcd,baseline_division_of_labor,eeeafa9c8513b6b9,406.2548339959566,64.00000000000023,1.0,0.0,1.0,1.0,1.0,"(5, 2)","[p(2, 2)_cs(1.0)_ws(1.0)]_[p(5, 2)_cs(1.0)_ws(1.0)]",player_918a4bcd_actions,,[],,,
663,tomato_cut,pick up,CuttingBoard_10,CuttingBoard,10,pick up tomato_cut from cuttingboard,player_ca82f917,baseline_division_of_labor,eeeafa9c8513b6b9,538.0773536759926,0.0,1.0,0.0,0.0,1.0,1.0,"(2, 2)","[p(2, 2)_cs(1.0)_ws(1.0)]_[p(5, 2)_cs(1.0)_ws(1.0)]",player_ca82f917_actions,player_ca82f917,['player_ca82f917'],,,False
674,plate,put down,Counter_32,Counter,32,put down plate on counter,player_918a4bcd,baseline_division_of_labor,eeeafa9c8513b6b9,444.6618966627216,38.407062666765,1.0,0.0,1.0,1.0,1.0,"(5, 2)","[p(2, 2)_cs(1.0)_ws(1.0)]_[p(5, 2)_cs(1.0)_ws(1.0)]",player_918a4bcd_actions,player_918a4bcd,['player_918a4bcd'],,,
701,tomato_cut,assemble salad,Counter_33,Counter,33,assemble salad,player_ca82f917,baseline_division_of_labor,eeeafa9c8513b6b9,576.4886135160186,38.41125984002599,1.0,0.0,0.0,1.0,1.0,"(2, 2)","[p(2, 2)_cs(1.0)_ws(1.0)]_[p(5, 2)_cs(1.0)_ws(1.0)]",player_ca82f917_actions,player_ca82f917,['player_ca82f917'],"['player_ca82f917', 'player_ca82f917']",['player_ca82f917'],False
720,tomato_salad,pick up,Counter_33,Counter,33,pick up tomato_salad from counter,player_ca82f917,baseline_division_of_labor,eeeafa9c8513b6b9,576.4886135160186,0.0,1.0,0.0,0.0,1.0,1.0,"(2, 2)","[p(2, 2)_cs(1.0)_ws(1.0)]_[p(5, 2)_cs(1.0)_ws(1.0)]",player_ca82f917_actions,player_ca82f917,['player_ca82f917'],"['player_ca82f917', 'player_ca82f917']",['player_ca82f917'],False
722,tomato_cut,pick up,CuttingBoard_20,CuttingBoard,20,pick up tomato_cut from cuttingboard,player_918a4bcd,baseline_division_of_labor,eeeafa9c8513b6b9,483.1688233876182,38.50692672489663,1.0,0.0,1.0,1.0,1.0,"(5, 2)","[p(2, 2)_cs(1.0)_ws(1.0)]_[p(5, 2)_cs(1.0)_ws(1.0)]",player_918a4bcd_actions,player_918a4bcd,['player_918a4bcd'],,,False
754,tomato_cut,assemble salad,Counter_32,Counter,32,assemble salad,player_918a4bcd,baseline_division_of_labor,eeeafa9c8513b6b9,499.1688233876184,16.00000000000017,1.0,0.0,1.0,1.0,1.0,"(5, 2)","[p(2, 2)_cs(1.0)_ws(1.0)]_[p(5, 2)_cs(1.0)_ws(1.0)]",player_918a4bcd_actions,player_918a4bcd,['player_918a4bcd'],"['player_918a4bcd', 'player_918a4bcd']",['player_918a4bcd'],False
779,tomato_salad,deliver,Delivery_64,Delivery,64,deliver tomato_salad,player_ca82f917,baseline_division_of_labor,eeeafa9c8513b6b9,674.8170815882859,98.32846807226724,2.0,1.0,1.0,1.0,1.0,"(2, 2)","[p(2, 2)_cs(1.0)_ws(1.0)]_[p(5, 2)_cs(1.0)_ws(1.0)]",player_ca82f917_actions,player_ca82f917,"['player_ca82f917', 'player_ca82f917']","['player_ca82f917', 'player_ca82f917']",['player_ca82f917'],
781,tomato_salad,pick up,Counter_32,Counter,32,pick up tomato_salad from counter,player_918a4bcd,baseline_division_of_labor,eeeafa9c8513b6b9,499.1688233876184,0.0,2.0,0.0,1.0,1.0,1.0,"(5, 2)","[p(2, 2)_cs(1.0)_ws(1.0)]_[p(5, 2)_cs(1.0)_ws(1.0)]",player_918a4bcd_actions,player_918a4bcd,['player_918a4bcd'],"['player_918a4bcd', 'player_918a4bcd']",['player_918a4bcd'],False
827,tomato_salad,deliver,Delivery_63,Delivery,63,deliver tomato_salad,player_918a4bcd,baseline_division_of_labor,eeeafa9c8513b6b9,544.423657383558,45.25483399593958,3.0,1.0,2.0,1.0,1.0,"(5, 2)","[p(2, 2)_cs(1.0)_ws(1.0)]_[p(5, 2)_cs(1.0)_ws(1.0)]",player_918a4bcd_actions,player_918a4bcd,"['player_918a4bcd', 'player_918a4bcd']","['player_918a4bcd', 'player_918a4bcd']",['player_918a4bcd'],
839,tomato,pick up,Dispenser_50,Dispenser,50,pick up tomato from dispenser,player_ca82f917,baseline_division_of_labor,eeeafa9c8513b6b9,722.8170815882863,48.000000000000455,3.0,0.0,1.0,1.0,1.0,"(2, 2)","[p(2, 2)_cs(1.0)_ws(1.0)]_[p(5, 2)_cs(1.0)_ws(1.0)]",player_ca82f917_actions,,[],,,
879,tomato,start cutting,CuttingBoard_10,CuttingBoard,10,start cutting tomato,player_ca82f917,baseline_division_of_labor,eeeafa9c8513b6b9,786.8170815882867,64.00000000000034,3.0,0.0,1.0,1.0,1.0,"(2, 2)","[p(2, 2)_cs(1.0)_ws(1.0)]_[p(5, 2)_cs(1.0)_ws(1.0)]",player_ca82f917_actions,player_ca82f917,['player_ca82f917'],,,
905,tomato,pick up,Dispenser_50,Dispenser,50,pick up tomato from dispenser,player_918a4bcd,baseline_division_of_labor,eeeafa9c8513b6b9,576.4236573835583,32.00000000000034,3.0,0.0,2.0,1.0,1.0,"(5, 2)","[p(2, 2)_cs(1.0)_ws(1.0)]_[p(5, 2)_cs(1.0)_ws(1.0)]",player_918a4bcd_actions,,[],,,
937,tomato,put down,Dispenser_60,Dispenser,60,put down tomato on dispenser,player_918a4bcd,baseline_division_of_labor,eeeafa9c8513b6b9,592.4236573835583,16.0,3.0,0.0,2.0,1.0,1.0,"(5, 2)","[p(2, 2)_cs(1.0)_ws(1.0)]_[p(5, 2)_cs(1.0)_ws(1.0)]",player_918a4bcd_actions,player_918a4bcd,['player_918a4bcd'],,,
937,plate,pick up,Dispenser_60,Dispenser,60,pick up plate from dispenser,player_918a4bcd,baseline_division_of_labor,eeeafa9c8513b6b9,592.4236573835583,0.0,3.0,0.0,2.0,1.0,1.0,"(5, 2)","[p(2, 2)_cs(1.0)_ws(1.0)]_[p(5, 2)_cs(1.0)_ws(1.0)]",player_918a4bcd_actions,,[],,,
937,plate,pick up,Dispenser_71,Dispenser,71,pick up plate from dispenser,player_ca82f917,baseline_division_of_labor,eeeafa9c8513b6b9,866.8170815882871,80.00000000000045,3.0,0.0,1.0,1.0,1.0,"(2, 2)","[p(2, 2)_cs(1.0)_ws(1.0)]_[p(5, 2)_cs(1.0)_ws(1.0)]",player_ca82f917_actions,,[],,,
977,plate,put down,Counter_33,Counter,33,put down plate on counter,player_ca82f917,baseline_division_of_labor,eeeafa9c8513b6b9,912.0719155842268,45.254833995939634,3.0,0.0,1.0,1.0,1.0,"(2, 2)","[p(2, 2)_cs(1.0)_ws(1.0)]_[p(5, 2)_cs(1.0)_ws(1.0)]",player_ca82f917_actions,player_ca82f917,['player_ca82f917'],,,
1008,plate,put down,Counter_32,Counter,32,put down plate on counter,player_918a4bcd,baseline_division_of_labor,eeeafa9c8513b6b9,672.4236573835587,80.00000000000045,3.0,0.0,2.0,1.0,1.0,"(5, 2)","[p(2, 2)_cs(1.0)_ws(1.0)]_[p(5, 2)_cs(1.0)_ws(1.0)]",player_918a4bcd_actions,player_918a4bcd,['player_918a4bcd'],,,
1043,tomato_cut,pick up,CuttingBoard_10,CuttingBoard,10,pick up tomato_cut from cuttingboard,player_ca82f917,baseline_division_of_labor,eeeafa9c8513b6b9,982.240251941722,70.16833635749538,3.0,0.0,1.0,1.0,1.0,"(2, 2)","[p(2, 2)_cs(1.0)_ws(1.0)]_[p(5, 2)_cs(1.0)_ws(1.0)]",player_ca82f917_actions,player_ca82f917,['player_ca82f917'],,,False
1045,tomato,pick up,Dispenser_40,Dispenser,40,pick up tomato from dispenser,player_918a4bcd,baseline_division_of_labor,eeeafa9c8513b6b9,688.4236573835589,16.000000000000114,3.0,0.0,2.0,1.0,1.0,"(5, 2)","[p(2, 2)_cs(1.0)_ws(1.0)]_[p(5, 2)_cs(1.0)_ws(1.0)]",player_918a4bcd_actions,,[],,,
1075,tomato_cut,assemble salad,Counter_33,Counter,33,assemble salad,player_ca82f917,baseline_division_of_labor,eeeafa9c8513b6b9,1020.651511781748,38.41125984002599,3.0,0.0,1.0,1.0,1.0,"(2, 2)","[p(2, 2)_cs(1.0)_ws(1.0)]_[p(5, 2)_cs(1.0)_ws(1.0)]",player_ca82f917_actions,player_ca82f917,['player_ca82f917'],"['player_ca82f917', 'player_ca82f917']",['player_ca82f917'],False
1098,tomato,start cutting,CuttingBoard_20,CuttingBoard,20,start cutting tomato,player_918a4bcd,baseline_division_of_labor,eeeafa9c8513b6b9,720.4236573835591,32.00000000000023,3.0,0.0,2.0,1.0,1.0,"(5, 2)","[p(2, 2)_cs(1.0)_ws(1.0)]_[p(5, 2)_cs(1.0)_ws(1.0)]",player_918a4bcd_actions,player_918a4bcd,['player_918a4bcd'],,,
1146,plate,pick up,Counter_32,Counter,32,pick up plate from counter,player_918a4bcd,baseline_division_of_labor,eeeafa9c8513b6b9,736.4236573835592,16.000000000000114,3.0,0.0,2.0,1.0,1.0,"(5, 2)","[p(2, 2)_cs(1.0)_ws(1.0)]_[p(5, 2)_cs(1.0)_ws(1.0)]",player_918a4bcd_actions,player_918a4bcd,['player_918a4bcd'],,,False
1162,tomato_salad,pick up,Counter_33,Counter,33,pick up tomato_salad from counter,player_ca82f917,baseline_division_of_labor,eeeafa9c8513b6b9,1141.607396851983,120.95588507023456,3.0,0.0,1.0,1.0,1.0,"(2, 2)","[p(2, 2)_cs(1.0)_ws(1.0)]_[p(5, 2)_cs(1.0)_ws(1.0)]",player_ca82f917_actions,player_ca82f917,['player_ca82f917'],"['player_ca82f917', 'player_ca82f917']",['player_ca82f917'],False
1186,tomato_salad,deliver,Delivery_64,Delivery,64,deliver tomato_salad,player_ca82f917,baseline_division_of_labor,eeeafa9c8513b6b9,1164.2348138499517,22.62741699796902,4.0,1.0,2.0,1.0,1.0,"(2, 2)","[p(2, 2)_cs(1.0)_ws(1.0)]_[p(5, 2)_cs(1.0)_ws(1.0)]",player_ca82f917_actions,player_ca82f917,"['player_ca82f917', 'player_ca82f917']","['player_ca82f917', 'player_ca82f917']",['player_ca82f917'],
1250,tomato,pick up,Dispenser_50,Dispenser,50,pick up tomato from dispenser,player_ca82f917,baseline_division_of_labor,eeeafa9c8513b6b9,1212.2348138499503,47.99999999999864,4.0,0.0,2.0,1.0,1.0,"(2, 2)","[p(2, 2)_cs(1.0)_ws(1.0)]_[p(5, 2)_cs(1.0)_ws(1.0)]",player_ca82f917_actions,,[],,,
1256,plate,put down,Counter_32,Counter,32,put down plate on counter,player_918a4bcd,baseline_division_of_labor,eeeafa9c8513b6b9,736.4236573835592,0.0,4.0,0.0,2.0,1.0,1.0,"(5, 2)","[p(2, 2)_cs(1.0)_ws(1.0)]_[p(5, 2)_cs(1.0)_ws(1.0)]",player_918a4bcd_actions,player_918a4bcd,"['player_918a4bcd', 'player_918a4bcd']",,,
1297,tomato,start cutting,CuttingBoard_10,CuttingBoard,10,start cutting tomato,player_ca82f917,baseline_division_of_labor,eeeafa9c8513b6b9,1276.2348138499483,63.999999999997954,4.0,0.0,2.0,1.0,1.0,"(2, 2)","[p(2, 2)_cs(1.0)_ws(1.0)]_[p(5, 2)_cs(1.0)_ws(1.0)]",player_ca82f917_actions,player_ca82f917,['player_ca82f917'],,,
1297,tomato,pick up,Dispenser_40,Dispenser,40,pick up tomato from dispenser,player_918a4bcd,baseline_division_of_labor,eeeafa9c8513b6b9,752.4236573835593,16.000000000000114,4.0,0.0,2.0,1.0,1.0,"(5, 2)","[p(2, 2)_cs(1.0)_ws(1.0)]_[p(5, 2)_cs(1.0)_ws(1.0)]",player_918a4bcd_actions,,[],,,
1328,tomato,start cutting,CuttingBoard_20,CuttingBoard,20,start cutting tomato,player_918a4bcd,baseline_division_of_labor,eeeafa9c8513b6b9,784.4236573835595,32.00000000000023,4.0,0.0,2.0,1.0,1.0,"(5, 2)","[p(2, 2)_cs(1.0)_ws(1.0)]_[p(5, 2)_cs(1.0)_ws(1.0)]",player_918a4bcd_actions,player_918a4bcd,['player_918a4bcd'],,,
1328,tomato_cut,pick up,CuttingBoard_20,CuttingBoard,20,pick up tomato_cut from cuttingboard,player_918a4bcd,baseline_division_of_labor,eeeafa9c8513b6b9,784.4236573835595,0.0,4.0,0.0,2.0,1.0,1.0,"(5, 2)","[p(2, 2)_cs(1.0)_ws(1.0)]_[p(5, 2)_cs(1.0)_ws(1.0)]",player_918a4bcd_actions,player_918a4bcd,['player_918a4bcd'],,,False
1393,tomato_cut,assemble salad,Counter_32,Counter,32,assemble salad,player_918a4bcd,baseline_division_of_labor,eeeafa9c8513b6b9,800.4236573835597,16.000000000000114,4.0,0.0,2.0,1.0,1.0,"(5, 2)","[p(2, 2)_cs(1.0)_ws(1.0)]_[p(5, 2)_cs(1.0)_ws(1.0)]",player_918a4bcd_actions,player_918a4bcd,['player_918a4bcd'],"['player_918a4bcd', 'player_918a4bcd']","['player_918a4bcd', 'player_918a4bcd']",False
1395,plate,pick up,Dispenser_71,Dispenser,71,pick up plate from dispenser,player_ca82f917,baseline_division_of_labor,eeeafa9c8513b6b9,1356.234813849945,79.99999999999682,4.0,0.0,2.0,1.0,1.0,"(2, 2)","[p(2, 2)_cs(1.0)_ws(1.0)]_[p(5, 2)_cs(1.0)_ws(1.0)]",player_ca82f917_actions,,[],,,
1432,plate,put down,Counter_33,Counter,33,put down plate on counter,player_ca82f917,baseline_division_of_labor,eeeafa9c8513b6b9,1401.489647845883,45.254833995937815,4.0,0.0,2.0,1.0,1.0,"(2, 2)","[p(2, 2)_cs(1.0)_ws(1.0)]_[p(5, 2)_cs(1.0)_ws(1.0)]",player_ca82f917_actions,player_ca82f917,['player_ca82f917'],,,
1456,tomato_salad,pick up,Counter_32,Counter,32,pick up tomato_salad from counter,player_918a4bcd,baseline_division_of_labor,eeeafa9c8513b6b9,800.4236573835597,0.0,4.0,0.0,2.0,1.0,1.0,"(5, 2)","[p(2, 2)_cs(1.0)_ws(1.0)]_[p(5, 2)_cs(1.0)_ws(1.0)]",player_918a4bcd_actions,player_918a4bcd,['player_918a4bcd'],"['player_918a4bcd', 'player_918a4bcd']","['player_918a4bcd', 'player_918a4bcd']",False
1476,tomato_salad,put down,Counter_32,Counter,32,put down tomato_salad on counter,player_918a4bcd,baseline_division_of_labor,eeeafa9c8513b6b9,800.4236573835597,0.0,4.0,0.0,2.0,1.0,1.0,"(5, 2)","[p(2, 2)_cs(1.0)_ws(1.0)]_[p(5, 2)_cs(1.0)_ws(1.0)]",player_918a4bcd_actions,player_918a4bcd,"['player_918a4bcd', 'player_918a4bcd']","['player_918a4bcd', 'player_918a4bcd']","['player_918a4bcd', 'player_918a4bcd']",
1484,tomato_cut,pick up,CuttingBoard_10,CuttingBoard,10,pick up tomato_cut from cuttingboard,player_ca82f917,baseline_division_of_labor,eeeafa9c8513b6b9,1471.6579842033768,70.1683363574939,4.0,0.0,2.0,1.0,1.0,"(2, 2)","[p(2, 2)_cs(1.0)_ws(1.0)]_[p(5, 2)_cs(1.0)_ws(1.0)]",player_ca82f917_actions,player_ca82f917,['player_ca82f917'],,,False
1525,tomato_cut,assemble salad,Counter_33,Counter,33,assemble salad,player_ca82f917,baseline_division_of_labor,eeeafa9c8513b6b9,1510.069244043403,38.411259840026105,4.0,0.0,2.0,1.0,1.0,"(2, 2)","[p(2, 2)_cs(1.0)_ws(1.0)]_[p(5, 2)_cs(1.0)_ws(1.0)]",player_ca82f917_actions,player_ca82f917,['player_ca82f917'],"['player_ca82f917', 'player_ca82f917']",['player_ca82f917'],False
1539,tomato_salad,pick up,Counter_32,Counter,32,pick up tomato_salad from counter,player_918a4bcd,baseline_division_of_labor,eeeafa9c8513b6b9,868.3059083774691,67.88225099390945,4.0,0.0,2.0,1.0,1.0,"(5, 2)","[p(2, 2)_cs(1.0)_ws(1.0)]_[p(5, 2)_cs(1.0)_ws(1.0)]",player_918a4bcd_actions,player_918a4bcd,"['player_918a4bcd', 'player_918a4bcd']","['player_918a4bcd', 'player_918a4bcd']","['player_918a4bcd', 'player_918a4bcd']",False
1550,tomato_salad,pick up,Counter_33,Counter,33,pick up tomato_salad from counter,player_ca82f917,baseline_division_of_labor,eeeafa9c8513b6b9,1510.069244043403,0.0,4.0,0.0,2.0,1.0,1.0,"(2, 2)","[p(2, 2)_cs(1.0)_ws(1.0)]_[p(5, 2)_cs(1.0)_ws(1.0)]",player_ca82f917_actions,player_ca82f917,['player_ca82f917'],"['player_ca82f917', 'player_ca82f917']",['player_ca82f917'],False
1578,tomato_salad,deliver,Delivery_63,Delivery,63,deliver tomato_salad,player_918a4bcd,baseline_division_of_labor,eeeafa9c8513b6b9,890.9333253754389,22.627416997969817,5.0,1.0,3.0,1.0,1.0,"(5, 2)","[p(2, 2)_cs(1.0)_ws(1.0)]_[p(5, 2)_cs(1.0)_ws(1.0)]",player_918a4bcd_actions,player_918a4bcd,"['player_918a4bcd', 'player_918a4bcd', 'player_918a4bcd']","['player_918a4bcd', 'player_918a4bcd']","['player_918a4bcd', 'player_918a4bcd']",
1604,tomato_salad,deliver,Delivery_64,Delivery,64,deliver tomato_salad,player_ca82f917,baseline_division_of_labor,eeeafa9c8513b6b9,1608.3977121156684,98.32846807226542,6.0,1.0,3.0,1.0,1.0,"(2, 2)","[p(2, 2)_cs(1.0)_ws(1.0)]_[p(5, 2)_cs(1.0)_ws(1.0)]",player_ca82f917_actions,player_ca82f917,"['player_ca82f917', 'player_ca82f917']","['player_ca82f917', 'player_ca82f917']",['player_ca82f917'],
1630,tomato,pick up,Dispenser_50,Dispenser,50,pick up tomato from dispenser,player_918a4bcd,baseline_division_of_labor,eeeafa9c8513b6b9,922.9333253754392,32.00000000000034,6.0,0.0,3.0,1.0,1.0,"(5, 2)","[p(2, 2)_cs(1.0)_ws(1.0)]_[p(5, 2)_cs(1.0)_ws(1.0)]",player_918a4bcd_actions,,[],,,
1709,plate,pick up,Dispenser_71,Dispenser,71,pick up plate from dispenser,player_ca82f917,baseline_division_of_labor,eeeafa9c8513b6b9,1662.817083758916,54.41937164324759,6.0,0.0,3.0,1.0,1.0,"(2, 2)","[p(2, 2)_cs(1.0)_ws(1.0)]_[p(5, 2)_cs(1.0)_ws(1.0)]",player_ca82f917_actions,,[],,,
1762,tomato,put down,Dispenser_60,Dispenser,60,put down tomato on dispenser,player_918a4bcd,baseline_division_of_labor,eeeafa9c8513b6b9,1034.9333253754394,112.00000000000011,6.0,0.0,3.0,1.0,1.0,"(5, 2)","[p(2, 2)_cs(1.0)_ws(1.0)]_[p(5, 2)_cs(1.0)_ws(1.0)]",player_918a4bcd_actions,player_918a4bcd,['player_918a4bcd'],,,
1762,plate,pick up,Dispenser_60,Dispenser,60,pick up plate from dispenser,player_918a4bcd,baseline_division_of_labor,eeeafa9c8513b6b9,1034.9333253754394,0.0,6.0,0.0,3.0,1.0,1.0,"(5, 2)","[p(2, 2)_cs(1.0)_ws(1.0)]_[p(5, 2)_cs(1.0)_ws(1.0)]",player_918a4bcd_actions,,[],,,
1805,plate,put down,Counter_32,Counter,32,put down plate on counter,player_918a4bcd,baseline_division_of_labor,eeeafa9c8513b6b9,1073.3403880422034,38.40706266676398,6.0,0.0,3.0,1.0,1.0,"(5, 2)","[p(2, 2)_cs(1.0)_ws(1.0)]_[p(5, 2)_cs(1.0)_ws(1.0)]",player_918a4bcd_actions,player_918a4bcd,['player_918a4bcd'],,,
1843,plate,put down,Counter_33,Counter,33,put down plate on counter,player_ca82f917,baseline_division_of_labor,eeeafa9c8513b6b9,1781.2283435989389,118.41125984002292,6.0,0.0,3.0,1.0,1.0,"(2, 2)","[p(2, 2)_cs(1.0)_ws(1.0)]_[p(5, 2)_cs(1.0)_ws(1.0)]",player_ca82f917_actions,player_ca82f917,['player_ca82f917'],,,
1885,tomato,pick up,Dispenser_40,Dispenser,40,pick up tomato from dispenser,player_ca82f917,baseline_division_of_labor,eeeafa9c8513b6b9,1835.3967304275711,54.168386828632265,6.0,0.0,3.0,1.0,1.0,"(2, 2)","[p(2, 2)_cs(1.0)_ws(1.0)]_[p(5, 2)_cs(1.0)_ws(1.0)]",player_ca82f917_actions,,[],,,
1925,tomato,start cutting,CuttingBoard_10,CuttingBoard,10,start cutting tomato,player_ca82f917,baseline_division_of_labor,eeeafa9c8513b6b9,1883.3967304275695,47.99999999999841,6.0,0.0,3.0,1.0,1.0,"(2, 2)","[p(2, 2)_cs(1.0)_ws(1.0)]_[p(5, 2)_cs(1.0)_ws(1.0)]",player_ca82f917_actions,player_ca82f917,['player_ca82f917'],,,
1930,plate,pick up,Counter_32,Counter,32,pick up plate from counter,player_918a4bcd,baseline_division_of_labor,eeeafa9c8513b6b9,1127.8473147670986,54.506926724895266,6.0,0.0,3.0,1.0,1.0,"(5, 2)","[p(2, 2)_cs(1.0)_ws(1.0)]_[p(5, 2)_cs(1.0)_ws(1.0)]",player_918a4bcd_actions,player_918a4bcd,['player_918a4bcd'],,,False
1983,tomato_cut,pick up,CuttingBoard_10,CuttingBoard,10,pick up tomato_cut from cuttingboard,player_ca82f917,baseline_division_of_labor,eeeafa9c8513b6b9,1883.3967304275695,0.0,6.0,0.0,3.0,1.0,1.0,"(2, 2)","[p(2, 2)_cs(1.0)_ws(1.0)]_[p(5, 2)_cs(1.0)_ws(1.0)]",player_ca82f917_actions,player_ca82f917,['player_ca82f917'],,,False
1993,plate,put down,Counter_32,Counter,32,put down plate on counter,player_918a4bcd,baseline_division_of_labor,eeeafa9c8513b6b9,1127.8473147670986,0.0,6.0,0.0,3.0,1.0,1.0,"(5, 2)","[p(2, 2)_cs(1.0)_ws(1.0)]_[p(5, 2)_cs(1.0)_ws(1.0)]",player_918a4bcd_actions,player_918a4bcd,"['player_918a4bcd', 'player_918a4bcd']",,,
2024,tomato_cut,pick up,CuttingBoard_20,CuttingBoard,20,pick up tomato_cut from cuttingboard,player_918a4bcd,baseline_division_of_labor,eeeafa9c8513b6b9,1143.8473147670982,15.999999999999543,6.0,0.0,3.0,1.0,1.0,"(5, 2)","[p(2, 2)_cs(1.0)_ws(1.0)]_[p(5, 2)_cs(1.0)_ws(1.0)]",player_918a4bcd_actions,player_918a4bcd,['player_918a4bcd'],,,False
2035,tomato_cut,assemble salad,Counter_33,Counter,33,assemble salad,player_ca82f917,baseline_division_of_labor,eeeafa9c8513b6b9,1921.8079902675956,38.411259840026105,6.0,0.0,3.0,1.0,1.0,"(2, 2)","[p(2, 2)_cs(1.0)_ws(1.0)]_[p(5, 2)_cs(1.0)_ws(1.0)]",player_ca82f917_actions,player_ca82f917,['player_ca82f917'],"['player_ca82f917', 'player_ca82f917']",['player_ca82f917'],False
2057,tomato_cut,assemble salad,Counter_32,Counter,32,assemble salad,player_918a4bcd,baseline_division_of_labor,eeeafa9c8513b6b9,1159.8473147670975,15.999999999999543,6.0,0.0,3.0,1.0,1.0,"(5, 2)","[p(2, 2)_cs(1.0)_ws(1.0)]_[p(5, 2)_cs(1.0)_ws(1.0)]",player_918a4bcd_actions,player_918a4bcd,['player_918a4bcd'],"['player_918a4bcd', 'player_918a4bcd']","['player_918a4bcd', 'player_918a4bcd']",False
2060,tomato_salad,pick up,Counter_33,Counter,33,pick up tomato_salad from counter,player_ca82f917,baseline_division_of_labor,eeeafa9c8513b6b9,1921.8079902675956,0.0,6.0,0.0,3.0,1.0,1.0,"(2, 2)","[p(2, 2)_cs(1.0)_ws(1.0)]_[p(5, 2)_cs(1.0)_ws(1.0)]",player_ca82f917_actions,player_ca82f917,['player_ca82f917'],"['player_ca82f917', 'player_ca82f917']",['player_ca82f917'],False
2084,tomato_salad,pick up,Counter_32,Counter,32,pick up tomato_salad from counter,player_918a4bcd,baseline_division_of_labor,eeeafa9c8513b6b9,1159.8473147670975,0.0,6.0,0.0,3.0,1.0,1.0,"(5, 2)","[p(2, 2)_cs(1.0)_ws(1.0)]_[p(5, 2)_cs(1.0)_ws(1.0)]",player_918a4bcd_actions,player_918a4bcd,['player_918a4bcd'],"['player_918a4bcd', 'player_918a4bcd']","['player_918a4bcd', 'player_918a4bcd']",False
2125,tomato_salad,deliver,Delivery_64,Delivery,64,deliver tomato_salad,player_ca82f917,baseline_division_of_labor,eeeafa9c8513b6b9,2020.136458339861,98.32846807226542,7.0,1.0,4.0,1.0,1.0,"(2, 2)","[p(2, 2)_cs(1.0)_ws(1.0)]_[p(5, 2)_cs(1.0)_ws(1.0)]",player_ca82f917_actions,player_ca82f917,"['player_ca82f917', 'player_ca82f917']","['player_ca82f917', 'player_ca82f917']",['player_ca82f917'],
2135,tomato_salad,deliver,Delivery_64,Delivery,64,deliver tomato_salad,player_918a4bcd,baseline_division_of_labor,eeeafa9c8513b6b9,1220.7635016696354,60.916186902537675,8.0,1.0,4.0,1.0,1.0,"(5, 2)","[p(2, 2)_cs(1.0)_ws(1.0)]_[p(5, 2)_cs(1.0)_ws(1.0)]",player_918a4bcd_actions,player_918a4bcd,"['player_918a4bcd', 'player_918a4bcd']","['player_918a4bcd', 'player_918a4bcd']","['player_918a4bcd', 'player_918a4bcd']",
