{"agents": {"player_ca82f917": {"initial_state": {"agent_id": "player_ca82f917", "x": 40, "y": 40, "item": null, "url_params": {"gameType": ["tomatoSaladOnly"], "PROLIFIC_PID": ["65e00891e4c0c8cad9c1583a"], "map": ["baseline_division_of_labor"], "cutting_speed_p1": ["1"], "walking_speed_p1": ["1"], "cutting_speed_p2": ["1"], "walking_speed_p2": ["1"], "slot_x_p1": ["2"], "slot_y_p1": ["2"], "slot_x_p2": ["5"], "slot_y_p2": ["2"], "EIO": ["4"], "transport": ["polling"], "t": ["PZx_5ns"]}, "cut_speed": 1.0, "walk_speed": 30.0, "player_nr": 1}, "player_score": 4.0, "total_actions": 40, "first_action_tick": 39, "last_action_tick": 2125}, "player_918a4bcd": {"initial_state": {"agent_id": "player_918a4bcd", "x": 88, "y": 40, "item": null, "url_params": {"gameType": ["tomatoSaladOnly"], "PROLIFIC_PID": ["67ddd4f85ab870ffd90cc888"], "map": ["baseline_division_of_labor"], "cutting_speed_p1": ["1"], "walking_speed_p1": ["1"], "cutting_speed_p2": ["1"], "walking_speed_p2": ["1"], "slot_x_p1": ["2"], "slot_y_p1": ["2"], "slot_x_p2": ["5"], "slot_y_p2": ["2"], "EIO": ["4"], "transport": ["polling"], "t": ["PZx-exz"]}, "cut_speed": 1.0, "walk_speed": 30.0, "player_nr": 2}, "player_score": 4.0, "total_actions": 42, "first_action_tick": 54, "last_action_tick": 2135}}, "map_name": "baseline_division_of_labor", "final_score": 8.0}