tick,item,action,target,target_type,target_position,action_long,player_id,map_name,game_id,distance_walked,distance_walked_since_last_action,overall_score,player_score_change,player_score,walking_speed,cutting_speed,start_pos,condition
39,tomato,pick up,Dispenser_40,Dispenser,40,pick up tomato from dispenser,player_ca82f917,baseline_division_of_labor,eeeafa9c8513b6b9,48.0,0.0,0.0,0.0,0.0,1.0,1.0,"(2, 2)","[p(2, 2)_cs(1.0)_ws(1.0)]_[p(5, 2)_cs(1.0)_ws(1.0)]"
149,tomato,start cutting,CuttingBoard_10,CuttingBoard,10,start cutting tomato,player_ca82f917,baseline_division_of_labor,eeeafa9c8513b6b9,96.0,48.0,0.0,0.0,0.0,1.0,1.0,"(2, 2)","[p(2, 2)_cs(1.0)_ws(1.0)]_[p(5, 2)_cs(1.0)_ws(1.0)]"
249,plate,pick up,Dispenser_60,Dispenser,60,pick up plate from dispenser,player_ca82f917,baseline_division_of_labor,eeeafa9c8513b6b9,176.0,80.0,0.0,0.0,0.0,1.0,1.0,"(2, 2)","[p(2, 2)_cs(1.0)_ws(1.0)]_[p(5, 2)_cs(1.0)_ws(1.0)]"
306,plate,put down,CuttingBoard_10,CuttingBoard,10,put down plate on cuttingboard,player_ca82f917,baseline_division_of_labor,eeeafa9c8513b6b9,256.0,80.0,0.0,0.0,0.0,1.0,1.0,"(2, 2)","[p(2, 2)_cs(1.0)_ws(1.0)]_[p(5, 2)_cs(1.0)_ws(1.0)]"
306,tomato_cut,pick up,CuttingBoard_10,CuttingBoard,10,pick up tomato_cut from cuttingboard,player_ca82f917,baseline_division_of_labor,eeeafa9c8513b6b9,256.0,0.0,0.0,0.0,0.0,1.0,1.0,"(2, 2)","[p(2, 2)_cs(1.0)_ws(1.0)]_[p(5, 2)_cs(1.0)_ws(1.0)]"
350,tomato_cut,put down,Counter_33,Counter,33,put down tomato_cut on counter,player_ca82f917,baseline_division_of_labor,eeeafa9c8513b6b9,294.4112598400263,38.411259840026275,0.0,0.0,0.0,1.0,1.0,"(2, 2)","[p(2, 2)_cs(1.0)_ws(1.0)]_[p(5, 2)_cs(1.0)_ws(1.0)]"
384,tomato_cut,pick up,Counter_33,Counter,33,pick up tomato_cut from counter,player_ca82f917,baseline_division_of_labor,eeeafa9c8513b6b9,294.4112598400263,0.0,0.0,0.0,0.0,1.0,1.0,"(2, 2)","[p(2, 2)_cs(1.0)_ws(1.0)]_[p(5, 2)_cs(1.0)_ws(1.0)]"
480,tomato_cut,put down,Dispenser_60,Dispenser,60,put down tomato_cut on dispenser,player_ca82f917,baseline_division_of_labor,eeeafa9c8513b6b9,412.8225196800529,118.41125984002662,1.0,0.0,0.0,1.0,1.0,"(2, 2)","[p(2, 2)_cs(1.0)_ws(1.0)]_[p(5, 2)_cs(1.0)_ws(1.0)]"
480,plate,pick up,Dispenser_60,Dispenser,60,pick up plate from dispenser,player_ca82f917,baseline_division_of_labor,eeeafa9c8513b6b9,412.8225196800529,0.0,1.0,0.0,0.0,1.0,1.0,"(2, 2)","[p(2, 2)_cs(1.0)_ws(1.0)]_[p(5, 2)_cs(1.0)_ws(1.0)]"
531,plate,put down,Counter_33,Counter,33,put down plate on counter,player_ca82f917,baseline_division_of_labor,eeeafa9c8513b6b9,458.07735367599184,45.25483399593895,1.0,0.0,0.0,1.0,1.0,"(2, 2)","[p(2, 2)_cs(1.0)_ws(1.0)]_[p(5, 2)_cs(1.0)_ws(1.0)]"
574,tomato,pick up,Dispenser_40,Dispenser,40,pick up tomato from dispenser,player_ca82f917,baseline_division_of_labor,eeeafa9c8513b6b9,490.0773536759922,32.00000000000034,1.0,0.0,0.0,1.0,1.0,"(2, 2)","[p(2, 2)_cs(1.0)_ws(1.0)]_[p(5, 2)_cs(1.0)_ws(1.0)]"
612,tomato,start cutting,CuttingBoard_10,CuttingBoard,10,start cutting tomato,player_ca82f917,baseline_division_of_labor,eeeafa9c8513b6b9,538.0773536759926,48.000000000000455,1.0,0.0,0.0,1.0,1.0,"(2, 2)","[p(2, 2)_cs(1.0)_ws(1.0)]_[p(5, 2)_cs(1.0)_ws(1.0)]"
663,tomato_cut,pick up,CuttingBoard_10,CuttingBoard,10,pick up tomato_cut from cuttingboard,player_ca82f917,baseline_division_of_labor,eeeafa9c8513b6b9,538.0773536759926,0.0,1.0,0.0,0.0,1.0,1.0,"(2, 2)","[p(2, 2)_cs(1.0)_ws(1.0)]_[p(5, 2)_cs(1.0)_ws(1.0)]"
701,tomato_cut,assemble salad,Counter_33,Counter,33,assemble salad,player_ca82f917,baseline_division_of_labor,eeeafa9c8513b6b9,576.4886135160186,38.41125984002599,1.0,0.0,0.0,1.0,1.0,"(2, 2)","[p(2, 2)_cs(1.0)_ws(1.0)]_[p(5, 2)_cs(1.0)_ws(1.0)]"
720,tomato_salad,pick up,Counter_33,Counter,33,pick up tomato_salad from counter,player_ca82f917,baseline_division_of_labor,eeeafa9c8513b6b9,576.4886135160186,0.0,1.0,0.0,0.0,1.0,1.0,"(2, 2)","[p(2, 2)_cs(1.0)_ws(1.0)]_[p(5, 2)_cs(1.0)_ws(1.0)]"
779,tomato_salad,deliver,Delivery_64,Delivery,64,deliver tomato_salad,player_ca82f917,baseline_division_of_labor,eeeafa9c8513b6b9,674.8170815882859,98.32846807226724,2.0,1.0,1.0,1.0,1.0,"(2, 2)","[p(2, 2)_cs(1.0)_ws(1.0)]_[p(5, 2)_cs(1.0)_ws(1.0)]"
839,tomato,pick up,Dispenser_50,Dispenser,50,pick up tomato from dispenser,player_ca82f917,baseline_division_of_labor,eeeafa9c8513b6b9,722.8170815882863,48.000000000000455,3.0,0.0,1.0,1.0,1.0,"(2, 2)","[p(2, 2)_cs(1.0)_ws(1.0)]_[p(5, 2)_cs(1.0)_ws(1.0)]"
879,tomato,start cutting,CuttingBoard_10,CuttingBoard,10,start cutting tomato,player_ca82f917,baseline_division_of_labor,eeeafa9c8513b6b9,786.8170815882867,64.00000000000034,3.0,0.0,1.0,1.0,1.0,"(2, 2)","[p(2, 2)_cs(1.0)_ws(1.0)]_[p(5, 2)_cs(1.0)_ws(1.0)]"
937,plate,pick up,Dispenser_71,Dispenser,71,pick up plate from dispenser,player_ca82f917,baseline_division_of_labor,eeeafa9c8513b6b9,866.8170815882871,80.00000000000045,3.0,0.0,1.0,1.0,1.0,"(2, 2)","[p(2, 2)_cs(1.0)_ws(1.0)]_[p(5, 2)_cs(1.0)_ws(1.0)]"
977,plate,put down,Counter_33,Counter,33,put down plate on counter,player_ca82f917,baseline_division_of_labor,eeeafa9c8513b6b9,912.0719155842268,45.254833995939634,3.0,0.0,1.0,1.0,1.0,"(2, 2)","[p(2, 2)_cs(1.0)_ws(1.0)]_[p(5, 2)_cs(1.0)_ws(1.0)]"
1043,tomato_cut,pick up,CuttingBoard_10,CuttingBoard,10,pick up tomato_cut from cuttingboard,player_ca82f917,baseline_division_of_labor,eeeafa9c8513b6b9,982.2402519417221,70.16833635749538,3.0,0.0,1.0,1.0,1.0,"(2, 2)","[p(2, 2)_cs(1.0)_ws(1.0)]_[p(5, 2)_cs(1.0)_ws(1.0)]"
1075,tomato_cut,assemble salad,Counter_33,Counter,33,assemble salad,player_ca82f917,baseline_division_of_labor,eeeafa9c8513b6b9,1020.6515117817481,38.41125984002599,3.0,0.0,1.0,1.0,1.0,"(2, 2)","[p(2, 2)_cs(1.0)_ws(1.0)]_[p(5, 2)_cs(1.0)_ws(1.0)]"
1162,tomato_salad,pick up,Counter_33,Counter,33,pick up tomato_salad from counter,player_ca82f917,baseline_division_of_labor,eeeafa9c8513b6b9,1141.6073968519827,120.95588507023456,3.0,0.0,1.0,1.0,1.0,"(2, 2)","[p(2, 2)_cs(1.0)_ws(1.0)]_[p(5, 2)_cs(1.0)_ws(1.0)]"
1186,tomato_salad,deliver,Delivery_64,Delivery,64,deliver tomato_salad,player_ca82f917,baseline_division_of_labor,eeeafa9c8513b6b9,1164.2348138499517,22.62741699796902,4.0,1.0,2.0,1.0,1.0,"(2, 2)","[p(2, 2)_cs(1.0)_ws(1.0)]_[p(5, 2)_cs(1.0)_ws(1.0)]"
1250,tomato,pick up,Dispenser_50,Dispenser,50,pick up tomato from dispenser,player_ca82f917,baseline_division_of_labor,eeeafa9c8513b6b9,1212.2348138499503,47.999999999998636,4.0,0.0,2.0,1.0,1.0,"(2, 2)","[p(2, 2)_cs(1.0)_ws(1.0)]_[p(5, 2)_cs(1.0)_ws(1.0)]"
1297,tomato,start cutting,CuttingBoard_10,CuttingBoard,10,start cutting tomato,player_ca82f917,baseline_division_of_labor,eeeafa9c8513b6b9,1276.2348138499483,63.999999999997954,4.0,0.0,2.0,1.0,1.0,"(2, 2)","[p(2, 2)_cs(1.0)_ws(1.0)]_[p(5, 2)_cs(1.0)_ws(1.0)]"
1395,plate,pick up,Dispenser_71,Dispenser,71,pick up plate from dispenser,player_ca82f917,baseline_division_of_labor,eeeafa9c8513b6b9,1356.234813849945,79.99999999999682,4.0,0.0,2.0,1.0,1.0,"(2, 2)","[p(2, 2)_cs(1.0)_ws(1.0)]_[p(5, 2)_cs(1.0)_ws(1.0)]"
1432,plate,put down,Counter_33,Counter,33,put down plate on counter,player_ca82f917,baseline_division_of_labor,eeeafa9c8513b6b9,1401.489647845883,45.254833995937815,4.0,0.0,2.0,1.0,1.0,"(2, 2)","[p(2, 2)_cs(1.0)_ws(1.0)]_[p(5, 2)_cs(1.0)_ws(1.0)]"
1484,tomato_cut,pick up,CuttingBoard_10,CuttingBoard,10,pick up tomato_cut from cuttingboard,player_ca82f917,baseline_division_of_labor,eeeafa9c8513b6b9,1471.6579842033768,70.1683363574939,4.0,0.0,2.0,1.0,1.0,"(2, 2)","[p(2, 2)_cs(1.0)_ws(1.0)]_[p(5, 2)_cs(1.0)_ws(1.0)]"
1525,tomato_cut,assemble salad,Counter_33,Counter,33,assemble salad,player_ca82f917,baseline_division_of_labor,eeeafa9c8513b6b9,1510.069244043403,38.411259840026105,4.0,0.0,2.0,1.0,1.0,"(2, 2)","[p(2, 2)_cs(1.0)_ws(1.0)]_[p(5, 2)_cs(1.0)_ws(1.0)]"
1550,tomato_salad,pick up,Counter_33,Counter,33,pick up tomato_salad from counter,player_ca82f917,baseline_division_of_labor,eeeafa9c8513b6b9,1510.069244043403,0.0,4.0,0.0,2.0,1.0,1.0,"(2, 2)","[p(2, 2)_cs(1.0)_ws(1.0)]_[p(5, 2)_cs(1.0)_ws(1.0)]"
1604,tomato_salad,deliver,Delivery_64,Delivery,64,deliver tomato_salad,player_ca82f917,baseline_division_of_labor,eeeafa9c8513b6b9,1608.3977121156684,98.32846807226542,6.0,1.0,3.0,1.0,1.0,"(2, 2)","[p(2, 2)_cs(1.0)_ws(1.0)]_[p(5, 2)_cs(1.0)_ws(1.0)]"
1709,plate,pick up,Dispenser_71,Dispenser,71,pick up plate from dispenser,player_ca82f917,baseline_division_of_labor,eeeafa9c8513b6b9,1662.817083758916,54.41937164324759,6.0,0.0,3.0,1.0,1.0,"(2, 2)","[p(2, 2)_cs(1.0)_ws(1.0)]_[p(5, 2)_cs(1.0)_ws(1.0)]"
1843,plate,put down,Counter_33,Counter,33,put down plate on counter,player_ca82f917,baseline_division_of_labor,eeeafa9c8513b6b9,1781.2283435989389,118.41125984002292,6.0,0.0,3.0,1.0,1.0,"(2, 2)","[p(2, 2)_cs(1.0)_ws(1.0)]_[p(5, 2)_cs(1.0)_ws(1.0)]"
1885,tomato,pick up,Dispenser_40,Dispenser,40,pick up tomato from dispenser,player_ca82f917,baseline_division_of_labor,eeeafa9c8513b6b9,1835.3967304275711,54.168386828632265,6.0,0.0,3.0,1.0,1.0,"(2, 2)","[p(2, 2)_cs(1.0)_ws(1.0)]_[p(5, 2)_cs(1.0)_ws(1.0)]"
1925,tomato,start cutting,CuttingBoard_10,CuttingBoard,10,start cutting tomato,player_ca82f917,baseline_division_of_labor,eeeafa9c8513b6b9,1883.3967304275695,47.99999999999841,6.0,0.0,3.0,1.0,1.0,"(2, 2)","[p(2, 2)_cs(1.0)_ws(1.0)]_[p(5, 2)_cs(1.0)_ws(1.0)]"
1983,tomato_cut,pick up,CuttingBoard_10,CuttingBoard,10,pick up tomato_cut from cuttingboard,player_ca82f917,baseline_division_of_labor,eeeafa9c8513b6b9,1883.3967304275695,0.0,6.0,0.0,3.0,1.0,1.0,"(2, 2)","[p(2, 2)_cs(1.0)_ws(1.0)]_[p(5, 2)_cs(1.0)_ws(1.0)]"
2035,tomato_cut,assemble salad,Counter_33,Counter,33,assemble salad,player_ca82f917,baseline_division_of_labor,eeeafa9c8513b6b9,1921.8079902675956,38.411259840026105,6.0,0.0,3.0,1.0,1.0,"(2, 2)","[p(2, 2)_cs(1.0)_ws(1.0)]_[p(5, 2)_cs(1.0)_ws(1.0)]"
2060,tomato_salad,pick up,Counter_33,Counter,33,pick up tomato_salad from counter,player_ca82f917,baseline_division_of_labor,eeeafa9c8513b6b9,1921.8079902675956,0.0,6.0,0.0,3.0,1.0,1.0,"(2, 2)","[p(2, 2)_cs(1.0)_ws(1.0)]_[p(5, 2)_cs(1.0)_ws(1.0)]"
2125,tomato_salad,deliver,Delivery_64,Delivery,64,deliver tomato_salad,player_ca82f917,baseline_division_of_labor,eeeafa9c8513b6b9,2020.136458339861,98.32846807226542,7.0,1.0,4.0,1.0,1.0,"(2, 2)","[p(2, 2)_cs(1.0)_ws(1.0)]_[p(5, 2)_cs(1.0)_ws(1.0)]"
