tick,item,action,target,target_type,target_position,action_long,player_id,map_name,game_id,distance_walked,distance_walked_since_last_action,overall_score,player_score_change,player_score,walking_speed,cutting_speed,start_pos,condition,source,last_touched,touched_list,tomato_history,plate_history,is_exchange_collaboration
59,tomato,pick up,Dispenser_40,Dispenser,40,pick up tomato from dispenser,player_94b394d5,baseline_division_of_labor,30f2ee784d7c0394,22.62741699796952,0.0,0.0,0.0,0.0,1.0,0.5,"(5, 2)","[p(2, 2)_cs(1.0)_ws(0.5)]_[p(5, 2)_cs(0.5)_ws(1.0)]",player_94b394d5_actions,,[],,,
102,tomato,pick up,Dispenser_40,Dispenser,40,pick up tomato from dispenser,player_8ece2fda,baseline_division_of_labor,30f2ee784d7c0394,38.509231746308544,0.0,0.0,0.0,0.0,0.5,1.0,"(2, 2)","[p(2, 2)_cs(1.0)_ws(0.5)]_[p(5, 2)_cs(0.5)_ws(1.0)]",player_8ece2fda_actions,,[],,,
117,tomato,start cutting,CuttingBoard_20,CuttingBoard,20,start cutting tomato,player_94b394d5,baseline_division_of_labor,30f2ee784d7c0394,54.62741699796952,32.0,0.0,0.0,0.0,1.0,0.5,"(5, 2)","[p(2, 2)_cs(1.0)_ws(0.5)]_[p(5, 2)_cs(0.5)_ws(1.0)]",player_94b394d5_actions,player_94b394d5,['player_94b394d5'],,,
151,tomato,put down,Counter_33,Counter,33,put down tomato on counter,player_8ece2fda,baseline_division_of_labor,30f2ee784d7c0394,70.50923174630854,32.0,0.0,0.0,0.0,0.5,1.0,"(2, 2)","[p(2, 2)_cs(1.0)_ws(0.5)]_[p(5, 2)_cs(0.5)_ws(1.0)]",player_8ece2fda_actions,player_8ece2fda,['player_8ece2fda'],,,
165,tomato,pick up,Counter_33,Counter,33,pick up tomato from counter,player_8ece2fda,baseline_division_of_labor,30f2ee784d7c0394,70.50923174630854,0.0,0.0,0.0,0.0,0.5,1.0,"(2, 2)","[p(2, 2)_cs(1.0)_ws(0.5)]_[p(5, 2)_cs(0.5)_ws(1.0)]",player_8ece2fda_actions,player_8ece2fda,['player_8ece2fda'],,,False
196,plate,pick up,Dispenser_60,Dispenser,60,pick up plate from dispenser,player_94b394d5,baseline_division_of_labor,30f2ee784d7c0394,118.62741699796952,64.0,0.0,0.0,0.0,1.0,0.5,"(5, 2)","[p(2, 2)_cs(1.0)_ws(0.5)]_[p(5, 2)_cs(0.5)_ws(1.0)]",player_94b394d5_actions,,[],,,
230,tomato,start cutting,CuttingBoard_10,CuttingBoard,10,start cutting tomato,player_8ece2fda,baseline_division_of_labor,30f2ee784d7c0394,140.82731590944937,70.31808416314082,0.0,0.0,0.0,0.5,1.0,"(2, 2)","[p(2, 2)_cs(1.0)_ws(0.5)]_[p(5, 2)_cs(0.5)_ws(1.0)]",player_8ece2fda_actions,player_8ece2fda,"['player_8ece2fda', 'player_8ece2fda']",,,
237,plate,put down,Counter_32,Counter,32,put down plate on counter,player_94b394d5,baseline_division_of_labor,30f2ee784d7c0394,157.0344796647345,38.407062666764986,0.0,0.0,0.0,1.0,0.5,"(5, 2)","[p(2, 2)_cs(1.0)_ws(0.5)]_[p(5, 2)_cs(0.5)_ws(1.0)]",player_94b394d5_actions,player_94b394d5,['player_94b394d5'],,,
288,tomato_cut,pick up,CuttingBoard_10,CuttingBoard,10,pick up tomato_cut from cuttingboard,player_8ece2fda,baseline_division_of_labor,30f2ee784d7c0394,140.82731590944937,0.0,0.0,0.0,0.0,0.5,1.0,"(2, 2)","[p(2, 2)_cs(1.0)_ws(0.5)]_[p(5, 2)_cs(0.5)_ws(1.0)]",player_8ece2fda_actions,player_8ece2fda,"['player_8ece2fda', 'player_8ece2fda']",,,False
315,plate,pick up,Counter_32,Counter,32,pick up plate from counter,player_94b394d5,baseline_division_of_labor,30f2ee784d7c0394,210.09725907013507,53.06277940540056,0.0,0.0,0.0,1.0,0.5,"(5, 2)","[p(2, 2)_cs(1.0)_ws(0.5)]_[p(5, 2)_cs(0.5)_ws(1.0)]",player_94b394d5_actions,player_94b394d5,['player_94b394d5'],,,False
327,plate,put down,CuttingBoard_20,CuttingBoard,20,put down plate on cuttingboard,player_94b394d5,baseline_division_of_labor,30f2ee784d7c0394,226.09725907013507,16.0,0.0,0.0,0.0,1.0,0.5,"(5, 2)","[p(2, 2)_cs(1.0)_ws(0.5)]_[p(5, 2)_cs(0.5)_ws(1.0)]",player_94b394d5_actions,player_94b394d5,"['player_94b394d5', 'player_94b394d5']",,,
327,tomato_cut,pick up,CuttingBoard_20,CuttingBoard,20,pick up tomato_cut from cuttingboard,player_94b394d5,baseline_division_of_labor,30f2ee784d7c0394,226.09725907013507,0.0,0.0,0.0,0.0,1.0,0.5,"(5, 2)","[p(2, 2)_cs(1.0)_ws(0.5)]_[p(5, 2)_cs(0.5)_ws(1.0)]",player_94b394d5_actions,player_94b394d5,"['player_94b394d5', 'player_94b394d5']",,,False
328,tomato_cut,put down,Counter_03,Counter,3,put down tomato_cut on counter,player_8ece2fda,baseline_division_of_labor,30f2ee784d7c0394,172.82731590944942,32.00000000000006,0.0,0.0,0.0,0.5,1.0,"(2, 2)","[p(2, 2)_cs(1.0)_ws(0.5)]_[p(5, 2)_cs(0.5)_ws(1.0)]",player_8ece2fda_actions,player_8ece2fda,"['player_8ece2fda', 'player_8ece2fda', 'player_8ece2fda']",,,
357,tomato_cut,put down,Counter_32,Counter,32,put down tomato_cut on counter,player_94b394d5,baseline_division_of_labor,30f2ee784d7c0394,242.09725907013507,16.0,0.0,0.0,0.0,1.0,0.5,"(5, 2)","[p(2, 2)_cs(1.0)_ws(0.5)]_[p(5, 2)_cs(0.5)_ws(1.0)]",player_94b394d5_actions,player_94b394d5,"['player_94b394d5', 'player_94b394d5', 'player_94b394d5']",,,
381,tomato_cut,pick up,Counter_32,Counter,32,pick up tomato_cut from counter,player_94b394d5,baseline_division_of_labor,30f2ee784d7c0394,242.09725907013507,0.0,0.0,0.0,0.0,1.0,0.5,"(5, 2)","[p(2, 2)_cs(1.0)_ws(0.5)]_[p(5, 2)_cs(0.5)_ws(1.0)]",player_94b394d5_actions,player_94b394d5,"['player_94b394d5', 'player_94b394d5', 'player_94b394d5']",,,False
390,tomato_cut,put down,Counter_32,Counter,32,put down tomato_cut on counter,player_94b394d5,baseline_division_of_labor,30f2ee784d7c0394,242.09725907013507,0.0,0.0,0.0,0.0,1.0,0.5,"(5, 2)","[p(2, 2)_cs(1.0)_ws(0.5)]_[p(5, 2)_cs(0.5)_ws(1.0)]",player_94b394d5_actions,player_94b394d5,"['player_94b394d5', 'player_94b394d5', 'player_94b394d5', 'player_94b394d5']",,,
411,tomato_cut,pick up,Counter_32,Counter,32,pick up tomato_cut from counter,player_94b394d5,baseline_division_of_labor,30f2ee784d7c0394,242.09725907013507,0.0,0.0,0.0,0.0,1.0,0.5,"(5, 2)","[p(2, 2)_cs(1.0)_ws(0.5)]_[p(5, 2)_cs(0.5)_ws(1.0)]",player_94b394d5_actions,player_94b394d5,"['player_94b394d5', 'player_94b394d5', 'player_94b394d5', 'player_94b394d5']",,,False
422,plate,pick up,Dispenser_60,Dispenser,60,pick up plate from dispenser,player_8ece2fda,baseline_division_of_labor,30f2ee784d7c0394,265.9943816155395,93.16706570609009,0.0,0.0,0.0,0.5,1.0,"(2, 2)","[p(2, 2)_cs(1.0)_ws(0.5)]_[p(5, 2)_cs(0.5)_ws(1.0)]",player_8ece2fda_actions,,[],,,
489,tomato_cut,put down,Dispenser_60,Dispenser,60,put down tomato_cut on dispenser,player_94b394d5,baseline_division_of_labor,30f2ee784d7c0394,325.7633529061,83.66609383596494,0.0,0.0,0.0,1.0,0.5,"(5, 2)","[p(2, 2)_cs(1.0)_ws(0.5)]_[p(5, 2)_cs(0.5)_ws(1.0)]",player_94b394d5_actions,player_94b394d5,"['player_94b394d5', 'player_94b394d5', 'player_94b394d5', 'player_94b394d5', 'player_94b394d5']",,,
489,plate,pick up,Dispenser_60,Dispenser,60,pick up plate from dispenser,player_94b394d5,baseline_division_of_labor,30f2ee784d7c0394,325.7633529061,0.0,0.0,0.0,0.0,1.0,0.5,"(5, 2)","[p(2, 2)_cs(1.0)_ws(0.5)]_[p(5, 2)_cs(0.5)_ws(1.0)]",player_94b394d5_actions,,[],,,
516,plate,put down,Counter_02,Counter,2,put down plate on counter,player_8ece2fda,baseline_division_of_labor,30f2ee784d7c0394,352.5497328667809,86.5553512512414,0.0,0.0,0.0,0.5,1.0,"(2, 2)","[p(2, 2)_cs(1.0)_ws(0.5)]_[p(5, 2)_cs(0.5)_ws(1.0)]",player_8ece2fda_actions,player_8ece2fda,['player_8ece2fda'],,,
546,tomato_cut,pick up,Counter_03,Counter,3,pick up tomato_cut from counter,player_8ece2fda,baseline_division_of_labor,30f2ee784d7c0394,368.5497328667809,16.0,0.0,0.0,0.0,0.5,1.0,"(2, 2)","[p(2, 2)_cs(1.0)_ws(0.5)]_[p(5, 2)_cs(0.5)_ws(1.0)]",player_8ece2fda_actions,player_8ece2fda,"['player_8ece2fda', 'player_8ece2fda', 'player_8ece2fda']",,,False
549,plate,put down,Dispenser_40,Dispenser,40,put down plate on dispenser,player_94b394d5,baseline_division_of_labor,30f2ee784d7c0394,357.7633529061,32.0,0.0,0.0,0.0,1.0,0.5,"(5, 2)","[p(2, 2)_cs(1.0)_ws(0.5)]_[p(5, 2)_cs(0.5)_ws(1.0)]",player_94b394d5_actions,player_94b394d5,['player_94b394d5'],,,
549,tomato,pick up,Dispenser_40,Dispenser,40,pick up tomato from dispenser,player_94b394d5,baseline_division_of_labor,30f2ee784d7c0394,357.7633529061,0.0,0.0,0.0,0.0,1.0,0.5,"(5, 2)","[p(2, 2)_cs(1.0)_ws(0.5)]_[p(5, 2)_cs(0.5)_ws(1.0)]",player_94b394d5_actions,,[],,,
573,tomato_cut,assemble salad,Counter_02,Counter,2,assemble salad,player_8ece2fda,baseline_division_of_labor,30f2ee784d7c0394,384.5497328667809,16.0,0.0,0.0,0.0,0.5,1.0,"(2, 2)","[p(2, 2)_cs(1.0)_ws(0.5)]_[p(5, 2)_cs(0.5)_ws(1.0)]",player_8ece2fda_actions,player_8ece2fda,['player_8ece2fda'],"['player_8ece2fda', 'player_8ece2fda', 'player_8ece2fda', 'player_8ece2fda']",['player_8ece2fda'],False
582,tomato,start cutting,CuttingBoard_20,CuttingBoard,20,start cutting tomato,player_94b394d5,baseline_division_of_labor,30f2ee784d7c0394,389.7633529061002,32.00000000000017,0.0,0.0,0.0,1.0,0.5,"(5, 2)","[p(2, 2)_cs(1.0)_ws(0.5)]_[p(5, 2)_cs(0.5)_ws(1.0)]",player_94b394d5_actions,player_94b394d5,['player_94b394d5'],,,
591,tomato_salad,pick up,Counter_02,Counter,2,pick up tomato_salad from counter,player_8ece2fda,baseline_division_of_labor,30f2ee784d7c0394,384.5497328667809,0.0,0.0,0.0,0.0,0.5,1.0,"(2, 2)","[p(2, 2)_cs(1.0)_ws(0.5)]_[p(5, 2)_cs(0.5)_ws(1.0)]",player_8ece2fda_actions,player_8ece2fda,['player_8ece2fda'],"['player_8ece2fda', 'player_8ece2fda', 'player_8ece2fda', 'player_8ece2fda']",['player_8ece2fda'],False
675,tomato_salad,deliver,Delivery_63,Delivery,63,deliver tomato_salad,player_8ece2fda,baseline_division_of_labor,30f2ee784d7c0394,467.69669984763266,83.14696698085174,1.0,1.0,1.0,0.5,1.0,"(2, 2)","[p(2, 2)_cs(1.0)_ws(0.5)]_[p(5, 2)_cs(0.5)_ws(1.0)]",player_8ece2fda_actions,player_8ece2fda,"['player_8ece2fda', 'player_8ece2fda']","['player_8ece2fda', 'player_8ece2fda', 'player_8ece2fda', 'player_8ece2fda']",['player_8ece2fda'],
700,plate,pick up,Dispenser_60,Dispenser,60,pick up plate from dispenser,player_94b394d5,baseline_division_of_labor,30f2ee784d7c0394,453.7633529061004,64.00000000000023,1.0,0.0,0.0,1.0,0.5,"(5, 2)","[p(2, 2)_cs(1.0)_ws(0.5)]_[p(5, 2)_cs(0.5)_ws(1.0)]",player_94b394d5_actions,,[],,,
729,tomato,pick up,Dispenser_40,Dispenser,40,pick up tomato from dispenser,player_8ece2fda,baseline_division_of_labor,30f2ee784d7c0394,506.1799229334047,38.48322308577207,1.0,0.0,1.0,0.5,1.0,"(2, 2)","[p(2, 2)_cs(1.0)_ws(0.5)]_[p(5, 2)_cs(0.5)_ws(1.0)]",player_8ece2fda_actions,,[],,,
738,plate,put down,Counter_32,Counter,32,put down plate on counter,player_94b394d5,baseline_division_of_labor,30f2ee784d7c0394,492.17041557286535,38.40706266676494,1.0,0.0,0.0,1.0,0.5,"(5, 2)","[p(2, 2)_cs(1.0)_ws(0.5)]_[p(5, 2)_cs(0.5)_ws(1.0)]",player_94b394d5_actions,player_94b394d5,['player_94b394d5'],,,
785,tomato,start cutting,CuttingBoard_10,CuttingBoard,10,start cutting tomato,player_8ece2fda,baseline_division_of_labor,30f2ee784d7c0394,554.1799229334031,47.99999999999835,1.0,0.0,1.0,0.5,1.0,"(2, 2)","[p(2, 2)_cs(1.0)_ws(0.5)]_[p(5, 2)_cs(0.5)_ws(1.0)]",player_8ece2fda_actions,player_8ece2fda,['player_8ece2fda'],,,
792,tomato_cut,pick up,CuttingBoard_20,CuttingBoard,20,pick up tomato_cut from cuttingboard,player_94b394d5,baseline_division_of_labor,30f2ee784d7c0394,530.6773422977619,38.50692672489657,1.0,0.0,0.0,1.0,0.5,"(5, 2)","[p(2, 2)_cs(1.0)_ws(0.5)]_[p(5, 2)_cs(0.5)_ws(1.0)]",player_94b394d5_actions,player_94b394d5,['player_94b394d5'],,,False
822,tomato_cut,assemble salad,Counter_32,Counter,32,assemble salad,player_94b394d5,baseline_division_of_labor,30f2ee784d7c0394,546.6773422977622,16.000000000000227,1.0,0.0,0.0,1.0,0.5,"(5, 2)","[p(2, 2)_cs(1.0)_ws(0.5)]_[p(5, 2)_cs(0.5)_ws(1.0)]",player_94b394d5_actions,player_94b394d5,['player_94b394d5'],"['player_94b394d5', 'player_94b394d5']",['player_94b394d5'],False
849,tomato_salad,pick up,Counter_32,Counter,32,pick up tomato_salad from counter,player_94b394d5,baseline_division_of_labor,30f2ee784d7c0394,546.6773422977622,0.0,1.0,0.0,0.0,1.0,0.5,"(5, 2)","[p(2, 2)_cs(1.0)_ws(0.5)]_[p(5, 2)_cs(0.5)_ws(1.0)]",player_94b394d5_actions,player_94b394d5,['player_94b394d5'],"['player_94b394d5', 'player_94b394d5']",['player_94b394d5'],False
861,plate,pick up,Dispenser_60,Dispenser,60,pick up plate from dispenser,player_8ece2fda,baseline_division_of_labor,30f2ee784d7c0394,634.1799229333997,79.99999999999659,1.0,0.0,1.0,0.5,1.0,"(2, 2)","[p(2, 2)_cs(1.0)_ws(0.5)]_[p(5, 2)_cs(0.5)_ws(1.0)]",player_8ece2fda_actions,,[],,,
887,tomato_salad,deliver,Delivery_63,Delivery,63,deliver tomato_salad,player_94b394d5,baseline_division_of_labor,30f2ee784d7c0394,591.9321762937018,45.254833995939634,2.0,1.0,1.0,1.0,0.5,"(5, 2)","[p(2, 2)_cs(1.0)_ws(0.5)]_[p(5, 2)_cs(0.5)_ws(1.0)]",player_94b394d5_actions,player_94b394d5,"['player_94b394d5', 'player_94b394d5']","['player_94b394d5', 'player_94b394d5']",['player_94b394d5'],
936,plate,put down,Counter_01,Counter,1,put down plate on counter,player_8ece2fda,baseline_division_of_labor,30f2ee784d7c0394,714.1799229333961,79.99999999999648,2.0,0.0,1.0,0.5,1.0,"(2, 2)","[p(2, 2)_cs(1.0)_ws(0.5)]_[p(5, 2)_cs(0.5)_ws(1.0)]",player_8ece2fda_actions,player_8ece2fda,['player_8ece2fda'],,,
942,tomato,pick up,Dispenser_50,Dispenser,50,pick up tomato from dispenser,player_94b394d5,baseline_division_of_labor,30f2ee784d7c0394,623.9321762937021,32.00000000000034,2.0,0.0,1.0,1.0,0.5,"(5, 2)","[p(2, 2)_cs(1.0)_ws(0.5)]_[p(5, 2)_cs(0.5)_ws(1.0)]",player_94b394d5_actions,,[],,,
988,tomato,start cutting,CuttingBoard_20,CuttingBoard,20,start cutting tomato,player_94b394d5,baseline_division_of_labor,30f2ee784d7c0394,671.9321762937024,48.00000000000023,2.0,0.0,1.0,1.0,0.5,"(5, 2)","[p(2, 2)_cs(1.0)_ws(0.5)]_[p(5, 2)_cs(0.5)_ws(1.0)]",player_94b394d5_actions,player_94b394d5,['player_94b394d5'],,,
999,tomato_cut,pick up,CuttingBoard_10,CuttingBoard,10,pick up tomato_cut from cuttingboard,player_8ece2fda,baseline_division_of_labor,30f2ee784d7c0394,714.1799229333961,0.0,2.0,0.0,1.0,0.5,1.0,"(2, 2)","[p(2, 2)_cs(1.0)_ws(0.5)]_[p(5, 2)_cs(0.5)_ws(1.0)]",player_8ece2fda_actions,player_8ece2fda,['player_8ece2fda'],,,False
1017,tomato_cut,assemble salad,Counter_01,Counter,1,assemble salad,player_8ece2fda,baseline_division_of_labor,30f2ee784d7c0394,714.1799229333961,0.0,2.0,0.0,1.0,0.5,1.0,"(2, 2)","[p(2, 2)_cs(1.0)_ws(0.5)]_[p(5, 2)_cs(0.5)_ws(1.0)]",player_8ece2fda_actions,player_8ece2fda,['player_8ece2fda'],"['player_8ece2fda', 'player_8ece2fda']",['player_8ece2fda'],False
1032,tomato_salad,pick up,Counter_01,Counter,1,pick up tomato_salad from counter,player_8ece2fda,baseline_division_of_labor,30f2ee784d7c0394,714.1799229333961,0.0,2.0,0.0,1.0,0.5,1.0,"(2, 2)","[p(2, 2)_cs(1.0)_ws(0.5)]_[p(5, 2)_cs(0.5)_ws(1.0)]",player_8ece2fda_actions,player_8ece2fda,['player_8ece2fda'],"['player_8ece2fda', 'player_8ece2fda']",['player_8ece2fda'],False
1108,tomato_salad,deliver,Delivery_63,Delivery,63,deliver tomato_salad,player_8ece2fda,baseline_division_of_labor,30f2ee784d7c0394,791.2843385799042,77.10441564650807,3.0,1.0,2.0,0.5,1.0,"(2, 2)","[p(2, 2)_cs(1.0)_ws(0.5)]_[p(5, 2)_cs(0.5)_ws(1.0)]",player_8ece2fda_actions,player_8ece2fda,"['player_8ece2fda', 'player_8ece2fda']","['player_8ece2fda', 'player_8ece2fda']",['player_8ece2fda'],
1120,plate,pick up,Dispenser_60,Dispenser,60,pick up plate from dispenser,player_94b394d5,baseline_division_of_labor,30f2ee784d7c0394,735.9321762937026,64.00000000000023,3.0,0.0,1.0,1.0,0.5,"(5, 2)","[p(2, 2)_cs(1.0)_ws(0.5)]_[p(5, 2)_cs(0.5)_ws(1.0)]",player_94b394d5_actions,,[],,,
1158,plate,put down,Counter_32,Counter,32,put down plate on counter,player_94b394d5,baseline_division_of_labor,30f2ee784d7c0394,774.3392389604674,38.40706266676477,3.0,0.0,1.0,1.0,0.5,"(5, 2)","[p(2, 2)_cs(1.0)_ws(0.5)]_[p(5, 2)_cs(0.5)_ws(1.0)]",player_94b394d5_actions,player_94b394d5,['player_94b394d5'],,,
1158,tomato,pick up,Dispenser_40,Dispenser,40,pick up tomato from dispenser,player_8ece2fda,baseline_division_of_labor,30f2ee784d7c0394,829.7675616656759,38.48322308577167,3.0,0.0,2.0,0.5,1.0,"(2, 2)","[p(2, 2)_cs(1.0)_ws(0.5)]_[p(5, 2)_cs(0.5)_ws(1.0)]",player_8ece2fda_actions,,[],,,
1194,tomato_cut,pick up,CuttingBoard_20,CuttingBoard,20,pick up tomato_cut from cuttingboard,player_94b394d5,baseline_division_of_labor,30f2ee784d7c0394,812.8461656853642,38.50692672489686,3.0,0.0,1.0,1.0,0.5,"(5, 2)","[p(2, 2)_cs(1.0)_ws(0.5)]_[p(5, 2)_cs(0.5)_ws(1.0)]",player_94b394d5_actions,player_94b394d5,['player_94b394d5'],,,False
1211,tomato,start cutting,CuttingBoard_10,CuttingBoard,10,start cutting tomato,player_8ece2fda,baseline_division_of_labor,30f2ee784d7c0394,877.7675616656738,47.999999999997954,3.0,0.0,2.0,0.5,1.0,"(2, 2)","[p(2, 2)_cs(1.0)_ws(0.5)]_[p(5, 2)_cs(0.5)_ws(1.0)]",player_8ece2fda_actions,player_8ece2fda,['player_8ece2fda'],,,
1221,tomato_cut,assemble salad,Counter_32,Counter,32,assemble salad,player_94b394d5,baseline_division_of_labor,30f2ee784d7c0394,828.8461656853644,16.000000000000227,3.0,0.0,1.0,1.0,0.5,"(5, 2)","[p(2, 2)_cs(1.0)_ws(0.5)]_[p(5, 2)_cs(0.5)_ws(1.0)]",player_94b394d5_actions,player_94b394d5,['player_94b394d5'],"['player_94b394d5', 'player_94b394d5']",['player_94b394d5'],False
1242,tomato_salad,pick up,Counter_32,Counter,32,pick up tomato_salad from counter,player_94b394d5,baseline_division_of_labor,30f2ee784d7c0394,828.8461656853644,0.0,3.0,0.0,1.0,1.0,0.5,"(5, 2)","[p(2, 2)_cs(1.0)_ws(0.5)]_[p(5, 2)_cs(0.5)_ws(1.0)]",player_94b394d5_actions,player_94b394d5,['player_94b394d5'],"['player_94b394d5', 'player_94b394d5']",['player_94b394d5'],False
1277,tomato_salad,deliver,Delivery_63,Delivery,63,deliver tomato_salad,player_94b394d5,baseline_division_of_labor,30f2ee784d7c0394,874.1009996813041,45.254833995939634,4.0,1.0,2.0,1.0,0.5,"(5, 2)","[p(2, 2)_cs(1.0)_ws(0.5)]_[p(5, 2)_cs(0.5)_ws(1.0)]",player_94b394d5_actions,player_94b394d5,"['player_94b394d5', 'player_94b394d5']","['player_94b394d5', 'player_94b394d5']",['player_94b394d5'],
1287,plate,pick up,Dispenser_60,Dispenser,60,pick up plate from dispenser,player_8ece2fda,baseline_division_of_labor,30f2ee784d7c0394,957.7675616656704,79.99999999999659,4.0,0.0,2.0,0.5,1.0,"(2, 2)","[p(2, 2)_cs(1.0)_ws(0.5)]_[p(5, 2)_cs(0.5)_ws(1.0)]",player_8ece2fda_actions,,[],,,
1332,tomato,pick up,Dispenser_40,Dispenser,40,pick up tomato from dispenser,player_94b394d5,baseline_division_of_labor,30f2ee784d7c0394,912.5122595213304,38.41125984002622,4.0,0.0,2.0,1.0,0.5,"(5, 2)","[p(2, 2)_cs(1.0)_ws(0.5)]_[p(5, 2)_cs(0.5)_ws(1.0)]",player_94b394d5_actions,,[],,,
1365,tomato,start cutting,CuttingBoard_20,CuttingBoard,20,start cutting tomato,player_94b394d5,baseline_division_of_labor,30f2ee784d7c0394,944.5122595213304,32.00000000000023,4.0,0.0,2.0,1.0,0.5,"(5, 2)","[p(2, 2)_cs(1.0)_ws(0.5)]_[p(5, 2)_cs(0.5)_ws(1.0)]",player_94b394d5_actions,player_94b394d5,['player_94b394d5'],,,
1380,plate,put down,Counter_01,Counter,1,put down plate on counter,player_8ece2fda,baseline_division_of_labor,30f2ee784d7c0394,1037.7675616656677,79.99999999999727,4.0,0.0,2.0,0.5,1.0,"(2, 2)","[p(2, 2)_cs(1.0)_ws(0.5)]_[p(5, 2)_cs(0.5)_ws(1.0)]",player_8ece2fda_actions,player_8ece2fda,['player_8ece2fda'],,,
1435,plate,pick up,Dispenser_60,Dispenser,60,pick up plate from dispenser,player_94b394d5,baseline_division_of_labor,30f2ee784d7c0394,1008.5122595213307,64.00000000000023,4.0,0.0,2.0,1.0,0.5,"(5, 2)","[p(2, 2)_cs(1.0)_ws(0.5)]_[p(5, 2)_cs(0.5)_ws(1.0)]",player_94b394d5_actions,,[],,,
1449,tomato_cut,pick up,CuttingBoard_10,CuttingBoard,10,pick up tomato_cut from cuttingboard,player_8ece2fda,baseline_division_of_labor,30f2ee784d7c0394,1037.7675616656677,0.0,4.0,0.0,2.0,0.5,1.0,"(2, 2)","[p(2, 2)_cs(1.0)_ws(0.5)]_[p(5, 2)_cs(0.5)_ws(1.0)]",player_8ece2fda_actions,player_8ece2fda,['player_8ece2fda'],,,False
1461,tomato_cut,assemble salad,Counter_01,Counter,1,assemble salad,player_8ece2fda,baseline_division_of_labor,30f2ee784d7c0394,1037.7675616656677,0.0,4.0,0.0,2.0,0.5,1.0,"(2, 2)","[p(2, 2)_cs(1.0)_ws(0.5)]_[p(5, 2)_cs(0.5)_ws(1.0)]",player_8ece2fda_actions,player_8ece2fda,['player_8ece2fda'],"['player_8ece2fda', 'player_8ece2fda']",['player_8ece2fda'],False
1470,plate,put down,Counter_32,Counter,32,put down plate on counter,player_94b394d5,baseline_division_of_labor,30f2ee784d7c0394,1046.9193221880955,38.40706266676477,4.0,0.0,2.0,1.0,0.5,"(5, 2)","[p(2, 2)_cs(1.0)_ws(0.5)]_[p(5, 2)_cs(0.5)_ws(1.0)]",player_94b394d5_actions,player_94b394d5,['player_94b394d5'],,,
1476,tomato_salad,pick up,Counter_01,Counter,1,pick up tomato_salad from counter,player_8ece2fda,baseline_division_of_labor,30f2ee784d7c0394,1037.7675616656677,0.0,4.0,0.0,2.0,0.5,1.0,"(2, 2)","[p(2, 2)_cs(1.0)_ws(0.5)]_[p(5, 2)_cs(0.5)_ws(1.0)]",player_8ece2fda_actions,player_8ece2fda,['player_8ece2fda'],"['player_8ece2fda', 'player_8ece2fda']",['player_8ece2fda'],False
1552,tomato_salad,deliver,Delivery_63,Delivery,63,deliver tomato_salad,player_8ece2fda,baseline_division_of_labor,30f2ee784d7c0394,1114.871977312176,77.10441564650841,5.0,1.0,3.0,0.5,1.0,"(2, 2)","[p(2, 2)_cs(1.0)_ws(0.5)]_[p(5, 2)_cs(0.5)_ws(1.0)]",player_8ece2fda_actions,player_8ece2fda,"['player_8ece2fda', 'player_8ece2fda']","['player_8ece2fda', 'player_8ece2fda']",['player_8ece2fda'],
1563,plate,pick up,Counter_32,Counter,32,pick up plate from counter,player_94b394d5,baseline_division_of_labor,30f2ee784d7c0394,1101.4262489129908,54.506926724895266,5.0,0.0,2.0,1.0,0.5,"(5, 2)","[p(2, 2)_cs(1.0)_ws(0.5)]_[p(5, 2)_cs(0.5)_ws(1.0)]",player_94b394d5_actions,player_94b394d5,['player_94b394d5'],,,False
1569,plate,put down,Counter_32,Counter,32,put down plate on counter,player_94b394d5,baseline_division_of_labor,30f2ee784d7c0394,1101.4262489129908,0.0,5.0,0.0,2.0,1.0,0.5,"(5, 2)","[p(2, 2)_cs(1.0)_ws(0.5)]_[p(5, 2)_cs(0.5)_ws(1.0)]",player_94b394d5_actions,player_94b394d5,"['player_94b394d5', 'player_94b394d5']",,,
1596,tomato_cut,pick up,CuttingBoard_20,CuttingBoard,20,pick up tomato_cut from cuttingboard,player_94b394d5,baseline_division_of_labor,30f2ee784d7c0394,1117.4262489129903,15.999999999999543,5.0,0.0,2.0,1.0,0.5,"(5, 2)","[p(2, 2)_cs(1.0)_ws(0.5)]_[p(5, 2)_cs(0.5)_ws(1.0)]",player_94b394d5_actions,player_94b394d5,['player_94b394d5'],,,False
1606,tomato,pick up,Dispenser_50,Dispenser,50,pick up tomato from dispenser,player_8ece2fda,baseline_division_of_labor,30f2ee784d7c0394,1146.8719773121754,31.99999999999932,5.0,0.0,3.0,0.5,1.0,"(2, 2)","[p(2, 2)_cs(1.0)_ws(0.5)]_[p(5, 2)_cs(0.5)_ws(1.0)]",player_8ece2fda_actions,,[],,,
1623,tomato_cut,assemble salad,Counter_32,Counter,32,assemble salad,player_94b394d5,baseline_division_of_labor,30f2ee784d7c0394,1133.42624891299,15.999999999999543,5.0,0.0,2.0,1.0,0.5,"(5, 2)","[p(2, 2)_cs(1.0)_ws(0.5)]_[p(5, 2)_cs(0.5)_ws(1.0)]",player_94b394d5_actions,player_94b394d5,['player_94b394d5'],"['player_94b394d5', 'player_94b394d5']","['player_94b394d5', 'player_94b394d5']",False
1641,tomato_salad,pick up,Counter_32,Counter,32,pick up tomato_salad from counter,player_94b394d5,baseline_division_of_labor,30f2ee784d7c0394,1133.42624891299,0.0,5.0,0.0,2.0,1.0,0.5,"(5, 2)","[p(2, 2)_cs(1.0)_ws(0.5)]_[p(5, 2)_cs(0.5)_ws(1.0)]",player_94b394d5_actions,player_94b394d5,['player_94b394d5'],"['player_94b394d5', 'player_94b394d5']","['player_94b394d5', 'player_94b394d5']",False
1674,tomato,start cutting,CuttingBoard_10,CuttingBoard,10,start cutting tomato,player_8ece2fda,baseline_division_of_labor,30f2ee784d7c0394,1210.8719773121734,63.999999999997954,5.0,0.0,3.0,0.5,1.0,"(2, 2)","[p(2, 2)_cs(1.0)_ws(0.5)]_[p(5, 2)_cs(0.5)_ws(1.0)]",player_8ece2fda_actions,player_8ece2fda,['player_8ece2fda'],,,
1679,tomato_salad,deliver,Delivery_63,Delivery,63,deliver tomato_salad,player_94b394d5,baseline_division_of_labor,30f2ee784d7c0394,1178.681082908928,45.25483399593804,6.0,1.0,3.0,1.0,0.5,"(5, 2)","[p(2, 2)_cs(1.0)_ws(0.5)]_[p(5, 2)_cs(0.5)_ws(1.0)]",player_94b394d5_actions,player_94b394d5,"['player_94b394d5', 'player_94b394d5']","['player_94b394d5', 'player_94b394d5']","['player_94b394d5', 'player_94b394d5']",
1725,tomato,pick up,Dispenser_40,Dispenser,40,pick up tomato from dispenser,player_94b394d5,baseline_division_of_labor,30f2ee784d7c0394,1217.0923427489536,38.41125984002565,6.0,0.0,3.0,1.0,0.5,"(5, 2)","[p(2, 2)_cs(1.0)_ws(0.5)]_[p(5, 2)_cs(0.5)_ws(1.0)]",player_94b394d5_actions,,[],,,
1752,plate,pick up,Dispenser_60,Dispenser,60,pick up plate from dispenser,player_8ece2fda,baseline_division_of_labor,30f2ee784d7c0394,1290.8719773121709,79.99999999999727,6.0,0.0,3.0,0.5,1.0,"(2, 2)","[p(2, 2)_cs(1.0)_ws(0.5)]_[p(5, 2)_cs(0.5)_ws(1.0)]",player_8ece2fda_actions,,[],,,
1761,tomato,start cutting,CuttingBoard_20,CuttingBoard,20,start cutting tomato,player_94b394d5,baseline_division_of_labor,30f2ee784d7c0394,1249.092342748953,31.99999999999932,6.0,0.0,3.0,1.0,0.5,"(5, 2)","[p(2, 2)_cs(1.0)_ws(0.5)]_[p(5, 2)_cs(0.5)_ws(1.0)]",player_94b394d5_actions,player_94b394d5,['player_94b394d5'],,,
1810,plate,pick up,Dispenser_60,Dispenser,60,pick up plate from dispenser,player_94b394d5,baseline_division_of_labor,30f2ee784d7c0394,1313.0923427489506,63.999999999997726,6.0,0.0,3.0,1.0,0.5,"(5, 2)","[p(2, 2)_cs(1.0)_ws(0.5)]_[p(5, 2)_cs(0.5)_ws(1.0)]",player_94b394d5_actions,,[],,,
1830,plate,put down,Counter_01,Counter,1,put down plate on counter,player_8ece2fda,baseline_division_of_labor,30f2ee784d7c0394,1370.871977312168,79.99999999999727,6.0,0.0,3.0,0.5,1.0,"(2, 2)","[p(2, 2)_cs(1.0)_ws(0.5)]_[p(5, 2)_cs(0.5)_ws(1.0)]",player_8ece2fda_actions,player_8ece2fda,['player_8ece2fda'],,,
1845,plate,put down,Counter_32,Counter,32,put down plate on counter,player_94b394d5,baseline_division_of_labor,30f2ee784d7c0394,1351.4994054157146,38.40706266676398,6.0,0.0,3.0,1.0,0.5,"(5, 2)","[p(2, 2)_cs(1.0)_ws(0.5)]_[p(5, 2)_cs(0.5)_ws(1.0)]",player_94b394d5_actions,player_94b394d5,['player_94b394d5'],,,
1895,tomato_cut,pick up,CuttingBoard_10,CuttingBoard,10,pick up tomato_cut from cuttingboard,player_8ece2fda,baseline_division_of_labor,30f2ee784d7c0394,1370.871977312168,0.0,6.0,0.0,3.0,0.5,1.0,"(2, 2)","[p(2, 2)_cs(1.0)_ws(0.5)]_[p(5, 2)_cs(0.5)_ws(1.0)]",player_8ece2fda_actions,player_8ece2fda,['player_8ece2fda'],,,False
1913,tomato_cut,assemble salad,Counter_01,Counter,1,assemble salad,player_8ece2fda,baseline_division_of_labor,30f2ee784d7c0394,1370.871977312168,0.0,6.0,0.0,3.0,0.5,1.0,"(2, 2)","[p(2, 2)_cs(1.0)_ws(0.5)]_[p(5, 2)_cs(0.5)_ws(1.0)]",player_8ece2fda_actions,player_8ece2fda,['player_8ece2fda'],"['player_8ece2fda', 'player_8ece2fda']",['player_8ece2fda'],False
1931,tomato_salad,pick up,Counter_01,Counter,1,pick up tomato_salad from counter,player_8ece2fda,baseline_division_of_labor,30f2ee784d7c0394,1370.871977312168,0.0,6.0,0.0,3.0,0.5,1.0,"(2, 2)","[p(2, 2)_cs(1.0)_ws(0.5)]_[p(5, 2)_cs(0.5)_ws(1.0)]",player_8ece2fda_actions,player_8ece2fda,['player_8ece2fda'],"['player_8ece2fda', 'player_8ece2fda']",['player_8ece2fda'],False
1949,tomato_cut,pick up,CuttingBoard_20,CuttingBoard,20,pick up tomato_cut from cuttingboard,player_94b394d5,baseline_division_of_labor,30f2ee784d7c0394,1390.0063321406103,38.50692672489572,6.0,0.0,3.0,1.0,0.5,"(5, 2)","[p(2, 2)_cs(1.0)_ws(0.5)]_[p(5, 2)_cs(0.5)_ws(1.0)]",player_94b394d5_actions,player_94b394d5,['player_94b394d5'],,,False
1973,tomato_cut,assemble salad,Counter_32,Counter,32,assemble salad,player_94b394d5,baseline_division_of_labor,30f2ee784d7c0394,1406.00633214061,15.999999999999543,6.0,0.0,3.0,1.0,0.5,"(5, 2)","[p(2, 2)_cs(1.0)_ws(0.5)]_[p(5, 2)_cs(0.5)_ws(1.0)]",player_94b394d5_actions,player_94b394d5,['player_94b394d5'],"['player_94b394d5', 'player_94b394d5']",['player_94b394d5'],False
1996,tomato_salad,pick up,Counter_32,Counter,32,pick up tomato_salad from counter,player_94b394d5,baseline_division_of_labor,30f2ee784d7c0394,1406.00633214061,0.0,6.0,0.0,3.0,1.0,0.5,"(5, 2)","[p(2, 2)_cs(1.0)_ws(0.5)]_[p(5, 2)_cs(0.5)_ws(1.0)]",player_94b394d5_actions,player_94b394d5,['player_94b394d5'],"['player_94b394d5', 'player_94b394d5']",['player_94b394d5'],False
2017,tomato_salad,deliver,Delivery_64,Delivery,64,deliver tomato_salad,player_8ece2fda,baseline_division_of_labor,30f2ee784d7c0394,1463.6856134042537,92.81363609208574,7.0,1.0,4.0,0.5,1.0,"(2, 2)","[p(2, 2)_cs(1.0)_ws(0.5)]_[p(5, 2)_cs(0.5)_ws(1.0)]",player_8ece2fda_actions,player_8ece2fda,"['player_8ece2fda', 'player_8ece2fda']","['player_8ece2fda', 'player_8ece2fda']",['player_8ece2fda'],
2026,tomato_salad,deliver,Delivery_63,Delivery,63,deliver tomato_salad,player_94b394d5,baseline_division_of_labor,30f2ee784d7c0394,1451.261166136548,45.25483399593804,8.0,1.0,4.0,1.0,0.5,"(5, 2)","[p(2, 2)_cs(1.0)_ws(0.5)]_[p(5, 2)_cs(0.5)_ws(1.0)]",player_94b394d5_actions,player_94b394d5,"['player_94b394d5', 'player_94b394d5']","['player_94b394d5', 'player_94b394d5']",['player_94b394d5'],
2063,tomato,pick up,Dispenser_50,Dispenser,50,pick up tomato from dispenser,player_94b394d5,baseline_division_of_labor,30f2ee784d7c0394,1483.2611661365468,31.999999999998863,8.0,0.0,4.0,1.0,0.5,"(5, 2)","[p(2, 2)_cs(1.0)_ws(0.5)]_[p(5, 2)_cs(0.5)_ws(1.0)]",player_94b394d5_actions,,[],,,
2086,tomato,pick up,Dispenser_50,Dispenser,50,pick up tomato from dispenser,player_8ece2fda,baseline_division_of_labor,30f2ee784d7c0394,1511.6856134042523,47.99999999999864,8.0,0.0,4.0,0.5,1.0,"(2, 2)","[p(2, 2)_cs(1.0)_ws(0.5)]_[p(5, 2)_cs(0.5)_ws(1.0)]",player_8ece2fda_actions,,[],,,
2103,tomato,start cutting,CuttingBoard_20,CuttingBoard,20,start cutting tomato,player_94b394d5,baseline_division_of_labor,30f2ee784d7c0394,1531.261166136545,47.99999999999818,8.0,0.0,4.0,1.0,0.5,"(5, 2)","[p(2, 2)_cs(1.0)_ws(0.5)]_[p(5, 2)_cs(0.5)_ws(1.0)]",player_94b394d5_actions,player_94b394d5,['player_94b394d5'],,,
2147,plate,pick up,Dispenser_60,Dispenser,60,pick up plate from dispenser,player_94b394d5,baseline_division_of_labor,30f2ee784d7c0394,1595.261166136543,63.999999999997726,8.0,0.0,4.0,1.0,0.5,"(5, 2)","[p(2, 2)_cs(1.0)_ws(0.5)]_[p(5, 2)_cs(0.5)_ws(1.0)]",player_94b394d5_actions,,[],,,
2150,tomato,start cutting,CuttingBoard_10,CuttingBoard,10,start cutting tomato,player_8ece2fda,baseline_division_of_labor,30f2ee784d7c0394,1575.6856134042505,63.999999999997954,8.0,0.0,4.0,0.5,1.0,"(2, 2)","[p(2, 2)_cs(1.0)_ws(0.5)]_[p(5, 2)_cs(0.5)_ws(1.0)]",player_8ece2fda_actions,player_8ece2fda,['player_8ece2fda'],,,
