{"agents": {"player_8ece2fda": {"initial_state": {"agent_id": "player_8ece2fda", "x": 40, "y": 40, "item": null, "url_params": {"gameType": ["tomatoSaladOnly"], "PROLIFIC_PID": ["6632baca722ad82b9522bfcb"], "map": ["baseline_division_of_labor"], "cutting_speed_p1": ["1"], "walking_speed_p1": ["0.5"], "cutting_speed_p2": ["0.5"], "walking_speed_p2": ["1"], "slot_x_p1": ["2"], "slot_y_p1": ["2"], "slot_x_p2": ["5"], "slot_y_p2": ["2"], "EIO": ["4"], "transport": ["polling"], "t": ["PZyw-j4"]}, "cut_speed": 1.0, "walk_speed": 15.0, "player_nr": 1}, "player_score": 4.0, "total_actions": 38, "first_action_tick": 102, "last_action_tick": 2150}, "player_94b394d5": {"initial_state": {"agent_id": "player_94b394d5", "x": 88, "y": 40, "item": null, "url_params": {"gameType": ["tomatoSaladOnly"], "PROLIFIC_PID": ["67cb6ffcdfb183f140c5439c"], "map": ["baseline_division_of_labor"], "cutting_speed_p1": ["1"], "walking_speed_p1": ["0.5"], "cutting_speed_p2": ["0.5"], "walking_speed_p2": ["1"], "slot_x_p1": ["2"], "slot_y_p1": ["2"], "slot_x_p2": ["5"], "slot_y_p2": ["2"], "EIO": ["4"], "transport": ["polling"], "t": ["PZyw_dw"]}, "cut_speed": 0.5, "walk_speed": 30.0, "player_nr": 2}, "player_score": 4.0, "total_actions": 51, "first_action_tick": 59, "last_action_tick": 2147}}, "map_name": "baseline_division_of_labor", "final_score": 8.0}