tick,item,action,target,target_type,target_position,action_long,player_id,map_name,game_id,distance_walked,distance_walked_since_last_action,overall_score,player_score_change,player_score,walking_speed,cutting_speed,start_pos,condition,source,last_touched,touched_list,tomato_history,plate_history,is_exchange_collaboration
185,tomato,pick up,Dispenser_40,Dispenser,40,pick up tomato from dispenser,player_8d7cc9b5,forced_division_of_labor,ac0aa363420759f5,86.41125984002596,0.0,0.0,0.0,0.0,1.0,1.0,"(5, 2)","[p(2, 2)_cs(1.0)_ws(1.0)]_[p(5, 2)_cs(1.0)_ws(1.0)]",player_8d7cc9b5_actions,,[],,,
267,tomato,put down,Counter_33,Counter,33,put down tomato on counter,player_8d7cc9b5,forced_division_of_labor,ac0aa363420759f5,118.41125984002596,32.0,0.0,0.0,0.0,1.0,1.0,"(5, 2)","[p(2, 2)_cs(1.0)_ws(1.0)]_[p(5, 2)_cs(1.0)_ws(1.0)]",player_8d7cc9b5_actions,player_8d7cc9b5,['player_8d7cc9b5'],,,
303,tomato,pick up,Dispenser_40,Dispenser,40,pick up tomato from dispenser,player_8d7cc9b5,forced_division_of_labor,ac0aa363420759f5,150.41125984002596,32.0,0.0,0.0,0.0,1.0,1.0,"(5, 2)","[p(2, 2)_cs(1.0)_ws(1.0)]_[p(5, 2)_cs(1.0)_ws(1.0)]",player_8d7cc9b5_actions,,[],,,
323,tomato,put down,Counter_32,Counter,32,put down tomato on counter,player_8d7cc9b5,forced_division_of_labor,ac0aa363420759f5,166.41125984002596,16.0,0.0,0.0,0.0,1.0,1.0,"(5, 2)","[p(2, 2)_cs(1.0)_ws(1.0)]_[p(5, 2)_cs(1.0)_ws(1.0)]",player_8d7cc9b5_actions,player_8d7cc9b5,['player_8d7cc9b5'],,,
340,tomato,pick up,Counter_33,Counter,33,pick up tomato from counter,player_0f475a5b,forced_division_of_labor,ac0aa363420759f5,16.0,0.0,0.0,0.0,0.0,1.0,1.0,"(2, 2)","[p(2, 2)_cs(1.0)_ws(1.0)]_[p(5, 2)_cs(1.0)_ws(1.0)]",player_0f475a5b_actions,player_8d7cc9b5,['player_8d7cc9b5'],,,True
343,tomato,pick up,Dispenser_40,Dispenser,40,pick up tomato from dispenser,player_8d7cc9b5,forced_division_of_labor,ac0aa363420759f5,182.41125984002596,16.0,0.0,0.0,0.0,1.0,1.0,"(5, 2)","[p(2, 2)_cs(1.0)_ws(1.0)]_[p(5, 2)_cs(1.0)_ws(1.0)]",player_8d7cc9b5_actions,,[],,,
371,tomato,start cutting,CuttingBoard_20,CuttingBoard,20,start cutting tomato,player_0f475a5b,forced_division_of_labor,ac0aa363420759f5,48.0,32.0,0.0,0.0,0.0,1.0,1.0,"(2, 2)","[p(2, 2)_cs(1.0)_ws(1.0)]_[p(5, 2)_cs(1.0)_ws(1.0)]",player_0f475a5b_actions,player_0f475a5b,"['player_8d7cc9b5', 'player_0f475a5b']",,,
372,tomato,put down,Counter_34,Counter,34,put down tomato on counter,player_8d7cc9b5,forced_division_of_labor,ac0aa363420759f5,230.41125984002596,48.0,0.0,0.0,0.0,1.0,1.0,"(5, 2)","[p(2, 2)_cs(1.0)_ws(1.0)]_[p(5, 2)_cs(1.0)_ws(1.0)]",player_8d7cc9b5_actions,player_8d7cc9b5,['player_8d7cc9b5'],,,
403,tomato,pick up,Dispenser_40,Dispenser,40,pick up tomato from dispenser,player_8d7cc9b5,forced_division_of_labor,ac0aa363420759f5,278.4112598400262,48.000000000000256,0.0,0.0,0.0,1.0,1.0,"(5, 2)","[p(2, 2)_cs(1.0)_ws(1.0)]_[p(5, 2)_cs(1.0)_ws(1.0)]",player_8d7cc9b5_actions,,[],,,
421,tomato,put down,Counter_33,Counter,33,put down tomato on counter,player_8d7cc9b5,forced_division_of_labor,ac0aa363420759f5,310.41125984002656,32.00000000000034,0.0,0.0,0.0,1.0,1.0,"(5, 2)","[p(2, 2)_cs(1.0)_ws(1.0)]_[p(5, 2)_cs(1.0)_ws(1.0)]",player_8d7cc9b5_actions,player_8d7cc9b5,['player_8d7cc9b5'],,,
425,tomato,pick up,Counter_32,Counter,32,pick up tomato from counter,player_0f475a5b,forced_division_of_labor,ac0aa363420759f5,64.0,16.0,0.0,0.0,0.0,1.0,1.0,"(2, 2)","[p(2, 2)_cs(1.0)_ws(1.0)]_[p(5, 2)_cs(1.0)_ws(1.0)]",player_0f475a5b_actions,player_8d7cc9b5,['player_8d7cc9b5'],,,True
447,plate,pick up,Dispenser_60,Dispenser,60,pick up plate from dispenser,player_8d7cc9b5,forced_division_of_labor,ac0aa363420759f5,355.6660938359654,45.25483399593884,0.0,0.0,0.0,1.0,1.0,"(5, 2)","[p(2, 2)_cs(1.0)_ws(1.0)]_[p(5, 2)_cs(1.0)_ws(1.0)]",player_8d7cc9b5_actions,,[],,,
478,plate,put down,Counter_32,Counter,32,put down plate on counter,player_8d7cc9b5,forced_division_of_labor,ac0aa363420759f5,394.0731565027304,38.407062666765,0.0,0.0,0.0,1.0,1.0,"(5, 2)","[p(2, 2)_cs(1.0)_ws(1.0)]_[p(5, 2)_cs(1.0)_ws(1.0)]",player_8d7cc9b5_actions,player_8d7cc9b5,['player_8d7cc9b5'],,,
482,tomato,start cutting,CuttingBoard_10,CuttingBoard,10,start cutting tomato,player_0f475a5b,forced_division_of_labor,ac0aa363420759f5,86.6274169979695,22.627416997969505,0.0,0.0,0.0,1.0,1.0,"(2, 2)","[p(2, 2)_cs(1.0)_ws(1.0)]_[p(5, 2)_cs(1.0)_ws(1.0)]",player_0f475a5b_actions,player_0f475a5b,"['player_8d7cc9b5', 'player_0f475a5b']",,,
509,plate,pick up,Dispenser_71,Dispenser,71,pick up plate from dispenser,player_8d7cc9b5,forced_division_of_labor,ac0aa363420759f5,432.4802191694954,38.407062666765,0.0,0.0,0.0,1.0,1.0,"(5, 2)","[p(2, 2)_cs(1.0)_ws(1.0)]_[p(5, 2)_cs(1.0)_ws(1.0)]",player_8d7cc9b5_actions,,[],,,
544,tomato_cut,pick up,CuttingBoard_20,CuttingBoard,20,pick up tomato_cut from cuttingboard,player_0f475a5b,forced_division_of_labor,ac0aa363420759f5,102.6274169979695,16.0,0.0,0.0,0.0,1.0,1.0,"(2, 2)","[p(2, 2)_cs(1.0)_ws(1.0)]_[p(5, 2)_cs(1.0)_ws(1.0)]",player_0f475a5b_actions,player_0f475a5b,"['player_8d7cc9b5', 'player_0f475a5b']",,,False
551,plate,put down,Counter_35,Counter,35,put down plate on counter,player_8d7cc9b5,forced_division_of_labor,ac0aa363420759f5,509.4143236000652,76.93410443056979,0.0,0.0,0.0,1.0,1.0,"(5, 2)","[p(2, 2)_cs(1.0)_ws(1.0)]_[p(5, 2)_cs(1.0)_ws(1.0)]",player_8d7cc9b5_actions,player_8d7cc9b5,['player_8d7cc9b5'],,,
562,tomato_cut,assemble salad,Counter_32,Counter,32,assemble salad,player_0f475a5b,forced_division_of_labor,ac0aa363420759f5,118.6274169979695,16.0,0.0,0.0,0.0,1.0,1.0,"(2, 2)","[p(2, 2)_cs(1.0)_ws(1.0)]_[p(5, 2)_cs(1.0)_ws(1.0)]",player_0f475a5b_actions,player_8d7cc9b5,['player_0f475a5b'],"['player_8d7cc9b5', 'player_0f475a5b', 'player_0f475a5b']",['player_8d7cc9b5'],True
598,tomato,pick up,Counter_33,Counter,33,pick up tomato from counter,player_0f475a5b,forced_division_of_labor,ac0aa363420759f5,134.6274169979695,16.0,0.0,0.0,0.0,1.0,1.0,"(2, 2)","[p(2, 2)_cs(1.0)_ws(1.0)]_[p(5, 2)_cs(1.0)_ws(1.0)]",player_0f475a5b_actions,player_8d7cc9b5,['player_8d7cc9b5'],,,True
619,tomato,start cutting,CuttingBoard_20,CuttingBoard,20,start cutting tomato,player_0f475a5b,forced_division_of_labor,ac0aa363420759f5,166.6274169979695,32.0,0.0,0.0,0.0,1.0,1.0,"(2, 2)","[p(2, 2)_cs(1.0)_ws(1.0)]_[p(5, 2)_cs(1.0)_ws(1.0)]",player_0f475a5b_actions,player_0f475a5b,"['player_8d7cc9b5', 'player_0f475a5b']",,,
624,tomato_salad,pick up,Counter_32,Counter,32,pick up tomato_salad from counter,player_8d7cc9b5,forced_division_of_labor,ac0aa363420759f5,557.4143236000655,48.00000000000029,0.0,0.0,0.0,1.0,1.0,"(5, 2)","[p(2, 2)_cs(1.0)_ws(1.0)]_[p(5, 2)_cs(1.0)_ws(1.0)]",player_8d7cc9b5_actions,player_0f475a5b,['player_0f475a5b'],"['player_8d7cc9b5', 'player_0f475a5b', 'player_0f475a5b']",['player_8d7cc9b5'],True
645,tomato_salad,deliver,Delivery_63,Delivery,63,deliver tomato_salad,player_8d7cc9b5,forced_division_of_labor,ac0aa363420759f5,580.0417405980353,22.627416997969817,1.0,1.0,1.0,1.0,1.0,"(5, 2)","[p(2, 2)_cs(1.0)_ws(1.0)]_[p(5, 2)_cs(1.0)_ws(1.0)]",player_8d7cc9b5_actions,player_8d7cc9b5,"['player_0f475a5b', 'player_8d7cc9b5']","['player_8d7cc9b5', 'player_0f475a5b', 'player_0f475a5b']",['player_8d7cc9b5'],
646,tomato_cut,pick up,CuttingBoard_10,CuttingBoard,10,pick up tomato_cut from cuttingboard,player_0f475a5b,forced_division_of_labor,ac0aa363420759f5,182.6274169979695,16.0,1.0,0.0,0.0,1.0,1.0,"(2, 2)","[p(2, 2)_cs(1.0)_ws(1.0)]_[p(5, 2)_cs(1.0)_ws(1.0)]",player_0f475a5b_actions,player_0f475a5b,"['player_8d7cc9b5', 'player_0f475a5b']",,,False
670,tomato,pick up,Dispenser_50,Dispenser,50,pick up tomato from dispenser,player_8d7cc9b5,forced_division_of_labor,ac0aa363420759f5,612.0417405980356,32.00000000000034,1.0,0.0,1.0,1.0,1.0,"(5, 2)","[p(2, 2)_cs(1.0)_ws(1.0)]_[p(5, 2)_cs(1.0)_ws(1.0)]",player_8d7cc9b5_actions,,[],,,
693,tomato,put down,Counter_32,Counter,32,put down tomato on counter,player_8d7cc9b5,forced_division_of_labor,ac0aa363420759f5,634.6691575960053,22.627416997969704,1.0,0.0,1.0,1.0,1.0,"(5, 2)","[p(2, 2)_cs(1.0)_ws(1.0)]_[p(5, 2)_cs(1.0)_ws(1.0)]",player_8d7cc9b5_actions,player_8d7cc9b5,['player_8d7cc9b5'],,,
695,tomato_cut,assemble salad,Counter_35,Counter,35,assemble salad,player_0f475a5b,forced_division_of_labor,ac0aa363420759f5,253.12080157322924,70.49338457525974,1.0,0.0,0.0,1.0,1.0,"(2, 2)","[p(2, 2)_cs(1.0)_ws(1.0)]_[p(5, 2)_cs(1.0)_ws(1.0)]",player_0f475a5b_actions,player_8d7cc9b5,['player_0f475a5b'],"['player_8d7cc9b5', 'player_0f475a5b', 'player_0f475a5b']",['player_8d7cc9b5'],True
724,plate,pick up,Dispenser_60,Dispenser,60,pick up plate from dispenser,player_8d7cc9b5,forced_division_of_labor,ac0aa363420759f5,673.0143926558635,38.34523505985817,1.0,0.0,1.0,1.0,1.0,"(5, 2)","[p(2, 2)_cs(1.0)_ws(1.0)]_[p(5, 2)_cs(1.0)_ws(1.0)]",player_8d7cc9b5_actions,,[],,,
753,plate,put down,Counter_33,Counter,33,put down plate on counter,player_8d7cc9b5,forced_division_of_labor,ac0aa363420759f5,718.2692266518031,45.254833995939634,1.0,0.0,1.0,1.0,1.0,"(5, 2)","[p(2, 2)_cs(1.0)_ws(1.0)]_[p(5, 2)_cs(1.0)_ws(1.0)]",player_8d7cc9b5_actions,player_8d7cc9b5,['player_8d7cc9b5'],,,
761,tomato,pick up,Counter_32,Counter,32,pick up tomato from counter,player_0f475a5b,forced_division_of_labor,ac0aa363420759f5,301.1208015732295,48.00000000000029,1.0,0.0,0.0,1.0,1.0,"(2, 2)","[p(2, 2)_cs(1.0)_ws(1.0)]_[p(5, 2)_cs(1.0)_ws(1.0)]",player_0f475a5b_actions,player_8d7cc9b5,['player_8d7cc9b5'],,,True
778,tomato_salad,pick up,Counter_35,Counter,35,pick up tomato_salad from counter,player_8d7cc9b5,forced_division_of_labor,ac0aa363420759f5,750.2692266518033,32.000000000000114,1.0,0.0,1.0,1.0,1.0,"(5, 2)","[p(2, 2)_cs(1.0)_ws(1.0)]_[p(5, 2)_cs(1.0)_ws(1.0)]",player_8d7cc9b5_actions,player_0f475a5b,['player_0f475a5b'],"['player_8d7cc9b5', 'player_0f475a5b', 'player_0f475a5b']",['player_8d7cc9b5'],True
787,tomato,start cutting,CuttingBoard_10,CuttingBoard,10,start cutting tomato,player_0f475a5b,forced_division_of_labor,ac0aa363420759f5,323.748218571199,22.627416997969476,1.0,0.0,0.0,1.0,1.0,"(2, 2)","[p(2, 2)_cs(1.0)_ws(1.0)]_[p(5, 2)_cs(1.0)_ws(1.0)]",player_0f475a5b_actions,player_0f475a5b,"['player_8d7cc9b5', 'player_0f475a5b']",,,
795,tomato_salad,deliver,Delivery_64,Delivery,64,deliver tomato_salad,player_8d7cc9b5,forced_division_of_labor,ac0aa363420759f5,772.8966436497731,22.627416997969817,2.0,1.0,2.0,1.0,1.0,"(5, 2)","[p(2, 2)_cs(1.0)_ws(1.0)]_[p(5, 2)_cs(1.0)_ws(1.0)]",player_8d7cc9b5_actions,player_8d7cc9b5,"['player_0f475a5b', 'player_8d7cc9b5']","['player_8d7cc9b5', 'player_0f475a5b', 'player_0f475a5b']",['player_8d7cc9b5'],
847,tomato,pick up,Dispenser_40,Dispenser,40,pick up tomato from dispenser,player_8d7cc9b5,forced_division_of_labor,ac0aa363420759f5,827.316015293022,54.41937164324895,2.0,0.0,2.0,1.0,1.0,"(5, 2)","[p(2, 2)_cs(1.0)_ws(1.0)]_[p(5, 2)_cs(1.0)_ws(1.0)]",player_8d7cc9b5_actions,,[],,,
865,tomato,put down,Counter_32,Counter,32,put down tomato on counter,player_8d7cc9b5,forced_division_of_labor,ac0aa363420759f5,843.3160152930222,16.000000000000227,2.0,0.0,2.0,1.0,1.0,"(5, 2)","[p(2, 2)_cs(1.0)_ws(1.0)]_[p(5, 2)_cs(1.0)_ws(1.0)]",player_8d7cc9b5_actions,player_8d7cc9b5,['player_8d7cc9b5'],,,
880,plate,pick up,Counter_33,Counter,33,pick up plate from counter,player_0f475a5b,forced_division_of_labor,ac0aa363420759f5,371.74821857119946,48.000000000000455,2.0,0.0,0.0,1.0,1.0,"(2, 2)","[p(2, 2)_cs(1.0)_ws(1.0)]_[p(5, 2)_cs(1.0)_ws(1.0)]",player_0f475a5b_actions,player_8d7cc9b5,['player_8d7cc9b5'],,,True
892,plate,pick up,Dispenser_60,Dispenser,60,pick up plate from dispenser,player_8d7cc9b5,forced_division_of_labor,ac0aa363420759f5,881.7230779597874,38.407062666765114,2.0,0.0,2.0,1.0,1.0,"(5, 2)","[p(2, 2)_cs(1.0)_ws(1.0)]_[p(5, 2)_cs(1.0)_ws(1.0)]",player_8d7cc9b5_actions,,[],,,
898,plate,put down,Counter_33,Counter,33,put down plate on counter,player_0f475a5b,forced_division_of_labor,ac0aa363420759f5,371.74821857119946,0.0,2.0,0.0,0.0,1.0,1.0,"(2, 2)","[p(2, 2)_cs(1.0)_ws(1.0)]_[p(5, 2)_cs(1.0)_ws(1.0)]",player_0f475a5b_actions,player_0f475a5b,"['player_8d7cc9b5', 'player_0f475a5b']",,,
940,plate,put down,Counter_35,Counter,35,put down plate on counter,player_8d7cc9b5,forced_division_of_labor,ac0aa363420759f5,958.9779119557272,77.25483399593975,2.0,0.0,2.0,1.0,1.0,"(5, 2)","[p(2, 2)_cs(1.0)_ws(1.0)]_[p(5, 2)_cs(1.0)_ws(1.0)]",player_8d7cc9b5_actions,player_8d7cc9b5,['player_8d7cc9b5'],,,
967,tomato_cut,pick up,CuttingBoard_20,CuttingBoard,20,pick up tomato_cut from cuttingboard,player_0f475a5b,forced_division_of_labor,ac0aa363420759f5,403.7482185711998,32.00000000000034,2.0,0.0,0.0,1.0,1.0,"(2, 2)","[p(2, 2)_cs(1.0)_ws(1.0)]_[p(5, 2)_cs(1.0)_ws(1.0)]",player_0f475a5b_actions,player_0f475a5b,"['player_8d7cc9b5', 'player_0f475a5b']",,,False
1000,plate,pick up,Counter_33,Counter,33,pick up plate from counter,player_8d7cc9b5,forced_division_of_labor,ac0aa363420759f5,990.9779119557272,32.0,2.0,0.0,2.0,1.0,1.0,"(5, 2)","[p(2, 2)_cs(1.0)_ws(1.0)]_[p(5, 2)_cs(1.0)_ws(1.0)]",player_8d7cc9b5_actions,player_0f475a5b,"['player_8d7cc9b5', 'player_0f475a5b']",,,True
1003,tomato_cut,put down,Counter_33,Counter,33,put down tomato_cut on counter,player_0f475a5b,forced_division_of_labor,ac0aa363420759f5,435.74821857120014,32.00000000000034,2.0,0.0,0.0,1.0,1.0,"(2, 2)","[p(2, 2)_cs(1.0)_ws(1.0)]_[p(5, 2)_cs(1.0)_ws(1.0)]",player_0f475a5b_actions,player_0f475a5b,"['player_8d7cc9b5', 'player_0f475a5b', 'player_0f475a5b']",,,
1021,plate,assemble salad,Counter_33,Counter,33,assemble salad,player_8d7cc9b5,forced_division_of_labor,ac0aa363420759f5,990.9779119557272,0.0,2.0,0.0,2.0,1.0,1.0,"(5, 2)","[p(2, 2)_cs(1.0)_ws(1.0)]_[p(5, 2)_cs(1.0)_ws(1.0)]",player_8d7cc9b5_actions,player_0f475a5b,['player_8d7cc9b5'],"['player_8d7cc9b5', 'player_0f475a5b', 'player_0f475a5b']","['player_8d7cc9b5', 'player_0f475a5b', 'player_8d7cc9b5']",True
1027,tomato,pick up,Counter_32,Counter,32,pick up tomato from counter,player_0f475a5b,forced_division_of_labor,ac0aa363420759f5,451.7482185712003,16.00000000000017,2.0,0.0,0.0,1.0,1.0,"(2, 2)","[p(2, 2)_cs(1.0)_ws(1.0)]_[p(5, 2)_cs(1.0)_ws(1.0)]",player_0f475a5b_actions,player_8d7cc9b5,['player_8d7cc9b5'],,,True
1033,tomato,put down,Counter_32,Counter,32,put down tomato on counter,player_0f475a5b,forced_division_of_labor,ac0aa363420759f5,451.7482185712003,0.0,2.0,0.0,0.0,1.0,1.0,"(2, 2)","[p(2, 2)_cs(1.0)_ws(1.0)]_[p(5, 2)_cs(1.0)_ws(1.0)]",player_0f475a5b_actions,player_0f475a5b,"['player_8d7cc9b5', 'player_0f475a5b']",,,
1039,tomato_salad,pick up,Counter_33,Counter,33,pick up tomato_salad from counter,player_8d7cc9b5,forced_division_of_labor,ac0aa363420759f5,990.9779119557272,0.0,2.0,0.0,2.0,1.0,1.0,"(5, 2)","[p(2, 2)_cs(1.0)_ws(1.0)]_[p(5, 2)_cs(1.0)_ws(1.0)]",player_8d7cc9b5_actions,player_8d7cc9b5,['player_8d7cc9b5'],"['player_8d7cc9b5', 'player_0f475a5b', 'player_0f475a5b']","['player_8d7cc9b5', 'player_0f475a5b', 'player_8d7cc9b5']",False
1060,tomato_salad,deliver,Delivery_63,Delivery,63,deliver tomato_salad,player_8d7cc9b5,forced_division_of_labor,ac0aa363420759f5,1006.9779119557272,16.0,3.0,1.0,3.0,1.0,1.0,"(5, 2)","[p(2, 2)_cs(1.0)_ws(1.0)]_[p(5, 2)_cs(1.0)_ws(1.0)]",player_8d7cc9b5_actions,player_8d7cc9b5,"['player_8d7cc9b5', 'player_8d7cc9b5']","['player_8d7cc9b5', 'player_0f475a5b', 'player_0f475a5b']","['player_8d7cc9b5', 'player_0f475a5b', 'player_8d7cc9b5']",
1105,tomato,pick up,Counter_32,Counter,32,pick up tomato from counter,player_0f475a5b,forced_division_of_labor,ac0aa363420759f5,483.74821857120054,32.00000000000023,3.0,0.0,0.0,1.0,1.0,"(2, 2)","[p(2, 2)_cs(1.0)_ws(1.0)]_[p(5, 2)_cs(1.0)_ws(1.0)]",player_0f475a5b_actions,player_0f475a5b,"['player_8d7cc9b5', 'player_0f475a5b']",,,False
1114,plate,pick up,Dispenser_60,Dispenser,60,pick up plate from dispenser,player_8d7cc9b5,forced_division_of_labor,ac0aa363420759f5,1045.3891717957536,38.411259840026446,3.0,0.0,3.0,1.0,1.0,"(5, 2)","[p(2, 2)_cs(1.0)_ws(1.0)]_[p(5, 2)_cs(1.0)_ws(1.0)]",player_8d7cc9b5_actions,,[],,,
1126,tomato,start cutting,CuttingBoard_20,CuttingBoard,20,start cutting tomato,player_0f475a5b,forced_division_of_labor,ac0aa363420759f5,499.74821857120065,16.000000000000114,3.0,0.0,0.0,1.0,1.0,"(2, 2)","[p(2, 2)_cs(1.0)_ws(1.0)]_[p(5, 2)_cs(1.0)_ws(1.0)]",player_0f475a5b_actions,player_0f475a5b,"['player_8d7cc9b5', 'player_0f475a5b', 'player_0f475a5b']",,,
1149,plate,put down,Counter_33,Counter,33,put down plate on counter,player_8d7cc9b5,forced_division_of_labor,ac0aa363420759f5,1090.6440057916914,45.254833995937815,3.0,0.0,3.0,1.0,1.0,"(5, 2)","[p(2, 2)_cs(1.0)_ws(1.0)]_[p(5, 2)_cs(1.0)_ws(1.0)]",player_8d7cc9b5_actions,player_8d7cc9b5,['player_8d7cc9b5'],,,
1183,tomato,pick up,Dispenser_40,Dispenser,40,pick up tomato from dispenser,player_8d7cc9b5,forced_division_of_labor,ac0aa363420759f5,1122.6440057916902,31.999999999998863,3.0,0.0,3.0,1.0,1.0,"(5, 2)","[p(2, 2)_cs(1.0)_ws(1.0)]_[p(5, 2)_cs(1.0)_ws(1.0)]",player_8d7cc9b5_actions,,[],,,
1189,tomato_cut,pick up,CuttingBoard_20,CuttingBoard,20,pick up tomato_cut from cuttingboard,player_0f475a5b,forced_division_of_labor,ac0aa363420759f5,499.74821857120065,0.0,3.0,0.0,0.0,1.0,1.0,"(2, 2)","[p(2, 2)_cs(1.0)_ws(1.0)]_[p(5, 2)_cs(1.0)_ws(1.0)]",player_0f475a5b_actions,player_0f475a5b,"['player_8d7cc9b5', 'player_0f475a5b', 'player_0f475a5b']",,,False
1216,tomato_cut,assemble salad,Counter_33,Counter,33,assemble salad,player_0f475a5b,forced_division_of_labor,ac0aa363420759f5,531.7482185712009,32.000000000000284,3.0,0.0,0.0,1.0,1.0,"(2, 2)","[p(2, 2)_cs(1.0)_ws(1.0)]_[p(5, 2)_cs(1.0)_ws(1.0)]",player_0f475a5b_actions,player_8d7cc9b5,['player_0f475a5b'],"['player_8d7cc9b5', 'player_0f475a5b', 'player_0f475a5b', 'player_0f475a5b']",['player_8d7cc9b5'],True
1240,tomato,put down,Counter_32,Counter,32,put down tomato on counter,player_8d7cc9b5,forced_division_of_labor,ac0aa363420759f5,1138.6440057916898,15.999999999999543,3.0,0.0,3.0,1.0,1.0,"(5, 2)","[p(2, 2)_cs(1.0)_ws(1.0)]_[p(5, 2)_cs(1.0)_ws(1.0)]",player_8d7cc9b5_actions,player_8d7cc9b5,['player_8d7cc9b5'],,,
1240,tomato,pick up,Counter_34,Counter,34,pick up tomato from counter,player_0f475a5b,forced_division_of_labor,ac0aa363420759f5,547.748218571201,16.000000000000114,3.0,0.0,0.0,1.0,1.0,"(2, 2)","[p(2, 2)_cs(1.0)_ws(1.0)]_[p(5, 2)_cs(1.0)_ws(1.0)]",player_0f475a5b_actions,player_8d7cc9b5,['player_8d7cc9b5'],,,True
1246,tomato,put down,Counter_34,Counter,34,put down tomato on counter,player_0f475a5b,forced_division_of_labor,ac0aa363420759f5,547.748218571201,0.0,3.0,0.0,0.0,1.0,1.0,"(2, 2)","[p(2, 2)_cs(1.0)_ws(1.0)]_[p(5, 2)_cs(1.0)_ws(1.0)]",player_0f475a5b_actions,player_0f475a5b,"['player_8d7cc9b5', 'player_0f475a5b']",,,
1261,tomato_salad,pick up,Counter_33,Counter,33,pick up tomato_salad from counter,player_8d7cc9b5,forced_division_of_labor,ac0aa363420759f5,1154.644005791689,15.999999999999543,3.0,0.0,3.0,1.0,1.0,"(5, 2)","[p(2, 2)_cs(1.0)_ws(1.0)]_[p(5, 2)_cs(1.0)_ws(1.0)]",player_8d7cc9b5_actions,player_0f475a5b,['player_0f475a5b'],"['player_8d7cc9b5', 'player_0f475a5b', 'player_0f475a5b', 'player_0f475a5b']",['player_8d7cc9b5'],True
1279,tomato_salad,deliver,Delivery_63,Delivery,63,deliver tomato_salad,player_8d7cc9b5,forced_division_of_labor,ac0aa363420759f5,1170.6440057916886,15.999999999999318,4.0,1.0,4.0,1.0,1.0,"(5, 2)","[p(2, 2)_cs(1.0)_ws(1.0)]_[p(5, 2)_cs(1.0)_ws(1.0)]",player_8d7cc9b5_actions,player_8d7cc9b5,"['player_0f475a5b', 'player_8d7cc9b5']","['player_8d7cc9b5', 'player_0f475a5b', 'player_0f475a5b', 'player_0f475a5b']",['player_8d7cc9b5'],
1339,tomato,pick up,Counter_32,Counter,32,pick up tomato from counter,player_0f475a5b,forced_division_of_labor,ac0aa363420759f5,611.7482185712017,64.00000000000068,4.0,0.0,0.0,1.0,1.0,"(2, 2)","[p(2, 2)_cs(1.0)_ws(1.0)]_[p(5, 2)_cs(1.0)_ws(1.0)]",player_0f475a5b_actions,player_8d7cc9b5,['player_8d7cc9b5'],,,True
1360,tomato,start cutting,CuttingBoard_20,CuttingBoard,20,start cutting tomato,player_0f475a5b,forced_division_of_labor,ac0aa363420759f5,627.748218571202,16.000000000000227,4.0,0.0,0.0,1.0,1.0,"(2, 2)","[p(2, 2)_cs(1.0)_ws(1.0)]_[p(5, 2)_cs(1.0)_ws(1.0)]",player_0f475a5b_actions,player_0f475a5b,"['player_8d7cc9b5', 'player_0f475a5b']",,,
1378,plate,pick up,Dispenser_60,Dispenser,60,pick up plate from dispenser,player_8d7cc9b5,forced_division_of_labor,ac0aa363420759f5,1209.0552656317143,38.41125984002565,4.0,0.0,4.0,1.0,1.0,"(5, 2)","[p(2, 2)_cs(1.0)_ws(1.0)]_[p(5, 2)_cs(1.0)_ws(1.0)]",player_8d7cc9b5_actions,,[],,,
1408,plate,put down,Counter_32,Counter,32,put down plate on counter,player_8d7cc9b5,forced_division_of_labor,ac0aa363420759f5,1247.4623282984785,38.407062666764205,4.0,0.0,4.0,1.0,1.0,"(5, 2)","[p(2, 2)_cs(1.0)_ws(1.0)]_[p(5, 2)_cs(1.0)_ws(1.0)]",player_8d7cc9b5_actions,player_8d7cc9b5,['player_8d7cc9b5'],,,
1417,tomato_cut,pick up,CuttingBoard_20,CuttingBoard,20,pick up tomato_cut from cuttingboard,player_0f475a5b,forced_division_of_labor,ac0aa363420759f5,627.748218571202,0.0,4.0,0.0,0.0,1.0,1.0,"(2, 2)","[p(2, 2)_cs(1.0)_ws(1.0)]_[p(5, 2)_cs(1.0)_ws(1.0)]",player_0f475a5b_actions,player_0f475a5b,"['player_8d7cc9b5', 'player_0f475a5b']",,,False
1450,tomato_cut,assemble salad,Counter_32,Counter,32,assemble salad,player_0f475a5b,forced_division_of_labor,ac0aa363420759f5,643.7482185712022,16.000000000000227,4.0,0.0,0.0,1.0,1.0,"(2, 2)","[p(2, 2)_cs(1.0)_ws(1.0)]_[p(5, 2)_cs(1.0)_ws(1.0)]",player_0f475a5b_actions,player_8d7cc9b5,['player_0f475a5b'],"['player_8d7cc9b5', 'player_0f475a5b', 'player_0f475a5b']",['player_8d7cc9b5'],True
1465,tomato_salad,pick up,Counter_32,Counter,32,pick up tomato_salad from counter,player_8d7cc9b5,forced_division_of_labor,ac0aa363420759f5,1247.4623282984785,0.0,4.0,0.0,4.0,1.0,1.0,"(5, 2)","[p(2, 2)_cs(1.0)_ws(1.0)]_[p(5, 2)_cs(1.0)_ws(1.0)]",player_8d7cc9b5_actions,player_0f475a5b,['player_0f475a5b'],"['player_8d7cc9b5', 'player_0f475a5b', 'player_0f475a5b']",['player_8d7cc9b5'],True
1483,tomato,pick up,Counter_34,Counter,34,pick up tomato from counter,player_0f475a5b,forced_division_of_labor,ac0aa363420759f5,675.7482185712024,32.00000000000023,4.0,0.0,0.0,1.0,1.0,"(2, 2)","[p(2, 2)_cs(1.0)_ws(1.0)]_[p(5, 2)_cs(1.0)_ws(1.0)]",player_0f475a5b_actions,player_0f475a5b,"['player_8d7cc9b5', 'player_0f475a5b']",,,False
1485,tomato_salad,deliver,Delivery_63,Delivery,63,deliver tomato_salad,player_8d7cc9b5,forced_division_of_labor,ac0aa363420759f5,1270.0897452964475,22.62741699796902,5.0,1.0,5.0,1.0,1.0,"(5, 2)","[p(2, 2)_cs(1.0)_ws(1.0)]_[p(5, 2)_cs(1.0)_ws(1.0)]",player_8d7cc9b5_actions,player_8d7cc9b5,"['player_0f475a5b', 'player_8d7cc9b5']","['player_8d7cc9b5', 'player_0f475a5b', 'player_0f475a5b']",['player_8d7cc9b5'],
1516,tomato,pick up,Dispenser_40,Dispenser,40,pick up tomato from dispenser,player_8d7cc9b5,forced_division_of_labor,ac0aa363420759f5,1308.5010051364732,38.41125984002565,5.0,0.0,5.0,1.0,1.0,"(5, 2)","[p(2, 2)_cs(1.0)_ws(1.0)]_[p(5, 2)_cs(1.0)_ws(1.0)]",player_8d7cc9b5_actions,,[],,,
1520,tomato,start cutting,CuttingBoard_20,CuttingBoard,20,start cutting tomato,player_0f475a5b,forced_division_of_labor,ac0aa363420759f5,723.7482185712029,48.000000000000455,5.0,0.0,0.0,1.0,1.0,"(2, 2)","[p(2, 2)_cs(1.0)_ws(1.0)]_[p(5, 2)_cs(1.0)_ws(1.0)]",player_0f475a5b_actions,player_0f475a5b,"['player_8d7cc9b5', 'player_0f475a5b', 'player_0f475a5b']",,,
1537,tomato,put down,Counter_32,Counter,32,put down tomato on counter,player_8d7cc9b5,forced_division_of_labor,ac0aa363420759f5,1324.5010051364727,15.999999999999543,5.0,0.0,5.0,1.0,1.0,"(5, 2)","[p(2, 2)_cs(1.0)_ws(1.0)]_[p(5, 2)_cs(1.0)_ws(1.0)]",player_8d7cc9b5_actions,player_8d7cc9b5,['player_8d7cc9b5'],,,
1561,tomato_cut,pick up,CuttingBoard_20,CuttingBoard,20,pick up tomato_cut from cuttingboard,player_0f475a5b,forced_division_of_labor,ac0aa363420759f5,723.7482185712029,0.0,5.0,0.0,0.0,1.0,1.0,"(2, 2)","[p(2, 2)_cs(1.0)_ws(1.0)]_[p(5, 2)_cs(1.0)_ws(1.0)]",player_0f475a5b_actions,player_0f475a5b,"['player_8d7cc9b5', 'player_0f475a5b', 'player_0f475a5b']",,,False
1564,plate,pick up,Dispenser_60,Dispenser,60,pick up plate from dispenser,player_8d7cc9b5,forced_division_of_labor,ac0aa363420759f5,1362.9080678032367,38.40706266676398,5.0,0.0,5.0,1.0,1.0,"(5, 2)","[p(2, 2)_cs(1.0)_ws(1.0)]_[p(5, 2)_cs(1.0)_ws(1.0)]",player_8d7cc9b5_actions,,[],,,
1603,plate,put down,Counter_34,Counter,34,put down plate on counter,player_8d7cc9b5,forced_division_of_labor,ac0aa363420759f5,1423.8242547057737,60.916186902536765,5.0,0.0,5.0,1.0,1.0,"(5, 2)","[p(2, 2)_cs(1.0)_ws(1.0)]_[p(5, 2)_cs(1.0)_ws(1.0)]",player_8d7cc9b5_actions,player_8d7cc9b5,['player_8d7cc9b5'],,,
1616,tomato_cut,assemble salad,Counter_35,Counter,35,assemble salad,player_0f475a5b,forced_division_of_labor,ac0aa363420759f5,787.7482185712033,64.00000000000045,5.0,0.0,0.0,1.0,1.0,"(2, 2)","[p(2, 2)_cs(1.0)_ws(1.0)]_[p(5, 2)_cs(1.0)_ws(1.0)]",player_0f475a5b_actions,player_8d7cc9b5,['player_0f475a5b'],"['player_8d7cc9b5', 'player_0f475a5b', 'player_0f475a5b', 'player_0f475a5b']",['player_8d7cc9b5'],True
1636,tomato_salad,pick up,Counter_35,Counter,35,pick up tomato_salad from counter,player_8d7cc9b5,forced_division_of_labor,ac0aa363420759f5,1439.8242547057728,15.999999999999318,5.0,0.0,5.0,1.0,1.0,"(5, 2)","[p(2, 2)_cs(1.0)_ws(1.0)]_[p(5, 2)_cs(1.0)_ws(1.0)]",player_8d7cc9b5_actions,player_0f475a5b,['player_0f475a5b'],"['player_8d7cc9b5', 'player_0f475a5b', 'player_0f475a5b', 'player_0f475a5b']",['player_8d7cc9b5'],True
1656,tomato_salad,deliver,Delivery_64,Delivery,64,deliver tomato_salad,player_8d7cc9b5,forced_division_of_labor,ac0aa363420759f5,1462.4516717037418,22.62741699796902,6.0,1.0,6.0,1.0,1.0,"(5, 2)","[p(2, 2)_cs(1.0)_ws(1.0)]_[p(5, 2)_cs(1.0)_ws(1.0)]",player_8d7cc9b5_actions,player_8d7cc9b5,"['player_0f475a5b', 'player_8d7cc9b5']","['player_8d7cc9b5', 'player_0f475a5b', 'player_0f475a5b', 'player_0f475a5b']",['player_8d7cc9b5'],
1661,tomato,pick up,Counter_32,Counter,32,pick up tomato from counter,player_0f475a5b,forced_division_of_labor,ac0aa363420759f5,835.7482185712036,48.00000000000023,6.0,0.0,0.0,1.0,1.0,"(2, 2)","[p(2, 2)_cs(1.0)_ws(1.0)]_[p(5, 2)_cs(1.0)_ws(1.0)]",player_0f475a5b_actions,player_8d7cc9b5,['player_8d7cc9b5'],,,True
1681,tomato,start cutting,CuttingBoard_20,CuttingBoard,20,start cutting tomato,player_0f475a5b,forced_division_of_labor,ac0aa363420759f5,851.7482185712038,16.000000000000227,6.0,0.0,0.0,1.0,1.0,"(2, 2)","[p(2, 2)_cs(1.0)_ws(1.0)]_[p(5, 2)_cs(1.0)_ws(1.0)]",player_0f475a5b_actions,player_0f475a5b,"['player_8d7cc9b5', 'player_0f475a5b']",,,
1699,tomato,pick up,Dispenser_40,Dispenser,40,pick up tomato from dispenser,player_8d7cc9b5,forced_division_of_labor,ac0aa363420759f5,1516.8710433469892,54.41937164324736,6.0,0.0,6.0,1.0,1.0,"(5, 2)","[p(2, 2)_cs(1.0)_ws(1.0)]_[p(5, 2)_cs(1.0)_ws(1.0)]",player_8d7cc9b5_actions,,[],,,
1720,tomato,put down,Counter_32,Counter,32,put down tomato on counter,player_8d7cc9b5,forced_division_of_labor,ac0aa363420759f5,1532.8710433469887,15.999999999999543,6.0,0.0,6.0,1.0,1.0,"(5, 2)","[p(2, 2)_cs(1.0)_ws(1.0)]_[p(5, 2)_cs(1.0)_ws(1.0)]",player_8d7cc9b5_actions,player_8d7cc9b5,['player_8d7cc9b5'],,,
1738,tomato_cut,pick up,CuttingBoard_20,CuttingBoard,20,pick up tomato_cut from cuttingboard,player_0f475a5b,forced_division_of_labor,ac0aa363420759f5,851.7482185712038,0.0,6.0,0.0,0.0,1.0,1.0,"(2, 2)","[p(2, 2)_cs(1.0)_ws(1.0)]_[p(5, 2)_cs(1.0)_ws(1.0)]",player_0f475a5b_actions,player_0f475a5b,"['player_8d7cc9b5', 'player_0f475a5b']",,,False
1750,plate,pick up,Dispenser_60,Dispenser,60,pick up plate from dispenser,player_8d7cc9b5,forced_division_of_labor,ac0aa363420759f5,1571.2781060137524,38.40706266676375,6.0,0.0,6.0,1.0,1.0,"(5, 2)","[p(2, 2)_cs(1.0)_ws(1.0)]_[p(5, 2)_cs(1.0)_ws(1.0)]",player_8d7cc9b5_actions,,[],,,
1772,tomato_cut,assemble salad,Counter_34,Counter,34,assemble salad,player_0f475a5b,forced_division_of_labor,ac0aa363420759f5,899.7482185712042,48.000000000000455,6.0,0.0,0.0,1.0,1.0,"(2, 2)","[p(2, 2)_cs(1.0)_ws(1.0)]_[p(5, 2)_cs(1.0)_ws(1.0)]",player_0f475a5b_actions,player_8d7cc9b5,['player_0f475a5b'],"['player_8d7cc9b5', 'player_0f475a5b', 'player_0f475a5b']",['player_8d7cc9b5'],True
1779,plate,put down,Counter_33,Counter,33,put down plate on counter,player_8d7cc9b5,forced_division_of_labor,ac0aa363420759f5,1616.5329400096905,45.254833995937815,6.0,0.0,6.0,1.0,1.0,"(5, 2)","[p(2, 2)_cs(1.0)_ws(1.0)]_[p(5, 2)_cs(1.0)_ws(1.0)]",player_8d7cc9b5_actions,player_8d7cc9b5,['player_8d7cc9b5'],,,
1804,tomato,pick up,Dispenser_40,Dispenser,40,pick up tomato from dispenser,player_8d7cc9b5,forced_division_of_labor,ac0aa363420759f5,1648.5329400096894,31.99999999999909,6.0,0.0,6.0,1.0,1.0,"(5, 2)","[p(2, 2)_cs(1.0)_ws(1.0)]_[p(5, 2)_cs(1.0)_ws(1.0)]",player_8d7cc9b5_actions,,[],,,
1816,tomato,pick up,Counter_32,Counter,32,pick up tomato from counter,player_0f475a5b,forced_division_of_labor,ac0aa363420759f5,931.7482185712043,32.00000000000023,6.0,0.0,0.0,1.0,1.0,"(2, 2)","[p(2, 2)_cs(1.0)_ws(1.0)]_[p(5, 2)_cs(1.0)_ws(1.0)]",player_0f475a5b_actions,player_8d7cc9b5,['player_8d7cc9b5'],,,True
1840,tomato,start cutting,CuttingBoard_20,CuttingBoard,20,start cutting tomato,player_0f475a5b,forced_division_of_labor,ac0aa363420759f5,947.7482185712048,16.000000000000227,6.0,0.0,0.0,1.0,1.0,"(2, 2)","[p(2, 2)_cs(1.0)_ws(1.0)]_[p(5, 2)_cs(1.0)_ws(1.0)]",player_0f475a5b_actions,player_0f475a5b,"['player_8d7cc9b5', 'player_0f475a5b']",,,
1844,tomato,put down,Counter_35,Counter,35,put down tomato on counter,player_8d7cc9b5,forced_division_of_labor,ac0aa363420759f5,1712.532940009687,63.999999999997726,6.0,0.0,6.0,1.0,1.0,"(5, 2)","[p(2, 2)_cs(1.0)_ws(1.0)]_[p(5, 2)_cs(1.0)_ws(1.0)]",player_8d7cc9b5_actions,player_8d7cc9b5,['player_8d7cc9b5'],,,
1861,tomato_salad,pick up,Counter_34,Counter,34,pick up tomato_salad from counter,player_8d7cc9b5,forced_division_of_labor,ac0aa363420759f5,1728.5329400096864,15.999999999999318,6.0,0.0,6.0,1.0,1.0,"(5, 2)","[p(2, 2)_cs(1.0)_ws(1.0)]_[p(5, 2)_cs(1.0)_ws(1.0)]",player_8d7cc9b5_actions,player_0f475a5b,['player_0f475a5b'],"['player_8d7cc9b5', 'player_0f475a5b', 'player_0f475a5b']",['player_8d7cc9b5'],True
1879,tomato_salad,deliver,Delivery_64,Delivery,64,deliver tomato_salad,player_8d7cc9b5,forced_division_of_labor,ac0aa363420759f5,1744.532940009686,15.999999999999543,7.0,1.0,7.0,1.0,1.0,"(5, 2)","[p(2, 2)_cs(1.0)_ws(1.0)]_[p(5, 2)_cs(1.0)_ws(1.0)]",player_8d7cc9b5_actions,player_8d7cc9b5,"['player_0f475a5b', 'player_8d7cc9b5']","['player_8d7cc9b5', 'player_0f475a5b', 'player_0f475a5b']",['player_8d7cc9b5'],
1903,plate,pick up,Counter_33,Counter,33,pick up plate from counter,player_0f475a5b,forced_division_of_labor,ac0aa363420759f5,979.748218571205,32.00000000000034,7.0,0.0,0.0,1.0,1.0,"(2, 2)","[p(2, 2)_cs(1.0)_ws(1.0)]_[p(5, 2)_cs(1.0)_ws(1.0)]",player_0f475a5b_actions,player_8d7cc9b5,['player_8d7cc9b5'],,,True
1924,plate,put down,Counter_33,Counter,33,put down plate on counter,player_0f475a5b,forced_division_of_labor,ac0aa363420759f5,979.748218571205,0.0,7.0,0.0,0.0,1.0,1.0,"(2, 2)","[p(2, 2)_cs(1.0)_ws(1.0)]_[p(5, 2)_cs(1.0)_ws(1.0)]",player_0f475a5b_actions,player_0f475a5b,"['player_8d7cc9b5', 'player_0f475a5b']",,,
1927,tomato,pick up,Dispenser_40,Dispenser,40,pick up tomato from dispenser,player_8d7cc9b5,forced_division_of_labor,ac0aa363420759f5,1798.9523116529335,54.41937164324759,7.0,0.0,7.0,1.0,1.0,"(5, 2)","[p(2, 2)_cs(1.0)_ws(1.0)]_[p(5, 2)_cs(1.0)_ws(1.0)]",player_8d7cc9b5_actions,,[],,,
1936,plate,pick up,Counter_33,Counter,33,pick up plate from counter,player_0f475a5b,forced_division_of_labor,ac0aa363420759f5,979.748218571205,0.0,7.0,0.0,0.0,1.0,1.0,"(2, 2)","[p(2, 2)_cs(1.0)_ws(1.0)]_[p(5, 2)_cs(1.0)_ws(1.0)]",player_0f475a5b_actions,player_0f475a5b,"['player_8d7cc9b5', 'player_0f475a5b']",,,False
1948,tomato,put down,Counter_32,Counter,32,put down tomato on counter,player_8d7cc9b5,forced_division_of_labor,ac0aa363420759f5,1814.952311652933,15.999999999999543,7.0,0.0,7.0,1.0,1.0,"(5, 2)","[p(2, 2)_cs(1.0)_ws(1.0)]_[p(5, 2)_cs(1.0)_ws(1.0)]",player_8d7cc9b5_actions,player_8d7cc9b5,['player_8d7cc9b5'],,,
1960,plate,put down,CuttingBoard_20,CuttingBoard,20,put down plate on cuttingboard,player_0f475a5b,forced_division_of_labor,ac0aa363420759f5,1011.7482185712054,32.00000000000034,7.0,0.0,0.0,1.0,1.0,"(2, 2)","[p(2, 2)_cs(1.0)_ws(1.0)]_[p(5, 2)_cs(1.0)_ws(1.0)]",player_0f475a5b_actions,player_0f475a5b,"['player_8d7cc9b5', 'player_0f475a5b', 'player_0f475a5b']",,,
1960,tomato_cut,pick up,CuttingBoard_20,CuttingBoard,20,pick up tomato_cut from cuttingboard,player_0f475a5b,forced_division_of_labor,ac0aa363420759f5,1011.7482185712054,0.0,7.0,0.0,0.0,1.0,1.0,"(2, 2)","[p(2, 2)_cs(1.0)_ws(1.0)]_[p(5, 2)_cs(1.0)_ws(1.0)]",player_0f475a5b_actions,player_0f475a5b,"['player_8d7cc9b5', 'player_0f475a5b', 'player_0f475a5b']",,,False
1981,plate,pick up,Dispenser_60,Dispenser,60,pick up plate from dispenser,player_8d7cc9b5,forced_division_of_labor,ac0aa363420759f5,1853.3593743196968,38.40706266676375,7.0,0.0,7.0,1.0,1.0,"(5, 2)","[p(2, 2)_cs(1.0)_ws(1.0)]_[p(5, 2)_cs(1.0)_ws(1.0)]",player_8d7cc9b5_actions,,[],,,
2005,tomato_cut,put down,Counter_33,Counter,33,put down tomato_cut on counter,player_0f475a5b,forced_division_of_labor,ac0aa363420759f5,1043.7482185712047,31.99999999999932,7.0,0.0,0.0,1.0,1.0,"(2, 2)","[p(2, 2)_cs(1.0)_ws(1.0)]_[p(5, 2)_cs(1.0)_ws(1.0)]",player_0f475a5b_actions,player_0f475a5b,"['player_8d7cc9b5', 'player_0f475a5b', 'player_0f475a5b', 'player_0f475a5b']",,,
2010,plate,assemble salad,Counter_33,Counter,33,assemble salad,player_8d7cc9b5,forced_division_of_labor,ac0aa363420759f5,1898.6142083156344,45.254833995937815,7.0,0.0,7.0,1.0,1.0,"(5, 2)","[p(2, 2)_cs(1.0)_ws(1.0)]_[p(5, 2)_cs(1.0)_ws(1.0)]",player_8d7cc9b5_actions,player_0f475a5b,['player_8d7cc9b5'],"['player_8d7cc9b5', 'player_0f475a5b', 'player_0f475a5b', 'player_0f475a5b']",['player_8d7cc9b5'],True
2029,tomato_salad,pick up,Counter_33,Counter,33,pick up tomato_salad from counter,player_8d7cc9b5,forced_division_of_labor,ac0aa363420759f5,1898.6142083156344,0.0,7.0,0.0,7.0,1.0,1.0,"(5, 2)","[p(2, 2)_cs(1.0)_ws(1.0)]_[p(5, 2)_cs(1.0)_ws(1.0)]",player_8d7cc9b5_actions,player_8d7cc9b5,['player_8d7cc9b5'],"['player_8d7cc9b5', 'player_0f475a5b', 'player_0f475a5b', 'player_0f475a5b']",['player_8d7cc9b5'],False
2050,tomato_salad,deliver,Delivery_63,Delivery,63,deliver tomato_salad,player_8d7cc9b5,forced_division_of_labor,ac0aa363420759f5,1914.614208315634,15.999999999999318,8.0,1.0,8.0,1.0,1.0,"(5, 2)","[p(2, 2)_cs(1.0)_ws(1.0)]_[p(5, 2)_cs(1.0)_ws(1.0)]",player_8d7cc9b5_actions,player_8d7cc9b5,"['player_8d7cc9b5', 'player_8d7cc9b5']","['player_8d7cc9b5', 'player_0f475a5b', 'player_0f475a5b', 'player_0f475a5b']",['player_8d7cc9b5'],
2068,tomato_cut,pick up,CuttingBoard_10,CuttingBoard,10,pick up tomato_cut from cuttingboard,player_0f475a5b,forced_division_of_labor,ac0aa363420759f5,1082.1594784112306,38.41125984002588,8.0,0.0,0.0,1.0,1.0,"(2, 2)","[p(2, 2)_cs(1.0)_ws(1.0)]_[p(5, 2)_cs(1.0)_ws(1.0)]",player_0f475a5b_actions,player_0f475a5b,"['player_8d7cc9b5', 'player_0f475a5b']",,,False
2077,plate,pick up,Dispenser_60,Dispenser,60,pick up plate from dispenser,player_8d7cc9b5,forced_division_of_labor,ac0aa363420759f5,1953.0254681556596,38.41125984002565,8.0,0.0,8.0,1.0,1.0,"(5, 2)","[p(2, 2)_cs(1.0)_ws(1.0)]_[p(5, 2)_cs(1.0)_ws(1.0)]",player_8d7cc9b5_actions,,[],,,
2109,plate,put down,Counter_33,Counter,33,put down plate on counter,player_8d7cc9b5,forced_division_of_labor,ac0aa363420759f5,1998.2803021515977,45.254833995937815,8.0,0.0,8.0,1.0,1.0,"(5, 2)","[p(2, 2)_cs(1.0)_ws(1.0)]_[p(5, 2)_cs(1.0)_ws(1.0)]",player_8d7cc9b5_actions,player_8d7cc9b5,['player_8d7cc9b5'],,,
2140,tomato_cut,assemble salad,Counter_33,Counter,33,assemble salad,player_0f475a5b,forced_division_of_labor,ac0aa363420759f5,1120.570738251257,38.411259840026105,8.0,0.0,0.0,1.0,1.0,"(2, 2)","[p(2, 2)_cs(1.0)_ws(1.0)]_[p(5, 2)_cs(1.0)_ws(1.0)]",player_0f475a5b_actions,player_8d7cc9b5,['player_0f475a5b'],"['player_8d7cc9b5', 'player_0f475a5b', 'player_0f475a5b']",['player_8d7cc9b5'],True
2152,tomato_salad,pick up,Counter_33,Counter,33,pick up tomato_salad from counter,player_8d7cc9b5,forced_division_of_labor,ac0aa363420759f5,1998.2803021515977,0.0,8.0,0.0,8.0,1.0,1.0,"(5, 2)","[p(2, 2)_cs(1.0)_ws(1.0)]_[p(5, 2)_cs(1.0)_ws(1.0)]",player_8d7cc9b5_actions,player_0f475a5b,['player_0f475a5b'],"['player_8d7cc9b5', 'player_0f475a5b', 'player_0f475a5b']",['player_8d7cc9b5'],True
