{"agents": {"player_0f475a5b": {"initial_state": {"agent_id": "player_0f475a5b", "x": 40, "y": 40, "item": null, "url_params": {"gameType": ["tomatoSaladOnly"], "PROLIFIC_PID": ["63af557b3d4f219c3226b7d6"], "map": ["forced_division_of_labor"], "cutting_speed_p1": ["1"], "walking_speed_p1": ["1"], "cutting_speed_p2": ["1"], "walking_speed_p2": ["1"], "slot_x_p1": ["2"], "slot_y_p1": ["2"], "slot_x_p2": ["5"], "slot_y_p2": ["2"], "EIO": ["4"], "transport": ["polling"], "t": ["PZttQpn"]}, "cut_speed": 1.0, "walk_speed": 30.0, "player_nr": 1}, "player_score": 0.0, "total_actions": 46, "first_action_tick": 340, "last_action_tick": 2140}, "player_8d7cc9b5": {"initial_state": {"agent_id": "player_8d7cc9b5", "x": 88, "y": 40, "item": null, "url_params": {"gameType": ["tomatoSaladOnly"], "PROLIFIC_PID": ["62e0532289a4e5d9fedadde1"], "map": ["forced_division_of_labor"], "cutting_speed_p1": ["1"], "walking_speed_p1": ["1"], "cutting_speed_p2": ["1"], "walking_speed_p2": ["1"], "slot_x_p1": ["2"], "slot_y_p1": ["2"], "slot_x_p2": ["5"], "slot_y_p2": ["2"], "EIO": ["4"], "transport": ["polling"], "t": ["PZttQ-K"]}, "cut_speed": 1.0, "walk_speed": 30.0, "player_nr": 2}, "player_score": 8.0, "total_actions": 61, "first_action_tick": 185, "last_action_tick": 2152}}, "map_name": "forced_division_of_labor", "final_score": 8.0}