tick,item,action,target,target_type,target_position,action_long,player_id,map_name,game_id,distance_walked,distance_walked_since_last_action,overall_score,player_score_change,player_score,walking_speed,cutting_speed,start_pos,condition
185,tomato,pick up,Dispenser_40,Dispenser,40,pick up tomato from dispenser,player_8d7cc9b5,forced_division_of_labor,ac0aa363420759f5,86.41125984002596,0.0,0.0,0.0,0.0,1.0,1.0,"(5, 2)","[p(2, 2)_cs(1.0)_ws(1.0)]_[p(5, 2)_cs(1.0)_ws(1.0)]"
267,tomato,put down,Counter_33,Counter,33,put down tomato on counter,player_8d7cc9b5,forced_division_of_labor,ac0aa363420759f5,118.41125984002596,32.0,0.0,0.0,0.0,1.0,1.0,"(5, 2)","[p(2, 2)_cs(1.0)_ws(1.0)]_[p(5, 2)_cs(1.0)_ws(1.0)]"
303,tomato,pick up,Dispenser_40,Dispenser,40,pick up tomato from dispenser,player_8d7cc9b5,forced_division_of_labor,ac0aa363420759f5,150.41125984002596,32.0,0.0,0.0,0.0,1.0,1.0,"(5, 2)","[p(2, 2)_cs(1.0)_ws(1.0)]_[p(5, 2)_cs(1.0)_ws(1.0)]"
323,tomato,put down,Counter_32,Counter,32,put down tomato on counter,player_8d7cc9b5,forced_division_of_labor,ac0aa363420759f5,166.41125984002596,16.0,0.0,0.0,0.0,1.0,1.0,"(5, 2)","[p(2, 2)_cs(1.0)_ws(1.0)]_[p(5, 2)_cs(1.0)_ws(1.0)]"
343,tomato,pick up,Dispenser_40,Dispenser,40,pick up tomato from dispenser,player_8d7cc9b5,forced_division_of_labor,ac0aa363420759f5,182.41125984002596,16.0,0.0,0.0,0.0,1.0,1.0,"(5, 2)","[p(2, 2)_cs(1.0)_ws(1.0)]_[p(5, 2)_cs(1.0)_ws(1.0)]"
372,tomato,put down,Counter_34,Counter,34,put down tomato on counter,player_8d7cc9b5,forced_division_of_labor,ac0aa363420759f5,230.41125984002596,48.0,0.0,0.0,0.0,1.0,1.0,"(5, 2)","[p(2, 2)_cs(1.0)_ws(1.0)]_[p(5, 2)_cs(1.0)_ws(1.0)]"
403,tomato,pick up,Dispenser_40,Dispenser,40,pick up tomato from dispenser,player_8d7cc9b5,forced_division_of_labor,ac0aa363420759f5,278.4112598400262,48.000000000000256,0.0,0.0,0.0,1.0,1.0,"(5, 2)","[p(2, 2)_cs(1.0)_ws(1.0)]_[p(5, 2)_cs(1.0)_ws(1.0)]"
421,tomato,put down,Counter_33,Counter,33,put down tomato on counter,player_8d7cc9b5,forced_division_of_labor,ac0aa363420759f5,310.41125984002656,32.00000000000034,0.0,0.0,0.0,1.0,1.0,"(5, 2)","[p(2, 2)_cs(1.0)_ws(1.0)]_[p(5, 2)_cs(1.0)_ws(1.0)]"
447,plate,pick up,Dispenser_60,Dispenser,60,pick up plate from dispenser,player_8d7cc9b5,forced_division_of_labor,ac0aa363420759f5,355.6660938359654,45.25483399593884,0.0,0.0,0.0,1.0,1.0,"(5, 2)","[p(2, 2)_cs(1.0)_ws(1.0)]_[p(5, 2)_cs(1.0)_ws(1.0)]"
478,plate,put down,Counter_32,Counter,32,put down plate on counter,player_8d7cc9b5,forced_division_of_labor,ac0aa363420759f5,394.0731565027304,38.407062666765,0.0,0.0,0.0,1.0,1.0,"(5, 2)","[p(2, 2)_cs(1.0)_ws(1.0)]_[p(5, 2)_cs(1.0)_ws(1.0)]"
509,plate,pick up,Dispenser_71,Dispenser,71,pick up plate from dispenser,player_8d7cc9b5,forced_division_of_labor,ac0aa363420759f5,432.4802191694954,38.407062666765,0.0,0.0,0.0,1.0,1.0,"(5, 2)","[p(2, 2)_cs(1.0)_ws(1.0)]_[p(5, 2)_cs(1.0)_ws(1.0)]"
551,plate,put down,Counter_35,Counter,35,put down plate on counter,player_8d7cc9b5,forced_division_of_labor,ac0aa363420759f5,509.4143236000652,76.93410443056979,0.0,0.0,0.0,1.0,1.0,"(5, 2)","[p(2, 2)_cs(1.0)_ws(1.0)]_[p(5, 2)_cs(1.0)_ws(1.0)]"
624,tomato_salad,pick up,Counter_32,Counter,32,pick up tomato_salad from counter,player_8d7cc9b5,forced_division_of_labor,ac0aa363420759f5,557.4143236000655,48.000000000000284,0.0,0.0,0.0,1.0,1.0,"(5, 2)","[p(2, 2)_cs(1.0)_ws(1.0)]_[p(5, 2)_cs(1.0)_ws(1.0)]"
645,tomato_salad,deliver,Delivery_63,Delivery,63,deliver tomato_salad,player_8d7cc9b5,forced_division_of_labor,ac0aa363420759f5,580.0417405980353,22.627416997969817,1.0,1.0,1.0,1.0,1.0,"(5, 2)","[p(2, 2)_cs(1.0)_ws(1.0)]_[p(5, 2)_cs(1.0)_ws(1.0)]"
670,tomato,pick up,Dispenser_50,Dispenser,50,pick up tomato from dispenser,player_8d7cc9b5,forced_division_of_labor,ac0aa363420759f5,612.0417405980356,32.00000000000034,1.0,0.0,1.0,1.0,1.0,"(5, 2)","[p(2, 2)_cs(1.0)_ws(1.0)]_[p(5, 2)_cs(1.0)_ws(1.0)]"
693,tomato,put down,Counter_32,Counter,32,put down tomato on counter,player_8d7cc9b5,forced_division_of_labor,ac0aa363420759f5,634.6691575960053,22.627416997969704,1.0,0.0,1.0,1.0,1.0,"(5, 2)","[p(2, 2)_cs(1.0)_ws(1.0)]_[p(5, 2)_cs(1.0)_ws(1.0)]"
724,plate,pick up,Dispenser_60,Dispenser,60,pick up plate from dispenser,player_8d7cc9b5,forced_division_of_labor,ac0aa363420759f5,673.0143926558635,38.34523505985817,1.0,0.0,1.0,1.0,1.0,"(5, 2)","[p(2, 2)_cs(1.0)_ws(1.0)]_[p(5, 2)_cs(1.0)_ws(1.0)]"
753,plate,put down,Counter_33,Counter,33,put down plate on counter,player_8d7cc9b5,forced_division_of_labor,ac0aa363420759f5,718.2692266518031,45.254833995939634,1.0,0.0,1.0,1.0,1.0,"(5, 2)","[p(2, 2)_cs(1.0)_ws(1.0)]_[p(5, 2)_cs(1.0)_ws(1.0)]"
778,tomato_salad,pick up,Counter_35,Counter,35,pick up tomato_salad from counter,player_8d7cc9b5,forced_division_of_labor,ac0aa363420759f5,750.2692266518033,32.000000000000114,1.0,0.0,1.0,1.0,1.0,"(5, 2)","[p(2, 2)_cs(1.0)_ws(1.0)]_[p(5, 2)_cs(1.0)_ws(1.0)]"
795,tomato_salad,deliver,Delivery_64,Delivery,64,deliver tomato_salad,player_8d7cc9b5,forced_division_of_labor,ac0aa363420759f5,772.8966436497731,22.627416997969817,2.0,1.0,2.0,1.0,1.0,"(5, 2)","[p(2, 2)_cs(1.0)_ws(1.0)]_[p(5, 2)_cs(1.0)_ws(1.0)]"
847,tomato,pick up,Dispenser_40,Dispenser,40,pick up tomato from dispenser,player_8d7cc9b5,forced_division_of_labor,ac0aa363420759f5,827.316015293022,54.41937164324895,2.0,0.0,2.0,1.0,1.0,"(5, 2)","[p(2, 2)_cs(1.0)_ws(1.0)]_[p(5, 2)_cs(1.0)_ws(1.0)]"
865,tomato,put down,Counter_32,Counter,32,put down tomato on counter,player_8d7cc9b5,forced_division_of_labor,ac0aa363420759f5,843.3160152930222,16.000000000000227,2.0,0.0,2.0,1.0,1.0,"(5, 2)","[p(2, 2)_cs(1.0)_ws(1.0)]_[p(5, 2)_cs(1.0)_ws(1.0)]"
892,plate,pick up,Dispenser_60,Dispenser,60,pick up plate from dispenser,player_8d7cc9b5,forced_division_of_labor,ac0aa363420759f5,881.7230779597874,38.407062666765114,2.0,0.0,2.0,1.0,1.0,"(5, 2)","[p(2, 2)_cs(1.0)_ws(1.0)]_[p(5, 2)_cs(1.0)_ws(1.0)]"
940,plate,put down,Counter_35,Counter,35,put down plate on counter,player_8d7cc9b5,forced_division_of_labor,ac0aa363420759f5,958.9779119557271,77.25483399593975,2.0,0.0,2.0,1.0,1.0,"(5, 2)","[p(2, 2)_cs(1.0)_ws(1.0)]_[p(5, 2)_cs(1.0)_ws(1.0)]"
1000,plate,pick up,Counter_33,Counter,33,pick up plate from counter,player_8d7cc9b5,forced_division_of_labor,ac0aa363420759f5,990.9779119557271,32.0,2.0,0.0,2.0,1.0,1.0,"(5, 2)","[p(2, 2)_cs(1.0)_ws(1.0)]_[p(5, 2)_cs(1.0)_ws(1.0)]"
1021,plate,assemble salad,Counter_33,Counter,33,assemble salad,player_8d7cc9b5,forced_division_of_labor,ac0aa363420759f5,990.9779119557271,0.0,2.0,0.0,2.0,1.0,1.0,"(5, 2)","[p(2, 2)_cs(1.0)_ws(1.0)]_[p(5, 2)_cs(1.0)_ws(1.0)]"
1039,tomato_salad,pick up,Counter_33,Counter,33,pick up tomato_salad from counter,player_8d7cc9b5,forced_division_of_labor,ac0aa363420759f5,990.9779119557271,0.0,2.0,0.0,2.0,1.0,1.0,"(5, 2)","[p(2, 2)_cs(1.0)_ws(1.0)]_[p(5, 2)_cs(1.0)_ws(1.0)]"
1060,tomato_salad,deliver,Delivery_63,Delivery,63,deliver tomato_salad,player_8d7cc9b5,forced_division_of_labor,ac0aa363420759f5,1006.9779119557271,16.0,3.0,1.0,3.0,1.0,1.0,"(5, 2)","[p(2, 2)_cs(1.0)_ws(1.0)]_[p(5, 2)_cs(1.0)_ws(1.0)]"
1114,plate,pick up,Dispenser_60,Dispenser,60,pick up plate from dispenser,player_8d7cc9b5,forced_division_of_labor,ac0aa363420759f5,1045.3891717957536,38.411259840026446,3.0,0.0,3.0,1.0,1.0,"(5, 2)","[p(2, 2)_cs(1.0)_ws(1.0)]_[p(5, 2)_cs(1.0)_ws(1.0)]"
1149,plate,put down,Counter_33,Counter,33,put down plate on counter,player_8d7cc9b5,forced_division_of_labor,ac0aa363420759f5,1090.6440057916914,45.254833995937815,3.0,0.0,3.0,1.0,1.0,"(5, 2)","[p(2, 2)_cs(1.0)_ws(1.0)]_[p(5, 2)_cs(1.0)_ws(1.0)]"
1183,tomato,pick up,Dispenser_40,Dispenser,40,pick up tomato from dispenser,player_8d7cc9b5,forced_division_of_labor,ac0aa363420759f5,1122.6440057916902,31.999999999998863,3.0,0.0,3.0,1.0,1.0,"(5, 2)","[p(2, 2)_cs(1.0)_ws(1.0)]_[p(5, 2)_cs(1.0)_ws(1.0)]"
1240,tomato,put down,Counter_32,Counter,32,put down tomato on counter,player_8d7cc9b5,forced_division_of_labor,ac0aa363420759f5,1138.6440057916898,15.999999999999545,3.0,0.0,3.0,1.0,1.0,"(5, 2)","[p(2, 2)_cs(1.0)_ws(1.0)]_[p(5, 2)_cs(1.0)_ws(1.0)]"
1261,tomato_salad,pick up,Counter_33,Counter,33,pick up tomato_salad from counter,player_8d7cc9b5,forced_division_of_labor,ac0aa363420759f5,1154.6440057916893,15.999999999999545,3.0,0.0,3.0,1.0,1.0,"(5, 2)","[p(2, 2)_cs(1.0)_ws(1.0)]_[p(5, 2)_cs(1.0)_ws(1.0)]"
1279,tomato_salad,deliver,Delivery_63,Delivery,63,deliver tomato_salad,player_8d7cc9b5,forced_division_of_labor,ac0aa363420759f5,1170.6440057916886,15.999999999999318,4.0,1.0,4.0,1.0,1.0,"(5, 2)","[p(2, 2)_cs(1.0)_ws(1.0)]_[p(5, 2)_cs(1.0)_ws(1.0)]"
1378,plate,pick up,Dispenser_60,Dispenser,60,pick up plate from dispenser,player_8d7cc9b5,forced_division_of_labor,ac0aa363420759f5,1209.0552656317143,38.41125984002565,4.0,0.0,4.0,1.0,1.0,"(5, 2)","[p(2, 2)_cs(1.0)_ws(1.0)]_[p(5, 2)_cs(1.0)_ws(1.0)]"
1408,plate,put down,Counter_32,Counter,32,put down plate on counter,player_8d7cc9b5,forced_division_of_labor,ac0aa363420759f5,1247.4623282984785,38.407062666764205,4.0,0.0,4.0,1.0,1.0,"(5, 2)","[p(2, 2)_cs(1.0)_ws(1.0)]_[p(5, 2)_cs(1.0)_ws(1.0)]"
1465,tomato_salad,pick up,Counter_32,Counter,32,pick up tomato_salad from counter,player_8d7cc9b5,forced_division_of_labor,ac0aa363420759f5,1247.4623282984785,0.0,4.0,0.0,4.0,1.0,1.0,"(5, 2)","[p(2, 2)_cs(1.0)_ws(1.0)]_[p(5, 2)_cs(1.0)_ws(1.0)]"
1485,tomato_salad,deliver,Delivery_63,Delivery,63,deliver tomato_salad,player_8d7cc9b5,forced_division_of_labor,ac0aa363420759f5,1270.0897452964475,22.62741699796902,5.0,1.0,5.0,1.0,1.0,"(5, 2)","[p(2, 2)_cs(1.0)_ws(1.0)]_[p(5, 2)_cs(1.0)_ws(1.0)]"
1516,tomato,pick up,Dispenser_40,Dispenser,40,pick up tomato from dispenser,player_8d7cc9b5,forced_division_of_labor,ac0aa363420759f5,1308.5010051364732,38.41125984002565,5.0,0.0,5.0,1.0,1.0,"(5, 2)","[p(2, 2)_cs(1.0)_ws(1.0)]_[p(5, 2)_cs(1.0)_ws(1.0)]"
1537,tomato,put down,Counter_32,Counter,32,put down tomato on counter,player_8d7cc9b5,forced_division_of_labor,ac0aa363420759f5,1324.5010051364727,15.999999999999545,5.0,0.0,5.0,1.0,1.0,"(5, 2)","[p(2, 2)_cs(1.0)_ws(1.0)]_[p(5, 2)_cs(1.0)_ws(1.0)]"
1564,plate,pick up,Dispenser_60,Dispenser,60,pick up plate from dispenser,player_8d7cc9b5,forced_division_of_labor,ac0aa363420759f5,1362.9080678032367,38.40706266676398,5.0,0.0,5.0,1.0,1.0,"(5, 2)","[p(2, 2)_cs(1.0)_ws(1.0)]_[p(5, 2)_cs(1.0)_ws(1.0)]"
1603,plate,put down,Counter_34,Counter,34,put down plate on counter,player_8d7cc9b5,forced_division_of_labor,ac0aa363420759f5,1423.8242547057735,60.916186902536765,5.0,0.0,5.0,1.0,1.0,"(5, 2)","[p(2, 2)_cs(1.0)_ws(1.0)]_[p(5, 2)_cs(1.0)_ws(1.0)]"
1636,tomato_salad,pick up,Counter_35,Counter,35,pick up tomato_salad from counter,player_8d7cc9b5,forced_division_of_labor,ac0aa363420759f5,1439.8242547057728,15.999999999999318,5.0,0.0,5.0,1.0,1.0,"(5, 2)","[p(2, 2)_cs(1.0)_ws(1.0)]_[p(5, 2)_cs(1.0)_ws(1.0)]"
1656,tomato_salad,deliver,Delivery_64,Delivery,64,deliver tomato_salad,player_8d7cc9b5,forced_division_of_labor,ac0aa363420759f5,1462.4516717037418,22.62741699796902,6.0,1.0,6.0,1.0,1.0,"(5, 2)","[p(2, 2)_cs(1.0)_ws(1.0)]_[p(5, 2)_cs(1.0)_ws(1.0)]"
1699,tomato,pick up,Dispenser_40,Dispenser,40,pick up tomato from dispenser,player_8d7cc9b5,forced_division_of_labor,ac0aa363420759f5,1516.8710433469892,54.41937164324736,6.0,0.0,6.0,1.0,1.0,"(5, 2)","[p(2, 2)_cs(1.0)_ws(1.0)]_[p(5, 2)_cs(1.0)_ws(1.0)]"
1720,tomato,put down,Counter_32,Counter,32,put down tomato on counter,player_8d7cc9b5,forced_division_of_labor,ac0aa363420759f5,1532.8710433469887,15.999999999999545,6.0,0.0,6.0,1.0,1.0,"(5, 2)","[p(2, 2)_cs(1.0)_ws(1.0)]_[p(5, 2)_cs(1.0)_ws(1.0)]"
1750,plate,pick up,Dispenser_60,Dispenser,60,pick up plate from dispenser,player_8d7cc9b5,forced_division_of_labor,ac0aa363420759f5,1571.2781060137524,38.40706266676375,6.0,0.0,6.0,1.0,1.0,"(5, 2)","[p(2, 2)_cs(1.0)_ws(1.0)]_[p(5, 2)_cs(1.0)_ws(1.0)]"
1779,plate,put down,Counter_33,Counter,33,put down plate on counter,player_8d7cc9b5,forced_division_of_labor,ac0aa363420759f5,1616.5329400096903,45.254833995937815,6.0,0.0,6.0,1.0,1.0,"(5, 2)","[p(2, 2)_cs(1.0)_ws(1.0)]_[p(5, 2)_cs(1.0)_ws(1.0)]"
1804,tomato,pick up,Dispenser_40,Dispenser,40,pick up tomato from dispenser,player_8d7cc9b5,forced_division_of_labor,ac0aa363420759f5,1648.5329400096894,31.99999999999909,6.0,0.0,6.0,1.0,1.0,"(5, 2)","[p(2, 2)_cs(1.0)_ws(1.0)]_[p(5, 2)_cs(1.0)_ws(1.0)]"
1844,tomato,put down,Counter_35,Counter,35,put down tomato on counter,player_8d7cc9b5,forced_division_of_labor,ac0aa363420759f5,1712.532940009687,63.999999999997726,6.0,0.0,6.0,1.0,1.0,"(5, 2)","[p(2, 2)_cs(1.0)_ws(1.0)]_[p(5, 2)_cs(1.0)_ws(1.0)]"
1861,tomato_salad,pick up,Counter_34,Counter,34,pick up tomato_salad from counter,player_8d7cc9b5,forced_division_of_labor,ac0aa363420759f5,1728.5329400096864,15.999999999999318,6.0,0.0,6.0,1.0,1.0,"(5, 2)","[p(2, 2)_cs(1.0)_ws(1.0)]_[p(5, 2)_cs(1.0)_ws(1.0)]"
1879,tomato_salad,deliver,Delivery_64,Delivery,64,deliver tomato_salad,player_8d7cc9b5,forced_division_of_labor,ac0aa363420759f5,1744.532940009686,15.999999999999545,7.0,1.0,7.0,1.0,1.0,"(5, 2)","[p(2, 2)_cs(1.0)_ws(1.0)]_[p(5, 2)_cs(1.0)_ws(1.0)]"
1927,tomato,pick up,Dispenser_40,Dispenser,40,pick up tomato from dispenser,player_8d7cc9b5,forced_division_of_labor,ac0aa363420759f5,1798.9523116529335,54.41937164324759,7.0,0.0,7.0,1.0,1.0,"(5, 2)","[p(2, 2)_cs(1.0)_ws(1.0)]_[p(5, 2)_cs(1.0)_ws(1.0)]"
1948,tomato,put down,Counter_32,Counter,32,put down tomato on counter,player_8d7cc9b5,forced_division_of_labor,ac0aa363420759f5,1814.952311652933,15.999999999999545,7.0,0.0,7.0,1.0,1.0,"(5, 2)","[p(2, 2)_cs(1.0)_ws(1.0)]_[p(5, 2)_cs(1.0)_ws(1.0)]"
1981,plate,pick up,Dispenser_60,Dispenser,60,pick up plate from dispenser,player_8d7cc9b5,forced_division_of_labor,ac0aa363420759f5,1853.3593743196968,38.40706266676375,7.0,0.0,7.0,1.0,1.0,"(5, 2)","[p(2, 2)_cs(1.0)_ws(1.0)]_[p(5, 2)_cs(1.0)_ws(1.0)]"
2010,plate,assemble salad,Counter_33,Counter,33,assemble salad,player_8d7cc9b5,forced_division_of_labor,ac0aa363420759f5,1898.6142083156346,45.254833995937815,7.0,0.0,7.0,1.0,1.0,"(5, 2)","[p(2, 2)_cs(1.0)_ws(1.0)]_[p(5, 2)_cs(1.0)_ws(1.0)]"
2029,tomato_salad,pick up,Counter_33,Counter,33,pick up tomato_salad from counter,player_8d7cc9b5,forced_division_of_labor,ac0aa363420759f5,1898.6142083156346,0.0,7.0,0.0,7.0,1.0,1.0,"(5, 2)","[p(2, 2)_cs(1.0)_ws(1.0)]_[p(5, 2)_cs(1.0)_ws(1.0)]"
2050,tomato_salad,deliver,Delivery_63,Delivery,63,deliver tomato_salad,player_8d7cc9b5,forced_division_of_labor,ac0aa363420759f5,1914.614208315634,15.999999999999318,8.0,1.0,8.0,1.0,1.0,"(5, 2)","[p(2, 2)_cs(1.0)_ws(1.0)]_[p(5, 2)_cs(1.0)_ws(1.0)]"
2077,plate,pick up,Dispenser_60,Dispenser,60,pick up plate from dispenser,player_8d7cc9b5,forced_division_of_labor,ac0aa363420759f5,1953.0254681556596,38.41125984002565,8.0,0.0,8.0,1.0,1.0,"(5, 2)","[p(2, 2)_cs(1.0)_ws(1.0)]_[p(5, 2)_cs(1.0)_ws(1.0)]"
2109,plate,put down,Counter_33,Counter,33,put down plate on counter,player_8d7cc9b5,forced_division_of_labor,ac0aa363420759f5,1998.2803021515974,45.254833995937815,8.0,0.0,8.0,1.0,1.0,"(5, 2)","[p(2, 2)_cs(1.0)_ws(1.0)]_[p(5, 2)_cs(1.0)_ws(1.0)]"
2152,tomato_salad,pick up,Counter_33,Counter,33,pick up tomato_salad from counter,player_8d7cc9b5,forced_division_of_labor,ac0aa363420759f5,1998.2803021515974,0.0,8.0,0.0,8.0,1.0,1.0,"(5, 2)","[p(2, 2)_cs(1.0)_ws(1.0)]_[p(5, 2)_cs(1.0)_ws(1.0)]"
