{"agents": {"player_9e88a21f": {"initial_state": {"agent_id": "player_9e88a21f", "x": 40, "y": 40, "item": null, "url_params": {"gameType": ["tomatoSaladOnly"], "PROLIFIC_PID": ["674bea1eb044fbe75795fef1"], "map": ["encouraged_division_of_labor"], "cutting_speed_p1": ["1"], "walking_speed_p1": ["0.2"], "cutting_speed_p2": ["0.2"], "walking_speed_p2": ["1"], "slot_x_p1": ["2"], "slot_y_p1": ["2"], "slot_x_p2": ["5"], "slot_y_p2": ["2"], "EIO": ["4"], "transport": ["polling"], "t": ["Pa11dwk"]}, "cut_speed": 1.0, "walk_speed": 6.0, "player_nr": 1}, "player_score": 0.0, "total_actions": 29, "first_action_tick": 91, "last_action_tick": 2126}, "player_88b728c9": {"initial_state": {"agent_id": "player_88b728c9", "x": 88, "y": 40, "item": null, "url_params": {"gameType": ["tomatoSaladOnly"], "PROLIFIC_PID": ["5d3217c0cf37440019b158f9"], "map": ["encouraged_division_of_labor"], "cutting_speed_p1": ["1"], "walking_speed_p1": ["0.2"], "cutting_speed_p2": ["0.2"], "walking_speed_p2": ["1"], "slot_x_p1": ["2"], "slot_y_p1": ["2"], "slot_x_p2": ["5"], "slot_y_p2": ["2"], "EIO": ["4"], "transport": ["polling"], "t": ["Pa11e51"]}, "cut_speed": 0.2, "walk_speed": 30.0, "player_nr": 2}, "player_score": 6.0, "total_actions": 48, "first_action_tick": 47, "last_action_tick": 2111}}, "map_name": "encouraged_division_of_labor", "final_score": 6.0}